suite,dir,tier,condition,policy,sketch_route,rollout_idx,skipped,skip_reason,n_steps,success_final,success_sustained,first_success_step,grasp_success_flag,grasped_any,lifted,grasped_instance,correct_instance_grasped,nearest_destination,correct_destination,terminal_dist_xy,sketch_referent_object,sketch_referent_destination,sketch_fidelity_object,sketch_fidelity_destination,deproject,z_pick,z_place,init_state_hash,init_warmstart_hash,final_state_hash,n_infer_calls,infer_ms_mean,pi05_sketch_mode
spatial,scene_0000,control,auto,oracle,tokens,0,False,,200,True,True,166,True,True,True,akita_black_bowl_1,True,plate_1,True,0.0242,akita_black_bowl_1,plate_1,True,True,plane,0.92,0.92,d1b42b0dcd62c359,6ca719971eabe548,3ea7d1f6488bfb47,,,
spatial,scene_0000,control,auto,oracle,tokens,1,False,,200,True,True,166,True,True,True,akita_black_bowl_1,True,plate_1,True,0.0239,akita_black_bowl_1,plate_1,True,True,plane,0.92,0.92,d1b42b0dcd62c359,9ed3c62215fdf8d1,ceeb06c46fb16059,,,
spatial,scene_0000,control,auto,oracle,tokens,2,False,,200,True,True,166,True,True,True,akita_black_bowl_1,True,plate_1,True,0.0244,akita_black_bowl_1,plate_1,True,True,plane,0.92,0.92,d1b42b0dcd62c359,4ebba8fae435351b,bff79f26cc2d1ae0,,,
spatial,scene_0000,control,auto,oracle,tokens,3,False,,200,True,True,166,True,True,True,akita_black_bowl_1,True,plate_1,True,0.024,akita_black_bowl_1,plate_1,True,True,plane,0.92,0.92,d1b42b0dcd62c359,551e8ad3fcb98949,eeba677009bb94f7,,,
spatial,scene_0000,control,auto,oracle,tokens,4,False,,200,True,True,166,True,True,True,akita_black_bowl_1,True,plate_1,True,0.0243,akita_black_bowl_1,plate_1,True,True,plane,0.92,0.92,d1b42b0dcd62c359,a172bb98fab915ae,a39a17cea8f03814,,,
spatial,scene_0000,control,auto,oracle,tokens,5,False,,200,True,True,166,True,True,True,akita_black_bowl_1,True,plate_1,True,0.0239,akita_black_bowl_1,plate_1,True,True,plane,0.92,0.92,d1b42b0dcd62c359,1f99133514e579fe,846552d5a442b83f,,,
spatial,scene_0000,control,auto,oracle,tokens,6,False,,200,True,True,166,True,True,True,akita_black_bowl_1,True,plate_1,True,0.0242,akita_black_bowl_1,plate_1,True,True,plane,0.92,0.92,d1b42b0dcd62c359,f6fe23054cc1fa97,d7fa39190b625729,,,
spatial,scene_0000,control,auto,oracle,tokens,7,False,,200,True,True,166,True,True,True,akita_black_bowl_1,True,plate_1,True,0.0238,akita_black_bowl_1,plate_1,True,True,plane,0.92,0.92,d1b42b0dcd62c359,91a30eeb0ee16c00,6d235482fd2d0528,,,
spatial,scene_0000,control,auto,oracle,tokens,8,False,,200,True,True,166,True,True,True,akita_black_bowl_1,True,plate_1,True,0.024,akita_black_bowl_1,plate_1,True,True,plane,0.92,0.92,d1b42b0dcd62c359,21c32e7faa066f00,4d1993a35b5de069,,,
spatial,scene_0000,control,auto,oracle,tokens,9,False,,200,True,True,166,True,True,True,akita_black_bowl_1,True,plate_1,True,0.0238,akita_black_bowl_1,plate_1,True,True,plane,0.92,0.92,d1b42b0dcd62c359,b10abf5804ae6859,64c55242a50878f9,,,
spatial,scene_0000,control,human:aaron_test,oracle,tokens,0,False,,200,True,True,166,True,True,True,akita_black_bowl_1,True,plate_1,True,0.0136,akita_black_bowl_1,plate_1,True,True,plane,0.92,0.92,d1b42b0dcd62c359,594a7de3f74cc6d6,92339f906c509061,,,
spatial,scene_0000,control,human:aaron_test,oracle,tokens,1,False,,200,True,True,166,True,True,True,akita_black_bowl_1,True,plate_1,True,0.0133,akita_black_bowl_1,plate_1,True,True,plane,0.92,0.92,d1b42b0dcd62c359,1f9c48b1ab9b03b9,46ff7448dae433c9,,,
spatial,scene_0000,control,human:aaron_test,oracle,tokens,2,False,,200,True,True,166,True,True,True,akita_black_bowl_1,True,plate_1,True,0.0134,akita_black_bowl_1,plate_1,True,True,plane,0.92,0.92,d1b42b0dcd62c359,92e4605be82a1251,f600556bb3d99089,,,
spatial,scene_0000,control,human:aaron_test,oracle,tokens,3,False,,200,True,True,166,True,True,True,akita_black_bowl_1,True,plate_1,True,0.0141,akita_black_bowl_1,plate_1,True,True,plane,0.92,0.92,d1b42b0dcd62c359,46761c22774d6c13,e5d96f75cad594eb,,,
spatial,scene_0000,control,human:aaron_test,oracle,tokens,4,False,,200,True,True,166,True,True,True,akita_black_bowl_1,True,plate_1,True,0.0137,akita_black_bowl_1,plate_1,True,True,plane,0.92,0.92,d1b42b0dcd62c359,5f3b22cf7fa656de,0a4e650d97ec652e,,,
spatial,scene_0000,control,human:aaron_test,oracle,tokens,5,False,,200,True,True,166,True,True,True,akita_black_bowl_1,True,plate_1,True,0.0137,akita_black_bowl_1,plate_1,True,True,plane,0.92,0.92,d1b42b0dcd62c359,966c3e490d179e75,a73428cbd0cea741,,,
spatial,scene_0000,control,human:aaron_test,oracle,tokens,6,False,,200,True,True,166,True,True,True,akita_black_bowl_1,True,plate_1,True,0.0134,akita_black_bowl_1,plate_1,True,True,plane,0.92,0.92,d1b42b0dcd62c359,6f228be9c65d2ccd,a0e7b44d48aadd2b,,,
spatial,scene_0000,control,human:aaron_test,oracle,tokens,7,False,,200,True,True,166,True,True,True,akita_black_bowl_1,True,plate_1,True,0.0133,akita_black_bowl_1,plate_1,True,True,plane,0.92,0.92,d1b42b0dcd62c359,0497703484fad12f,89016b90349a0a2d,,,
spatial,scene_0000,control,human:aaron_test,oracle,tokens,8,False,,200,True,True,166,True,True,True,akita_black_bowl_1,True,plate_1,True,0.0139,akita_black_bowl_1,plate_1,True,True,plane,0.92,0.92,d1b42b0dcd62c359,21518c5618232250,c1c90619391e45f0,,,
spatial,scene_0000,control,human:aaron_test,oracle,tokens,9,False,,200,True,True,166,True,True,True,akita_black_bowl_1,True,plate_1,True,0.0135,akita_black_bowl_1,plate_1,True,True,plane,0.92,0.92,d1b42b0dcd62c359,b8d0118b1070f2c7,8c9b07e55c9f6aaa,,,
spatial,scene_0001,control,auto,oracle,tokens,0,False,,200,True,True,166,True,True,True,akita_black_bowl_1,True,plate_1,True,0.0098,akita_black_bowl_1,plate_1,True,True,plane,0.92,0.92,52a969ecb73b891c,a8dbc733bc912815,62165bbe642a68a6,,,
spatial,scene_0001,control,auto,oracle,tokens,1,False,,200,True,True,166,True,True,True,akita_black_bowl_1,True,plate_1,True,0.0098,akita_black_bowl_1,plate_1,True,True,plane,0.92,0.92,52a969ecb73b891c,8f691b5f54f8ef09,2256e90e8a25e16d,,,
spatial,scene_0001,control,auto,oracle,tokens,2,False,,200,True,True,166,True,True,True,akita_black_bowl_1,True,plate_1,True,0.0097,akita_black_bowl_1,plate_1,True,True,plane,0.92,0.92,52a969ecb73b891c,af2904eb862745fa,0eb5195d199155a5,,,
spatial,scene_0001,control,auto,oracle,tokens,3,False,,200,True,True,166,True,True,True,akita_black_bowl_1,True,plate_1,True,0.0099,akita_black_bowl_1,plate_1,True,True,plane,0.92,0.92,52a969ecb73b891c,d884bcf6ee8001a6,d8a65061597ae7a5,,,
spatial,scene_0001,control,auto,oracle,tokens,4,False,,200,True,True,166,True,True,True,akita_black_bowl_1,True,plate_1,True,0.0097,akita_black_bowl_1,plate_1,True,True,plane,0.92,0.92,52a969ecb73b891c,8c8a5532bf1a59fe,cc3776c75d3d5e93,,,
spatial,scene_0001,control,auto,oracle,tokens,5,False,,200,True,True,166,True,True,True,akita_black_bowl_1,True,plate_1,True,0.0097,akita_black_bowl_1,plate_1,True,True,plane,0.92,0.92,52a969ecb73b891c,c55c73864c50dd0a,ad0068e1bfabbc91,,,
spatial,scene_0001,control,auto,oracle,tokens,6,False,,200,True,True,166,True,True,True,akita_black_bowl_1,True,plate_1,True,0.0099,akita_black_bowl_1,plate_1,True,True,plane,0.92,0.92,52a969ecb73b891c,6ef669ef869a89ce,4e97d6065ec2bdf9,,,
spatial,scene_0001,control,auto,oracle,tokens,7,False,,200,True,True,166,True,True,True,akita_black_bowl_1,True,plate_1,True,0.0098,akita_black_bowl_1,plate_1,True,True,plane,0.92,0.92,52a969ecb73b891c,95ee6d61b3c6254d,d9871f59072ee75e,,,
spatial,scene_0001,control,auto,oracle,tokens,8,False,,200,True,True,166,True,True,True,akita_black_bowl_1,True,plate_1,True,0.0101,akita_black_bowl_1,plate_1,True,True,plane,0.92,0.92,52a969ecb73b891c,a58e9728a952e435,cc3ffb40f258b249,,,
spatial,scene_0001,control,auto,oracle,tokens,9,False,,200,True,True,166,True,True,True,akita_black_bowl_1,True,plate_1,True,0.01,akita_black_bowl_1,plate_1,True,True,plane,0.92,0.92,52a969ecb73b891c,e674c43f3d0dcebf,f36b3723f531ac5d,,,
spatial,scene_0001,control,human:aaron_test,oracle,tokens,0,False,,200,True,True,166,True,True,True,akita_black_bowl_1,True,plate_1,True,0.0176,akita_black_bowl_1,plate_1,True,True,plane,0.92,0.92,52a969ecb73b891c,9acaf2fa06ee970e,1b43e1a70d77b546,,,
spatial,scene_0001,control,human:aaron_test,oracle,tokens,1,False,,200,True,True,166,True,True,True,akita_black_bowl_1,True,plate_1,True,0.0176,akita_black_bowl_1,plate_1,True,True,plane,0.92,0.92,52a969ecb73b891c,29c5810567bddaeb,d511e4f4fe3e4547,,,
spatial,scene_0001,control,human:aaron_test,oracle,tokens,2,False,,200,True,True,166,True,True,True,akita_black_bowl_1,True,plate_1,True,0.0175,akita_black_bowl_1,plate_1,True,True,plane,0.92,0.92,52a969ecb73b891c,5e76db56a938b2f6,27fab37bd01330b7,,,
spatial,scene_0001,control,human:aaron_test,oracle,tokens,3,False,,200,True,True,166,True,True,True,akita_black_bowl_1,True,plate_1,True,0.0174,akita_black_bowl_1,plate_1,True,True,plane,0.92,0.92,52a969ecb73b891c,825b011a303d2fc6,59504c6b9748531b,,,
spatial,scene_0001,control,human:aaron_test,oracle,tokens,4,False,,200,True,True,166,True,True,True,akita_black_bowl_1,True,plate_1,True,0.0173,akita_black_bowl_1,plate_1,True,True,plane,0.92,0.92,52a969ecb73b891c,e12c2ae99d1cfeec,8160ecf84a9d1038,,,
spatial,scene_0001,control,human:aaron_test,oracle,tokens,5,False,,200,True,True,166,True,True,True,akita_black_bowl_1,True,plate_1,True,0.0173,akita_black_bowl_1,plate_1,True,True,plane,0.92,0.92,52a969ecb73b891c,4ab87d8397e61cb4,695036fb0fd54e29,,,
spatial,scene_0001,control,human:aaron_test,oracle,tokens,6,False,,200,True,True,166,True,True,True,akita_black_bowl_1,True,plate_1,True,0.0172,akita_black_bowl_1,plate_1,True,True,plane,0.92,0.92,52a969ecb73b891c,421d1d4542f23a74,e76eb655a41d4bf7,,,
spatial,scene_0001,control,human:aaron_test,oracle,tokens,7,False,,200,True,True,166,True,True,True,akita_black_bowl_1,True,plate_1,True,0.0172,akita_black_bowl_1,plate_1,True,True,plane,0.92,0.92,52a969ecb73b891c,e5fb7f8ed66c0c3c,97ce30385491e8b6,,,
spatial,scene_0001,control,human:aaron_test,oracle,tokens,8,False,,200,True,True,166,True,True,True,akita_black_bowl_1,True,plate_1,True,0.0171,akita_black_bowl_1,plate_1,True,True,plane,0.92,0.92,52a969ecb73b891c,fab19db6a4767ffc,458ac3394db67a7a,,,
spatial,scene_0001,control,human:aaron_test,oracle,tokens,9,False,,200,True,True,166,True,True,True,akita_black_bowl_1,True,plate_1,True,0.017,akita_black_bowl_1,plate_1,True,True,plane,0.92,0.92,52a969ecb73b891c,4184b3161b0971fd,a6a1a58c8e3eba2f,,,
spatial,scene_0008,referential,auto,oracle,tokens,0,False,,200,True,True,166,True,True,True,akita_black_bowl_2,True,plate_1,True,0.0262,akita_black_bowl_2,plate_1,True,True,plane,0.92,0.92,b5bc6f7854e8d826,ca30126df5e0fe7e,23add6fff6c86a31,,,
spatial,scene_0008,referential,auto,oracle,tokens,1,False,,200,False,False,166,True,True,True,akita_black_bowl_2,True,plate_1,True,0.0262,akita_black_bowl_2,plate_1,True,True,plane,0.92,0.92,b5bc6f7854e8d826,a64cf7b79e0f7bd3,f9e6e13900aa928e,,,
spatial,scene_0008,referential,auto,oracle,tokens,2,False,,200,False,False,,True,True,True,akita_black_bowl_2,True,plate_1,True,0.0262,akita_black_bowl_2,plate_1,True,True,plane,0.92,0.92,b5bc6f7854e8d826,617dd6702124e2a0,df0f7f76d8eb767f,,,
spatial,scene_0008,referential,auto,oracle,tokens,3,False,,200,False,False,166,True,True,True,akita_black_bowl_2,True,plate_1,True,0.0263,akita_black_bowl_2,plate_1,True,True,plane,0.92,0.92,b5bc6f7854e8d826,e6c8d5eb9a1efa02,9d44b4b5ff236760,,,
spatial,scene_0008,referential,auto,oracle,tokens,4,False,,200,False,False,,True,True,True,akita_black_bowl_2,True,plate_1,True,0.0263,akita_black_bowl_2,plate_1,True,True,plane,0.92,0.92,b5bc6f7854e8d826,92c859ccc785f5b7,e1dc478bbc25fe28,,,
spatial,scene_0008,referential,auto,oracle,tokens,5,False,,200,False,False,,True,True,True,akita_black_bowl_2,True,plate_1,True,0.0264,akita_black_bowl_2,plate_1,True,True,plane,0.92,0.92,b5bc6f7854e8d826,60a8fbdb62c8f729,8610bf639098a39c,,,
spatial,scene_0008,referential,auto,oracle,tokens,6,False,,200,False,False,,True,True,True,akita_black_bowl_2,True,plate_1,True,0.0263,akita_black_bowl_2,plate_1,True,True,plane,0.92,0.92,b5bc6f7854e8d826,e8022b1c60fc2fbd,7b2b1613de049f8f,,,
spatial,scene_0008,referential,auto,oracle,tokens,7,False,,200,False,False,,True,True,True,akita_black_bowl_2,True,plate_1,True,0.0262,akita_black_bowl_2,plate_1,True,True,plane,0.92,0.92,b5bc6f7854e8d826,e84647182aae3448,6cf45bc4017c432b,,,
spatial,scene_0008,referential,auto,oracle,tokens,8,False,,200,False,False,,True,True,True,akita_black_bowl_2,True,plate_1,True,0.0263,akita_black_bowl_2,plate_1,True,True,plane,0.92,0.92,b5bc6f7854e8d826,9fec97ce5e51956b,af037a18620a94f2,,,
spatial,scene_0008,referential,auto,oracle,tokens,9,False,,200,True,True,166,True,True,True,akita_black_bowl_2,True,plate_1,True,0.026,akita_black_bowl_2,plate_1,True,True,plane,0.92,0.92,b5bc6f7854e8d826,a47058b71c7d9a01,d5d9ceb44d256e5b,,,
spatial,scene_0008,referential,human:aaron_test,oracle,tokens,0,False,,200,False,False,,True,True,True,akita_black_bowl_3,False,plate_1,True,0.0165,akita_black_bowl_3,plate_1,True,True,plane,0.92,0.92,b5bc6f7854e8d826,9de503acd2ab77dc,ae06fe30b7cb5dbb,,,
spatial,scene_0008,referential,human:aaron_test,oracle,tokens,1,False,,200,False,False,,True,True,True,akita_black_bowl_3,False,plate_1,True,0.0157,akita_black_bowl_3,plate_1,True,True,plane,0.92,0.92,b5bc6f7854e8d826,2a2ee5b2f1d626b0,f3a5ba2a1635f5e1,,,
spatial,scene_0008,referential,human:aaron_test,oracle,tokens,2,False,,200,False,False,,True,True,True,akita_black_bowl_3,False,plate_1,True,0.0165,akita_black_bowl_3,plate_1,True,True,plane,0.92,0.92,b5bc6f7854e8d826,59dec8057723dfcb,edfd99250c4e3dc6,,,
spatial,scene_0008,referential,human:aaron_test,oracle,tokens,3,False,,200,False,False,,True,True,True,akita_black_bowl_3,False,plate_1,True,0.0164,akita_black_bowl_3,plate_1,True,True,plane,0.92,0.92,b5bc6f7854e8d826,f617cb61c0cdeb32,9ba9424b0234950a,,,
spatial,scene_0008,referential,human:aaron_test,oracle,tokens,4,False,,200,False,False,,True,True,True,akita_black_bowl_3,False,plate_1,True,0.0158,akita_black_bowl_3,plate_1,True,True,plane,0.92,0.92,b5bc6f7854e8d826,6b0c7b531bed702a,cb870a721cd70739,,,
spatial,scene_0008,referential,human:aaron_test,oracle,tokens,5,False,,200,False,False,,True,True,True,akita_black_bowl_3,False,plate_1,True,0.0162,akita_black_bowl_3,plate_1,True,True,plane,0.92,0.92,b5bc6f7854e8d826,2ad9c9a1d8dd4d1e,5c3d3be4f44af2c7,,,
spatial,scene_0008,referential,human:aaron_test,oracle,tokens,6,False,,200,False,False,,True,True,True,akita_black_bowl_3,False,plate_1,True,0.0163,akita_black_bowl_3,plate_1,True,True,plane,0.92,0.92,b5bc6f7854e8d826,7c869c99469eacbb,e1e870067b694cf6,,,
spatial,scene_0008,referential,human:aaron_test,oracle,tokens,7,False,,200,False,False,,True,True,True,akita_black_bowl_3,False,plate_1,True,0.0163,akita_black_bowl_3,plate_1,True,True,plane,0.92,0.92,b5bc6f7854e8d826,7f892cc66e87587c,bf613d992bb97866,,,
spatial,scene_0008,referential,human:aaron_test,oracle,tokens,8,False,,200,False,False,,True,True,True,akita_black_bowl_3,False,plate_1,True,0.0157,akita_black_bowl_3,plate_1,True,True,plane,0.92,0.92,b5bc6f7854e8d826,c053f8be7546d332,ecaace3c5bd4244e,,,
spatial,scene_0008,referential,human:aaron_test,oracle,tokens,9,False,,200,False,False,,True,True,True,akita_black_bowl_3,False,plate_1,True,0.0161,akita_black_bowl_3,plate_1,True,True,plane,0.92,0.92,b5bc6f7854e8d826,3232d7e7a159e5d6,736155a404d3222e,,,
spatial,scene_0009,referential,auto,oracle,tokens,0,False,,200,False,False,,True,True,True,akita_black_bowl_2,True,plate_1,True,0.0331,akita_black_bowl_2,plate_1,True,True,plane,0.92,0.92,2ab3a665f4a9fe53,18c6128657ed8e01,2975e41dad337f42,,,
spatial,scene_0009,referential,auto,oracle,tokens,1,False,,200,False,False,,True,True,True,akita_black_bowl_2,True,plate_1,True,0.0332,akita_black_bowl_2,plate_1,True,True,plane,0.92,0.92,2ab3a665f4a9fe53,fec17adef8da80a9,d40d42e60b4abe49,,,
spatial,scene_0009,referential,auto,oracle,tokens,2,False,,200,False,False,,True,True,True,akita_black_bowl_2,True,plate_1,True,0.0331,akita_black_bowl_2,plate_1,True,True,plane,0.92,0.92,2ab3a665f4a9fe53,ed701aea2681d2ca,4cdd11ac6a4d6ed1,,,
spatial,scene_0009,referential,auto,oracle,tokens,3,False,,200,False,False,,True,True,True,akita_black_bowl_2,True,plate_1,True,0.033,akita_black_bowl_2,plate_1,True,True,plane,0.92,0.92,2ab3a665f4a9fe53,42850da146c52bf7,06bbb1e487ec2ed8,,,
spatial,scene_0009,referential,auto,oracle,tokens,4,False,,200,False,False,,True,True,True,akita_black_bowl_2,True,plate_1,True,0.0332,akita_black_bowl_2,plate_1,True,True,plane,0.92,0.92,2ab3a665f4a9fe53,0e4ec7c140f2f9d3,36ab156179211126,,,
spatial,scene_0009,referential,auto,oracle,tokens,5,False,,200,False,False,,True,True,True,akita_black_bowl_2,True,plate_1,True,0.0332,akita_black_bowl_2,plate_1,True,True,plane,0.92,0.92,2ab3a665f4a9fe53,bf5458fdc7a211af,f2d5cd5c62fa5ac7,,,
spatial,scene_0009,referential,auto,oracle,tokens,6,False,,200,False,False,,True,True,True,akita_black_bowl_2,True,plate_1,True,0.0326,akita_black_bowl_2,plate_1,True,True,plane,0.92,0.92,2ab3a665f4a9fe53,213f58c8419bc64c,783370d5c55f559c,,,
spatial,scene_0009,referential,auto,oracle,tokens,7,False,,200,False,False,,True,True,True,akita_black_bowl_2,True,plate_1,True,0.0329,akita_black_bowl_2,plate_1,True,True,plane,0.92,0.92,2ab3a665f4a9fe53,5b374e8e74253931,d3ebaa8def86123f,,,
spatial,scene_0009,referential,auto,oracle,tokens,8,False,,200,False,False,,True,True,True,akita_black_bowl_2,True,plate_1,True,0.0331,akita_black_bowl_2,plate_1,True,True,plane,0.92,0.92,2ab3a665f4a9fe53,c8505739e06cc58b,164e3a08c0700a6c,,,
spatial,scene_0009,referential,auto,oracle,tokens,9,False,,200,False,False,,True,True,True,akita_black_bowl_2,True,plate_1,True,0.0329,akita_black_bowl_2,plate_1,True,True,plane,0.92,0.92,2ab3a665f4a9fe53,403e20e31fe5b981,d3b344f3fcc6f7c0,,,
spatial,scene_0009,referential,human:aaron_test,oracle,tokens,0,False,,200,False,False,,True,True,True,akita_black_bowl_1,False,plate_1,True,0.0067,akita_black_bowl_1,plate_1,True,True,plane,0.92,0.92,2ab3a665f4a9fe53,67db9540de0d84cc,216c8f67959875e1,,,
spatial,scene_0009,referential,human:aaron_test,oracle,tokens,1,False,,200,False,False,,True,True,True,akita_black_bowl_1,False,plate_1,True,0.007,akita_black_bowl_1,plate_1,True,True,plane,0.92,0.92,2ab3a665f4a9fe53,c38e9bb2690f9e21,d4fa25a74870867e,,,
spatial,scene_0009,referential,human:aaron_test,oracle,tokens,2,False,,200,False,False,,True,True,True,akita_black_bowl_1,False,plate_1,True,0.0068,akita_black_bowl_1,plate_1,True,True,plane,0.92,0.92,2ab3a665f4a9fe53,e1d60d601550364f,48064ac69d5ed123,,,
spatial,scene_0009,referential,human:aaron_test,oracle,tokens,3,False,,200,False,False,,True,True,True,akita_black_bowl_1,False,plate_1,True,0.0071,akita_black_bowl_1,plate_1,True,True,plane,0.92,0.92,2ab3a665f4a9fe53,d8071014b5eba7ae,c48b7e6f9a128a77,,,
spatial,scene_0009,referential,human:aaron_test,oracle,tokens,4,False,,200,False,False,,True,True,True,akita_black_bowl_1,False,plate_1,True,0.0071,akita_black_bowl_1,plate_1,True,True,plane,0.92,0.92,2ab3a665f4a9fe53,5dd9aa1047564775,52ac779a6984896c,,,
spatial,scene_0009,referential,human:aaron_test,oracle,tokens,5,False,,200,False,False,,True,True,True,akita_black_bowl_1,False,plate_1,True,0.0072,akita_black_bowl_1,plate_1,True,True,plane,0.92,0.92,2ab3a665f4a9fe53,07ab3a4354170c9a,5f38c82013ac431a,,,
spatial,scene_0009,referential,human:aaron_test,oracle,tokens,6,False,,200,False,False,,True,True,True,akita_black_bowl_1,False,plate_1,True,0.007,akita_black_bowl_1,plate_1,True,True,plane,0.92,0.92,2ab3a665f4a9fe53,d7d77fb2d7d50161,7144cf741670d3e0,,,
spatial,scene_0009,referential,human:aaron_test,oracle,tokens,7,False,,200,False,False,,True,True,True,akita_black_bowl_1,False,plate_1,True,0.008,akita_black_bowl_1,plate_1,True,True,plane,0.92,0.92,2ab3a665f4a9fe53,ef964c3bf9b26134,8ae4943cd196571b,,,
spatial,scene_0009,referential,human:aaron_test,oracle,tokens,8,False,,200,False,False,,True,True,True,akita_black_bowl_1,False,plate_1,True,0.0064,akita_black_bowl_1,plate_1,True,True,plane,0.92,0.92,2ab3a665f4a9fe53,d89c52889f978528,db2f11679c0468ab,,,
spatial,scene_0009,referential,human:aaron_test,oracle,tokens,9,False,,200,False,False,,True,True,True,akita_black_bowl_1,False,plate_1,True,0.007,akita_black_bowl_1,plate_1,True,True,plane,0.92,0.92,2ab3a665f4a9fe53,46e0b3521ada1b4a,e3b40bfcd308632b,,,
spatial,scene_0012,referential,auto,oracle,tokens,0,False,,200,True,True,166,True,True,True,akita_black_bowl_4,True,plate_1,True,0.0132,akita_black_bowl_4,plate_1,True,True,plane,0.92,0.92,82492353d93beba8,a7dad866de06c52d,b7cbe01d3c160cb9,,,
spatial,scene_0012,referential,auto,oracle,tokens,1,False,,200,True,True,166,True,True,True,akita_black_bowl_4,True,plate_1,True,0.0129,akita_black_bowl_4,plate_1,True,True,plane,0.92,0.92,82492353d93beba8,4d5e004af610987e,11a27e70b6073b1c,,,
spatial,scene_0012,referential,auto,oracle,tokens,2,False,,200,True,True,166,True,True,True,akita_black_bowl_4,True,plate_1,True,0.0149,akita_black_bowl_4,plate_1,True,True,plane,0.92,0.92,82492353d93beba8,3128af32b96b38ac,863948a573c517d5,,,
spatial,scene_0012,referential,auto,oracle,tokens,3,False,,200,True,True,166,True,True,True,akita_black_bowl_4,True,plate_1,True,0.0129,akita_black_bowl_4,plate_1,True,True,plane,0.92,0.92,82492353d93beba8,253eb36fee45f9b6,b4d2a98b1fdebb91,,,
spatial,scene_0012,referential,auto,oracle,tokens,4,False,,200,True,True,166,True,True,True,akita_black_bowl_4,True,plate_1,True,0.0129,akita_black_bowl_4,plate_1,True,True,plane,0.92,0.92,82492353d93beba8,9e2606aaf35b4164,998506697deecb3d,,,
spatial,scene_0012,referential,auto,oracle,tokens,5,False,,200,True,True,166,True,True,True,akita_black_bowl_4,True,plate_1,True,0.013,akita_black_bowl_4,plate_1,True,True,plane,0.92,0.92,82492353d93beba8,dda78e0ba5501357,4258baf82c166640,,,
spatial,scene_0012,referential,auto,oracle,tokens,6,False,,200,True,True,166,True,True,True,akita_black_bowl_4,True,plate_1,True,0.0139,akita_black_bowl_4,plate_1,True,True,plane,0.92,0.92,82492353d93beba8,fdd3108cb05b7c16,16b77d099d2e0576,,,
spatial,scene_0012,referential,auto,oracle,tokens,7,False,,200,True,True,166,True,True,True,akita_black_bowl_4,True,plate_1,True,0.0128,akita_black_bowl_4,plate_1,True,True,plane,0.92,0.92,82492353d93beba8,b9cdc1a74ba3bc6d,ea078f9031bc4321,,,
spatial,scene_0012,referential,auto,oracle,tokens,8,False,,200,True,True,166,True,True,True,akita_black_bowl_4,True,plate_1,True,0.0128,akita_black_bowl_4,plate_1,True,True,plane,0.92,0.92,82492353d93beba8,bf2620c02b3504c7,27bca034d3c7ed3a,,,
spatial,scene_0012,referential,auto,oracle,tokens,9,False,,200,True,True,166,True,True,True,akita_black_bowl_4,True,plate_1,True,0.0128,akita_black_bowl_4,plate_1,True,True,plane,0.92,0.92,82492353d93beba8,7abd8af190328fd1,eb31b12b2d7d2128,,,
spatial,scene_0012,referential,human:aaron_test,oracle,tokens,0,False,,200,False,False,,True,False,False,,False,,False,0.1125,akita_black_bowl_4,plate_1,,,plane,0.92,0.92,82492353d93beba8,68e9601cf9e98df6,c3c17db10eec350d,,,
spatial,scene_0012,referential,human:aaron_test,oracle,tokens,1,False,,200,False,False,,True,True,True,akita_black_bowl_4,True,,False,0.1236,akita_black_bowl_4,plate_1,True,,plane,0.92,0.92,82492353d93beba8,311094c5fe9e16c6,2e1a9388e5de6fc5,,,
spatial,scene_0012,referential,human:aaron_test,oracle,tokens,2,False,,200,False,False,,True,False,False,,False,,False,0.1173,akita_black_bowl_4,plate_1,,,plane,0.92,0.92,82492353d93beba8,690ee1cac96d1c6d,2a46172ab52eebde,,,
spatial,scene_0012,referential,human:aaron_test,oracle,tokens,3,False,,200,False,False,,True,False,False,,False,,False,0.1171,akita_black_bowl_4,plate_1,,,plane,0.92,0.92,82492353d93beba8,fba0aff1ce3e5a8e,bcb4aa0ce464772a,,,
spatial,scene_0012,referential,human:aaron_test,oracle,tokens,4,False,,200,False,False,,True,True,True,akita_black_bowl_4,True,,False,0.1357,akita_black_bowl_4,plate_1,True,,plane,0.92,0.92,82492353d93beba8,ec6e403e3adce304,3ee614aaa5fcda8b,,,
spatial,scene_0012,referential,human:aaron_test,oracle,tokens,5,False,,200,False,False,,True,False,False,,False,,False,0.1178,akita_black_bowl_4,plate_1,,,plane,0.92,0.92,82492353d93beba8,996d63cb2805c33e,fd1b734c4b751dc4,,,
spatial,scene_0012,referential,human:aaron_test,oracle,tokens,6,False,,200,False,False,,True,False,False,,False,,False,0.1122,akita_black_bowl_4,plate_1,,,plane,0.92,0.92,82492353d93beba8,dbe4f09f92b4479d,6675d6c78f4d4b5e,,,
spatial,scene_0012,referential,human:aaron_test,oracle,tokens,7,False,,200,False,False,,True,False,False,,False,,False,0.1182,akita_black_bowl_4,plate_1,,,plane,0.92,0.92,82492353d93beba8,c2e7290646a72252,5303e20a90375d40,,,
spatial,scene_0012,referential,human:aaron_test,oracle,tokens,8,False,,200,False,False,,True,False,False,,False,,False,0.1136,akita_black_bowl_4,plate_1,,,plane,0.92,0.92,82492353d93beba8,c7d91e0e8dd0b694,9b87fabd703d210c,,,
spatial,scene_0012,referential,human:aaron_test,oracle,tokens,9,False,,200,False,False,,True,False,False,,False,,False,0.1184,akita_black_bowl_4,plate_1,,,plane,0.92,0.92,82492353d93beba8,9197d07cbb9c8613,12774bb0c506c333,,,
spatial,scene_0016,referential,auto,oracle,tokens,0,False,,200,False,False,,True,False,False,,False,,False,0.2359,akita_black_bowl_2,plate_1,,,plane,0.92,0.92,41430078024def33,84685b892179f63d,c16670f06557087f,,,
spatial,scene_0016,referential,auto,oracle,tokens,1,False,,200,False,False,,True,False,False,,False,,False,0.2357,akita_black_bowl_2,plate_1,,,plane,0.92,0.92,41430078024def33,7a9c7b4411674c20,96590f9deedf1dcf,,,
spatial,scene_0016,referential,auto,oracle,tokens,2,False,,200,False,False,,True,False,False,,False,,False,0.2357,akita_black_bowl_2,plate_1,,,plane,0.92,0.92,41430078024def33,dd6c4a2f5cacc3d0,fd392faa9f28a759,,,
spatial,scene_0016,referential,auto,oracle,tokens,3,False,,200,False,False,,True,False,False,,False,,False,0.2356,akita_black_bowl_2,plate_1,,,plane,0.92,0.92,41430078024def33,29832a2318a3ef49,ccba4785fb9b76ee,,,
spatial,scene_0016,referential,auto,oracle,tokens,4,False,,200,False,False,,True,False,False,,False,,False,0.2358,akita_black_bowl_2,plate_1,,,plane,0.92,0.92,41430078024def33,0e03496ed819257a,aae7f79b232c9479,,,
spatial,scene_0016,referential,auto,oracle,tokens,5,False,,200,False,False,,True,False,False,,False,,False,0.2355,akita_black_bowl_2,plate_1,,,plane,0.92,0.92,41430078024def33,078245d9b98e4a4e,4c755f41171ba054,,,
spatial,scene_0016,referential,auto,oracle,tokens,6,False,,200,False,False,,True,False,False,,False,,False,0.2355,akita_black_bowl_2,plate_1,,,plane,0.92,0.92,41430078024def33,47b2917a58f5155d,fbc116484b4b80e4,,,
spatial,scene_0016,referential,auto,oracle,tokens,7,False,,200,False,False,,True,False,False,,False,,False,0.2358,akita_black_bowl_2,plate_1,,,plane,0.92,0.92,41430078024def33,85aee5abcdb44508,59ea7780b4854ef5,,,
spatial,scene_0016,referential,auto,oracle,tokens,8,False,,200,False,False,,True,False,False,,False,,False,0.2356,akita_black_bowl_2,plate_1,,,plane,0.92,0.92,41430078024def33,ce85cf31fd0f4450,4fd8e9b4caedf307,,,
spatial,scene_0016,referential,auto,oracle,tokens,9,False,,200,False,False,,True,False,False,,False,,False,0.2356,akita_black_bowl_2,plate_1,,,plane,0.92,0.92,41430078024def33,b5b778bb7aac4926,97cf07e19405ddf7,,,
spatial,scene_0016,referential,human:aaron_test,oracle,tokens,0,False,,200,False,False,,True,True,True,akita_black_bowl_4,False,plate_1,True,0.0128,akita_black_bowl_4,plate_1,True,True,plane,0.92,0.92,41430078024def33,ff8050938263577c,8dc5fd2bceb4fe74,,,
spatial,scene_0016,referential,human:aaron_test,oracle,tokens,1,False,,200,False,False,,True,True,True,akita_black_bowl_4,False,plate_1,True,0.0125,akita_black_bowl_4,plate_1,True,True,plane,0.92,0.92,41430078024def33,cf14dc325fac5eea,7db611464eeec004,,,
spatial,scene_0016,referential,human:aaron_test,oracle,tokens,2,False,,200,False,False,,True,True,True,akita_black_bowl_4,False,plate_1,True,0.0132,akita_black_bowl_4,plate_1,True,True,plane,0.92,0.92,41430078024def33,a0ff37d76101ed5b,1823481ee0a3eae2,,,
spatial,scene_0016,referential,human:aaron_test,oracle,tokens,3,False,,200,False,False,,True,True,True,akita_black_bowl_4,False,plate_1,True,0.013,akita_black_bowl_4,plate_1,True,True,plane,0.92,0.92,41430078024def33,4cce113c2a49f164,674e06f3cfcd21ae,,,
spatial,scene_0016,referential,human:aaron_test,oracle,tokens,4,False,,200,False,False,,True,True,True,akita_black_bowl_4,False,plate_1,True,0.0125,akita_black_bowl_4,plate_1,True,True,plane,0.92,0.92,41430078024def33,71b5a5eaf2bceb24,828ecea3415f5106,,,
spatial,scene_0016,referential,human:aaron_test,oracle,tokens,5,False,,200,False,False,,True,True,True,akita_black_bowl_4,False,plate_1,True,0.0126,akita_black_bowl_4,plate_1,True,True,plane,0.92,0.92,41430078024def33,b5128f50c184f329,8c54603404a6a72a,,,
spatial,scene_0016,referential,human:aaron_test,oracle,tokens,6,False,,200,False,False,,True,True,True,akita_black_bowl_4,False,plate_1,True,0.0126,akita_black_bowl_4,plate_1,True,True,plane,0.92,0.92,41430078024def33,370556acf8259d87,defb633d2d5f07e5,,,
spatial,scene_0016,referential,human:aaron_test,oracle,tokens,7,False,,200,False,False,,True,True,True,akita_black_bowl_4,False,plate_1,True,0.0128,akita_black_bowl_4,plate_1,True,True,plane,0.92,0.92,41430078024def33,04f094085f391155,c401cd0b7d3460a4,,,
spatial,scene_0016,referential,human:aaron_test,oracle,tokens,8,False,,200,False,False,,True,True,True,akita_black_bowl_4,False,plate_1,True,0.0125,akita_black_bowl_4,plate_1,True,True,plane,0.92,0.92,41430078024def33,bb7d0e7c3394f7cd,4cd38d65aa7fd91f,,,
spatial,scene_0016,referential,human:aaron_test,oracle,tokens,9,False,,200,False,False,,True,True,True,akita_black_bowl_4,False,plate_1,True,0.0126,akita_black_bowl_4,plate_1,True,True,plane,0.92,0.92,41430078024def33,b0b193c4889b3d71,21c1ca8cd083c8e7,,,
spatial,scene_0017,directional,auto,oracle,tokens,0,False,,200,True,True,165,True,True,True,akita_black_bowl_1,True,plate_1,True,0.0131,akita_black_bowl_1,plate_1,True,True,plane,0.92,0.92,42632e6e82720c09,329992a4e50cf4cc,7f6a46c42abde480,,,
spatial,scene_0017,directional,auto,oracle,tokens,1,False,,200,True,True,165,True,True,True,akita_black_bowl_1,True,plate_1,True,0.013,akita_black_bowl_1,plate_1,True,True,plane,0.92,0.92,42632e6e82720c09,2ce0f6d044e6ec64,4e4102dcb849c91e,,,
spatial,scene_0017,directional,auto,oracle,tokens,2,False,,200,True,True,165,True,True,True,akita_black_bowl_1,True,plate_1,True,0.0128,akita_black_bowl_1,plate_1,True,True,plane,0.92,0.92,42632e6e82720c09,0f3c02354544381d,9a33c119952e88fc,,,
spatial,scene_0017,directional,auto,oracle,tokens,3,False,,200,True,True,165,True,True,True,akita_black_bowl_1,True,plate_1,True,0.0128,akita_black_bowl_1,plate_1,True,True,plane,0.92,0.92,42632e6e82720c09,2f2c049ff9605d9c,752903be1320f199,,,
spatial,scene_0017,directional,auto,oracle,tokens,4,False,,200,True,True,165,True,True,True,akita_black_bowl_1,True,plate_1,True,0.0128,akita_black_bowl_1,plate_1,True,True,plane,0.92,0.92,42632e6e82720c09,df62caf78d765034,b38fd16e68dd4818,,,
spatial,scene_0017,directional,auto,oracle,tokens,5,False,,200,True,True,165,True,True,True,akita_black_bowl_1,True,plate_1,True,0.0128,akita_black_bowl_1,plate_1,True,True,plane,0.92,0.92,42632e6e82720c09,09b85310348d511a,61a005cda780c89e,,,
spatial,scene_0017,directional,auto,oracle,tokens,6,False,,200,True,True,165,True,True,True,akita_black_bowl_1,True,plate_1,True,0.0129,akita_black_bowl_1,plate_1,True,True,plane,0.92,0.92,42632e6e82720c09,8c09f1225c572eec,902cd51ae94b2c09,,,
spatial,scene_0017,directional,auto,oracle,tokens,7,False,,200,True,True,165,True,True,True,akita_black_bowl_1,True,plate_1,True,0.0128,akita_black_bowl_1,plate_1,True,True,plane,0.92,0.92,42632e6e82720c09,10a53333b1583ae1,df9e3a68f973dab7,,,
spatial,scene_0017,directional,auto,oracle,tokens,8,False,,200,True,True,165,True,True,True,akita_black_bowl_1,True,plate_1,True,0.0129,akita_black_bowl_1,plate_1,True,True,plane,0.92,0.92,42632e6e82720c09,e44dc91a85d36ce2,389d942c16c16e4b,,,
spatial,scene_0017,directional,auto,oracle,tokens,9,False,,200,True,True,165,True,True,True,akita_black_bowl_1,True,plate_1,True,0.0128,akita_black_bowl_1,plate_1,True,True,plane,0.92,0.92,42632e6e82720c09,e53d6b84cbd06b29,8ca32f6904d04d66,,,
spatial,scene_0017,directional,human:aaron_test,oracle,tokens,0,False,,200,False,False,,True,True,True,akita_black_bowl_1,True,,False,0.2524,akita_black_bowl_1,plate_1,True,,plane,0.92,0.92,42632e6e82720c09,b2955753f5d5d841,2fc7a08ece33b6db,,,
spatial,scene_0017,directional,human:aaron_test,oracle,tokens,1,False,,200,False,False,,True,True,True,akita_black_bowl_1,True,,False,0.2527,akita_black_bowl_1,plate_1,True,,plane,0.92,0.92,42632e6e82720c09,19f87bc66bbae7f0,6ccbfdfb4db50d67,,,
spatial,scene_0017,directional,human:aaron_test,oracle,tokens,2,False,,200,False,False,,True,True,True,akita_black_bowl_1,True,,False,0.2527,akita_black_bowl_1,plate_1,True,,plane,0.92,0.92,42632e6e82720c09,44690a5c4201fc2a,628d9ed14004c48a,,,
spatial,scene_0017,directional,human:aaron_test,oracle,tokens,3,False,,200,False,False,,True,True,True,akita_black_bowl_1,True,,False,0.2526,akita_black_bowl_1,plate_1,True,,plane,0.92,0.92,42632e6e82720c09,97198bd5f03d8f93,e5a5df2e2b2b196f,,,
spatial,scene_0017,directional,human:aaron_test,oracle,tokens,4,False,,200,False,False,,True,True,True,akita_black_bowl_1,True,,False,0.2523,akita_black_bowl_1,plate_1,True,,plane,0.92,0.92,42632e6e82720c09,5bea1ed1f5be0b9e,5b44e27dfe3f0103,,,
spatial,scene_0017,directional,human:aaron_test,oracle,tokens,5,False,,200,False,False,,True,True,True,akita_black_bowl_1,True,,False,0.2496,akita_black_bowl_1,plate_1,True,,plane,0.92,0.92,42632e6e82720c09,88da4e6d32c6c7b4,e6c4f019d850a8c0,,,
spatial,scene_0017,directional,human:aaron_test,oracle,tokens,6,False,,200,False,False,,True,True,True,akita_black_bowl_1,True,,False,0.2516,akita_black_bowl_1,plate_1,True,,plane,0.92,0.92,42632e6e82720c09,4ba545a6738635d4,94a574f4005a70fc,,,
spatial,scene_0017,directional,human:aaron_test,oracle,tokens,7,False,,200,False,False,,True,True,True,akita_black_bowl_1,True,,False,0.2514,akita_black_bowl_1,plate_1,True,,plane,0.92,0.92,42632e6e82720c09,67d3e42e51123d06,7dbdae18e4d7c0dd,,,
spatial,scene_0017,directional,human:aaron_test,oracle,tokens,8,False,,200,False,False,,True,True,True,akita_black_bowl_1,True,,False,0.2472,akita_black_bowl_1,plate_1,True,,plane,0.92,0.92,42632e6e82720c09,167c2e243bbb3ef6,7f6be7bdcdd5d3f2,,,
spatial,scene_0017,directional,human:aaron_test,oracle,tokens,9,False,,200,False,False,,True,True,True,akita_black_bowl_1,True,,False,0.2492,akita_black_bowl_1,plate_1,True,,plane,0.92,0.92,42632e6e82720c09,36ed52ce536028a2,28a5c2a7bb49d453,,,
spatial,scene_0021,directional,auto,oracle,tokens,0,False,,200,True,True,166,True,True,True,akita_black_bowl_1,True,plate_1,True,0.0025,akita_black_bowl_1,plate_1,True,True,plane,0.92,0.92,4b4c774a4be2986c,7a6f0e6151eb0da4,b5bc048c169c95fb,,,
spatial,scene_0021,directional,auto,oracle,tokens,1,False,,200,True,True,166,True,True,True,akita_black_bowl_1,True,plate_1,True,0.0025,akita_black_bowl_1,plate_1,True,True,plane,0.92,0.92,4b4c774a4be2986c,12be8622cb4f7b21,9f7a1681693cfa4f,,,
spatial,scene_0021,directional,auto,oracle,tokens,2,False,,200,True,True,166,True,True,True,akita_black_bowl_1,True,plate_1,True,0.0025,akita_black_bowl_1,plate_1,True,True,plane,0.92,0.92,4b4c774a4be2986c,3daa297b5eda6463,34277723551449c0,,,
spatial,scene_0021,directional,auto,oracle,tokens,3,False,,200,True,True,166,True,True,True,akita_black_bowl_1,True,plate_1,True,0.0025,akita_black_bowl_1,plate_1,True,True,plane,0.92,0.92,4b4c774a4be2986c,8933815d4e3add3a,d2962ddf0a0da64f,,,
spatial,scene_0021,directional,auto,oracle,tokens,4,False,,200,True,True,166,True,True,True,akita_black_bowl_1,True,plate_1,True,0.0026,akita_black_bowl_1,plate_1,True,True,plane,0.92,0.92,4b4c774a4be2986c,b2523bd506eb0175,e8372ba7b7eaf13b,,,
spatial,scene_0021,directional,auto,oracle,tokens,5,False,,200,True,True,166,True,True,True,akita_black_bowl_1,True,plate_1,True,0.0019,akita_black_bowl_1,plate_1,True,True,plane,0.92,0.92,4b4c774a4be2986c,6792cd86ee54da3e,ae13a6267e77cdc0,,,
spatial,scene_0021,directional,auto,oracle,tokens,6,False,,200,True,True,166,True,True,True,akita_black_bowl_1,True,plate_1,True,0.0024,akita_black_bowl_1,plate_1,True,True,plane,0.92,0.92,4b4c774a4be2986c,ffd6770b17ca2048,7367489dfcc9e052,,,
spatial,scene_0021,directional,auto,oracle,tokens,7,False,,200,True,True,166,True,True,True,akita_black_bowl_1,True,plate_1,True,0.0022,akita_black_bowl_1,plate_1,True,True,plane,0.92,0.92,4b4c774a4be2986c,899b51784dd0b4af,c8274b6076b914ef,,,
spatial,scene_0021,directional,auto,oracle,tokens,8,False,,200,True,True,166,True,True,True,akita_black_bowl_1,True,plate_1,True,0.0027,akita_black_bowl_1,plate_1,True,True,plane,0.92,0.92,4b4c774a4be2986c,0361c7b3824cbcf6,f745e168ab33f6fe,,,
spatial,scene_0021,directional,auto,oracle,tokens,9,False,,200,True,True,166,True,True,True,akita_black_bowl_1,True,plate_1,True,0.0022,akita_black_bowl_1,plate_1,True,True,plane,0.92,0.92,4b4c774a4be2986c,f9779bec9aeaaa0c,86472bf3d12c8808,,,
spatial,scene_0021,directional,human:aaron_test,oracle,tokens,0,False,,200,False,False,,True,True,True,akita_black_bowl_1,True,plate_2,False,0.0142,akita_black_bowl_1,plate_2,True,True,plane,0.92,0.92,4b4c774a4be2986c,c3301c4d7cc0e4b5,44d58d9979e3e323,,,
spatial,scene_0021,directional,human:aaron_test,oracle,tokens,1,False,,200,False,False,,True,True,True,akita_black_bowl_1,True,plate_2,False,0.0141,akita_black_bowl_1,plate_2,True,True,plane,0.92,0.92,4b4c774a4be2986c,13aa5e0de36bf37d,83aa6cbdeb33e74b,,,
spatial,scene_0021,directional,human:aaron_test,oracle,tokens,2,False,,200,False,False,,True,True,True,akita_black_bowl_1,True,plate_2,False,0.0144,akita_black_bowl_1,plate_2,True,True,plane,0.92,0.92,4b4c774a4be2986c,9c3bea22173932a8,19753448d61b5ed8,,,
spatial,scene_0021,directional,human:aaron_test,oracle,tokens,3,False,,200,False,False,,True,True,True,akita_black_bowl_1,True,plate_2,False,0.0142,akita_black_bowl_1,plate_2,True,True,plane,0.92,0.92,4b4c774a4be2986c,86ff24f4fc7a232f,96469f4518c1ec83,,,
spatial,scene_0021,directional,human:aaron_test,oracle,tokens,4,False,,200,False,False,,True,True,True,akita_black_bowl_1,True,plate_2,False,0.014,akita_black_bowl_1,plate_2,True,True,plane,0.92,0.92,4b4c774a4be2986c,9cd65ddd99e20889,07d4881632229cdc,,,
spatial,scene_0021,directional,human:aaron_test,oracle,tokens,5,False,,200,False,False,,True,True,True,akita_black_bowl_1,True,plate_2,False,0.0142,akita_black_bowl_1,plate_2,True,True,plane,0.92,0.92,4b4c774a4be2986c,0e646d308522eda7,ca73a4accb1e8162,,,
spatial,scene_0021,directional,human:aaron_test,oracle,tokens,6,False,,200,False,False,,True,True,True,akita_black_bowl_1,True,plate_2,False,0.0142,akita_black_bowl_1,plate_2,True,True,plane,0.92,0.92,4b4c774a4be2986c,203ebfea6ccfafff,14ca5ce9d3115883,,,
spatial,scene_0021,directional,human:aaron_test,oracle,tokens,7,False,,200,False,False,,True,True,True,akita_black_bowl_1,True,plate_2,False,0.0141,akita_black_bowl_1,plate_2,True,True,plane,0.92,0.92,4b4c774a4be2986c,63a8217149b97fac,96a9f3926f2b545e,,,
spatial,scene_0021,directional,human:aaron_test,oracle,tokens,8,False,,200,False,False,,True,True,True,akita_black_bowl_1,True,plate_2,False,0.0142,akita_black_bowl_1,plate_2,True,True,plane,0.92,0.92,4b4c774a4be2986c,68d2c831a342ea91,75296a05a1668da2,,,
spatial,scene_0021,directional,human:aaron_test,oracle,tokens,9,False,,200,False,False,,True,True,True,akita_black_bowl_1,True,plate_2,False,0.0141,akita_black_bowl_1,plate_2,True,True,plane,0.92,0.92,4b4c774a4be2986c,79502b66cbdf3b89,2a32f131f2505bf1,,,
spatial,scene_0025,directional,auto,oracle,tokens,0,False,,200,True,True,165,True,True,True,akita_black_bowl_1,True,plate_3,True,0.0207,akita_black_bowl_1,plate_3,True,True,plane,0.92,0.92,950129e7380d5320,d89a9c38ca160e32,713ae5be4c233a31,,,
spatial,scene_0025,directional,auto,oracle,tokens,1,False,,200,True,True,165,True,True,True,akita_black_bowl_1,True,plate_3,True,0.0207,akita_black_bowl_1,plate_3,True,True,plane,0.92,0.92,950129e7380d5320,87dfa0ef461260d4,d64e1afbd4dcbf5b,,,
spatial,scene_0025,directional,auto,oracle,tokens,2,False,,200,True,True,165,True,True,True,akita_black_bowl_1,True,plate_3,True,0.0207,akita_black_bowl_1,plate_3,True,True,plane,0.92,0.92,950129e7380d5320,0536a6f5834f0641,4b60994a25498a2f,,,
spatial,scene_0025,directional,auto,oracle,tokens,3,False,,200,True,True,165,True,True,True,akita_black_bowl_1,True,plate_3,True,0.02,akita_black_bowl_1,plate_3,True,True,plane,0.92,0.92,950129e7380d5320,c8aa2aba8ac436a9,63a4e379299b65fd,,,
spatial,scene_0025,directional,auto,oracle,tokens,4,False,,200,True,True,165,True,True,True,akita_black_bowl_1,True,plate_3,True,0.0196,akita_black_bowl_1,plate_3,True,True,plane,0.92,0.92,950129e7380d5320,0ec56ae7ee2e6e00,082891b0fe0cec4f,,,
spatial,scene_0025,directional,auto,oracle,tokens,5,False,,200,True,True,166,True,True,True,akita_black_bowl_1,True,plate_3,True,0.0197,akita_black_bowl_1,plate_3,True,True,plane,0.92,0.92,950129e7380d5320,ff1835ab48d39cd8,3b59acbe4eaf0a5c,,,
spatial,scene_0025,directional,auto,oracle,tokens,6,False,,200,True,True,166,True,True,True,akita_black_bowl_1,True,plate_3,True,0.0198,akita_black_bowl_1,plate_3,True,True,plane,0.92,0.92,950129e7380d5320,a0241850704b386f,f010044d995374a4,,,
spatial,scene_0025,directional,auto,oracle,tokens,7,False,,200,True,True,166,True,True,True,akita_black_bowl_1,True,plate_3,True,0.0197,akita_black_bowl_1,plate_3,True,True,plane,0.92,0.92,950129e7380d5320,bcfcdb90c1278255,3d8e9c0893b3199b,,,
spatial,scene_0025,directional,auto,oracle,tokens,8,False,,200,True,True,166,True,True,True,akita_black_bowl_1,True,plate_3,True,0.0197,akita_black_bowl_1,plate_3,True,True,plane,0.92,0.92,950129e7380d5320,0e9008520283f1ac,9dcf1d306566cf52,,,
spatial,scene_0025,directional,auto,oracle,tokens,9,False,,200,True,True,166,True,True,True,akita_black_bowl_1,True,plate_3,True,0.0196,akita_black_bowl_1,plate_3,True,True,plane,0.92,0.92,950129e7380d5320,d78005ca5f17148f,0112b04a2b3a36c9,,,
spatial,scene_0025,directional,human:aaron_test,oracle,tokens,0,False,,200,False,False,,True,True,True,akita_black_bowl_1,True,plate_1,False,0.0155,akita_black_bowl_1,plate_1,True,True,plane,0.92,0.92,950129e7380d5320,c70aebfa1738ed6d,561f3107bb945314,,,
spatial,scene_0025,directional,human:aaron_test,oracle,tokens,1,False,,200,False,False,,True,True,True,akita_black_bowl_1,True,plate_1,False,0.0105,akita_black_bowl_1,plate_1,True,True,plane,0.92,0.92,950129e7380d5320,6a2891ed97bb7ace,473fb3d5a81588ea,,,
spatial,scene_0025,directional,human:aaron_test,oracle,tokens,2,False,,200,False,False,,True,True,True,akita_black_bowl_1,True,plate_1,False,0.0148,akita_black_bowl_1,plate_1,True,True,plane,0.92,0.92,950129e7380d5320,5fee1fe6f545860c,679a6de4267222d1,,,
spatial,scene_0025,directional,human:aaron_test,oracle,tokens,3,False,,200,False,False,,True,True,True,akita_black_bowl_1,True,plate_1,False,0.0137,akita_black_bowl_1,plate_1,True,True,plane,0.92,0.92,950129e7380d5320,650dc7705e940b82,c20719e47da2506a,,,
spatial,scene_0025,directional,human:aaron_test,oracle,tokens,4,False,,200,False,False,,True,True,True,akita_black_bowl_1,True,plate_1,False,0.0146,akita_black_bowl_1,plate_1,True,True,plane,0.92,0.92,950129e7380d5320,b6277e9eacecbee3,1dc7f8366e5fc3ef,,,
spatial,scene_0025,directional,human:aaron_test,oracle,tokens,5,False,,200,False,False,,True,True,True,akita_black_bowl_1,True,plate_1,False,0.0134,akita_black_bowl_1,plate_1,True,True,plane,0.92,0.92,950129e7380d5320,a0f986c31ea03f21,c6259bba6d634ab8,,,
spatial,scene_0025,directional,human:aaron_test,oracle,tokens,6,False,,200,False,False,,True,True,True,akita_black_bowl_1,True,plate_1,False,0.0103,akita_black_bowl_1,plate_1,True,True,plane,0.92,0.92,950129e7380d5320,05e8f6b4028f235b,8eb7b769fad1b76d,,,
spatial,scene_0025,directional,human:aaron_test,oracle,tokens,7,False,,200,False,False,,True,True,True,akita_black_bowl_1,True,plate_1,False,0.0141,akita_black_bowl_1,plate_1,True,True,plane,0.92,0.92,950129e7380d5320,edf906302581f4f8,58fd176dd532ee2f,,,
spatial,scene_0025,directional,human:aaron_test,oracle,tokens,8,False,,200,False,False,,True,True,True,akita_black_bowl_1,True,plate_1,False,0.0097,akita_black_bowl_1,plate_1,True,True,plane,0.92,0.92,950129e7380d5320,3f5bc7be7e36cbbf,2eb743dd4a5fdd79,,,
spatial,scene_0025,directional,human:aaron_test,oracle,tokens,9,False,,200,False,False,,True,True,True,akita_black_bowl_1,True,plate_1,False,0.0096,akita_black_bowl_1,plate_1,True,True,plane,0.92,0.92,950129e7380d5320,d27702e7b84f2a1e,7003d723edeb8ecd,,,
spatial,scene_0029,both,auto,oracle,tokens,0,False,,200,False,False,,True,False,False,,False,,False,0.2359,akita_black_bowl_3,plate_2,,,plane,0.92,0.92,0195be60883fac6e,a5dc4efb17f2b343,7bad00c3cb967d0e,,,
spatial,scene_0029,both,auto,oracle,tokens,1,False,,200,False,False,,True,False,False,,False,,False,0.2409,akita_black_bowl_3,plate_2,,,plane,0.92,0.92,0195be60883fac6e,b0fdbe17bca4ee4a,91fa09d28bd3e1dc,,,
spatial,scene_0029,both,auto,oracle,tokens,2,False,,200,False,False,,True,False,False,,False,,False,0.2351,akita_black_bowl_3,plate_2,,,plane,0.92,0.92,0195be60883fac6e,ac53f8e3c2c10d58,b6428e8b59bdc263,,,
spatial,scene_0029,both,auto,oracle,tokens,3,False,,200,False,False,,True,False,False,,False,,False,0.2334,akita_black_bowl_3,plate_2,,,plane,0.92,0.92,0195be60883fac6e,46d5c91220f34ffe,144a9dd88e898641,,,
spatial,scene_0029,both,auto,oracle,tokens,4,False,,200,False,False,,True,False,False,,False,,False,0.2335,akita_black_bowl_3,plate_2,,,plane,0.92,0.92,0195be60883fac6e,c7a775dd6e2d17b3,cef2dc9fbe12561b,,,
spatial,scene_0029,both,auto,oracle,tokens,5,False,,200,False,False,,True,False,False,,False,,False,0.2328,akita_black_bowl_3,plate_2,,,plane,0.92,0.92,0195be60883fac6e,5464055e795537cb,c012b871ff05dad3,,,
spatial,scene_0029,both,auto,oracle,tokens,6,False,,200,False,False,,True,False,False,,False,,False,0.2361,akita_black_bowl_3,plate_2,,,plane,0.92,0.92,0195be60883fac6e,0ca3267fcac05e34,45defd7de18cc777,,,
spatial,scene_0029,both,auto,oracle,tokens,7,False,,200,False,False,,True,False,False,,False,,False,0.2352,akita_black_bowl_3,plate_2,,,plane,0.92,0.92,0195be60883fac6e,709bbb5cbf21a420,1c8293681702ac18,,,
spatial,scene_0029,both,auto,oracle,tokens,8,False,,200,False,False,,True,False,False,,False,,False,0.2342,akita_black_bowl_3,plate_2,,,plane,0.92,0.92,0195be60883fac6e,2a08b6619cc3d0e9,61a8a51aabbb19fc,,,
spatial,scene_0029,both,auto,oracle,tokens,9,False,,200,False,False,,True,False,False,,False,,False,0.2286,akita_black_bowl_3,plate_2,,,plane,0.92,0.92,0195be60883fac6e,91931e1bf87cccd2,661b163edfdacef0,,,
spatial,scene_0029,both,human:aaron_test,oracle,tokens,0,False,,200,False,False,,True,True,True,akita_black_bowl_1,False,plate_1,False,0.0197,akita_black_bowl_1,plate_1,True,True,plane,0.92,0.92,0195be60883fac6e,404bd0f4cdfb0a32,ae9cd4639b82cdd5,,,
spatial,scene_0029,both,human:aaron_test,oracle,tokens,1,False,,200,False,False,,True,True,True,akita_black_bowl_1,False,plate_1,False,0.0201,akita_black_bowl_1,plate_1,True,True,plane,0.92,0.92,0195be60883fac6e,9b96b8eb877d2223,2f2109c35441b70e,,,
spatial,scene_0029,both,human:aaron_test,oracle,tokens,2,False,,200,False,False,,True,True,True,akita_black_bowl_1,False,plate_1,False,0.0217,akita_black_bowl_1,plate_1,True,True,plane,0.92,0.92,0195be60883fac6e,d99f4c2297aee89b,aa5be4737947af7f,,,
spatial,scene_0029,both,human:aaron_test,oracle,tokens,3,False,,200,False,False,,True,True,True,akita_black_bowl_1,False,plate_1,False,0.0225,akita_black_bowl_1,plate_1,True,True,plane,0.92,0.92,0195be60883fac6e,8bdd0838a18ace7c,f2ea2a457fefcbf8,,,
spatial,scene_0029,both,human:aaron_test,oracle,tokens,4,False,,200,False,False,,True,True,True,akita_black_bowl_1,False,plate_1,False,0.0226,akita_black_bowl_1,plate_1,True,True,plane,0.92,0.92,0195be60883fac6e,53d1fe83103deb91,b946b285bf6ad31c,,,
spatial,scene_0029,both,human:aaron_test,oracle,tokens,5,False,,200,False,False,,True,True,True,akita_black_bowl_1,False,plate_1,False,0.0223,akita_black_bowl_1,plate_1,True,True,plane,0.92,0.92,0195be60883fac6e,a55a1e09af94e0f6,669999389cc0eafe,,,
spatial,scene_0029,both,human:aaron_test,oracle,tokens,6,False,,200,False,False,,True,True,True,akita_black_bowl_1,False,plate_1,False,0.0208,akita_black_bowl_1,plate_1,True,True,plane,0.92,0.92,0195be60883fac6e,d66cf899a4fcad51,690c6cd561fa5a42,,,
spatial,scene_0029,both,human:aaron_test,oracle,tokens,7,False,,200,False,False,,True,True,True,akita_black_bowl_1,False,plate_1,False,0.023,akita_black_bowl_1,plate_1,True,True,plane,0.92,0.92,0195be60883fac6e,b3b0606abbe77208,60ce51692fbd2b27,,,
spatial,scene_0029,both,human:aaron_test,oracle,tokens,8,False,,200,False,False,,True,True,True,akita_black_bowl_1,False,plate_1,False,0.0224,akita_black_bowl_1,plate_1,True,True,plane,0.92,0.92,0195be60883fac6e,932f36ace21fac45,2fbd76fe81ec9549,,,
spatial,scene_0029,both,human:aaron_test,oracle,tokens,9,False,,200,False,False,,True,True,True,akita_black_bowl_1,False,plate_1,False,0.0229,akita_black_bowl_1,plate_1,True,True,plane,0.92,0.92,0195be60883fac6e,7ffcf108a9fc7cb8,36e4a44daf8ec923,,,
spatial,scene_0030,both,auto,oracle,tokens,0,False,,200,True,True,166,True,True,True,akita_black_bowl_2,True,plate_1,True,0.009,akita_black_bowl_2,plate_1,True,True,plane,0.92,0.92,04aa0581369cd708,62ee24c86e5caa30,c92510d25abcb232,,,
spatial,scene_0030,both,auto,oracle,tokens,1,False,,200,True,True,166,True,True,True,akita_black_bowl_2,True,plate_1,True,0.0089,akita_black_bowl_2,plate_1,True,True,plane,0.92,0.92,04aa0581369cd708,4114ac7b42abefe9,5b9ef9716dc2b272,,,
spatial,scene_0030,both,auto,oracle,tokens,2,False,,200,True,True,166,True,True,True,akita_black_bowl_2,True,plate_1,True,0.0089,akita_black_bowl_2,plate_1,True,True,plane,0.92,0.92,04aa0581369cd708,dbe9c1bc19c1de06,ab191e9458d54e8b,,,
spatial,scene_0030,both,auto,oracle,tokens,3,False,,200,True,True,166,True,True,True,akita_black_bowl_2,True,plate_1,True,0.0091,akita_black_bowl_2,plate_1,True,True,plane,0.92,0.92,04aa0581369cd708,fc4b4a81b638ccaa,9da25237eb362c3d,,,
spatial,scene_0030,both,auto,oracle,tokens,4,False,,200,True,True,166,True,True,True,akita_black_bowl_2,True,plate_1,True,0.009,akita_black_bowl_2,plate_1,True,True,plane,0.92,0.92,04aa0581369cd708,2bbaccc7fcb0f4bb,e3f584acbe808ec8,,,
spatial,scene_0030,both,auto,oracle,tokens,5,False,,200,True,True,166,True,True,True,akita_black_bowl_2,True,plate_1,True,0.0091,akita_black_bowl_2,plate_1,True,True,plane,0.92,0.92,04aa0581369cd708,46e81949782a0218,89c665d4e1ced5de,,,
spatial,scene_0030,both,auto,oracle,tokens,6,False,,200,True,True,166,True,True,True,akita_black_bowl_2,True,plate_1,True,0.0092,akita_black_bowl_2,plate_1,True,True,plane,0.92,0.92,04aa0581369cd708,5e84944b5ca1289a,2d6eb904d85f6b09,,,
spatial,scene_0030,both,auto,oracle,tokens,7,False,,200,True,True,166,True,True,True,akita_black_bowl_2,True,plate_1,True,0.009,akita_black_bowl_2,plate_1,True,True,plane,0.92,0.92,04aa0581369cd708,4f2dbc81e6fe8dd0,f17d1a6a8d5c58bb,,,
spatial,scene_0030,both,auto,oracle,tokens,8,False,,200,True,True,166,True,True,True,akita_black_bowl_2,True,plate_1,True,0.0094,akita_black_bowl_2,plate_1,True,True,plane,0.92,0.92,04aa0581369cd708,d1a2a9f2c3d12cf9,957367920c904fc7,,,
spatial,scene_0030,both,auto,oracle,tokens,9,False,,200,True,True,166,True,True,True,akita_black_bowl_2,True,plate_1,True,0.0093,akita_black_bowl_2,plate_1,True,True,plane,0.92,0.92,04aa0581369cd708,3690d786e752d67e,54ed0b500406a8d3,,,
spatial,scene_0030,both,human:aaron_test,oracle,tokens,0,False,,200,False,False,,True,True,True,akita_black_bowl_3,False,plate_2,False,0.0266,akita_black_bowl_3,plate_2,True,True,plane,0.92,0.92,04aa0581369cd708,e14ade7ab531a618,247acd0cc7235a6b,,,
spatial,scene_0030,both,human:aaron_test,oracle,tokens,1,False,,200,False,False,,True,True,True,akita_black_bowl_3,False,plate_2,False,0.0265,akita_black_bowl_3,plate_2,True,True,plane,0.92,0.92,04aa0581369cd708,fd140830f60b2356,4831a1eb8e65801c,,,
spatial,scene_0030,both,human:aaron_test,oracle,tokens,2,False,,200,False,False,,True,True,True,akita_black_bowl_3,False,plate_2,False,0.0265,akita_black_bowl_3,plate_2,True,True,plane,0.92,0.92,04aa0581369cd708,4cc6f67d40c39bc5,0ba0367a9c2c05cf,,,
spatial,scene_0030,both,human:aaron_test,oracle,tokens,3,False,,200,False,False,,True,True,True,akita_black_bowl_3,False,plate_2,False,0.0256,akita_black_bowl_3,plate_2,True,True,plane,0.92,0.92,04aa0581369cd708,f7b5eb41342ee176,2513fc41980b5772,,,
spatial,scene_0030,both,human:aaron_test,oracle,tokens,4,False,,200,False,False,,True,True,True,akita_black_bowl_3,False,plate_2,False,0.0264,akita_black_bowl_3,plate_2,True,True,plane,0.92,0.92,04aa0581369cd708,6e45a693b1639438,e93a8e81b68ec33d,,,
spatial,scene_0030,both,human:aaron_test,oracle,tokens,5,False,,200,False,False,,True,True,True,akita_black_bowl_3,False,plate_2,False,0.0264,akita_black_bowl_3,plate_2,True,True,plane,0.92,0.92,04aa0581369cd708,cbde82a0a53ec5a9,3e74a5c6ac3adbcf,,,
spatial,scene_0030,both,human:aaron_test,oracle,tokens,6,False,,200,False,False,,True,True,True,akita_black_bowl_3,False,plate_2,False,0.0264,akita_black_bowl_3,plate_2,True,True,plane,0.92,0.92,04aa0581369cd708,708b1df4d62690fe,33e45460f84e973d,,,
spatial,scene_0030,both,human:aaron_test,oracle,tokens,7,False,,200,False,False,,True,True,True,akita_black_bowl_3,False,plate_2,False,0.0262,akita_black_bowl_3,plate_2,True,True,plane,0.92,0.92,04aa0581369cd708,460491a03eb310a2,76870fbc8c5fcd1c,,,
spatial,scene_0030,both,human:aaron_test,oracle,tokens,8,False,,200,False,False,,True,True,True,akita_black_bowl_3,False,plate_2,False,0.0264,akita_black_bowl_3,plate_2,True,True,plane,0.92,0.92,04aa0581369cd708,27552e35fea0603c,b9e0c5ed05f2f035,,,
spatial,scene_0030,both,human:aaron_test,oracle,tokens,9,False,,200,False,False,,True,True,True,akita_black_bowl_3,False,plate_2,False,0.0265,akita_black_bowl_3,plate_2,True,True,plane,0.92,0.92,04aa0581369cd708,8da3224d0701fa1a,7da6e21a1707a9b2,,,
spatial,scene_0031,both,auto,oracle,tokens,0,False,,200,True,True,158,True,True,True,akita_black_bowl_1,True,plate_2,True,0.009,akita_black_bowl_1,plate_2,True,True,plane,0.92,0.92,8bc38b2af0044938,95863e97751be5b2,ae4003f30c4b9349,,,
spatial,scene_0031,both,auto,oracle,tokens,1,False,,200,True,True,158,True,True,True,akita_black_bowl_1,True,plate_2,True,0.0089,akita_black_bowl_1,plate_2,True,True,plane,0.92,0.92,8bc38b2af0044938,3812d6f318b0caf6,2a12df520d040deb,,,
spatial,scene_0031,both,auto,oracle,tokens,2,False,,200,True,True,157,True,True,True,akita_black_bowl_1,True,plate_2,True,0.009,akita_black_bowl_1,plate_2,True,True,plane,0.92,0.92,8bc38b2af0044938,addee87ce594998e,d95dc2c36eccd7d0,,,
spatial,scene_0031,both,auto,oracle,tokens,3,False,,200,True,True,157,True,True,True,akita_black_bowl_1,True,plate_2,True,0.0087,akita_black_bowl_1,plate_2,True,True,plane,0.92,0.92,8bc38b2af0044938,761fd2b3a81abb81,1f31169b51609cd0,,,
spatial,scene_0031,both,auto,oracle,tokens,4,False,,200,True,True,157,True,True,True,akita_black_bowl_1,True,plate_2,True,0.0087,akita_black_bowl_1,plate_2,True,True,plane,0.92,0.92,8bc38b2af0044938,d9a82be42e4ed25f,81714d7c81c17585,,,
spatial,scene_0031,both,auto,oracle,tokens,5,False,,200,True,True,157,True,True,True,akita_black_bowl_1,True,plate_2,True,0.0087,akita_black_bowl_1,plate_2,True,True,plane,0.92,0.92,8bc38b2af0044938,6f5a2c5b14ed2aaf,728e2acb731b31b9,,,
spatial,scene_0031,both,auto,oracle,tokens,6,False,,200,True,True,157,True,True,True,akita_black_bowl_1,True,plate_2,True,0.0086,akita_black_bowl_1,plate_2,True,True,plane,0.92,0.92,8bc38b2af0044938,c7cf7977a93c3706,d0179cc8ca778d4f,,,
spatial,scene_0031,both,auto,oracle,tokens,7,False,,200,True,True,157,True,True,True,akita_black_bowl_1,True,plate_2,True,0.0086,akita_black_bowl_1,plate_2,True,True,plane,0.92,0.92,8bc38b2af0044938,9045a24eb4405975,df61eef95bd632fb,,,
spatial,scene_0031,both,auto,oracle,tokens,8,False,,200,True,True,157,True,True,True,akita_black_bowl_1,True,plate_2,True,0.0089,akita_black_bowl_1,plate_2,True,True,plane,0.92,0.92,8bc38b2af0044938,512f6bdc8e7bb823,f30a692c45fdc437,,,
spatial,scene_0031,both,auto,oracle,tokens,9,False,,200,True,True,157,True,True,True,akita_black_bowl_1,True,plate_2,True,0.0085,akita_black_bowl_1,plate_2,True,True,plane,0.92,0.92,8bc38b2af0044938,4f6dd48606175a34,b0fa0ab4bb558d50,,,
spatial,scene_0031,both,human:aaron_test,oracle,tokens,0,False,,200,False,False,,True,True,True,akita_black_bowl_3,False,plate_2,True,0.0139,akita_black_bowl_3,plate_2,True,True,plane,0.92,0.92,8bc38b2af0044938,9a0651680b9fafca,85ec5cb3750993ea,,,
spatial,scene_0031,both,human:aaron_test,oracle,tokens,1,False,,200,False,False,,True,True,True,akita_black_bowl_3,False,plate_2,True,0.0139,akita_black_bowl_3,plate_2,True,True,plane,0.92,0.92,8bc38b2af0044938,f5d4c835d0d39b29,4c0999613ab31fd4,,,
spatial,scene_0031,both,human:aaron_test,oracle,tokens,2,False,,200,False,False,,True,True,True,akita_black_bowl_3,False,plate_2,True,0.0133,akita_black_bowl_3,plate_2,True,True,plane,0.92,0.92,8bc38b2af0044938,7d3f2515cc9ee8fd,2932212bd4599ba4,,,
spatial,scene_0031,both,human:aaron_test,oracle,tokens,3,False,,200,False,False,,True,True,True,akita_black_bowl_3,False,plate_2,True,0.013,akita_black_bowl_3,plate_2,True,True,plane,0.92,0.92,8bc38b2af0044938,fe104fb3271b8e50,00e15748c1be0ee7,,,
spatial,scene_0031,both,human:aaron_test,oracle,tokens,4,False,,200,False,False,,True,True,True,akita_black_bowl_3,False,plate_2,True,0.0139,akita_black_bowl_3,plate_2,True,True,plane,0.92,0.92,8bc38b2af0044938,039df97fc4184461,71a0bbe3041e3749,,,
spatial,scene_0031,both,human:aaron_test,oracle,tokens,5,False,,200,False,False,,True,True,True,akita_black_bowl_3,False,plate_2,True,0.014,akita_black_bowl_3,plate_2,True,True,plane,0.92,0.92,8bc38b2af0044938,54901d6949e46bf2,55544e6bf60ca8a7,,,
spatial,scene_0031,both,human:aaron_test,oracle,tokens,6,False,,200,False,False,,True,True,True,akita_black_bowl_3,False,plate_2,True,0.0118,akita_black_bowl_3,plate_2,True,True,plane,0.92,0.92,8bc38b2af0044938,8098cb49bf35c7ae,b1855c13bc2d7e10,,,
spatial,scene_0031,both,human:aaron_test,oracle,tokens,7,False,,200,False,False,,True,True,True,akita_black_bowl_3,False,plate_2,True,0.0125,akita_black_bowl_3,plate_2,True,True,plane,0.92,0.92,8bc38b2af0044938,2a607c4d3289a4ee,f5ba4340357da93e,,,
spatial,scene_0031,both,human:aaron_test,oracle,tokens,8,False,,200,False,False,,True,True,True,akita_black_bowl_3,False,plate_2,True,0.0128,akita_black_bowl_3,plate_2,True,True,plane,0.92,0.92,8bc38b2af0044938,de5719e6b6b67c7a,a60bb6659c676bc3,,,
spatial,scene_0031,both,human:aaron_test,oracle,tokens,9,False,,200,False,False,,True,True,True,akita_black_bowl_3,False,plate_2,True,0.0128,akita_black_bowl_3,plate_2,True,True,plane,0.92,0.92,8bc38b2af0044938,5c390ed4cca84e66,d9c56fb688324560,,,
object,scene_0000,control,auto,oracle,tokens,0,False,,200,False,False,,True,False,False,,False,,False,0.3036,milk_1,basket_1,,,plane,0.065,0.065,24568138ec1920e2,1262154696dd6541,1e044f397be9d749,,,
object,scene_0000,control,auto,oracle,tokens,1,False,,200,False,False,,True,False,False,,False,,False,0.3025,milk_1,basket_1,,,plane,0.065,0.065,24568138ec1920e2,a427ad88f8cadb50,5d1ec667de6b53c0,,,
object,scene_0000,control,auto,oracle,tokens,2,False,,200,False,False,,True,False,False,,False,,False,0.3026,milk_1,basket_1,,,plane,0.065,0.065,24568138ec1920e2,a98ec9c34271ad93,9c40e01e7076ba4f,,,
object,scene_0000,control,auto,oracle,tokens,3,False,,200,False,False,,True,False,False,,False,,False,0.3037,milk_1,basket_1,,,plane,0.065,0.065,24568138ec1920e2,8029024a49bbbd68,d94297f996dfa184,,,
object,scene_0000,control,auto,oracle,tokens,4,False,,200,False,False,,True,False,False,,False,,False,0.2973,milk_1,basket_1,,,plane,0.065,0.065,24568138ec1920e2,8282a80a10b0a570,417686a337a314d9,,,
object,scene_0000,control,auto,oracle,tokens,5,False,,200,False,False,,True,False,False,,False,,False,0.2985,milk_1,basket_1,,,plane,0.065,0.065,24568138ec1920e2,60362bcbfa249055,a2905c1de9890e12,,,
object,scene_0000,control,auto,oracle,tokens,6,False,,200,False,False,,True,False,False,,False,,False,0.3026,milk_1,basket_1,,,plane,0.065,0.065,24568138ec1920e2,4a799bffac2d18e9,9832463fd9c97c36,,,
object,scene_0000,control,auto,oracle,tokens,7,False,,200,False,False,,True,False,False,,False,,False,0.3008,milk_1,basket_1,,,plane,0.065,0.065,24568138ec1920e2,960b2c0e733417fd,49366ae68bf26136,,,
object,scene_0000,control,auto,oracle,tokens,8,False,,200,False,False,,True,False,False,,False,,False,0.3016,milk_1,basket_1,,,plane,0.065,0.065,24568138ec1920e2,b37a1dd7a83518fe,2ad071d9676b24da,,,
object,scene_0000,control,auto,oracle,tokens,9,False,,200,False,False,,True,False,False,,False,,False,0.2987,milk_1,basket_1,,,plane,0.065,0.065,24568138ec1920e2,edcdbfa4a2f7d132,44a929f0e6b4e68b,,,
object,scene_0000,control,human:aaron_test,oracle,tokens,0,False,,200,False,False,,True,True,True,milk_1,True,,False,0.1653,milk_1,basket_1,True,,plane,0.065,0.065,24568138ec1920e2,cbe03dd6b8013f58,a8cddccbf0a91875,,,
object,scene_0000,control,human:aaron_test,oracle,tokens,1,False,,200,False,False,,True,True,True,milk_1,True,,False,0.1725,milk_1,basket_1,True,,plane,0.065,0.065,24568138ec1920e2,3c83b008772c4b83,b140ef6c5c7c467c,,,
object,scene_0000,control,human:aaron_test,oracle,tokens,2,False,,200,False,False,,True,True,True,milk_1,True,,False,0.1724,milk_1,basket_1,True,,plane,0.065,0.065,24568138ec1920e2,75440edf1c9f8f92,2690620c8b536fbf,,,
object,scene_0000,control,human:aaron_test,oracle,tokens,3,False,,200,False,False,,True,True,True,milk_1,True,,False,0.1727,milk_1,basket_1,True,,plane,0.065,0.065,24568138ec1920e2,d1838206c1f0a71f,2a664defd8808883,,,
object,scene_0000,control,human:aaron_test,oracle,tokens,4,False,,200,False,False,,True,True,True,milk_1,True,,False,0.1729,milk_1,basket_1,True,,plane,0.065,0.065,24568138ec1920e2,a3a62f6f273181fb,be9652607adcffc0,,,
object,scene_0000,control,human:aaron_test,oracle,tokens,5,False,,200,False,False,,True,True,True,milk_1,True,,False,0.163,milk_1,basket_1,True,,plane,0.065,0.065,24568138ec1920e2,144052eb8d828f1d,333b80e44e1a154f,,,
object,scene_0000,control,human:aaron_test,oracle,tokens,6,False,,200,False,False,,True,True,True,milk_1,True,,False,0.166,milk_1,basket_1,True,,plane,0.065,0.065,24568138ec1920e2,0e613a5b5845b393,1b01d1b6b0b7191f,,,
object,scene_0000,control,human:aaron_test,oracle,tokens,7,False,,200,False,False,,True,True,True,milk_1,True,,False,0.1658,milk_1,basket_1,True,,plane,0.065,0.065,24568138ec1920e2,da78d1daa648ed9c,75c462e500712a1d,,,
object,scene_0000,control,human:aaron_test,oracle,tokens,8,False,,200,False,False,,True,True,True,milk_1,True,,False,0.1662,milk_1,basket_1,True,,plane,0.065,0.065,24568138ec1920e2,38ea43d4fe0b8288,74333587a94a0945,,,
object,scene_0000,control,human:aaron_test,oracle,tokens,9,False,,200,False,False,,True,True,True,milk_1,True,,False,0.167,milk_1,basket_1,True,,plane,0.065,0.065,24568138ec1920e2,30ce9075c1400e40,3a747d78abc24f56,,,
object,scene_0001,control,auto,oracle,tokens,0,False,,200,True,True,150,True,True,True,alphabet_soup_1,True,basket_1,True,0.0056,alphabet_soup_1,basket_1,True,True,plane,0.065,0.065,8e586fbea44211db,2e54c52d49f7996e,52a2f68260046161,,,
object,scene_0001,control,auto,oracle,tokens,1,False,,200,True,True,157,True,True,True,alphabet_soup_1,True,basket_1,True,0.0326,alphabet_soup_1,basket_1,True,True,plane,0.065,0.065,8e586fbea44211db,48ae1f9a98d46d6f,2b0793ef3992bab0,,,
object,scene_0001,control,auto,oracle,tokens,2,False,,200,True,True,150,True,True,True,alphabet_soup_1,True,basket_1,True,0.0164,alphabet_soup_1,basket_1,True,True,plane,0.065,0.065,8e586fbea44211db,1e2922d5b5fca656,50e6693416880faf,,,
object,scene_0001,control,auto,oracle,tokens,3,False,,200,True,True,150,True,True,True,alphabet_soup_1,True,basket_1,True,0.0116,alphabet_soup_1,basket_1,True,True,plane,0.065,0.065,8e586fbea44211db,0f050ea88c5ea764,b2c37fdc7607661d,,,
object,scene_0001,control,auto,oracle,tokens,4,False,,200,True,True,143,True,True,True,alphabet_soup_1,True,basket_1,True,0.0104,alphabet_soup_1,basket_1,True,True,plane,0.065,0.065,8e586fbea44211db,848d94a71f42d57d,6e20b31a935117e1,,,
object,scene_0001,control,auto,oracle,tokens,5,False,,200,True,True,164,True,True,True,alphabet_soup_1,True,basket_1,True,0.0367,alphabet_soup_1,basket_1,True,True,plane,0.065,0.065,8e586fbea44211db,9f9f7ee57b588aaa,6cd81fea304f7719,,,
object,scene_0001,control,auto,oracle,tokens,6,False,,200,True,True,147,True,True,True,alphabet_soup_1,True,basket_1,True,0.0201,alphabet_soup_1,basket_1,True,True,plane,0.065,0.065,8e586fbea44211db,34e3a4d4f702bf63,e59dd00bfd838e54,,,
object,scene_0001,control,auto,oracle,tokens,7,False,,200,True,True,158,True,True,True,alphabet_soup_1,True,basket_1,True,0.0233,alphabet_soup_1,basket_1,True,True,plane,0.065,0.065,8e586fbea44211db,6b931b5b2448571a,28f75fb05949fc42,,,
object,scene_0001,control,auto,oracle,tokens,8,False,,200,True,True,158,True,True,True,alphabet_soup_1,True,basket_1,True,0.0194,alphabet_soup_1,basket_1,True,True,plane,0.065,0.065,8e586fbea44211db,5d0846552c3adb87,b6a337482b3fd0d5,,,
object,scene_0001,control,auto,oracle,tokens,9,False,,200,True,True,150,True,True,True,alphabet_soup_1,True,basket_1,True,0.0088,alphabet_soup_1,basket_1,True,True,plane,0.065,0.065,8e586fbea44211db,966891e08948dbbe,7d13ce638439eb47,,,
object,scene_0001,control,human:aaron_test,oracle,tokens,0,False,,200,False,False,,True,False,False,,False,,False,0.415,alphabet_soup_1,basket_1,,,plane,0.065,0.065,8e586fbea44211db,2b9ed664b7be83fd,444c65367ff9ea13,,,
object,scene_0001,control,human:aaron_test,oracle,tokens,1,False,,200,False,False,,True,False,False,,False,,False,0.4254,alphabet_soup_1,basket_1,,,plane,0.065,0.065,8e586fbea44211db,34808dd503b3c8aa,f8a7c295b19e905f,,,
object,scene_0001,control,human:aaron_test,oracle,tokens,2,False,,200,False,False,,True,True,True,alphabet_soup_1,True,,False,0.4403,alphabet_soup_1,basket_1,True,,plane,0.065,0.065,8e586fbea44211db,29068e9bfc90c884,0f938601b1120d5d,,,
object,scene_0001,control,human:aaron_test,oracle,tokens,3,False,,200,False,False,,True,False,False,,False,,False,0.4155,alphabet_soup_1,basket_1,,,plane,0.065,0.065,8e586fbea44211db,be70d29643deeb9c,873392706527057e,,,
object,scene_0001,control,human:aaron_test,oracle,tokens,4,False,,200,False,False,,True,False,False,,False,,False,0.4191,alphabet_soup_1,basket_1,,,plane,0.065,0.065,8e586fbea44211db,1d1583d39382c44e,13c6d51656645eb3,,,
object,scene_0001,control,human:aaron_test,oracle,tokens,5,False,,200,False,False,,True,False,False,,False,,False,0.4133,alphabet_soup_1,basket_1,,,plane,0.065,0.065,8e586fbea44211db,a2fab1e4d89b4765,342ff29f73cf89b3,,,
object,scene_0001,control,human:aaron_test,oracle,tokens,6,False,,200,False,False,,True,False,False,,False,,False,0.4217,alphabet_soup_1,basket_1,,,plane,0.065,0.065,8e586fbea44211db,072dc30197ecfe82,be515f219a12427d,,,
object,scene_0001,control,human:aaron_test,oracle,tokens,7,False,,200,False,False,,True,True,True,alphabet_soup_1,True,,False,0.435,alphabet_soup_1,basket_1,True,,plane,0.065,0.065,8e586fbea44211db,710e310902cd9790,18b4d17584686f9e,,,
object,scene_0001,control,human:aaron_test,oracle,tokens,8,False,,200,False,False,,True,True,True,alphabet_soup_1,True,,False,0.4375,alphabet_soup_1,basket_1,True,,plane,0.065,0.065,8e586fbea44211db,e697c18a2d6a4e5e,3b0be7bd74a4e266,,,
object,scene_0001,control,human:aaron_test,oracle,tokens,9,False,,200,False,False,,True,False,False,,False,,False,0.4197,alphabet_soup_1,basket_1,,,plane,0.065,0.065,8e586fbea44211db,2b474ad705c7724b,2c8db5b0f253ed4e,,,
object,scene_0005,referential,auto,oracle,tokens,0,False,,200,False,False,,True,False,False,,False,,False,0.4392,bbq_sauce_1,basket_1,,,plane,0.065,0.065,c4c3d71f1749c5e0,48bbe540a3200e2c,e6a9c5aa06f7418e,,,
object,scene_0005,referential,auto,oracle,tokens,1,False,,200,False,False,,True,False,False,,False,,False,0.4393,bbq_sauce_1,basket_1,,,plane,0.065,0.065,c4c3d71f1749c5e0,34381c14380187fa,f5caf6ba2c487c69,,,
object,scene_0005,referential,auto,oracle,tokens,2,False,,200,False,False,,True,False,False,,False,,False,0.4393,bbq_sauce_1,basket_1,,,plane,0.065,0.065,c4c3d71f1749c5e0,d8cbb2a88b67e095,0deff26adfb2f452,,,
object,scene_0005,referential,auto,oracle,tokens,3,False,,200,False,False,,True,False,False,,False,,False,0.4393,bbq_sauce_1,basket_1,,,plane,0.065,0.065,c4c3d71f1749c5e0,11cad887c448b467,aa2b0800c702d5c6,,,
object,scene_0005,referential,auto,oracle,tokens,4,False,,200,False,False,,True,False,False,,False,,False,0.4393,bbq_sauce_1,basket_1,,,plane,0.065,0.065,c4c3d71f1749c5e0,ee5d12eb63207525,14b67fc49b1ef478,,,
object,scene_0005,referential,auto,oracle,tokens,5,False,,200,False,False,,True,False,False,,False,,False,0.4417,bbq_sauce_1,basket_1,,,plane,0.065,0.065,c4c3d71f1749c5e0,d00c8dd7d8032f35,73bc7c6b42a8460f,,,
object,scene_0005,referential,auto,oracle,tokens,6,False,,200,False,False,,True,False,False,,False,,False,0.4402,bbq_sauce_1,basket_1,,,plane,0.065,0.065,c4c3d71f1749c5e0,b1bfd1bad17738dd,d58a0e344812431d,,,
object,scene_0005,referential,auto,oracle,tokens,7,False,,200,False,False,,True,False,False,,False,,False,0.44,bbq_sauce_1,basket_1,,,plane,0.065,0.065,c4c3d71f1749c5e0,5a434f54c921ad23,72fba8af0fdadd02,,,
object,scene_0005,referential,auto,oracle,tokens,8,False,,200,False,False,,True,False,False,,False,,False,0.4399,bbq_sauce_1,basket_1,,,plane,0.065,0.065,c4c3d71f1749c5e0,8d1f0c4d89db60b3,8d23289813edf0a2,,,
object,scene_0005,referential,auto,oracle,tokens,9,False,,200,False,False,,True,False,False,,False,,False,0.4399,bbq_sauce_1,basket_1,,,plane,0.065,0.065,c4c3d71f1749c5e0,4758be74fad34b3b,ea0f4a76db122aea,,,
object,scene_0005,referential,human:aaron_test,oracle,tokens,0,False,,200,False,False,,True,True,True,bbq_sauce_1,True,,False,0.1602,bbq_sauce_1,basket_1,True,,plane,0.065,0.065,c4c3d71f1749c5e0,adc9682955ab3525,26d881c49dcf0ec6,,,
object,scene_0005,referential,human:aaron_test,oracle,tokens,1,False,,200,False,False,,True,True,True,bbq_sauce_1,True,,False,0.1606,bbq_sauce_1,basket_1,True,,plane,0.065,0.065,c4c3d71f1749c5e0,f7edb2b5e80ae09b,51ba419e1fe8d587,,,
object,scene_0005,referential,human:aaron_test,oracle,tokens,2,False,,200,False,False,,True,True,True,bbq_sauce_1,True,,False,0.1603,bbq_sauce_1,basket_1,True,,plane,0.065,0.065,c4c3d71f1749c5e0,54c002ead37df760,600c1e06e5a4a734,,,
object,scene_0005,referential,human:aaron_test,oracle,tokens,3,False,,200,False,False,,True,True,True,bbq_sauce_1,True,,False,0.1604,bbq_sauce_1,basket_1,True,,plane,0.065,0.065,c4c3d71f1749c5e0,d300dda127121cff,38ffedc64593529e,,,
object,scene_0005,referential,human:aaron_test,oracle,tokens,4,False,,200,False,False,,True,True,True,bbq_sauce_1,True,,False,0.1604,bbq_sauce_1,basket_1,True,,plane,0.065,0.065,c4c3d71f1749c5e0,2e9774abbb24fb3e,681fe7a873629f50,,,
object,scene_0005,referential,human:aaron_test,oracle,tokens,5,False,,200,False,False,,True,True,True,bbq_sauce_1,True,,False,0.1604,bbq_sauce_1,basket_1,True,,plane,0.065,0.065,c4c3d71f1749c5e0,d560047069e2e554,5bb938349755c95b,,,
object,scene_0005,referential,human:aaron_test,oracle,tokens,6,False,,200,False,False,,True,True,True,bbq_sauce_1,True,,False,0.1605,bbq_sauce_1,basket_1,True,,plane,0.065,0.065,c4c3d71f1749c5e0,cde2c82c9431ba7f,9c1d4a74f303c5d9,,,
object,scene_0005,referential,human:aaron_test,oracle,tokens,7,False,,200,False,False,,True,True,True,bbq_sauce_1,True,,False,0.1605,bbq_sauce_1,basket_1,True,,plane,0.065,0.065,c4c3d71f1749c5e0,0de11bad6bfda8ac,d03903fe805bd847,,,
object,scene_0005,referential,human:aaron_test,oracle,tokens,8,False,,200,False,False,,True,True,True,bbq_sauce_1,True,,False,0.1605,bbq_sauce_1,basket_1,True,,plane,0.065,0.065,c4c3d71f1749c5e0,09f481a791ff6450,b1e842b0d4903fa2,,,
object,scene_0005,referential,human:aaron_test,oracle,tokens,9,False,,200,False,False,,True,True,True,bbq_sauce_1,True,,False,0.1606,bbq_sauce_1,basket_1,True,,plane,0.065,0.065,c4c3d71f1749c5e0,12795398a2e73b3e,115717c1056a1800,,,
object,scene_0007,referential,auto,oracle,tokens,0,False,,200,False,False,,True,False,False,,False,,False,0.5179,chocolate_pudding_2,basket_1,,,plane,0.065,0.065,5bd81ad1651554de,46a5ee6d92d5e34e,b63c46a76178c9b5,,,
object,scene_0007,referential,auto,oracle,tokens,1,False,,200,False,False,,True,False,False,,False,,False,0.5179,chocolate_pudding_2,basket_1,,,plane,0.065,0.065,5bd81ad1651554de,b4176e9e68ba9676,8dcd5a8dbb3df1d7,,,
object,scene_0007,referential,auto,oracle,tokens,2,False,,200,False,False,,True,False,False,,False,,False,0.5179,chocolate_pudding_2,basket_1,,,plane,0.065,0.065,5bd81ad1651554de,5a8ee066d42d8e1c,ae99c307b0df43ab,,,
object,scene_0007,referential,auto,oracle,tokens,3,False,,200,False,False,,True,False,False,,False,,False,0.5179,chocolate_pudding_2,basket_1,,,plane,0.065,0.065,5bd81ad1651554de,ea7b156f5fb5fef6,134ed2ffb6d09b0d,,,
object,scene_0007,referential,auto,oracle,tokens,4,False,,200,False,False,,True,False,False,,False,,False,0.5179,chocolate_pudding_2,basket_1,,,plane,0.065,0.065,5bd81ad1651554de,cb6c4f9a11b08789,ad7337d41b035fdf,,,
object,scene_0007,referential,auto,oracle,tokens,5,False,,200,False,False,,True,False,False,,False,,False,0.5179,chocolate_pudding_2,basket_1,,,plane,0.065,0.065,5bd81ad1651554de,bb545cfb207b7af1,25bed32e43d9d7f7,,,
object,scene_0007,referential,auto,oracle,tokens,6,False,,200,False,False,,True,False,False,,False,,False,0.5179,chocolate_pudding_2,basket_1,,,plane,0.065,0.065,5bd81ad1651554de,17cb7f1b02414c99,79f6920a7848ce36,,,
object,scene_0007,referential,auto,oracle,tokens,7,False,,200,False,False,,True,False,False,,False,,False,0.5179,chocolate_pudding_2,basket_1,,,plane,0.065,0.065,5bd81ad1651554de,4dee21b0b05d0f2f,ab33cc7fd009210e,,,
object,scene_0007,referential,auto,oracle,tokens,8,False,,200,False,False,,True,False,False,,False,,False,0.5179,chocolate_pudding_2,basket_1,,,plane,0.065,0.065,5bd81ad1651554de,6e804780a4977d81,4aa20222657975c9,,,
object,scene_0007,referential,auto,oracle,tokens,9,False,,200,False,False,,True,False,False,,False,,False,0.5179,chocolate_pudding_2,basket_1,,,plane,0.065,0.065,5bd81ad1651554de,df15100e5b6e5c77,94c8481dcbcc6997,,,
object,scene_0007,referential,human:aaron_test,oracle,tokens,0,False,,200,False,False,,True,False,False,,False,,False,0.5179,chocolate_pudding_2,basket_1,,,plane,0.065,0.065,5bd81ad1651554de,86e1c7c889322455,84e0b31f8b042e24,,,
object,scene_0007,referential,human:aaron_test,oracle,tokens,1,False,,200,False,False,,True,False,False,,False,,False,0.5179,chocolate_pudding_2,basket_1,,,plane,0.065,0.065,5bd81ad1651554de,d2f0802afd2c3ce4,f0e9ef528ed759d2,,,
object,scene_0007,referential,human:aaron_test,oracle,tokens,2,False,,200,False,False,,True,False,False,,False,,False,0.5179,chocolate_pudding_2,basket_1,,,plane,0.065,0.065,5bd81ad1651554de,9b1c8f8042fdf5e2,03dec11e8b031b05,,,
object,scene_0007,referential,human:aaron_test,oracle,tokens,3,False,,200,False,False,,True,False,False,,False,,False,0.5179,chocolate_pudding_2,basket_1,,,plane,0.065,0.065,5bd81ad1651554de,24c40bfe9af2d329,1f98d3bd5ca99249,,,
object,scene_0007,referential,human:aaron_test,oracle,tokens,4,False,,200,False,False,,True,False,False,,False,,False,0.5179,chocolate_pudding_2,basket_1,,,plane,0.065,0.065,5bd81ad1651554de,af8c44a0aeff49a2,f15eb0defed9cde6,,,
object,scene_0007,referential,human:aaron_test,oracle,tokens,5,False,,200,False,False,,True,False,False,,False,,False,0.5179,chocolate_pudding_2,basket_1,,,plane,0.065,0.065,5bd81ad1651554de,3f96f243df7b9ba0,39699f22ee2f5d90,,,
object,scene_0007,referential,human:aaron_test,oracle,tokens,6,False,,200,False,False,,True,False,False,,False,,False,0.5179,chocolate_pudding_2,basket_1,,,plane,0.065,0.065,5bd81ad1651554de,6acfe5921e9e4ed3,225171da44c40179,,,
object,scene_0007,referential,human:aaron_test,oracle,tokens,7,False,,200,False,False,,True,False,False,,False,,False,0.5179,chocolate_pudding_2,basket_1,,,plane,0.065,0.065,5bd81ad1651554de,8aaec2cfa4b58381,e7cf7d02acdf0d73,,,
object,scene_0007,referential,human:aaron_test,oracle,tokens,8,False,,200,False,False,,True,False,False,,False,,False,0.5179,chocolate_pudding_2,basket_1,,,plane,0.065,0.065,5bd81ad1651554de,62f29b414772c097,458cba5fb8787a75,,,
object,scene_0007,referential,human:aaron_test,oracle,tokens,9,False,,200,False,False,,True,False,False,,False,,False,0.5179,chocolate_pudding_2,basket_1,,,plane,0.065,0.065,5bd81ad1651554de,28e50376a15e57d2,0264426a21de0edc,,,
object,scene_0011,referential,auto,oracle,tokens,0,False,,200,False,False,,True,False,False,,False,,False,0.4614,butter_1,basket_1,,,plane,0.065,0.065,7460414c554dc100,5cba2d2b285756fd,bc8797a99bd45db0,,,
object,scene_0011,referential,auto,oracle,tokens,1,False,,200,False,False,,True,False,False,,False,,False,0.4614,butter_1,basket_1,,,plane,0.065,0.065,7460414c554dc100,104a6c1529b141d7,def6582965424c4e,,,
object,scene_0011,referential,auto,oracle,tokens,2,False,,200,False,False,,True,False,False,,False,,False,0.4614,butter_1,basket_1,,,plane,0.065,0.065,7460414c554dc100,4421544de6ce33e0,8c18fd83840b4da1,,,
object,scene_0011,referential,auto,oracle,tokens,3,False,,200,False,False,,True,False,False,,False,,False,0.4614,butter_1,basket_1,,,plane,0.065,0.065,7460414c554dc100,6ffe074c3c8afa17,8f9d4911c980f11c,,,
object,scene_0011,referential,auto,oracle,tokens,4,False,,200,False,False,,True,False,False,,False,,False,0.4614,butter_1,basket_1,,,plane,0.065,0.065,7460414c554dc100,cedb19efda99d375,221bf3eaa7b3277b,,,
object,scene_0011,referential,auto,oracle,tokens,5,False,,200,False,False,,True,False,False,,False,,False,0.4614,butter_1,basket_1,,,plane,0.065,0.065,7460414c554dc100,66030a86047cb9f4,9336696e2a561ccb,,,
object,scene_0011,referential,auto,oracle,tokens,6,False,,200,False,False,,True,False,False,,False,,False,0.4614,butter_1,basket_1,,,plane,0.065,0.065,7460414c554dc100,34645983526161b3,0fde34e524f8a13c,,,
object,scene_0011,referential,auto,oracle,tokens,7,False,,200,False,False,,True,False,False,,False,,False,0.4614,butter_1,basket_1,,,plane,0.065,0.065,7460414c554dc100,2cbda488d2654e59,9f2a7ac492525c59,,,
object,scene_0011,referential,auto,oracle,tokens,8,False,,200,False,False,,True,False,False,,False,,False,0.4614,butter_1,basket_1,,,plane,0.065,0.065,7460414c554dc100,e56d5ba7e5b84e1e,4d451091a7b678f1,,,
object,scene_0011,referential,auto,oracle,tokens,9,False,,200,False,False,,True,False,False,,False,,False,0.4614,butter_1,basket_1,,,plane,0.065,0.065,7460414c554dc100,ccbb0e427e49676e,1fb9514fd4c7e2b4,,,
object,scene_0011,referential,human:aaron_test,oracle,tokens,0,False,,200,False,False,,True,False,False,,False,,False,0.4614,butter_1,basket_1,,,plane,0.065,0.065,7460414c554dc100,cebff8e3be486d98,af03a6d981ca1f6a,,,
object,scene_0011,referential,human:aaron_test,oracle,tokens,1,False,,200,False,False,,True,False,False,,False,,False,0.4614,butter_1,basket_1,,,plane,0.065,0.065,7460414c554dc100,fcc4e7512ec91a7d,8dc00b7ec4b52f40,,,
object,scene_0011,referential,human:aaron_test,oracle,tokens,2,False,,200,False,False,,True,False,False,,False,,False,0.4614,butter_1,basket_1,,,plane,0.065,0.065,7460414c554dc100,4bc1c781deff11c1,949ab0a1e4bc4e84,,,
object,scene_0011,referential,human:aaron_test,oracle,tokens,3,False,,200,False,False,,True,False,False,,False,,False,0.4614,butter_1,basket_1,,,plane,0.065,0.065,7460414c554dc100,a2e48edcee3eddb7,477c367f880d6bea,,,
object,scene_0011,referential,human:aaron_test,oracle,tokens,4,False,,200,False,False,,True,False,False,,False,,False,0.4614,butter_1,basket_1,,,plane,0.065,0.065,7460414c554dc100,14ec3ae7d25fe247,5f2c277a4ecf641c,,,
object,scene_0011,referential,human:aaron_test,oracle,tokens,5,False,,200,False,False,,True,False,False,,False,,False,0.4614,butter_1,basket_1,,,plane,0.065,0.065,7460414c554dc100,e372a71015ce1f22,c8389b1e27751c48,,,
object,scene_0011,referential,human:aaron_test,oracle,tokens,6,False,,200,False,False,,True,False,False,,False,,False,0.4614,butter_1,basket_1,,,plane,0.065,0.065,7460414c554dc100,df4b15b06d6dc777,e722899c207d2eb5,,,
object,scene_0011,referential,human:aaron_test,oracle,tokens,7,False,,200,False,False,,True,False,False,,False,,False,0.4614,butter_1,basket_1,,,plane,0.065,0.065,7460414c554dc100,d6cba3151942b9e2,b7ffe85fff6b6548,,,
object,scene_0011,referential,human:aaron_test,oracle,tokens,8,False,,200,False,False,,True,False,False,,False,,False,0.4614,butter_1,basket_1,,,plane,0.065,0.065,7460414c554dc100,dbee6fd74a5b7a4e,30d726624c840647,,,
object,scene_0011,referential,human:aaron_test,oracle,tokens,9,False,,200,False,False,,True,False,False,,False,,False,0.4614,butter_1,basket_1,,,plane,0.065,0.065,7460414c554dc100,164f24cd111b3eb1,b045ec2cbcf35228,,,
object,scene_0013,referential,auto,oracle,tokens,0,False,,200,False,False,,True,False,False,,False,,False,0.234,tomato_sauce_2,basket_1,,,plane,0.065,0.065,ddf335b4891b38ce,e162dd2ce939b852,d46458f5e65603ab,,,
object,scene_0013,referential,auto,oracle,tokens,1,False,,200,False,False,,True,False,False,,False,,False,0.234,tomato_sauce_2,basket_1,,,plane,0.065,0.065,ddf335b4891b38ce,331cb356d7042da1,e019babeae45e6ed,,,
object,scene_0013,referential,auto,oracle,tokens,2,False,,200,False,False,,True,False,False,,False,,False,0.234,tomato_sauce_2,basket_1,,,plane,0.065,0.065,ddf335b4891b38ce,493354f9ff84d4c7,634d4c6e3b580e27,,,
object,scene_0013,referential,auto,oracle,tokens,3,False,,200,False,False,,True,False,False,,False,,False,0.234,tomato_sauce_2,basket_1,,,plane,0.065,0.065,ddf335b4891b38ce,fbcc014a0ad945ca,2e8deb92966c6dd6,,,
object,scene_0013,referential,auto,oracle,tokens,4,False,,200,False,False,,True,False,False,,False,,False,0.234,tomato_sauce_2,basket_1,,,plane,0.065,0.065,ddf335b4891b38ce,6c0bc080404ada2e,6d05f3137c53b835,,,
object,scene_0013,referential,auto,oracle,tokens,5,False,,200,False,False,,True,False,False,,False,,False,0.234,tomato_sauce_2,basket_1,,,plane,0.065,0.065,ddf335b4891b38ce,310dce1f43ba4b88,4d33873c5052a289,,,
object,scene_0013,referential,auto,oracle,tokens,6,False,,200,False,False,,True,False,False,,False,,False,0.234,tomato_sauce_2,basket_1,,,plane,0.065,0.065,ddf335b4891b38ce,e68728ff42d7beec,8a5e10c816ee17d2,,,
object,scene_0013,referential,auto,oracle,tokens,7,False,,200,False,False,,True,False,False,,False,,False,0.234,tomato_sauce_2,basket_1,,,plane,0.065,0.065,ddf335b4891b38ce,2fc7f6251da3bfd3,ff8f313a4c43c4c2,,,
object,scene_0013,referential,auto,oracle,tokens,8,False,,200,False,False,,True,False,False,,False,,False,0.234,tomato_sauce_2,basket_1,,,plane,0.065,0.065,ddf335b4891b38ce,1d97b4a8fa6f327a,87e43b470d162de3,,,
object,scene_0013,referential,auto,oracle,tokens,9,False,,200,False,False,,True,False,False,,False,,False,0.234,tomato_sauce_2,basket_1,,,plane,0.065,0.065,ddf335b4891b38ce,eff5fdbcd0dbd4dd,10a3c4c04d2770c6,,,
object,scene_0013,referential,human:aaron_test,oracle,tokens,0,False,,200,False,False,,True,False,False,,False,,False,0.234,tomato_sauce_1,basket_1,,,plane,0.065,0.065,ddf335b4891b38ce,51d7ef60f41eef18,029d9bf85409cc35,,,
object,scene_0013,referential,human:aaron_test,oracle,tokens,1,False,,200,False,False,,True,False,False,,False,,False,0.234,tomato_sauce_1,basket_1,,,plane,0.065,0.065,ddf335b4891b38ce,852e87538694cb5d,edd3a6a9e817624a,,,
object,scene_0013,referential,human:aaron_test,oracle,tokens,2,False,,200,False,False,,True,False,False,,False,,False,0.234,tomato_sauce_1,basket_1,,,plane,0.065,0.065,ddf335b4891b38ce,66e3dfa6626f0496,9f07bc3d74fc083f,,,
object,scene_0013,referential,human:aaron_test,oracle,tokens,3,False,,200,False,False,,True,False,False,,False,,False,0.234,tomato_sauce_1,basket_1,,,plane,0.065,0.065,ddf335b4891b38ce,413efa35dfc1b884,1ea213890426d0d4,,,
object,scene_0013,referential,human:aaron_test,oracle,tokens,4,False,,200,False,False,,True,False,False,,False,,False,0.234,tomato_sauce_1,basket_1,,,plane,0.065,0.065,ddf335b4891b38ce,5e7c6f31400873e4,c3f6b2498c98f7b2,,,
object,scene_0013,referential,human:aaron_test,oracle,tokens,5,False,,200,False,False,,True,False,False,,False,,False,0.234,tomato_sauce_1,basket_1,,,plane,0.065,0.065,ddf335b4891b38ce,2853356113999ba9,0deb59dbbfeb5a7b,,,
object,scene_0013,referential,human:aaron_test,oracle,tokens,6,False,,200,False,False,,True,False,False,,False,,False,0.234,tomato_sauce_1,basket_1,,,plane,0.065,0.065,ddf335b4891b38ce,0025e72b907fca22,b717162d6e77b287,,,
object,scene_0013,referential,human:aaron_test,oracle,tokens,7,False,,200,False,False,,True,False,False,,False,,False,0.234,tomato_sauce_1,basket_1,,,plane,0.065,0.065,ddf335b4891b38ce,8042f51cc5c348dc,7dd15f03f29d91fb,,,
object,scene_0013,referential,human:aaron_test,oracle,tokens,8,False,,200,False,False,,True,False,False,,False,,False,0.234,tomato_sauce_1,basket_1,,,plane,0.065,0.065,ddf335b4891b38ce,91964f1b1003c471,fe2d5f3c474d8c76,,,
object,scene_0013,referential,human:aaron_test,oracle,tokens,9,False,,200,False,False,,True,False,False,,False,,False,0.234,tomato_sauce_1,basket_1,,,plane,0.065,0.065,ddf335b4891b38ce,8fca3393302b88e3,b5ce022fd7bfa009,,,
object,scene_0023,directional,auto,oracle,tokens,0,False,,200,False,False,,True,False,False,,False,,False,0.1991,orange_juice_1,basket_1,,,plane,0.065,0.065,d96da7f208aa257c,adff8f4a2e5f36d1,5b0829b03cc33f82,,,
object,scene_0023,directional,auto,oracle,tokens,1,False,,200,False,False,,True,False,False,,False,,False,0.1991,orange_juice_1,basket_1,,,plane,0.065,0.065,d96da7f208aa257c,52e9602bd7b5c443,16035fb16f23250a,,,
object,scene_0023,directional,auto,oracle,tokens,2,False,,200,False,False,,True,False,False,,False,,False,0.1991,orange_juice_1,basket_1,,,plane,0.065,0.065,d96da7f208aa257c,74419e76ff12e018,96eba5b69da5255e,,,
object,scene_0023,directional,auto,oracle,tokens,3,False,,200,False,False,,True,False,False,,False,,False,0.1991,orange_juice_1,basket_1,,,plane,0.065,0.065,d96da7f208aa257c,708bbe268223d3ee,9fc06a012455d14f,,,
object,scene_0023,directional,auto,oracle,tokens,4,False,,200,False,False,,True,False,False,,False,,False,0.1991,orange_juice_1,basket_1,,,plane,0.065,0.065,d96da7f208aa257c,731d7bcf59813210,ac9ec85dccadda3f,,,
object,scene_0023,directional,auto,oracle,tokens,5,False,,200,False,False,,True,False,False,,False,,False,0.1991,orange_juice_1,basket_1,,,plane,0.065,0.065,d96da7f208aa257c,53bd6899b8d6d1ed,fd618d258915078a,,,
object,scene_0023,directional,auto,oracle,tokens,6,False,,200,False,False,,True,False,False,,False,,False,0.1991,orange_juice_1,basket_1,,,plane,0.065,0.065,d96da7f208aa257c,1393e70b9cad3adf,a4567886c705f635,,,
object,scene_0023,directional,auto,oracle,tokens,7,False,,200,False,False,,True,False,False,,False,,False,0.1991,orange_juice_1,basket_1,,,plane,0.065,0.065,d96da7f208aa257c,9aff3df9aab31d36,5113bdec9a3575b8,,,
object,scene_0023,directional,auto,oracle,tokens,8,False,,200,False,False,,True,False,False,,False,,False,0.1991,orange_juice_1,basket_1,,,plane,0.065,0.065,d96da7f208aa257c,ef428f23337d675f,1167372b3c086de3,,,
object,scene_0023,directional,auto,oracle,tokens,9,False,,200,False,False,,True,False,False,,False,,False,0.1991,orange_juice_1,basket_1,,,plane,0.065,0.065,d96da7f208aa257c,3b838d220196301f,908dcbc56d60fc86,,,
object,scene_0023,directional,human:aaron_test,oracle,tokens,0,False,,200,False,False,,True,True,True,orange_juice_1,True,,False,0.1822,orange_juice_1,basket_3,True,,plane,0.065,0.065,d96da7f208aa257c,908fb20f65fcb6f2,165fc9fad1af6768,,,
object,scene_0023,directional,human:aaron_test,oracle,tokens,1,False,,200,False,False,,True,True,True,orange_juice_1,True,,False,0.1838,orange_juice_1,basket_3,True,,plane,0.065,0.065,d96da7f208aa257c,75de9bf717feb251,29e990623f8c387f,,,
object,scene_0023,directional,human:aaron_test,oracle,tokens,2,False,,200,False,False,,True,True,True,orange_juice_1,True,,False,0.1828,orange_juice_1,basket_3,True,,plane,0.065,0.065,d96da7f208aa257c,55fecca8e503b793,aead940d16febcfc,,,
object,scene_0023,directional,human:aaron_test,oracle,tokens,3,False,,200,False,False,,True,True,True,orange_juice_1,True,,False,0.1819,orange_juice_1,basket_3,True,,plane,0.065,0.065,d96da7f208aa257c,f30395d6a2460b4f,6e31fd9ea60a0cd0,,,
object,scene_0023,directional,human:aaron_test,oracle,tokens,4,False,,200,False,False,,True,True,True,orange_juice_1,True,,False,0.1858,orange_juice_1,basket_3,True,,plane,0.065,0.065,d96da7f208aa257c,fc9a5e1f8aadae96,9c05a75e18c313a8,,,
object,scene_0023,directional,human:aaron_test,oracle,tokens,5,False,,200,False,False,,True,True,True,orange_juice_1,True,,False,0.1006,orange_juice_1,basket_3,True,,plane,0.065,0.065,d96da7f208aa257c,4eb55a6f3262b39c,1a1b8aa5e0775768,,,
object,scene_0023,directional,human:aaron_test,oracle,tokens,6,False,,200,False,False,,True,True,True,orange_juice_1,True,,False,0.108,orange_juice_1,basket_3,True,,plane,0.065,0.065,d96da7f208aa257c,f8ef0a1f01aa6c42,5d00da6a8ac4b811,,,
object,scene_0023,directional,human:aaron_test,oracle,tokens,7,False,,200,False,False,,True,True,True,orange_juice_1,True,,False,0.193,orange_juice_1,basket_3,True,,plane,0.065,0.065,d96da7f208aa257c,81bb37d3d9f0f1be,ce632c2d52e4b214,,,
object,scene_0023,directional,human:aaron_test,oracle,tokens,8,False,,200,False,False,,True,True,True,orange_juice_1,True,,False,0.109,orange_juice_1,basket_3,True,,plane,0.065,0.065,d96da7f208aa257c,1389bcee681ab046,ae5d8c0e7d1ef6aa,,,
object,scene_0023,directional,human:aaron_test,oracle,tokens,9,False,,200,False,False,,True,True,True,orange_juice_1,True,,False,0.1099,orange_juice_1,basket_3,True,,plane,0.065,0.065,d96da7f208aa257c,50ab3aa5eea56930,7f1000c19e37e0a8,,,
object,scene_0024,directional,auto,oracle,tokens,0,False,,200,False,False,,True,True,True,ketchup_1,True,,False,0.1616,ketchup_1,basket_1,True,,plane,0.065,0.065,a1e26648ca9788d4,841388718e3d2fea,1f0581865e1fef48,,,
object,scene_0024,directional,auto,oracle,tokens,1,False,,200,False,False,,True,True,True,ketchup_1,True,,False,0.1292,ketchup_1,basket_1,True,,plane,0.065,0.065,a1e26648ca9788d4,923ebac12092e2c6,79d6080ba6d4d69b,,,
object,scene_0024,directional,auto,oracle,tokens,2,False,,200,False,False,,True,True,True,ketchup_1,True,,False,0.1346,ketchup_1,basket_1,True,,plane,0.065,0.065,a1e26648ca9788d4,0c010a2095153f67,6f1e29097dcd37d7,,,
object,scene_0024,directional,auto,oracle,tokens,3,False,,200,False,False,,True,True,True,ketchup_1,True,,False,0.1604,ketchup_1,basket_1,True,,plane,0.065,0.065,a1e26648ca9788d4,db866ada3b43477e,cd3d8955553ec13c,,,
object,scene_0024,directional,auto,oracle,tokens,4,False,,200,False,False,,True,True,True,ketchup_1,True,,False,0.0944,ketchup_1,basket_1,True,,plane,0.065,0.065,a1e26648ca9788d4,27bef3a1f04be953,7a88e3eedbbd9d0b,,,
object,scene_0024,directional,auto,oracle,tokens,5,False,,200,False,False,,True,True,True,ketchup_1,True,,False,0.1567,ketchup_1,basket_1,True,,plane,0.065,0.065,a1e26648ca9788d4,ee63501b8ee936f8,b5e241ec28a97037,,,
object,scene_0024,directional,auto,oracle,tokens,6,False,,200,False,False,,True,True,True,ketchup_1,True,,False,0.1201,ketchup_1,basket_1,True,,plane,0.065,0.065,a1e26648ca9788d4,888f50793719bc2f,29d3f9af1640d555,,,
object,scene_0024,directional,auto,oracle,tokens,7,False,,200,False,False,,True,True,True,ketchup_1,True,,False,0.1384,ketchup_1,basket_1,True,,plane,0.065,0.065,a1e26648ca9788d4,0e936c2eea3ebb03,5996a99495c645bf,,,
object,scene_0024,directional,auto,oracle,tokens,8,False,,200,False,False,,True,True,True,ketchup_1,True,,False,0.1461,ketchup_1,basket_1,True,,plane,0.065,0.065,a1e26648ca9788d4,175db660373785cb,6c3c8aea8b6a70f8,,,
object,scene_0024,directional,auto,oracle,tokens,9,False,,200,False,False,,True,True,True,ketchup_1,True,,False,0.1222,ketchup_1,basket_1,True,,plane,0.065,0.065,a1e26648ca9788d4,080cb5ad643c7888,8393d51ed21b9c42,,,
object,scene_0024,directional,human:aaron_test,oracle,tokens,0,False,,200,False,False,,True,True,True,ketchup_1,True,,False,0.0932,ketchup_1,basket_3,True,,plane,0.065,0.065,a1e26648ca9788d4,f369d590a468db78,3cec371640c46ce1,,,
object,scene_0024,directional,human:aaron_test,oracle,tokens,1,False,,200,False,False,,True,True,True,ketchup_1,True,,False,0.1584,ketchup_1,basket_3,True,,plane,0.065,0.065,a1e26648ca9788d4,215c7922f8f8949c,cccbcdf27a005445,,,
object,scene_0024,directional,human:aaron_test,oracle,tokens,2,False,,200,False,False,,True,True,True,ketchup_1,True,,False,0.0846,ketchup_1,basket_3,True,,plane,0.065,0.065,a1e26648ca9788d4,1e47e567f0ce4af8,63c7b5d179d14218,,,
object,scene_0024,directional,human:aaron_test,oracle,tokens,3,False,,200,False,False,,True,True,True,ketchup_1,True,,False,0.0847,ketchup_1,basket_3,True,,plane,0.065,0.065,a1e26648ca9788d4,d729eb842f164e59,e5f59e038485aea1,,,
object,scene_0024,directional,human:aaron_test,oracle,tokens,4,False,,200,False,False,,True,True,True,ketchup_1,True,,False,0.093,ketchup_1,basket_3,True,,plane,0.065,0.065,a1e26648ca9788d4,30adb89da3889c68,db2d2594057c8dfe,,,
object,scene_0024,directional,human:aaron_test,oracle,tokens,5,False,,200,False,False,,True,True,True,ketchup_1,True,basket_3,False,0.0707,ketchup_1,basket_3,True,True,plane,0.065,0.065,a1e26648ca9788d4,3c840cdc4f2d183e,0e449cff84cf0a95,,,
object,scene_0024,directional,human:aaron_test,oracle,tokens,6,False,,200,False,False,,True,True,True,ketchup_1,True,basket_3,False,0.0694,ketchup_1,basket_3,True,True,plane,0.065,0.065,a1e26648ca9788d4,a16a472f84c278d9,e8270324276a5717,,,
object,scene_0024,directional,human:aaron_test,oracle,tokens,7,False,,200,False,False,,True,True,True,ketchup_1,True,,False,0.0964,ketchup_1,basket_3,True,,plane,0.065,0.065,a1e26648ca9788d4,41fa85a06d2db19f,1f4a7880e05db157,,,
object,scene_0024,directional,human:aaron_test,oracle,tokens,8,False,,200,False,False,,True,True,True,ketchup_1,True,basket_3,False,0.066,ketchup_1,basket_3,True,True,plane,0.065,0.065,a1e26648ca9788d4,ed8f4d025742d015,63442fa755b4bae6,,,
object,scene_0024,directional,human:aaron_test,oracle,tokens,9,False,,200,False,False,,True,True,True,ketchup_1,True,,False,0.156,ketchup_1,basket_3,True,,plane,0.065,0.065,a1e26648ca9788d4,805cde7c08ab833e,eab5eeef10fbe92f,,,
object,scene_0025,directional,auto,oracle,tokens,0,False,,200,False,False,,True,False,False,,False,,False,0.2556,bbq_sauce_1,basket_1,,,plane,0.065,0.065,6361d032e466c1f8,b0a6fd33ef5f776d,5f8d6757d943d107,,,
object,scene_0025,directional,auto,oracle,tokens,1,False,,200,False,False,,True,False,False,,False,,False,0.2556,bbq_sauce_1,basket_1,,,plane,0.065,0.065,6361d032e466c1f8,fb374abcaf356af3,887627aed22edf9b,,,
object,scene_0025,directional,auto,oracle,tokens,2,False,,200,False,False,,True,False,False,,False,,False,0.2556,bbq_sauce_1,basket_1,,,plane,0.065,0.065,6361d032e466c1f8,0507192960a30c39,b3c2df98a4f25502,,,
object,scene_0025,directional,auto,oracle,tokens,3,False,,200,False,False,,True,False,False,,False,,False,0.2556,bbq_sauce_1,basket_1,,,plane,0.065,0.065,6361d032e466c1f8,0ee7bd58bc8a40ce,ea110aebb28df1d1,,,
object,scene_0025,directional,auto,oracle,tokens,4,False,,200,False,False,,True,False,False,,False,,False,0.2556,bbq_sauce_1,basket_1,,,plane,0.065,0.065,6361d032e466c1f8,2ca8d2fd6b2ab9b7,ae879b7d0d1b3628,,,
object,scene_0025,directional,auto,oracle,tokens,5,False,,200,False,False,,True,False,False,,False,,False,0.2556,bbq_sauce_1,basket_1,,,plane,0.065,0.065,6361d032e466c1f8,eff0d4f10038ff86,c15dc92a2f164314,,,
object,scene_0025,directional,auto,oracle,tokens,6,False,,200,False,False,,True,False,False,,False,,False,0.2556,bbq_sauce_1,basket_1,,,plane,0.065,0.065,6361d032e466c1f8,ea142f59a4ff7006,e3cea2286c68aa71,,,
object,scene_0025,directional,auto,oracle,tokens,7,False,,200,False,False,,True,False,False,,False,,False,0.2556,bbq_sauce_1,basket_1,,,plane,0.065,0.065,6361d032e466c1f8,3c434ec3dad9b5b6,f9afc1e258535564,,,
object,scene_0025,directional,auto,oracle,tokens,8,False,,200,False,False,,True,False,False,,False,,False,0.2556,bbq_sauce_1,basket_1,,,plane,0.065,0.065,6361d032e466c1f8,34e890072ec7c387,c379321c23fc081b,,,
object,scene_0025,directional,auto,oracle,tokens,9,False,,200,False,False,,True,False,False,,False,,False,0.2556,bbq_sauce_1,basket_1,,,plane,0.065,0.065,6361d032e466c1f8,344d614076d2d900,9d037b575c7caf74,,,
object,scene_0025,directional,human:aaron_test,oracle,tokens,0,False,,200,False,False,,True,True,True,bbq_sauce_1,True,,False,0.1124,bbq_sauce_1,basket_1,True,,plane,0.065,0.065,6361d032e466c1f8,13e4566e4e4cd076,b7cb16aa27ddca8b,,,
object,scene_0025,directional,human:aaron_test,oracle,tokens,1,False,,200,False,False,,True,True,True,bbq_sauce_1,True,,False,0.1125,bbq_sauce_1,basket_1,True,,plane,0.065,0.065,6361d032e466c1f8,211228e3a36bb1e6,ce49804e7294e7e2,,,
object,scene_0025,directional,human:aaron_test,oracle,tokens,2,False,,200,False,False,,True,True,True,bbq_sauce_1,True,,False,0.1123,bbq_sauce_1,basket_1,True,,plane,0.065,0.065,6361d032e466c1f8,a2f7b112b77f57d1,4ee610d8b6d99216,,,
object,scene_0025,directional,human:aaron_test,oracle,tokens,3,False,,200,False,False,,True,True,True,bbq_sauce_1,True,,False,0.1123,bbq_sauce_1,basket_1,True,,plane,0.065,0.065,6361d032e466c1f8,51af1122083eea4a,59825c7c2327f3b0,,,
object,scene_0025,directional,human:aaron_test,oracle,tokens,4,False,,200,False,False,,True,True,True,bbq_sauce_1,True,,False,0.1125,bbq_sauce_1,basket_1,True,,plane,0.065,0.065,6361d032e466c1f8,a65a8a712f7e1c42,10e72b33cb25239e,,,
object,scene_0025,directional,human:aaron_test,oracle,tokens,5,False,,200,False,False,,True,True,True,bbq_sauce_1,True,,False,0.1125,bbq_sauce_1,basket_1,True,,plane,0.065,0.065,6361d032e466c1f8,9520cbced106af3f,aa7290710623a4fc,,,
object,scene_0025,directional,human:aaron_test,oracle,tokens,6,False,,200,False,False,,True,True,True,bbq_sauce_1,True,,False,0.1123,bbq_sauce_1,basket_1,True,,plane,0.065,0.065,6361d032e466c1f8,a4a48e4d11a20ab1,714e1843ba04aca5,,,
object,scene_0025,directional,human:aaron_test,oracle,tokens,7,False,,200,False,False,,True,True,True,bbq_sauce_1,True,,False,0.1123,bbq_sauce_1,basket_1,True,,plane,0.065,0.065,6361d032e466c1f8,e46f5683ae07878e,94815d274b957f3d,,,
object,scene_0025,directional,human:aaron_test,oracle,tokens,8,False,,200,False,False,,True,True,True,bbq_sauce_1,True,,False,0.1126,bbq_sauce_1,basket_1,True,,plane,0.065,0.065,6361d032e466c1f8,466f27bbb3802540,40d2c2643122e926,,,
object,scene_0025,directional,human:aaron_test,oracle,tokens,9,False,,200,False,False,,True,True,True,bbq_sauce_1,True,,False,0.1126,bbq_sauce_1,basket_1,True,,plane,0.065,0.065,6361d032e466c1f8,fa9562a779bace4c,14b06dc17fb6642c,,,
object,scene_0027,both,auto,oracle,tokens,0,False,,200,False,False,,True,False,False,,False,,False,0.2253,chocolate_pudding_1,basket_2,,,plane,0.065,0.065,2a169cf0400921fa,d4daf7a5863668ac,13ce2af3fd5036f7,,,
object,scene_0027,both,auto,oracle,tokens,1,False,,200,False,False,,True,False,False,,False,,False,0.2253,chocolate_pudding_1,basket_2,,,plane,0.065,0.065,2a169cf0400921fa,595099611e716eda,55a4503936be9ff1,,,
object,scene_0027,both,auto,oracle,tokens,2,False,,200,False,False,,True,False,False,,False,,False,0.2253,chocolate_pudding_1,basket_2,,,plane,0.065,0.065,2a169cf0400921fa,9f16ac1e124a04c8,b0b6ef85a856afc7,,,
object,scene_0027,both,auto,oracle,tokens,3,False,,200,False,False,,True,False,False,,False,,False,0.2253,chocolate_pudding_1,basket_2,,,plane,0.065,0.065,2a169cf0400921fa,348e31cac13fdc7a,c2444b4980504fd5,,,
object,scene_0027,both,auto,oracle,tokens,4,False,,200,False,False,,True,False,False,,False,,False,0.2253,chocolate_pudding_1,basket_2,,,plane,0.065,0.065,2a169cf0400921fa,b0668c30e000cde9,f729550eaade3852,,,
object,scene_0027,both,auto,oracle,tokens,5,False,,200,False,False,,True,False,False,,False,,False,0.2253,chocolate_pudding_1,basket_2,,,plane,0.065,0.065,2a169cf0400921fa,838b0cc31c1d1d71,5802b72d85ceaee7,,,
object,scene_0027,both,auto,oracle,tokens,6,False,,200,False,False,,True,False,False,,False,,False,0.2253,chocolate_pudding_1,basket_2,,,plane,0.065,0.065,2a169cf0400921fa,45012b15046e0527,8c06f8f54c8b5208,,,
object,scene_0027,both,auto,oracle,tokens,7,False,,200,False,False,,True,False,False,,False,,False,0.2253,chocolate_pudding_1,basket_2,,,plane,0.065,0.065,2a169cf0400921fa,351e1a602c5ea015,67203cfc6a70e1dc,,,
object,scene_0027,both,auto,oracle,tokens,8,False,,200,False,False,,True,False,False,,False,,False,0.2253,chocolate_pudding_1,basket_2,,,plane,0.065,0.065,2a169cf0400921fa,34e07813a5a4a87a,8c061e25da5ff20d,,,
object,scene_0027,both,auto,oracle,tokens,9,False,,200,False,False,,True,False,False,,False,,False,0.2254,chocolate_pudding_1,basket_2,,,plane,0.065,0.065,2a169cf0400921fa,5a53b99c3d1345fd,e9f7b462db05a6f0,,,
object,scene_0027,both,human:aaron_test,oracle,tokens,0,False,,200,False,False,,True,False,False,,False,,False,0.2253,chocolate_pudding_1,basket_2,,,plane,0.065,0.065,2a169cf0400921fa,b6a94d22eb5a878d,5a9b64b51e3d2d4d,,,
object,scene_0027,both,human:aaron_test,oracle,tokens,1,False,,200,False,False,,True,False,False,,False,,False,0.2253,chocolate_pudding_1,basket_2,,,plane,0.065,0.065,2a169cf0400921fa,30322872ffe4754f,09d6bea7e410f018,,,
object,scene_0027,both,human:aaron_test,oracle,tokens,2,False,,200,False,False,,True,False,False,,False,,False,0.2253,chocolate_pudding_1,basket_2,,,plane,0.065,0.065,2a169cf0400921fa,bd67aaedeb25371e,9a3812166ae2c97e,,,
object,scene_0027,both,human:aaron_test,oracle,tokens,3,False,,200,False,False,,True,False,False,,False,,False,0.2253,chocolate_pudding_1,basket_2,,,plane,0.065,0.065,2a169cf0400921fa,1d37b4bc2c7b256e,77d96ec893eaa2d6,,,
object,scene_0027,both,human:aaron_test,oracle,tokens,4,False,,200,False,False,,True,False,False,,False,,False,0.2253,chocolate_pudding_1,basket_2,,,plane,0.065,0.065,2a169cf0400921fa,a9a0922d7f517fea,eadcdc8133d8536f,,,
object,scene_0027,both,human:aaron_test,oracle,tokens,5,False,,200,False,False,,True,False,False,,False,,False,0.2253,chocolate_pudding_1,basket_2,,,plane,0.065,0.065,2a169cf0400921fa,f6102b411d32ea36,8c45e747c99edeff,,,
object,scene_0027,both,human:aaron_test,oracle,tokens,6,False,,200,False,False,,True,False,False,,False,,False,0.2253,chocolate_pudding_1,basket_2,,,plane,0.065,0.065,2a169cf0400921fa,78faea8ad0caed24,1cfbc1f827639b52,,,
object,scene_0027,both,human:aaron_test,oracle,tokens,7,False,,200,False,False,,True,False,False,,False,,False,0.2253,chocolate_pudding_1,basket_2,,,plane,0.065,0.065,2a169cf0400921fa,5185c94fc695a74d,18a725259655159e,,,
object,scene_0027,both,human:aaron_test,oracle,tokens,8,False,,200,False,False,,True,False,False,,False,,False,0.2253,chocolate_pudding_1,basket_2,,,plane,0.065,0.065,2a169cf0400921fa,f9bcececc90d8129,47ce74758b0f25b2,,,
object,scene_0027,both,human:aaron_test,oracle,tokens,9,False,,200,False,False,,True,False,False,,False,,False,0.2253,chocolate_pudding_1,basket_2,,,plane,0.065,0.065,2a169cf0400921fa,605c4813a2643482,47b3200f588487e7,,,
object,scene_0029,both,auto,oracle,tokens,0,False,,200,False,False,,True,False,False,,False,,False,0.3434,butter_2,basket_1,,,plane,0.065,0.065,edb57583c0b7e793,c1675a4072011872,dae84498c68e1ba0,,,
object,scene_0029,both,auto,oracle,tokens,1,False,,200,False,False,,True,False,False,,False,,False,0.3434,butter_2,basket_1,,,plane,0.065,0.065,edb57583c0b7e793,ee8ff82d5448e63e,6bf776e894ea59f3,,,
object,scene_0029,both,auto,oracle,tokens,2,False,,200,False,False,,True,False,False,,False,,False,0.3434,butter_2,basket_1,,,plane,0.065,0.065,edb57583c0b7e793,fd57fd652e42eac8,89dc64c8977738af,,,
object,scene_0029,both,auto,oracle,tokens,3,False,,200,False,False,,True,False,False,,False,,False,0.3434,butter_2,basket_1,,,plane,0.065,0.065,edb57583c0b7e793,5117d4ef8ab2c755,a31c4be8c21a0195,,,
object,scene_0029,both,auto,oracle,tokens,4,False,,200,False,False,,True,False,False,,False,,False,0.3434,butter_2,basket_1,,,plane,0.065,0.065,edb57583c0b7e793,8509859636eba86a,4915cfc97881b940,,,
object,scene_0029,both,auto,oracle,tokens,5,False,,200,False,False,,True,False,False,,False,,False,0.3434,butter_2,basket_1,,,plane,0.065,0.065,edb57583c0b7e793,de393830e5665b66,04873bf2b4e06087,,,
object,scene_0029,both,auto,oracle,tokens,6,False,,200,False,False,,True,False,False,,False,,False,0.3434,butter_2,basket_1,,,plane,0.065,0.065,edb57583c0b7e793,fbe94f4bc9a0053b,bf6900b071ff0dd8,,,
object,scene_0029,both,auto,oracle,tokens,7,False,,200,False,False,,True,False,False,,False,,False,0.3434,butter_2,basket_1,,,plane,0.065,0.065,edb57583c0b7e793,7500b96c10ef35d2,c7b633d336fe4746,,,
object,scene_0029,both,auto,oracle,tokens,8,False,,200,False,False,,True,False,False,,False,,False,0.3434,butter_2,basket_1,,,plane,0.065,0.065,edb57583c0b7e793,1c5d46d0ac5d3cfb,80453c39c52bd640,,,
object,scene_0029,both,auto,oracle,tokens,9,False,,200,False,False,,True,False,False,,False,,False,0.3434,butter_2,basket_1,,,plane,0.065,0.065,edb57583c0b7e793,3293f4dcd07f09a5,84b2d0b88ac14ece,,,
object,scene_0029,both,human:aaron_test,oracle,tokens,0,False,,200,False,False,,True,False,False,,False,,False,0.3434,cream_cheese_1,basket_1,,,plane,0.065,0.065,edb57583c0b7e793,9057247045c0db82,f923a310922e57a5,,,
object,scene_0029,both,human:aaron_test,oracle,tokens,1,False,,200,False,False,,True,False,False,,False,,False,0.3434,cream_cheese_1,basket_1,,,plane,0.065,0.065,edb57583c0b7e793,7c079a5ab562394e,6946f17c5d9f9480,,,
object,scene_0029,both,human:aaron_test,oracle,tokens,2,False,,200,False,False,,True,False,False,,False,,False,0.3434,cream_cheese_1,basket_1,,,plane,0.065,0.065,edb57583c0b7e793,a331412abfab82b7,07b6e0ca350c2965,,,
object,scene_0029,both,human:aaron_test,oracle,tokens,3,False,,200,False,False,,True,False,False,,False,,False,0.3434,cream_cheese_1,basket_1,,,plane,0.065,0.065,edb57583c0b7e793,6e154e9f530e4bd6,bdb4a498361e7f16,,,
object,scene_0029,both,human:aaron_test,oracle,tokens,4,False,,200,False,False,,True,False,False,,False,,False,0.3434,cream_cheese_1,basket_1,,,plane,0.065,0.065,edb57583c0b7e793,39b232f8a4c2eb42,2d5b67cfcd590947,,,
object,scene_0029,both,human:aaron_test,oracle,tokens,5,False,,200,False,False,,True,False,False,,False,,False,0.3434,cream_cheese_1,basket_1,,,plane,0.065,0.065,edb57583c0b7e793,4b9598f40d67ea5e,78d02b96116d3ce4,,,
object,scene_0029,both,human:aaron_test,oracle,tokens,6,False,,200,False,False,,True,False,False,,False,,False,0.3434,cream_cheese_1,basket_1,,,plane,0.065,0.065,edb57583c0b7e793,1c385716103c306d,13ec7a2c7e8b10e3,,,
object,scene_0029,both,human:aaron_test,oracle,tokens,7,False,,200,False,False,,True,False,False,,False,,False,0.3434,cream_cheese_1,basket_1,,,plane,0.065,0.065,edb57583c0b7e793,f548c31642e35b6c,6bc4c9f631d8ecb8,,,
object,scene_0029,both,human:aaron_test,oracle,tokens,8,False,,200,False,False,,True,False,False,,False,,False,0.3434,cream_cheese_1,basket_1,,,plane,0.065,0.065,edb57583c0b7e793,aa10ddfd6d4df3ba,448bcc33756ac8ca,,,
object,scene_0029,both,human:aaron_test,oracle,tokens,9,False,,200,False,False,,True,False,False,,False,,False,0.3434,cream_cheese_1,basket_1,,,plane,0.065,0.065,edb57583c0b7e793,27acc57264cfeb55,3e8b5e36f10e7b11,,,
object,scene_0033,both,auto,oracle,tokens,0,False,,200,False,False,,True,False,False,,False,,False,0.4871,orange_juice_3,basket_2,,,plane,0.065,0.065,d90cee800815002d,7fa85d763f0cc921,d0aba735863fc372,,,
object,scene_0033,both,auto,oracle,tokens,1,False,,200,False,False,,True,False,False,,False,,False,0.487,orange_juice_3,basket_2,,,plane,0.065,0.065,d90cee800815002d,aa961bb9f1a6bd2e,bbeb20bccc373ac1,,,
object,scene_0033,both,auto,oracle,tokens,2,False,,200,False,False,,True,False,False,,False,,False,0.487,orange_juice_3,basket_2,,,plane,0.065,0.065,d90cee800815002d,396b0191d15669c0,0c4bf422a3faff70,,,
object,scene_0033,both,auto,oracle,tokens,3,False,,200,False,False,,True,False,False,,False,,False,0.487,orange_juice_3,basket_2,,,plane,0.065,0.065,d90cee800815002d,adc827eeb2402b89,3f3096f0893ffc77,,,
object,scene_0033,both,auto,oracle,tokens,4,False,,200,False,False,,True,False,False,,False,,False,0.487,orange_juice_3,basket_2,,,plane,0.065,0.065,d90cee800815002d,52f969f5fed1ae70,93916022b15a6a28,,,
object,scene_0033,both,auto,oracle,tokens,5,False,,200,False,False,,True,False,False,,False,,False,0.487,orange_juice_3,basket_2,,,plane,0.065,0.065,d90cee800815002d,e1b027741f798c01,81fb1dceb99c9a2e,,,
object,scene_0033,both,auto,oracle,tokens,6,False,,200,False,False,,True,False,False,,False,,False,0.4869,orange_juice_3,basket_2,,,plane,0.065,0.065,d90cee800815002d,17505b9f593322a4,98e8d89afd2a13d5,,,
object,scene_0033,both,auto,oracle,tokens,7,False,,200,False,False,,True,False,False,,False,,False,0.4869,orange_juice_3,basket_2,,,plane,0.065,0.065,d90cee800815002d,0bf1997622364372,91b4c2e63fa8cc18,,,
object,scene_0033,both,auto,oracle,tokens,8,False,,200,False,False,,True,False,False,,False,,False,0.4869,orange_juice_3,basket_2,,,plane,0.065,0.065,d90cee800815002d,052838cf6bb0259e,c7019c42c0a389e9,,,
object,scene_0033,both,auto,oracle,tokens,9,False,,200,False,False,,True,False,False,,False,,False,0.487,orange_juice_3,basket_2,,,plane,0.065,0.065,d90cee800815002d,4a34b083b1191bd0,321a047191dc61b9,,,
object,scene_0033,both,human:aaron_test,oracle,tokens,0,False,,200,False,False,,True,True,True,orange_juice_1,False,,False,0.1716,orange_juice_1,basket_1,True,,plane,0.065,0.065,d90cee800815002d,0b6a415d6aafe4b8,67780271aa0058d0,,,
object,scene_0033,both,human:aaron_test,oracle,tokens,1,False,,200,False,False,,True,True,True,orange_juice_1,False,,False,0.1676,orange_juice_1,basket_1,True,,plane,0.065,0.065,d90cee800815002d,7843aeedd917dcdf,a3b25f4de7e3838e,,,
object,scene_0033,both,human:aaron_test,oracle,tokens,2,False,,200,False,False,,True,True,True,orange_juice_1,False,,False,0.1681,orange_juice_1,basket_1,True,,plane,0.065,0.065,d90cee800815002d,040589316aaff7d6,78db982dda2d68af,,,
object,scene_0033,both,human:aaron_test,oracle,tokens,3,False,,200,False,False,,True,True,True,orange_juice_1,False,,False,0.1674,orange_juice_1,basket_1,True,,plane,0.065,0.065,d90cee800815002d,ccd3712f5a19965b,79ff19b41c38d804,,,
object,scene_0033,both,human:aaron_test,oracle,tokens,4,False,,200,False,False,,True,True,True,orange_juice_1,False,,False,0.172,orange_juice_1,basket_1,True,,plane,0.065,0.065,d90cee800815002d,08ab9be611623d1f,01273833a6b765bd,,,
object,scene_0033,both,human:aaron_test,oracle,tokens,5,False,,200,False,False,,True,True,True,orange_juice_1,False,,False,0.172,orange_juice_1,basket_1,True,,plane,0.065,0.065,d90cee800815002d,94944612a3707db9,624971993723d9d2,,,
object,scene_0033,both,human:aaron_test,oracle,tokens,6,False,,200,False,False,,True,True,True,orange_juice_1,False,,False,0.1723,orange_juice_1,basket_1,True,,plane,0.065,0.065,d90cee800815002d,af2c48478a215da7,a91071423be74ab0,,,
object,scene_0033,both,human:aaron_test,oracle,tokens,7,False,,200,False,False,,True,True,True,orange_juice_1,False,,False,0.1702,orange_juice_1,basket_1,True,,plane,0.065,0.065,d90cee800815002d,7b8dc2c9d9a0ae38,4a0f09100eed9077,,,
object,scene_0033,both,human:aaron_test,oracle,tokens,8,False,,200,False,False,,True,True,True,orange_juice_1,False,,False,0.1723,orange_juice_1,basket_1,True,,plane,0.065,0.065,d90cee800815002d,4152e4566abd6935,157155d071dce6be,,,
object,scene_0033,both,human:aaron_test,oracle,tokens,9,False,,200,False,False,,True,True,True,orange_juice_1,False,,False,0.1724,orange_juice_1,basket_1,True,,plane,0.065,0.065,d90cee800815002d,59de154d53d53411,a0bdd377cc47f4a0,,,
goal,scene_0001,control,auto,oracle,tokens,0,False,,200,True,True,159,True,True,True,akita_black_bowl_1,True,,False,,akita_black_bowl_1,akita_black_bowl_1,True,,plane,0.92,0.92,b1824863dc89cd32,3f3268918ad4e9f9,d18448b99c5af3f6,,,
goal,scene_0001,control,auto,oracle,tokens,1,False,,200,True,True,159,True,True,True,akita_black_bowl_1,True,,False,,akita_black_bowl_1,akita_black_bowl_1,True,,plane,0.92,0.92,b1824863dc89cd32,951dba0487ccfea5,e3550f04aa6ba74d,,,
goal,scene_0001,control,auto,oracle,tokens,2,False,,200,True,True,159,True,True,True,akita_black_bowl_1,True,,False,,akita_black_bowl_1,akita_black_bowl_1,True,,plane,0.92,0.92,b1824863dc89cd32,3532d94c2d9979af,45cfc524861275fb,,,
goal,scene_0001,control,auto,oracle,tokens,3,False,,200,True,True,159,True,True,True,akita_black_bowl_1,True,,False,,akita_black_bowl_1,akita_black_bowl_1,True,,plane,0.92,0.92,b1824863dc89cd32,be524bcaf153ac96,45dd17688749a6e8,,,
goal,scene_0001,control,auto,oracle,tokens,4,False,,200,True,True,159,True,True,True,akita_black_bowl_1,True,,False,,akita_black_bowl_1,akita_black_bowl_1,True,,plane,0.92,0.92,b1824863dc89cd32,e99926898a1743ce,66ad3705d4378f99,,,
goal,scene_0001,control,auto,oracle,tokens,5,False,,200,True,True,159,True,True,True,akita_black_bowl_1,True,,False,,akita_black_bowl_1,akita_black_bowl_1,True,,plane,0.92,0.92,b1824863dc89cd32,965ddd967b9fd4da,14dc92c8623640d9,,,
goal,scene_0001,control,auto,oracle,tokens,6,False,,200,True,True,159,True,True,True,akita_black_bowl_1,True,,False,,akita_black_bowl_1,akita_black_bowl_1,True,,plane,0.92,0.92,b1824863dc89cd32,13f8554cb1dc78d4,a269555f40d2259e,,,
goal,scene_0001,control,auto,oracle,tokens,7,False,,200,True,True,158,True,True,True,akita_black_bowl_1,True,,False,,akita_black_bowl_1,akita_black_bowl_1,True,,plane,0.92,0.92,b1824863dc89cd32,949742a4554477b8,8834146564108440,,,
goal,scene_0001,control,auto,oracle,tokens,8,False,,200,True,True,158,True,True,True,akita_black_bowl_1,True,,False,,akita_black_bowl_1,akita_black_bowl_1,True,,plane,0.92,0.92,b1824863dc89cd32,a1617b314bd67544,4defaaff351f258d,,,
goal,scene_0001,control,auto,oracle,tokens,9,False,,200,True,True,158,True,True,True,akita_black_bowl_1,True,,False,,akita_black_bowl_1,akita_black_bowl_1,True,,plane,0.92,0.92,b1824863dc89cd32,2a3454f73bead7ab,f31cc07ad44247ea,,,
goal,scene_0001,control,human:aaron_test,oracle,tokens,0,False,,200,True,True,157,True,True,True,akita_black_bowl_1,True,,False,,akita_black_bowl_1,akita_black_bowl_1,True,,plane,0.92,0.92,b1824863dc89cd32,92c88850fa0e96a9,010864a27952e90a,,,
goal,scene_0001,control,human:aaron_test,oracle,tokens,1,False,,200,True,True,156,True,True,True,akita_black_bowl_1,True,,False,,akita_black_bowl_1,akita_black_bowl_1,True,,plane,0.92,0.92,b1824863dc89cd32,05cc9c3cd9c7bb49,79661d41bf23bc88,,,
goal,scene_0001,control,human:aaron_test,oracle,tokens,2,False,,200,True,True,156,True,True,True,akita_black_bowl_1,True,,False,,akita_black_bowl_1,akita_black_bowl_1,True,,plane,0.92,0.92,b1824863dc89cd32,3ff214d5cd37819a,1da9c157c78956f4,,,
goal,scene_0001,control,human:aaron_test,oracle,tokens,3,False,,200,True,True,156,True,True,True,akita_black_bowl_1,True,,False,,akita_black_bowl_1,akita_black_bowl_1,True,,plane,0.92,0.92,b1824863dc89cd32,00ac66ffb52b79c6,907da435c4ee6951,,,
goal,scene_0001,control,human:aaron_test,oracle,tokens,4,False,,200,True,True,156,True,True,True,akita_black_bowl_1,True,,False,,akita_black_bowl_1,akita_black_bowl_1,True,,plane,0.92,0.92,b1824863dc89cd32,e199cc5f233ba9fb,c0c991cd4de93bbc,,,
goal,scene_0001,control,human:aaron_test,oracle,tokens,5,False,,200,True,True,156,True,True,True,akita_black_bowl_1,True,,False,,akita_black_bowl_1,akita_black_bowl_1,True,,plane,0.92,0.92,b1824863dc89cd32,2602eb7692407e00,06fed6f343c8a693,,,
goal,scene_0001,control,human:aaron_test,oracle,tokens,6,False,,200,True,True,156,True,True,True,akita_black_bowl_1,True,,False,,akita_black_bowl_1,akita_black_bowl_1,True,,plane,0.92,0.92,b1824863dc89cd32,3a3dbca346a16edb,9b9757e7c0bc7d34,,,
goal,scene_0001,control,human:aaron_test,oracle,tokens,7,False,,200,True,True,156,True,True,True,akita_black_bowl_1,True,,False,,akita_black_bowl_1,akita_black_bowl_1,True,,plane,0.92,0.92,b1824863dc89cd32,3a89ae8f2805dacf,752814d66e0def05,,,
goal,scene_0001,control,human:aaron_test,oracle,tokens,8,False,,200,True,True,156,True,True,True,akita_black_bowl_1,True,,False,,akita_black_bowl_1,akita_black_bowl_1,True,,plane,0.92,0.92,b1824863dc89cd32,df10d1ece09c4410,52e06a22ba8c18cb,,,
goal,scene_0001,control,human:aaron_test,oracle,tokens,9,False,,200,True,True,156,True,True,True,akita_black_bowl_1,True,,False,,akita_black_bowl_1,akita_black_bowl_1,True,,plane,0.92,0.92,b1824863dc89cd32,f12c82b5061b9fbd,86199006f0d6c6cd,,,
goal,scene_0002,control,auto,oracle,tokens,0,False,,200,False,False,,False,False,False,,False,,False,,wine_bottle_1,wine_bottle_1,,,plane,0.92,0.92,138934b0a0e6e560,3abdf825b0dd4c70,0d37fe032c63097e,,,
goal,scene_0002,control,auto,oracle,tokens,1,False,,200,False,False,,False,False,False,,False,,False,,wine_bottle_1,wine_bottle_1,,,plane,0.92,0.92,138934b0a0e6e560,788d70a45af1697e,c681bc0e88c6141a,,,
goal,scene_0002,control,auto,oracle,tokens,2,False,,200,False,False,,False,False,False,,False,,False,,wine_bottle_1,wine_bottle_1,,,plane,0.92,0.92,138934b0a0e6e560,6152298bc3035adc,b4e1ff08cd4c2369,,,
goal,scene_0002,control,auto,oracle,tokens,3,False,,200,False,False,,False,False,False,,False,,False,,wine_bottle_1,wine_bottle_1,,,plane,0.92,0.92,138934b0a0e6e560,8a784e3e4b954144,7e31cb8729ab0c26,,,
goal,scene_0002,control,auto,oracle,tokens,4,False,,200,False,False,,False,False,False,,False,,False,,wine_bottle_1,wine_bottle_1,,,plane,0.92,0.92,138934b0a0e6e560,ccfd6ee452853e76,a32bd9b963172a8c,,,
goal,scene_0002,control,auto,oracle,tokens,5,False,,200,False,False,,False,False,False,,False,,False,,wine_bottle_1,wine_bottle_1,,,plane,0.92,0.92,138934b0a0e6e560,9f94cffc18ba8dde,2f0261e294ceae6c,,,
goal,scene_0002,control,auto,oracle,tokens,6,False,,200,False,False,,False,False,False,,False,,False,,wine_bottle_1,wine_bottle_1,,,plane,0.92,0.92,138934b0a0e6e560,e4bf0b04e0682b8d,e849c0ede7558497,,,
goal,scene_0002,control,auto,oracle,tokens,7,False,,200,False,False,,False,False,False,,False,,False,,wine_bottle_1,wine_bottle_1,,,plane,0.92,0.92,138934b0a0e6e560,b5d6f9ee000c80cf,87971b819610ccb3,,,
goal,scene_0002,control,auto,oracle,tokens,8,False,,200,False,False,,False,False,False,,False,,False,,wine_bottle_1,wine_bottle_1,,,plane,0.92,0.92,138934b0a0e6e560,d514b87001a4579c,e1d3c7cab9d3a002,,,
goal,scene_0002,control,auto,oracle,tokens,9,False,,200,False,False,,False,False,False,,False,,False,,wine_bottle_1,wine_bottle_1,,,plane,0.92,0.92,138934b0a0e6e560,12d315babaea33c7,90cb344fd04ffcca,,,
goal,scene_0002,control,human:aaron_test,oracle,tokens,0,False,,200,False,False,,False,False,False,,False,,False,,wine_bottle_1,wine_bottle_1,,,plane,0.92,0.92,138934b0a0e6e560,6c3df5cdbaf0adf1,e0f1d821579d4040,,,
goal,scene_0002,control,human:aaron_test,oracle,tokens,1,False,,200,False,False,,False,False,False,,False,,False,,wine_bottle_1,wine_bottle_1,,,plane,0.92,0.92,138934b0a0e6e560,851d2ca510c14f2e,fdbe635defe88009,,,
goal,scene_0002,control,human:aaron_test,oracle,tokens,2,False,,200,False,False,,False,False,False,,False,,False,,wine_bottle_1,wine_bottle_1,,,plane,0.92,0.92,138934b0a0e6e560,e290614018ec18e0,8ec88aee2e552a39,,,
goal,scene_0002,control,human:aaron_test,oracle,tokens,3,False,,200,False,False,,False,False,False,,False,,False,,wine_bottle_1,wine_bottle_1,,,plane,0.92,0.92,138934b0a0e6e560,a119620691aca228,6842ddfd2a5f54e0,,,
goal,scene_0002,control,human:aaron_test,oracle,tokens,4,False,,200,False,False,,False,False,False,,False,,False,,wine_bottle_1,wine_bottle_1,,,plane,0.92,0.92,138934b0a0e6e560,cff7103b071eea0a,8fe2fc6054eb8f6f,,,
goal,scene_0002,control,human:aaron_test,oracle,tokens,5,False,,200,False,False,,False,False,False,,False,,False,,wine_bottle_1,wine_bottle_1,,,plane,0.92,0.92,138934b0a0e6e560,40f4694b6e854b52,20692d1e57f0bd0d,,,
goal,scene_0002,control,human:aaron_test,oracle,tokens,6,False,,200,False,False,,False,False,False,,False,,False,,wine_bottle_1,wine_bottle_1,,,plane,0.92,0.92,138934b0a0e6e560,b4ee5de3f4046eeb,337003a247a059b7,,,
goal,scene_0002,control,human:aaron_test,oracle,tokens,7,False,,200,False,False,,False,False,False,,False,,False,,wine_bottle_1,wine_bottle_1,,,plane,0.92,0.92,138934b0a0e6e560,5845f96aae06a19b,8767901e034f0b9a,,,
goal,scene_0002,control,human:aaron_test,oracle,tokens,8,False,,200,False,False,,False,False,False,,False,,False,,wine_bottle_1,wine_bottle_1,,,plane,0.92,0.92,138934b0a0e6e560,08ab8e80ec71ac0e,80c25c11e992c184,,,
goal,scene_0002,control,human:aaron_test,oracle,tokens,9,False,,200,False,False,,False,False,False,,False,,False,,wine_bottle_1,wine_bottle_1,,,plane,0.92,0.92,138934b0a0e6e560,e5111b22a7d7612c,1d6d547f5200fe41,,,
goal,scene_0005,referential,auto,oracle,tokens,0,False,,200,True,True,168,True,True,True,akita_black_bowl_1,True,plate_1,True,0.0171,akita_black_bowl_1,plate_1,True,True,plane,0.92,0.92,0d5a5137791b06c8,859cba49c093a45d,3972b56af1bed3d6,,,
goal,scene_0005,referential,auto,oracle,tokens,1,False,,200,True,True,168,True,True,True,akita_black_bowl_1,True,plate_1,True,0.0171,akita_black_bowl_1,plate_1,True,True,plane,0.92,0.92,0d5a5137791b06c8,3e520059cd3ff1ae,a39eca402d662fb7,,,
goal,scene_0005,referential,auto,oracle,tokens,2,False,,200,True,True,168,True,True,True,akita_black_bowl_1,True,plate_1,True,0.0172,akita_black_bowl_1,plate_1,True,True,plane,0.92,0.92,0d5a5137791b06c8,8bf4a0cc4fbc3eba,b8a4ad2255996755,,,
goal,scene_0005,referential,auto,oracle,tokens,3,False,,200,True,True,168,True,True,True,akita_black_bowl_1,True,plate_1,True,0.0172,akita_black_bowl_1,plate_1,True,True,plane,0.92,0.92,0d5a5137791b06c8,ab5ea8c602b6196d,607c1a38c1a8977c,,,
goal,scene_0005,referential,auto,oracle,tokens,4,False,,200,True,True,168,True,True,True,akita_black_bowl_1,True,plate_1,True,0.0174,akita_black_bowl_1,plate_1,True,True,plane,0.92,0.92,0d5a5137791b06c8,f2f71614d81bce23,952abac96c0e288a,,,
goal,scene_0005,referential,auto,oracle,tokens,5,False,,200,True,True,168,True,True,True,akita_black_bowl_1,True,plate_1,True,0.0174,akita_black_bowl_1,plate_1,True,True,plane,0.92,0.92,0d5a5137791b06c8,d3b20020c5964809,1b307cfe6f5908ac,,,
goal,scene_0005,referential,auto,oracle,tokens,6,False,,200,True,True,168,True,True,True,akita_black_bowl_1,True,plate_1,True,0.0177,akita_black_bowl_1,plate_1,True,True,plane,0.92,0.92,0d5a5137791b06c8,27f03279732c0c6e,9d0009545767d8ce,,,
goal,scene_0005,referential,auto,oracle,tokens,7,False,,200,True,True,168,True,True,True,akita_black_bowl_1,True,plate_1,True,0.0173,akita_black_bowl_1,plate_1,True,True,plane,0.92,0.92,0d5a5137791b06c8,2400f82da4481f44,3814b4b00e2f2110,,,
goal,scene_0005,referential,auto,oracle,tokens,8,False,,200,True,True,168,True,True,True,akita_black_bowl_1,True,plate_1,True,0.0176,akita_black_bowl_1,plate_1,True,True,plane,0.92,0.92,0d5a5137791b06c8,67591e8fbcf398aa,fff1c50bf65a0a5f,,,
goal,scene_0005,referential,auto,oracle,tokens,9,False,,200,True,True,168,True,True,True,akita_black_bowl_1,True,plate_1,True,0.0179,akita_black_bowl_1,plate_1,True,True,plane,0.92,0.92,0d5a5137791b06c8,de7955f83ac706e7,2c66c2f79de114ec,,,
goal,scene_0005,referential,human:aaron_test,oracle,tokens,0,False,,200,True,True,167,True,True,True,akita_black_bowl_1,True,plate_1,True,0.0226,akita_black_bowl_1,plate_1,True,True,plane,0.92,0.92,0d5a5137791b06c8,c722137d7517d9e6,d65a92226989a996,,,
goal,scene_0005,referential,human:aaron_test,oracle,tokens,1,False,,200,True,True,167,True,True,True,akita_black_bowl_1,True,plate_1,True,0.0208,akita_black_bowl_1,plate_1,True,True,plane,0.92,0.92,0d5a5137791b06c8,21e569dd28c5dd29,1ce4bcd6cb1e8243,,,
goal,scene_0005,referential,human:aaron_test,oracle,tokens,2,False,,200,True,True,167,True,True,True,akita_black_bowl_1,True,plate_1,True,0.0224,akita_black_bowl_1,plate_1,True,True,plane,0.92,0.92,0d5a5137791b06c8,e15c42ab40417e68,c9ef97030beb8d7d,,,
goal,scene_0005,referential,human:aaron_test,oracle,tokens,3,False,,200,True,True,167,True,True,True,akita_black_bowl_1,True,plate_1,True,0.0218,akita_black_bowl_1,plate_1,True,True,plane,0.92,0.92,0d5a5137791b06c8,ee8f18ef1c8259f0,246e8c86fc7ebe38,,,
goal,scene_0005,referential,human:aaron_test,oracle,tokens,4,False,,200,True,True,167,True,True,True,akita_black_bowl_1,True,plate_1,True,0.0202,akita_black_bowl_1,plate_1,True,True,plane,0.92,0.92,0d5a5137791b06c8,bc04f8bb1a5c248c,468f1ea397dc28e0,,,
goal,scene_0005,referential,human:aaron_test,oracle,tokens,5,False,,200,True,True,167,True,True,True,akita_black_bowl_1,True,plate_1,True,0.0205,akita_black_bowl_1,plate_1,True,True,plane,0.92,0.92,0d5a5137791b06c8,735d206ce797b7ee,d1c306ad6a7a9e35,,,
goal,scene_0005,referential,human:aaron_test,oracle,tokens,6,False,,200,True,True,167,True,True,True,akita_black_bowl_1,True,plate_1,True,0.0201,akita_black_bowl_1,plate_1,True,True,plane,0.92,0.92,0d5a5137791b06c8,b778ff5ba6c4e471,1478e0720502cf62,,,
goal,scene_0005,referential,human:aaron_test,oracle,tokens,7,False,,200,True,True,167,True,True,True,akita_black_bowl_1,True,plate_1,True,0.0206,akita_black_bowl_1,plate_1,True,True,plane,0.92,0.92,0d5a5137791b06c8,c83a7ec0bce1807f,8947e3da98de1d7e,,,
goal,scene_0005,referential,human:aaron_test,oracle,tokens,8,False,,200,True,True,167,True,True,True,akita_black_bowl_1,True,plate_1,True,0.0206,akita_black_bowl_1,plate_1,True,True,plane,0.92,0.92,0d5a5137791b06c8,e352345d76115b37,8551ee28e78d1459,,,
goal,scene_0005,referential,human:aaron_test,oracle,tokens,9,False,,200,True,True,167,True,True,True,akita_black_bowl_1,True,plate_1,True,0.0205,akita_black_bowl_1,plate_1,True,True,plane,0.92,0.92,0d5a5137791b06c8,50128df5b6e67181,abf3dce4fdb410a1,,,
goal,scene_0010,referential,auto,oracle,tokens,0,False,,200,False,False,,False,False,False,,False,,False,,plate_1,plate_1,,,plane,0.92,0.92,fbb3e7946b7b4058,c0521df4f7c4bc32,680308b4bac0afdb,,,
goal,scene_0010,referential,auto,oracle,tokens,1,False,,200,False,False,,False,False,False,,False,,False,,plate_1,plate_1,,,plane,0.92,0.92,fbb3e7946b7b4058,1913b365da63c10f,ffb1bdfabc2e9f1c,,,
goal,scene_0010,referential,auto,oracle,tokens,2,False,,200,False,False,,False,False,False,,False,,False,,plate_1,plate_1,,,plane,0.92,0.92,fbb3e7946b7b4058,030cd75e36cb53bb,e00fcaae6910ecc2,,,
goal,scene_0010,referential,auto,oracle,tokens,3,False,,200,False,False,,False,False,False,,False,,False,,plate_1,plate_1,,,plane,0.92,0.92,fbb3e7946b7b4058,a149f5040fd21b0e,2b2714d524e815e7,,,
goal,scene_0010,referential,auto,oracle,tokens,4,False,,200,False,False,,False,False,False,,False,,False,,plate_1,plate_1,,,plane,0.92,0.92,fbb3e7946b7b4058,3691a1169155f8ac,0e44146e2e0293d8,,,
goal,scene_0010,referential,auto,oracle,tokens,5,False,,200,False,False,,False,False,False,,False,,False,,plate_1,plate_1,,,plane,0.92,0.92,fbb3e7946b7b4058,a6efc9e8b7048b67,d10e59a780b17063,,,
goal,scene_0010,referential,auto,oracle,tokens,6,False,,200,False,False,,False,False,False,,False,,False,,plate_1,plate_1,,,plane,0.92,0.92,fbb3e7946b7b4058,04e7f1891a320331,9ba936b30f3468a4,,,
goal,scene_0010,referential,auto,oracle,tokens,7,False,,200,False,False,,False,False,False,,False,,False,,plate_1,plate_1,,,plane,0.92,0.92,fbb3e7946b7b4058,967c3078c9b09951,53fd7b44aff6389b,,,
goal,scene_0010,referential,auto,oracle,tokens,8,False,,200,False,False,,False,False,False,,False,,False,,plate_1,plate_1,,,plane,0.92,0.92,fbb3e7946b7b4058,9501499b22c58dcc,a658d6c5b0ba2cfa,,,
goal,scene_0010,referential,auto,oracle,tokens,9,False,,200,False,False,,False,False,False,,False,,False,,plate_1,plate_1,,,plane,0.92,0.92,fbb3e7946b7b4058,2aa369f76ba0670d,485e7c00d40f162d,,,
goal,scene_0010,referential,human:aaron_test,oracle,tokens,0,False,,200,False,False,,False,False,False,,False,,False,,plate_1,plate_2,,,plane,0.92,0.92,fbb3e7946b7b4058,bcf66ff9c4ca50e9,76fc8f16eca21b73,,,
goal,scene_0010,referential,human:aaron_test,oracle,tokens,1,False,,200,False,False,,False,False,False,,False,,False,,plate_1,plate_2,,,plane,0.92,0.92,fbb3e7946b7b4058,a03b75af56e8aa3b,f61d0d740d6b3e78,,,
goal,scene_0010,referential,human:aaron_test,oracle,tokens,2,False,,200,False,False,,False,False,False,,False,,False,,plate_1,plate_2,,,plane,0.92,0.92,fbb3e7946b7b4058,c6f41855383dcdf7,1b03dc6f4e84e58d,,,
goal,scene_0010,referential,human:aaron_test,oracle,tokens,3,False,,200,False,False,,False,False,False,,False,,False,,plate_1,plate_2,,,plane,0.92,0.92,fbb3e7946b7b4058,cf58b66cc742a06f,f5a2028d1fe4c528,,,
goal,scene_0010,referential,human:aaron_test,oracle,tokens,4,False,,200,False,False,,False,False,False,,False,,False,,plate_1,plate_2,,,plane,0.92,0.92,fbb3e7946b7b4058,917f138a25a0e136,7c98e6324fe6cdf8,,,
goal,scene_0010,referential,human:aaron_test,oracle,tokens,5,False,,200,False,False,,False,False,False,,False,,False,,plate_1,plate_2,,,plane,0.92,0.92,fbb3e7946b7b4058,954caf4cf012ef6c,8fd9b960fc5c0473,,,
goal,scene_0010,referential,human:aaron_test,oracle,tokens,6,False,,200,False,False,,False,False,False,,False,,False,,plate_1,plate_2,,,plane,0.92,0.92,fbb3e7946b7b4058,2b82a9491d5267f0,7ded55d4035c9f11,,,
goal,scene_0010,referential,human:aaron_test,oracle,tokens,7,False,,200,False,False,,False,False,False,,False,,False,,plate_1,plate_2,,,plane,0.92,0.92,fbb3e7946b7b4058,8ab7cc8d995e6191,0676169498a51cfd,,,
goal,scene_0010,referential,human:aaron_test,oracle,tokens,8,False,,200,False,False,,False,False,False,,False,,False,,plate_1,plate_2,,,plane,0.92,0.92,fbb3e7946b7b4058,09e576f3e764832b,4ee6227a45a0e42e,,,
goal,scene_0010,referential,human:aaron_test,oracle,tokens,9,False,,200,False,False,,False,False,False,,False,,False,,plate_1,plate_2,,,plane,0.92,0.92,fbb3e7946b7b4058,7b3f89e443683901,1a755eadfc06671e,,,
goal,scene_0013,referential,auto,oracle,tokens,0,False,,200,False,False,,False,False,False,,False,,False,,wine_bottle_1,wine_bottle_1,,,plane,0.92,0.92,bb1a5e9f3ed58759,1309e067bddb827c,e75515b779135aa0,,,
goal,scene_0013,referential,auto,oracle,tokens,1,False,,200,False,False,,False,False,False,,False,,False,,wine_bottle_1,wine_bottle_1,,,plane,0.92,0.92,bb1a5e9f3ed58759,207d5458131da57e,683163576b8ed27f,,,
goal,scene_0013,referential,auto,oracle,tokens,2,False,,200,False,False,,False,False,False,,False,,False,,wine_bottle_1,wine_bottle_1,,,plane,0.92,0.92,bb1a5e9f3ed58759,b1ae1623e8f4404b,568599b89bace809,,,
goal,scene_0013,referential,auto,oracle,tokens,3,False,,200,False,False,,False,False,False,,False,,False,,wine_bottle_1,wine_bottle_1,,,plane,0.92,0.92,bb1a5e9f3ed58759,e5417774b14115be,88363071bb73bdb1,,,
goal,scene_0013,referential,auto,oracle,tokens,4,False,,200,False,False,,False,False,False,,False,,False,,wine_bottle_1,wine_bottle_1,,,plane,0.92,0.92,bb1a5e9f3ed58759,29974b476c15a619,9543636e768538a4,,,
goal,scene_0013,referential,auto,oracle,tokens,5,False,,200,False,False,,False,False,False,,False,,False,,wine_bottle_1,wine_bottle_1,,,plane,0.92,0.92,bb1a5e9f3ed58759,3caaf5ea38672ec2,f69eedad9cee28c6,,,
goal,scene_0013,referential,auto,oracle,tokens,6,False,,200,False,False,,False,False,False,,False,,False,,wine_bottle_1,wine_bottle_1,,,plane,0.92,0.92,bb1a5e9f3ed58759,9cd9d09309b9d139,a3f6ea1d05fa5035,,,
goal,scene_0013,referential,auto,oracle,tokens,7,False,,200,False,False,,False,False,False,,False,,False,,wine_bottle_1,wine_bottle_1,,,plane,0.92,0.92,bb1a5e9f3ed58759,87a2fc79c3783b71,cc4b736ccc653d8c,,,
goal,scene_0013,referential,auto,oracle,tokens,8,False,,200,False,False,,False,False,False,,False,,False,,wine_bottle_1,wine_bottle_1,,,plane,0.92,0.92,bb1a5e9f3ed58759,f891700f0fc3743e,f4ec5dbd7c937863,,,
goal,scene_0013,referential,auto,oracle,tokens,9,False,,200,False,False,,False,False,False,,False,,False,,wine_bottle_1,wine_bottle_1,,,plane,0.92,0.92,bb1a5e9f3ed58759,a6ca4fe1f0b87864,0e69ee249997364b,,,
goal,scene_0013,referential,human:aaron_test,oracle,tokens,0,False,,200,False,False,,False,False,False,,False,,False,,wine_bottle_1,wine_bottle_1,,,plane,0.92,0.92,bb1a5e9f3ed58759,e9b1b93f113382ab,7c9a2fb94ef66abf,,,
goal,scene_0013,referential,human:aaron_test,oracle,tokens,1,False,,200,False,False,,False,False,False,,False,,False,,wine_bottle_1,wine_bottle_1,,,plane,0.92,0.92,bb1a5e9f3ed58759,31109e249bfa304b,a6ad695929e23239,,,
goal,scene_0013,referential,human:aaron_test,oracle,tokens,2,False,,200,False,False,,False,False,False,,False,,False,,wine_bottle_1,wine_bottle_1,,,plane,0.92,0.92,bb1a5e9f3ed58759,744755f7677a65d8,ce4194693e537dc8,,,
goal,scene_0013,referential,human:aaron_test,oracle,tokens,3,False,,200,False,False,,False,False,False,,False,,False,,wine_bottle_1,wine_bottle_1,,,plane,0.92,0.92,bb1a5e9f3ed58759,ee9ca21d1cb81236,4828f83c6cdb0e8e,,,
goal,scene_0013,referential,human:aaron_test,oracle,tokens,4,False,,200,False,False,,False,False,False,,False,,False,,wine_bottle_1,wine_bottle_1,,,plane,0.92,0.92,bb1a5e9f3ed58759,86d84fc21e0ae9dd,dc11293bdac9a84a,,,
goal,scene_0013,referential,human:aaron_test,oracle,tokens,5,False,,200,False,False,,False,False,False,,False,,False,,wine_bottle_1,wine_bottle_1,,,plane,0.92,0.92,bb1a5e9f3ed58759,66512f90fcce008a,45dc173ec13acd61,,,
goal,scene_0013,referential,human:aaron_test,oracle,tokens,6,False,,200,False,False,,False,False,False,,False,,False,,wine_bottle_1,wine_bottle_1,,,plane,0.92,0.92,bb1a5e9f3ed58759,5f2f72bfee1eac47,937710f50d0e310c,,,
goal,scene_0013,referential,human:aaron_test,oracle,tokens,7,False,,200,False,False,,False,False,False,,False,,False,,wine_bottle_1,wine_bottle_1,,,plane,0.92,0.92,bb1a5e9f3ed58759,e0a10248c5261dd9,1d6294895167cb45,,,
goal,scene_0013,referential,human:aaron_test,oracle,tokens,8,False,,200,False,False,,False,False,False,,False,,False,,wine_bottle_1,wine_bottle_1,,,plane,0.92,0.92,bb1a5e9f3ed58759,2d24dc8d12070e4c,34b84b588ef2dce9,,,
goal,scene_0013,referential,human:aaron_test,oracle,tokens,9,False,,200,False,False,,False,False,False,,False,,False,,wine_bottle_1,wine_bottle_1,,,plane,0.92,0.92,bb1a5e9f3ed58759,0bb292b99e5a3198,a25619ac826e3229,,,
goal,scene_0015,referential,auto,oracle,tokens,0,False,,200,False,False,,True,False,False,,False,,False,0.1367,cream_cheese_1,akita_black_bowl_1,,,plane,0.92,0.92,b7beb333add70255,b7e8dac54d22883c,d5289f06a0179dfd,,,
goal,scene_0015,referential,auto,oracle,tokens,1,False,,200,False,False,,True,False,False,,False,,False,0.1368,cream_cheese_1,akita_black_bowl_1,,,plane,0.92,0.92,b7beb333add70255,570a63c4f7314648,7297b49f596c30e5,,,
goal,scene_0015,referential,auto,oracle,tokens,2,False,,200,False,False,,True,False,False,,False,,False,0.137,cream_cheese_1,akita_black_bowl_1,,,plane,0.92,0.92,b7beb333add70255,6b8dabb178dbee9a,6bfedbddee254969,,,
goal,scene_0015,referential,auto,oracle,tokens,3,False,,200,False,False,,True,False,False,,False,,False,0.1368,cream_cheese_1,akita_black_bowl_1,,,plane,0.92,0.92,b7beb333add70255,7de78f23270856c8,4de64d15e5578416,,,
goal,scene_0015,referential,auto,oracle,tokens,4,False,,200,False,False,,True,False,False,,False,,False,0.1371,cream_cheese_1,akita_black_bowl_1,,,plane,0.92,0.92,b7beb333add70255,d72986c368a0acef,fd7045e6b6fb6a59,,,
goal,scene_0015,referential,auto,oracle,tokens,5,False,,200,False,False,,True,False,False,,False,,False,0.1367,cream_cheese_1,akita_black_bowl_1,,,plane,0.92,0.92,b7beb333add70255,9a7f41be3404673a,c4d873ef279ceb84,,,
goal,scene_0015,referential,auto,oracle,tokens,6,False,,200,False,False,,True,False,False,,False,,False,0.1381,cream_cheese_1,akita_black_bowl_1,,,plane,0.92,0.92,b7beb333add70255,7b3c19bc3a758484,42fa638f2601d05e,,,
goal,scene_0015,referential,auto,oracle,tokens,7,False,,200,False,False,,True,False,False,,False,,False,0.1377,cream_cheese_1,akita_black_bowl_1,,,plane,0.92,0.92,b7beb333add70255,08783b20a5831ee1,33973ef2f923fa75,,,
goal,scene_0015,referential,auto,oracle,tokens,8,False,,200,False,False,,True,False,False,,False,,False,0.1375,cream_cheese_1,akita_black_bowl_1,,,plane,0.92,0.92,b7beb333add70255,e35cb108d28dbb75,f1eb33fac15d4bfb,,,
goal,scene_0015,referential,auto,oracle,tokens,9,False,,200,False,False,,True,False,False,,False,,False,0.1381,cream_cheese_1,akita_black_bowl_1,,,plane,0.92,0.92,b7beb333add70255,333816a529d1d41b,e1cadf561078ab1e,,,
goal,scene_0015,referential,human:aaron_test,oracle,tokens,0,False,,200,False,False,,True,False,False,,False,,False,0.1366,cream_cheese_3,akita_black_bowl_1,,,plane,0.92,0.92,b7beb333add70255,4b857a8c401e1811,61b6877c7337edce,,,
goal,scene_0015,referential,human:aaron_test,oracle,tokens,1,False,,200,False,False,,True,False,False,,False,,False,0.1366,cream_cheese_3,akita_black_bowl_1,,,plane,0.92,0.92,b7beb333add70255,f552437da7de481c,31f3d6ad7a45b08e,,,
goal,scene_0015,referential,human:aaron_test,oracle,tokens,2,False,,200,False,False,,True,False,False,,False,,False,0.1366,cream_cheese_3,akita_black_bowl_1,,,plane,0.92,0.92,b7beb333add70255,57ad1722fa21f417,8819877294bc86b4,,,
goal,scene_0015,referential,human:aaron_test,oracle,tokens,3,False,,200,False,False,,True,False,False,,False,,False,0.1366,cream_cheese_3,akita_black_bowl_1,,,plane,0.92,0.92,b7beb333add70255,8a8bfc45f849142f,42c5c3cdcb9d735f,,,
goal,scene_0015,referential,human:aaron_test,oracle,tokens,4,False,,200,False,False,,True,False,False,,False,,False,0.1366,cream_cheese_3,akita_black_bowl_1,,,plane,0.92,0.92,b7beb333add70255,09818560f6d48003,788b9847993495e9,,,
goal,scene_0015,referential,human:aaron_test,oracle,tokens,5,False,,200,False,False,,True,False,False,,False,,False,0.1366,cream_cheese_3,akita_black_bowl_1,,,plane,0.92,0.92,b7beb333add70255,4d62affb91ac12c9,73537aefcbd0108e,,,
goal,scene_0015,referential,human:aaron_test,oracle,tokens,6,False,,200,False,False,,True,False,False,,False,,False,0.1366,cream_cheese_3,akita_black_bowl_1,,,plane,0.92,0.92,b7beb333add70255,d259025b69d9b2e8,221e8e8a1ce17d6f,,,
goal,scene_0015,referential,human:aaron_test,oracle,tokens,7,False,,200,False,False,,True,False,False,,False,,False,0.1366,cream_cheese_3,akita_black_bowl_1,,,plane,0.92,0.92,b7beb333add70255,9693b91bcc5d633e,55e3284caef76cb3,,,
goal,scene_0015,referential,human:aaron_test,oracle,tokens,8,False,,200,False,False,,True,False,False,,False,,False,0.1366,cream_cheese_3,akita_black_bowl_1,,,plane,0.92,0.92,b7beb333add70255,d85037ffbc4a47b8,53f05a25c631515e,,,
goal,scene_0015,referential,human:aaron_test,oracle,tokens,9,False,,200,False,False,,True,False,False,,False,,False,0.1366,cream_cheese_3,akita_black_bowl_1,,,plane,0.92,0.92,b7beb333add70255,7f1d5b84e171bddf,2a62c5b2bbf70716,,,
goal,scene_0018,directional,auto,oracle,tokens,0,False,,200,False,False,,True,False,False,,False,,False,0.1511,akita_black_bowl_1,plate_1,,,plane,0.92,0.92,84d6631863c0a0bf,5bdd709eb1a14094,3fa28341b3b5ab8c,,,
goal,scene_0018,directional,auto,oracle,tokens,1,False,,200,False,False,,True,False,False,,False,,False,0.151,akita_black_bowl_1,plate_1,,,plane,0.92,0.92,84d6631863c0a0bf,d86c877964140bf1,6c95f835741113b4,,,
goal,scene_0018,directional,auto,oracle,tokens,2,False,,200,False,False,,True,False,False,,False,,False,0.1544,akita_black_bowl_1,plate_1,,,plane,0.92,0.92,84d6631863c0a0bf,cfe4c491dfdb278a,b013d1277a264669,,,
goal,scene_0018,directional,auto,oracle,tokens,3,False,,200,False,False,,True,False,False,,False,,False,0.1531,akita_black_bowl_1,plate_1,,,plane,0.92,0.92,84d6631863c0a0bf,c6b10bb58ee37e86,435bf895e5500a34,,,
goal,scene_0018,directional,auto,oracle,tokens,4,False,,200,False,False,,True,False,False,,False,,False,0.1483,akita_black_bowl_1,plate_1,,,plane,0.92,0.92,84d6631863c0a0bf,d00a00aa0ce5f542,42ad5558d2a68cb2,,,
goal,scene_0018,directional,auto,oracle,tokens,5,False,,200,False,False,,True,False,False,,False,,False,0.1543,akita_black_bowl_1,plate_1,,,plane,0.92,0.92,84d6631863c0a0bf,616f143376e9bad4,ba0597ecdbc5acf5,,,
goal,scene_0018,directional,auto,oracle,tokens,6,False,,200,False,False,,True,False,False,,False,,False,0.1494,akita_black_bowl_1,plate_1,,,plane,0.92,0.92,84d6631863c0a0bf,2471a5aef11912a6,09e460a2627cdf72,,,
goal,scene_0018,directional,auto,oracle,tokens,7,False,,200,False,False,,True,False,False,,False,,False,0.1515,akita_black_bowl_1,plate_1,,,plane,0.92,0.92,84d6631863c0a0bf,b11d285de8360f0f,f6597cbd5f120289,,,
goal,scene_0018,directional,auto,oracle,tokens,8,False,,200,False,False,,True,False,False,,False,,False,0.1487,akita_black_bowl_1,plate_1,,,plane,0.92,0.92,84d6631863c0a0bf,be0433dab36fea9b,efce989c01fe0d7f,,,
goal,scene_0018,directional,auto,oracle,tokens,9,False,,200,False,False,,True,False,False,,False,,False,0.149,akita_black_bowl_1,plate_1,,,plane,0.92,0.92,84d6631863c0a0bf,23935cd8cadc5ed3,eebbc9ef6b8e2c0b,,,
goal,scene_0018,directional,human:aaron_test,oracle,tokens,0,False,,200,True,True,166,True,True,True,akita_black_bowl_1,True,plate_1,True,0.0182,akita_black_bowl_1,plate_1,True,True,plane,0.92,0.92,84d6631863c0a0bf,774a62221c81c5f8,2a4782275f8e8367,,,
goal,scene_0018,directional,human:aaron_test,oracle,tokens,1,False,,200,True,True,166,True,True,True,akita_black_bowl_1,True,plate_1,True,0.0195,akita_black_bowl_1,plate_1,True,True,plane,0.92,0.92,84d6631863c0a0bf,20408e93f389c7e5,898263a72cc6720c,,,
goal,scene_0018,directional,human:aaron_test,oracle,tokens,2,False,,200,True,True,166,True,True,True,akita_black_bowl_1,True,plate_1,True,0.0195,akita_black_bowl_1,plate_1,True,True,plane,0.92,0.92,84d6631863c0a0bf,6d906ffe28be58e4,99686863aee60771,,,
goal,scene_0018,directional,human:aaron_test,oracle,tokens,3,False,,200,True,True,166,True,True,True,akita_black_bowl_1,True,plate_1,True,0.0194,akita_black_bowl_1,plate_1,True,True,plane,0.92,0.92,84d6631863c0a0bf,c80e8ebc72f17e3e,1f359383bbf6dbf8,,,
goal,scene_0018,directional,human:aaron_test,oracle,tokens,4,False,,200,True,True,166,True,True,True,akita_black_bowl_1,True,plate_1,True,0.0195,akita_black_bowl_1,plate_1,True,True,plane,0.92,0.92,84d6631863c0a0bf,e3bdd36bdff720ea,3ff6fdb9b323b3d2,,,
goal,scene_0018,directional,human:aaron_test,oracle,tokens,5,False,,200,True,True,166,True,True,True,akita_black_bowl_1,True,plate_1,True,0.0197,akita_black_bowl_1,plate_1,True,True,plane,0.92,0.92,84d6631863c0a0bf,9a1d321a0a4062a8,9226ac355728b179,,,
goal,scene_0018,directional,human:aaron_test,oracle,tokens,6,False,,200,True,True,166,True,True,True,akita_black_bowl_1,True,plate_1,True,0.0197,akita_black_bowl_1,plate_1,True,True,plane,0.92,0.92,84d6631863c0a0bf,c4ec42274ce2ac5d,9f0358a92f2022e8,,,
goal,scene_0018,directional,human:aaron_test,oracle,tokens,7,False,,200,True,True,166,True,True,True,akita_black_bowl_1,True,plate_1,True,0.0175,akita_black_bowl_1,plate_1,True,True,plane,0.92,0.92,84d6631863c0a0bf,2f02dc754873d453,e15123b4f14d88e0,,,
goal,scene_0018,directional,human:aaron_test,oracle,tokens,8,False,,200,True,True,166,True,True,True,akita_black_bowl_1,True,plate_1,True,0.018,akita_black_bowl_1,plate_1,True,True,plane,0.92,0.92,84d6631863c0a0bf,eacdd1edf815fed5,fe379946a16a8772,,,
goal,scene_0018,directional,human:aaron_test,oracle,tokens,9,False,,200,True,True,166,True,True,True,akita_black_bowl_1,True,plate_1,True,0.0198,akita_black_bowl_1,plate_1,True,True,plane,0.92,0.92,84d6631863c0a0bf,7f46404b0557e4e7,92d87d7056199830,,,
goal,scene_0019,directional,auto,oracle,tokens,0,False,,200,False,False,,True,True,True,akita_black_bowl_1,True,,False,0.1125,akita_black_bowl_1,plate_3,True,,plane,0.92,0.92,92995d25f4429307,8206c8df2f03f7df,91a7f799afeb8bad,,,
goal,scene_0019,directional,auto,oracle,tokens,1,False,,200,False,False,,True,True,True,akita_black_bowl_1,True,,False,0.1127,akita_black_bowl_1,plate_3,True,,plane,0.92,0.92,92995d25f4429307,701aa7fa49d4684f,6c912af95c794d0c,,,
goal,scene_0019,directional,auto,oracle,tokens,2,False,,200,False,False,,True,True,True,akita_black_bowl_1,True,,False,0.1107,akita_black_bowl_1,plate_3,True,,plane,0.92,0.92,92995d25f4429307,0fd3ac111b736fcb,60729bc5891d157a,,,
goal,scene_0019,directional,auto,oracle,tokens,3,False,,200,False,False,,True,True,True,akita_black_bowl_1,True,,False,0.1144,akita_black_bowl_1,plate_3,True,,plane,0.92,0.92,92995d25f4429307,f6af57d1226c3b63,d45da74b58fd68e3,,,
goal,scene_0019,directional,auto,oracle,tokens,4,False,,200,False,False,,True,True,True,akita_black_bowl_1,True,,False,0.1153,akita_black_bowl_1,plate_3,True,,plane,0.92,0.92,92995d25f4429307,82f1b91dcfa5d328,2a7d4a02418db4fd,,,
goal,scene_0019,directional,auto,oracle,tokens,5,False,,200,False,False,,True,True,True,akita_black_bowl_1,True,,False,0.1043,akita_black_bowl_1,plate_3,True,,plane,0.92,0.92,92995d25f4429307,bd7c1d5f190ae764,a8dd124becf34e13,,,
goal,scene_0019,directional,auto,oracle,tokens,6,False,,200,False,False,,True,True,True,akita_black_bowl_1,True,,False,0.1142,akita_black_bowl_1,plate_3,True,,plane,0.92,0.92,92995d25f4429307,426a5c61a8d0a155,b966933d43accd0d,,,
goal,scene_0019,directional,auto,oracle,tokens,7,False,,200,False,False,,True,True,True,akita_black_bowl_1,True,,False,0.1146,akita_black_bowl_1,plate_3,True,,plane,0.92,0.92,92995d25f4429307,b3b240eeb058d74c,b248832cf101f978,,,
goal,scene_0019,directional,auto,oracle,tokens,8,False,,200,False,False,,True,True,True,akita_black_bowl_1,True,,False,0.1135,akita_black_bowl_1,plate_3,True,,plane,0.92,0.92,92995d25f4429307,b4722ae3b35bf569,ac0645b51e7c7c81,,,
goal,scene_0019,directional,auto,oracle,tokens,9,False,,200,False,False,,True,True,True,akita_black_bowl_1,True,,False,0.1151,akita_black_bowl_1,plate_3,True,,plane,0.92,0.92,92995d25f4429307,7589d3dad3323199,525b01e842cb0fba,,,
goal,scene_0019,directional,human:aaron_test,oracle,tokens,0,False,,200,True,True,166,True,True,True,akita_black_bowl_1,True,plate_3,True,0.005,akita_black_bowl_1,plate_3,True,True,plane,0.92,0.92,92995d25f4429307,3a0693f949b461f3,73c3d37d89dd4d28,,,
goal,scene_0019,directional,human:aaron_test,oracle,tokens,1,False,,200,True,True,167,True,True,True,akita_black_bowl_1,True,plate_3,True,0.0131,akita_black_bowl_1,plate_3,True,True,plane,0.92,0.92,92995d25f4429307,ec1063873dbdae9d,a604fb121d8af111,,,
goal,scene_0019,directional,human:aaron_test,oracle,tokens,2,False,,200,True,True,169,True,True,True,akita_black_bowl_1,True,plate_3,True,0.0026,akita_black_bowl_1,plate_3,True,True,plane,0.92,0.92,92995d25f4429307,32b19b200b28e3f0,10c2823b90b071c2,,,
goal,scene_0019,directional,human:aaron_test,oracle,tokens,3,False,,200,True,True,165,True,True,True,akita_black_bowl_1,True,plate_3,True,0.0008,akita_black_bowl_1,plate_3,True,True,plane,0.92,0.92,92995d25f4429307,5c3e4438366f143f,7e29aee5e4da0e43,,,
goal,scene_0019,directional,human:aaron_test,oracle,tokens,4,False,,200,True,True,165,True,True,True,akita_black_bowl_1,True,plate_3,True,0.0046,akita_black_bowl_1,plate_3,True,True,plane,0.92,0.92,92995d25f4429307,6152f9268b7644e9,2fd4a559d5c26650,,,
goal,scene_0019,directional,human:aaron_test,oracle,tokens,5,False,,200,True,True,157,True,True,True,akita_black_bowl_1,True,plate_3,True,0.0174,akita_black_bowl_1,plate_3,True,True,plane,0.92,0.92,92995d25f4429307,24ce1109b0723acb,ea0ee014ae98a9c6,,,
goal,scene_0019,directional,human:aaron_test,oracle,tokens,6,False,,200,True,True,165,True,True,True,akita_black_bowl_1,True,plate_3,True,0.0056,akita_black_bowl_1,plate_3,True,True,plane,0.92,0.92,92995d25f4429307,704eec13fffef638,8a7f79e6c36f12a0,,,
goal,scene_0019,directional,human:aaron_test,oracle,tokens,7,False,,200,True,True,159,True,True,True,akita_black_bowl_1,True,plate_3,True,0.0174,akita_black_bowl_1,plate_3,True,True,plane,0.92,0.92,92995d25f4429307,d647e62e94d962a2,96f168abab6ed236,,,
goal,scene_0019,directional,human:aaron_test,oracle,tokens,8,False,,200,True,True,165,True,True,True,akita_black_bowl_1,True,plate_3,True,0.0011,akita_black_bowl_1,plate_3,True,True,plane,0.92,0.92,92995d25f4429307,b31cb6fb70fa9e4f,9d9cbc237986bb7c,,,
goal,scene_0019,directional,human:aaron_test,oracle,tokens,9,False,,200,True,True,165,True,True,True,akita_black_bowl_1,True,plate_3,True,0.0008,akita_black_bowl_1,plate_3,True,True,plane,0.92,0.92,92995d25f4429307,eea8992bf05ce274,8114760b35ace3e6,,,
goal,scene_0025,directional,auto,oracle,tokens,0,False,,200,True,True,169,True,True,True,akita_black_bowl_1,True,plate_2,True,0.0133,akita_black_bowl_1,plate_2,True,True,plane,0.92,0.92,027f37f8891d24e6,fe8dbea0a2603fbb,21d8f58570e059ec,,,
goal,scene_0025,directional,auto,oracle,tokens,1,False,,200,False,False,170,True,True,True,akita_black_bowl_1,True,plate_2,True,0.0204,akita_black_bowl_1,plate_2,True,True,plane,0.92,0.92,027f37f8891d24e6,397dbdc7c1f71528,7e783b1a190b5781,,,
goal,scene_0025,directional,auto,oracle,tokens,2,False,,200,False,False,172,True,True,True,akita_black_bowl_1,True,plate_2,True,0.0265,akita_black_bowl_1,plate_2,True,True,plane,0.92,0.92,027f37f8891d24e6,b16b9d2a553450cc,66e9bfed7adaa50f,,,
goal,scene_0025,directional,auto,oracle,tokens,3,False,,200,True,True,168,True,True,True,akita_black_bowl_1,True,plate_2,True,0.0103,akita_black_bowl_1,plate_2,True,True,plane,0.92,0.92,027f37f8891d24e6,3d806c5d0e1e0375,dc21c09f16d5a56e,,,
goal,scene_0025,directional,auto,oracle,tokens,4,False,,200,False,False,170,True,True,True,akita_black_bowl_1,True,plate_2,True,0.0218,akita_black_bowl_1,plate_2,True,True,plane,0.92,0.92,027f37f8891d24e6,2040cea4794775f4,f2c9df668a92008b,,,
goal,scene_0025,directional,auto,oracle,tokens,5,False,,200,False,False,170,True,True,True,akita_black_bowl_1,True,plate_2,True,0.0204,akita_black_bowl_1,plate_2,True,True,plane,0.92,0.92,027f37f8891d24e6,827974f52cb68e2e,269817f56856e7f2,,,
goal,scene_0025,directional,auto,oracle,tokens,6,False,,200,False,False,177,True,True,True,akita_black_bowl_1,True,plate_2,True,0.0284,akita_black_bowl_1,plate_2,True,True,plane,0.92,0.92,027f37f8891d24e6,fe17aee816608e19,587e49a7251163f6,,,
goal,scene_0025,directional,auto,oracle,tokens,7,False,,200,False,False,171,True,True,True,akita_black_bowl_1,True,plate_2,True,0.0235,akita_black_bowl_1,plate_2,True,True,plane,0.92,0.92,027f37f8891d24e6,b3d7b480c6725afe,eb1e2a24de178634,,,
goal,scene_0025,directional,auto,oracle,tokens,8,False,,200,False,False,171,True,True,True,akita_black_bowl_1,True,plate_2,True,0.0222,akita_black_bowl_1,plate_2,True,True,plane,0.92,0.92,027f37f8891d24e6,f160bc5d0271fa10,fa65c2fca67b40ce,,,
goal,scene_0025,directional,auto,oracle,tokens,9,False,,200,False,False,172,True,True,True,akita_black_bowl_1,True,plate_2,True,0.0278,akita_black_bowl_1,plate_2,True,True,plane,0.92,0.92,027f37f8891d24e6,e60cc16f916fd1f1,5d422bf03ac220f6,,,
goal,scene_0025,directional,human:aaron_test,oracle,tokens,0,False,,200,False,False,,True,True,True,akita_black_bowl_1,True,,False,0.2316,akita_black_bowl_1,plate_3,True,,plane,0.92,0.92,027f37f8891d24e6,c937ab3f1c7474c5,9c31c560065a298f,,,
goal,scene_0025,directional,human:aaron_test,oracle,tokens,1,False,,200,False,False,,True,True,True,akita_black_bowl_1,True,,False,0.2261,akita_black_bowl_1,plate_3,True,,plane,0.92,0.92,027f37f8891d24e6,0b89bb979587800c,85c10de129a9469f,,,
goal,scene_0025,directional,human:aaron_test,oracle,tokens,2,False,,200,False,False,,True,True,True,akita_black_bowl_1,True,,False,0.2152,akita_black_bowl_1,plate_3,True,,plane,0.92,0.92,027f37f8891d24e6,4ef757b602b53ddf,f99614414772a4bc,,,
goal,scene_0025,directional,human:aaron_test,oracle,tokens,3,False,,200,False,False,,True,True,True,akita_black_bowl_1,True,,False,0.2285,akita_black_bowl_1,plate_3,True,,plane,0.92,0.92,027f37f8891d24e6,2de03f6bf70ce309,83292a74864c607b,,,
goal,scene_0025,directional,human:aaron_test,oracle,tokens,4,False,,200,False,False,,True,True,True,akita_black_bowl_1,True,,False,0.2181,akita_black_bowl_1,plate_3,True,,plane,0.92,0.92,027f37f8891d24e6,b7988f0dd6730e64,18b25b4e6a30ac4b,,,
goal,scene_0025,directional,human:aaron_test,oracle,tokens,5,False,,200,False,False,,True,True,True,akita_black_bowl_1,True,,False,0.2448,akita_black_bowl_1,plate_3,True,,plane,0.92,0.92,027f37f8891d24e6,cd2d1617c37e3ff6,ad599ecbfc8c643a,,,
goal,scene_0025,directional,human:aaron_test,oracle,tokens,6,False,,200,False,False,,True,True,True,akita_black_bowl_1,True,,False,0.2132,akita_black_bowl_1,plate_3,True,,plane,0.92,0.92,027f37f8891d24e6,4a261bb195f64546,0aaa7f91e0f77ed5,,,
goal,scene_0025,directional,human:aaron_test,oracle,tokens,7,False,,200,False,False,,True,True,True,akita_black_bowl_1,True,,False,0.1861,akita_black_bowl_1,plate_3,True,,plane,0.92,0.92,027f37f8891d24e6,7ac774d83e22dc1a,5e4489b8579ba172,,,
goal,scene_0025,directional,human:aaron_test,oracle,tokens,8,False,,200,False,False,,True,True,True,akita_black_bowl_1,True,,False,0.1278,akita_black_bowl_1,plate_3,True,,plane,0.92,0.92,027f37f8891d24e6,13951e4215775e7f,2188c783968a1571,,,
goal,scene_0025,directional,human:aaron_test,oracle,tokens,9,False,,200,False,False,,True,True,True,akita_black_bowl_1,True,,False,0.21,akita_black_bowl_1,plate_3,True,,plane,0.92,0.92,027f37f8891d24e6,f59861cc9ffbb095,aa44b020678e05c1,,,
goal,scene_0026,both,auto,oracle,tokens,0,False,,200,True,True,154,True,True,True,akita_black_bowl_1,True,plate_2,True,0.0185,akita_black_bowl_1,plate_2,True,True,plane,0.92,0.92,5ffa2d92d0ac4eda,532433ae9436568b,c17a836cbd91222e,,,
goal,scene_0026,both,auto,oracle,tokens,1,False,,200,True,True,154,True,True,True,akita_black_bowl_1,True,plate_2,True,0.0185,akita_black_bowl_1,plate_2,True,True,plane,0.92,0.92,5ffa2d92d0ac4eda,321b1d61e429d87a,40331221db6feeb3,,,
goal,scene_0026,both,auto,oracle,tokens,2,False,,200,True,True,154,True,True,True,akita_black_bowl_1,True,plate_2,True,0.0187,akita_black_bowl_1,plate_2,True,True,plane,0.92,0.92,5ffa2d92d0ac4eda,619bcdfc7a82c518,f4bb482ccd4d964a,,,
goal,scene_0026,both,auto,oracle,tokens,3,False,,200,True,True,154,True,True,True,akita_black_bowl_1,True,plate_2,True,0.0188,akita_black_bowl_1,plate_2,True,True,plane,0.92,0.92,5ffa2d92d0ac4eda,da9f35dc5bf92b9d,878b3a8c46f38759,,,
goal,scene_0026,both,auto,oracle,tokens,4,False,,200,True,True,153,True,True,True,akita_black_bowl_1,True,plate_2,True,0.0188,akita_black_bowl_1,plate_2,True,True,plane,0.92,0.92,5ffa2d92d0ac4eda,29f72ecfcc84775f,d3d44d642fc2ecff,,,
goal,scene_0026,both,auto,oracle,tokens,5,False,,200,True,True,154,True,True,True,akita_black_bowl_1,True,plate_2,True,0.0189,akita_black_bowl_1,plate_2,True,True,plane,0.92,0.92,5ffa2d92d0ac4eda,2b9ccacc1458f9b9,9fbcc928a1db8ede,,,
goal,scene_0026,both,auto,oracle,tokens,6,False,,200,True,True,154,True,True,True,akita_black_bowl_1,True,plate_2,True,0.0189,akita_black_bowl_1,plate_2,True,True,plane,0.92,0.92,5ffa2d92d0ac4eda,dc93136ad8a5d749,c86af1f6dbcbc7aa,,,
goal,scene_0026,both,auto,oracle,tokens,7,False,,200,True,True,153,True,True,True,akita_black_bowl_1,True,plate_2,True,0.0188,akita_black_bowl_1,plate_2,True,True,plane,0.92,0.92,5ffa2d92d0ac4eda,439669ce92574671,6bc5da610d58f895,,,
goal,scene_0026,both,auto,oracle,tokens,8,False,,200,True,True,153,True,True,True,akita_black_bowl_1,True,plate_2,True,0.019,akita_black_bowl_1,plate_2,True,True,plane,0.92,0.92,5ffa2d92d0ac4eda,8e4c7d891e9843dc,bf606c3fce67dcee,,,
goal,scene_0026,both,auto,oracle,tokens,9,False,,200,True,True,153,True,True,True,akita_black_bowl_1,True,plate_2,True,0.0191,akita_black_bowl_1,plate_2,True,True,plane,0.92,0.92,5ffa2d92d0ac4eda,03df1ffa0a93caa0,dbb5700edaba0ca6,,,
goal,scene_0026,both,human:aaron_test,oracle,tokens,0,False,,200,True,True,168,True,True,True,akita_black_bowl_1,True,plate_2,True,0.0261,akita_black_bowl_1,plate_2,True,True,plane,0.92,0.92,5ffa2d92d0ac4eda,9530f304d9b17e1c,9eec7815f22c35d8,,,
goal,scene_0026,both,human:aaron_test,oracle,tokens,1,False,,200,True,True,168,True,True,True,akita_black_bowl_1,True,plate_2,True,0.026,akita_black_bowl_1,plate_2,True,True,plane,0.92,0.92,5ffa2d92d0ac4eda,a263caef8f281cbe,89864f9595230cd5,,,
goal,scene_0026,both,human:aaron_test,oracle,tokens,2,False,,200,True,True,174,True,True,True,akita_black_bowl_1,True,plate_2,True,0.0262,akita_black_bowl_1,plate_2,True,True,plane,0.92,0.92,5ffa2d92d0ac4eda,6f5e1a0d953e2c6e,18e84500c29bb403,,,
goal,scene_0026,both,human:aaron_test,oracle,tokens,3,False,,200,True,True,174,True,True,True,akita_black_bowl_1,True,plate_2,True,0.0262,akita_black_bowl_1,plate_2,True,True,plane,0.92,0.92,5ffa2d92d0ac4eda,2f573a30a6fa2bb0,ba11463d6f676431,,,
goal,scene_0026,both,human:aaron_test,oracle,tokens,4,False,,200,False,False,168,True,True,True,akita_black_bowl_1,True,plate_2,True,0.0264,akita_black_bowl_1,plate_2,True,True,plane,0.92,0.92,5ffa2d92d0ac4eda,2575de954e2c280e,19bb825cc541b141,,,
goal,scene_0026,both,human:aaron_test,oracle,tokens,5,False,,200,False,False,168,True,True,True,akita_black_bowl_1,True,plate_2,True,0.0264,akita_black_bowl_1,plate_2,True,True,plane,0.92,0.92,5ffa2d92d0ac4eda,790c3b3c65873334,a14c737c97633728,,,
goal,scene_0026,both,human:aaron_test,oracle,tokens,6,False,,200,False,False,168,True,True,True,akita_black_bowl_1,True,plate_2,True,0.0264,akita_black_bowl_1,plate_2,True,True,plane,0.92,0.92,5ffa2d92d0ac4eda,ff0999f1586b04a2,4ffe77194cdb0c2d,,,
goal,scene_0026,both,human:aaron_test,oracle,tokens,7,False,,200,True,True,174,True,True,True,akita_black_bowl_1,True,plate_2,True,0.0262,akita_black_bowl_1,plate_2,True,True,plane,0.92,0.92,5ffa2d92d0ac4eda,7de73155c3e91b08,bcac982724ff3376,,,
goal,scene_0026,both,human:aaron_test,oracle,tokens,8,False,,200,False,False,,True,True,True,akita_black_bowl_1,True,plate_2,True,0.0265,akita_black_bowl_1,plate_2,True,True,plane,0.92,0.92,5ffa2d92d0ac4eda,0caaa2281fa7d3be,976b43fdeac4b58f,,,
goal,scene_0026,both,human:aaron_test,oracle,tokens,9,False,,200,True,True,175,True,True,True,akita_black_bowl_1,True,plate_2,True,0.0264,akita_black_bowl_1,plate_2,True,True,plane,0.92,0.92,5ffa2d92d0ac4eda,d00dc085a0e352dd,e12f2ac475359d6d,,,
goal,scene_0033,both,auto,oracle,tokens,0,False,,200,False,False,,True,True,True,akita_black_bowl_2,False,akita_black_bowl_2,True,0.0,cream_cheese_1,akita_black_bowl_2,False,True,plane,0.92,0.92,279ab1a55a89305e,39457d18ff95ae09,c807bf61cae1c0e5,,,
goal,scene_0033,both,auto,oracle,tokens,1,False,,200,False,False,,True,True,True,akita_black_bowl_2,False,akita_black_bowl_2,True,0.0,cream_cheese_1,akita_black_bowl_2,False,True,plane,0.92,0.92,279ab1a55a89305e,cc5bc29b5b610836,e7df3d2801aff0b5,,,
goal,scene_0033,both,auto,oracle,tokens,2,False,,200,False,False,,True,True,True,akita_black_bowl_2,False,akita_black_bowl_2,True,0.0,cream_cheese_1,akita_black_bowl_2,False,True,plane,0.92,0.92,279ab1a55a89305e,c133b9a7e469e8a4,eb57f96112fb5ee9,,,
goal,scene_0033,both,auto,oracle,tokens,3,False,,200,False,False,,True,True,True,akita_black_bowl_2,False,akita_black_bowl_2,True,0.0,cream_cheese_1,akita_black_bowl_2,False,True,plane,0.92,0.92,279ab1a55a89305e,6205f4165f164b00,b5f9f40700c3408a,,,
goal,scene_0033,both,auto,oracle,tokens,4,False,,200,False,False,,True,True,True,akita_black_bowl_2,False,akita_black_bowl_2,True,0.0,cream_cheese_1,akita_black_bowl_2,False,True,plane,0.92,0.92,279ab1a55a89305e,2f190d2bd2965ccc,0ab2dd8d7e2ff9a5,,,
goal,scene_0033,both,auto,oracle,tokens,5,False,,200,False,False,,True,True,True,akita_black_bowl_2,False,akita_black_bowl_2,True,0.0,cream_cheese_1,akita_black_bowl_2,False,True,plane,0.92,0.92,279ab1a55a89305e,3f716d72cba0e403,951bcb39b2388421,,,
goal,scene_0033,both,auto,oracle,tokens,6,False,,200,False,False,,True,True,True,akita_black_bowl_2,False,akita_black_bowl_2,True,0.0,cream_cheese_1,akita_black_bowl_2,False,True,plane,0.92,0.92,279ab1a55a89305e,80d79687345b8e21,f5e8cd528045bc44,,,
goal,scene_0033,both,auto,oracle,tokens,7,False,,200,False,False,,True,True,True,akita_black_bowl_2,False,akita_black_bowl_2,True,0.0,cream_cheese_1,akita_black_bowl_2,False,True,plane,0.92,0.92,279ab1a55a89305e,47508b51cd1d794c,07ba97b72113992c,,,
goal,scene_0033,both,auto,oracle,tokens,8,False,,200,False,False,,True,True,True,akita_black_bowl_2,False,akita_black_bowl_2,True,0.0,cream_cheese_1,akita_black_bowl_2,False,True,plane,0.92,0.92,279ab1a55a89305e,ad23584e273c6b8a,8fb3c1186d5b4ed8,,,
goal,scene_0033,both,auto,oracle,tokens,9,False,,200,False,False,,True,True,True,akita_black_bowl_2,False,akita_black_bowl_2,True,0.0,cream_cheese_1,akita_black_bowl_2,False,True,plane,0.92,0.92,279ab1a55a89305e,4a2880b25a412ca1,2100edfb4c153d05,,,
goal,scene_0033,both,human:aaron_test,oracle,tokens,0,False,,200,False,False,,True,False,False,,False,,False,0.1515,cream_cheese_1,akita_black_bowl_2,,,plane,0.92,0.92,279ab1a55a89305e,3e16763e28e2f9d2,79ddc09f17fd0a46,,,
goal,scene_0033,both,human:aaron_test,oracle,tokens,1,False,,200,False,False,,True,False,False,,False,,False,0.1516,cream_cheese_1,akita_black_bowl_2,,,plane,0.92,0.92,279ab1a55a89305e,8759b07e327fc6d8,165434311d7b885a,,,
goal,scene_0033,both,human:aaron_test,oracle,tokens,2,False,,200,False,False,,True,False,False,,False,,False,0.1516,cream_cheese_1,akita_black_bowl_2,,,plane,0.92,0.92,279ab1a55a89305e,3bc5bb1065ba4f24,7a3b241f75499df8,,,
goal,scene_0033,both,human:aaron_test,oracle,tokens,3,False,,200,False,False,,True,False,False,,False,,False,0.1516,cream_cheese_1,akita_black_bowl_2,,,plane,0.92,0.92,279ab1a55a89305e,f4e52f279d80df64,b2369733f23b461f,,,
goal,scene_0033,both,human:aaron_test,oracle,tokens,4,False,,200,False,False,,True,False,False,,False,,False,0.1517,cream_cheese_1,akita_black_bowl_2,,,plane,0.92,0.92,279ab1a55a89305e,857cfd73fc48e539,dd242bcd77cb7ba7,,,
goal,scene_0033,both,human:aaron_test,oracle,tokens,5,False,,200,False,False,,True,False,False,,False,,False,0.1517,cream_cheese_1,akita_black_bowl_2,,,plane,0.92,0.92,279ab1a55a89305e,6f90083acdd662a4,63c20233c39c1272,,,
goal,scene_0033,both,human:aaron_test,oracle,tokens,6,False,,200,False,False,,True,False,False,,False,,False,0.1519,cream_cheese_1,akita_black_bowl_2,,,plane,0.92,0.92,279ab1a55a89305e,c00fd163e0fd6e25,d96e8a1a7557a78c,,,
goal,scene_0033,both,human:aaron_test,oracle,tokens,7,False,,200,False,False,,True,False,False,,False,,False,0.1527,cream_cheese_1,akita_black_bowl_2,,,plane,0.92,0.92,279ab1a55a89305e,55d0c56360a4c537,ec32e7d1cc8e6495,,,
goal,scene_0033,both,human:aaron_test,oracle,tokens,8,False,,200,False,False,,True,False,False,,False,,False,0.1521,cream_cheese_1,akita_black_bowl_2,,,plane,0.92,0.92,279ab1a55a89305e,7d8042279f0d91f2,5ff9ef2d1b717bc6,,,
goal,scene_0033,both,human:aaron_test,oracle,tokens,9,False,,200,False,False,,True,False,False,,False,,False,0.1523,cream_cheese_1,akita_black_bowl_2,,,plane,0.92,0.92,279ab1a55a89305e,8c5816e12f196acc,5a770a88ef458aa3,,,
goal,scene_0034,both,auto,oracle,tokens,0,False,,200,True,True,166,True,True,True,akita_black_bowl_1,True,plate_1,True,0.0176,akita_black_bowl_1,plate_1,True,True,plane,0.92,0.92,f5a16e4edc475053,1cd54106525c5214,72f25c9afb294b18,,,
goal,scene_0034,both,auto,oracle,tokens,1,False,,200,True,True,166,True,True,True,akita_black_bowl_1,True,plate_1,True,0.017,akita_black_bowl_1,plate_1,True,True,plane,0.92,0.92,f5a16e4edc475053,5fc91bb5492675cc,4b1772a3fd0d38b4,,,
goal,scene_0034,both,auto,oracle,tokens,2,False,,200,True,True,166,True,True,True,akita_black_bowl_1,True,plate_1,True,0.0179,akita_black_bowl_1,plate_1,True,True,plane,0.92,0.92,f5a16e4edc475053,c583488666f688ac,9d00a7ca9317e216,,,
goal,scene_0034,both,auto,oracle,tokens,3,False,,200,True,True,166,True,True,True,akita_black_bowl_1,True,plate_1,True,0.018,akita_black_bowl_1,plate_1,True,True,plane,0.92,0.92,f5a16e4edc475053,d0c3509d79579516,57de7f965642747c,,,
goal,scene_0034,both,auto,oracle,tokens,4,False,,200,True,True,166,True,True,True,akita_black_bowl_1,True,plate_1,True,0.0179,akita_black_bowl_1,plate_1,True,True,plane,0.92,0.92,f5a16e4edc475053,cb1a6dd87fdebc0b,a497829181847ac4,,,
goal,scene_0034,both,auto,oracle,tokens,5,False,,200,True,True,166,True,True,True,akita_black_bowl_1,True,plate_1,True,0.0179,akita_black_bowl_1,plate_1,True,True,plane,0.92,0.92,f5a16e4edc475053,6192a87b8bef6b06,506aa8f6edae47b5,,,
goal,scene_0034,both,auto,oracle,tokens,6,False,,200,True,True,166,True,True,True,akita_black_bowl_1,True,plate_1,True,0.0177,akita_black_bowl_1,plate_1,True,True,plane,0.92,0.92,f5a16e4edc475053,0eb297cb6455767d,08cbe69c560467a2,,,
goal,scene_0034,both,auto,oracle,tokens,7,False,,200,True,True,166,True,True,True,akita_black_bowl_1,True,plate_1,True,0.0166,akita_black_bowl_1,plate_1,True,True,plane,0.92,0.92,f5a16e4edc475053,a06db5ea7284d797,6ecba7e65bc5484d,,,
goal,scene_0034,both,auto,oracle,tokens,8,False,,200,True,True,166,True,True,True,akita_black_bowl_1,True,plate_1,True,0.0168,akita_black_bowl_1,plate_1,True,True,plane,0.92,0.92,f5a16e4edc475053,240d531263aa47f5,99973d886caaf0bf,,,
goal,scene_0034,both,auto,oracle,tokens,9,False,,200,True,True,166,True,True,True,akita_black_bowl_1,True,plate_1,True,0.0169,akita_black_bowl_1,plate_1,True,True,plane,0.92,0.92,f5a16e4edc475053,98eb289f5a024070,e262c33ff5ed5b5c,,,
goal,scene_0034,both,human:aaron_test,oracle,tokens,0,False,,200,False,False,,True,True,True,akita_black_bowl_4,False,plate_1,True,0.0499,akita_black_bowl_4,plate_1,True,True,plane,0.92,0.92,f5a16e4edc475053,e0c48d187787162b,2d03c103d7345928,,,
goal,scene_0034,both,human:aaron_test,oracle,tokens,1,False,,200,False,False,,True,True,True,akita_black_bowl_4,False,plate_1,True,0.0485,akita_black_bowl_4,plate_1,True,True,plane,0.92,0.92,f5a16e4edc475053,35103e53da7d09bd,b272c3f5d14984ed,,,
goal,scene_0034,both,human:aaron_test,oracle,tokens,2,False,,200,False,False,,True,True,True,akita_black_bowl_4,False,plate_1,True,0.0488,akita_black_bowl_4,plate_1,True,True,plane,0.92,0.92,f5a16e4edc475053,4cc8143a2f33d6ec,29da5d43a6b8c39e,,,
goal,scene_0034,both,human:aaron_test,oracle,tokens,3,False,,200,False,False,,True,True,True,akita_black_bowl_4,False,plate_1,True,0.0492,akita_black_bowl_4,plate_1,True,True,plane,0.92,0.92,f5a16e4edc475053,b4dab4858b47a000,e877f772887c6210,,,
goal,scene_0034,both,human:aaron_test,oracle,tokens,4,False,,200,False,False,,True,True,True,akita_black_bowl_4,False,plate_1,True,0.0492,akita_black_bowl_4,plate_1,True,True,plane,0.92,0.92,f5a16e4edc475053,f9fd6c9aca71c1e0,05011f54e15b4e45,,,
goal,scene_0034,both,human:aaron_test,oracle,tokens,5,False,,200,False,False,,True,True,True,akita_black_bowl_4,False,plate_1,True,0.0491,akita_black_bowl_4,plate_1,True,True,plane,0.92,0.92,f5a16e4edc475053,98abef709ab1a635,851d82fcb3afc337,,,
goal,scene_0034,both,human:aaron_test,oracle,tokens,6,False,,200,False,False,,True,True,True,akita_black_bowl_4,False,plate_1,True,0.0492,akita_black_bowl_4,plate_1,True,True,plane,0.92,0.92,f5a16e4edc475053,ada2a98edd1fef8c,5539f92975ed3701,,,
goal,scene_0034,both,human:aaron_test,oracle,tokens,7,False,,200,False,False,,True,True,True,akita_black_bowl_4,False,plate_1,True,0.0491,akita_black_bowl_4,plate_1,True,True,plane,0.92,0.92,f5a16e4edc475053,ca2c38d7be17b043,68f08e78fe99a165,,,
goal,scene_0034,both,human:aaron_test,oracle,tokens,8,False,,200,False,False,,True,True,True,akita_black_bowl_4,False,plate_1,True,0.0494,akita_black_bowl_4,plate_1,True,True,plane,0.92,0.92,f5a16e4edc475053,fe7eee5071e7d98c,b56ceba3e6412d6a,,,
goal,scene_0034,both,human:aaron_test,oracle,tokens,9,False,,200,False,False,,True,True,True,akita_black_bowl_4,False,plate_1,True,0.0494,akita_black_bowl_4,plate_1,True,True,plane,0.92,0.92,f5a16e4edc475053,a09b87c7bf0f8658,0f405c577f137ef8,,,
