suite,dir,tier,condition,policy,sketch_route,rollout_idx,skipped,skip_reason,n_steps,success_final,success_sustained,first_success_step,grasp_success_flag,grasped_any,lifted,grasped_instance,correct_instance_grasped,nearest_destination,correct_destination,terminal_dist_xy,sketch_referent_object,sketch_referent_destination,sketch_fidelity_object,sketch_fidelity_destination,deproject,z_pick,z_place,init_state_hash,init_warmstart_hash,final_state_hash,n_infer_calls,infer_ms_mean,pi05_sketch_mode,prompt_type
spatial,scene_0000,control,text_only,pi05,tokens,0,False,,240,False,False,,True,True,True,akita_black_bowl_1,True,,False,0.2764,,,,,plane,,,d1b42b0dcd62c359,6ca719971eabe548,7a034c417273ed73,48,85.8,none,explicit
spatial,scene_0000,control,text_only,pi05,tokens,1,False,,240,False,False,,True,True,True,akita_black_bowl_1,True,,False,0.2817,,,,,plane,,,d1b42b0dcd62c359,f1c8fa372d2424ee,050c4d2002839385,48,85.9,none,explicit
spatial,scene_0000,control,text_only,pi05,tokens,2,False,,240,False,False,,True,True,True,akita_black_bowl_1,True,,False,0.3604,,,,,plane,,,d1b42b0dcd62c359,3827b0bcc1f54b4e,976b0bab3be2e9fa,48,86.4,none,explicit
spatial,scene_0000,control,text_only,pi05,tokens,3,False,,240,False,False,,True,True,True,akita_black_bowl_1,True,,False,0.3508,,,,,plane,,,d1b42b0dcd62c359,04784c35f3c88b59,93eb20f6ad340a72,48,86.7,none,explicit
spatial,scene_0000,control,text_only,pi05,tokens,4,False,,240,False,False,,True,True,True,akita_black_bowl_1,True,,False,0.2871,,,,,plane,,,d1b42b0dcd62c359,9185be794dd3fd2f,b757762ee22f019a,48,84.9,none,explicit
spatial,scene_0000,control,text_only,pi05,tokens,5,False,,240,False,False,,True,True,True,akita_black_bowl_1,True,,False,0.3375,,,,,plane,,,d1b42b0dcd62c359,3fd11840db13691e,b91ca5305ce2c9cf,48,84.4,none,explicit
spatial,scene_0000,control,text_only,pi05,tokens,6,False,,240,False,False,,True,True,True,akita_black_bowl_1,True,,False,0.249,,,,,plane,,,d1b42b0dcd62c359,c2b4d503baa1da77,bc333e0d8f2db09a,48,87.1,none,explicit
spatial,scene_0000,control,text_only,pi05,tokens,7,False,,240,False,False,,True,True,True,akita_black_bowl_1,True,,False,0.2753,,,,,plane,,,d1b42b0dcd62c359,0bbf1451a280a4d1,998ae2f7d1a59340,48,85.8,none,explicit
spatial,scene_0000,control,text_only,pi05,tokens,8,False,,240,False,False,,True,True,True,akita_black_bowl_1,True,,False,0.283,,,,,plane,,,d1b42b0dcd62c359,3fc44d880086bbae,fb9becdd03288dad,48,85.7,none,explicit
spatial,scene_0000,control,text_only,pi05,tokens,9,False,,240,False,False,,True,True,True,akita_black_bowl_1,True,,False,0.2812,,,,,plane,,,d1b42b0dcd62c359,52b67dbd7ea1d2ff,7d8048c67dc9c33c,48,86.7,none,explicit
spatial,scene_0000,control,text_only,pi05,tokens,10,False,,240,False,False,,True,True,True,akita_black_bowl_1,True,,False,0.2853,,,,,plane,,,d1b42b0dcd62c359,40bcb0d75dcc4249,b26d6987d4aa37e1,48,87.4,none,explicit
spatial,scene_0000,control,text_only,pi05,tokens,11,False,,240,False,False,,True,True,True,akita_black_bowl_1,True,,False,0.2822,,,,,plane,,,d1b42b0dcd62c359,a3d776c84cdd6683,edea78db4621d76a,48,92.6,none,explicit
spatial,scene_0000,control,text_only,pi05,tokens,12,False,,240,False,False,,True,True,True,akita_black_bowl_1,True,,False,0.2658,,,,,plane,,,d1b42b0dcd62c359,5cccf5c0c97581cc,df73b21cbab829f6,48,87.2,none,explicit
spatial,scene_0000,control,text_only,pi05,tokens,13,False,,240,False,False,,True,True,True,akita_black_bowl_1,True,,False,0.252,,,,,plane,,,d1b42b0dcd62c359,9ab92bdf8cb2efd5,d038fda32399fd31,48,87.3,none,explicit
spatial,scene_0001,control,text_only,pi05,tokens,0,False,,240,True,True,89,True,True,True,akita_black_bowl_1,True,plate_1,True,0.0115,,,,,plane,,,52a969ecb73b891c,a8dbc733bc912815,9e279f6533b6285c,48,86.6,none,explicit
spatial,scene_0001,control,text_only,pi05,tokens,1,False,,240,True,True,99,True,True,True,akita_black_bowl_1,True,plate_1,True,0.0135,,,,,plane,,,52a969ecb73b891c,02202946f3e79125,2fed15b444ab20a9,48,87.2,none,explicit
spatial,scene_0001,control,text_only,pi05,tokens,2,False,,240,True,True,94,True,True,True,akita_black_bowl_1,True,plate_1,True,0.0131,,,,,plane,,,52a969ecb73b891c,504af06501132513,e8c579098e664d17,48,87.4,none,explicit
spatial,scene_0001,control,text_only,pi05,tokens,3,False,,240,True,True,88,True,True,True,akita_black_bowl_1,True,plate_1,True,0.0159,,,,,plane,,,52a969ecb73b891c,8e9782869432aa3e,22ef11c545d4cfa8,48,86.5,none,explicit
spatial,scene_0001,control,text_only,pi05,tokens,4,False,,240,True,True,89,True,True,True,akita_black_bowl_1,True,plate_1,True,0.0183,,,,,plane,,,52a969ecb73b891c,6150356f4e20519f,5220e6a9481c4433,48,87.3,none,explicit
spatial,scene_0001,control,text_only,pi05,tokens,5,False,,240,True,True,97,True,True,True,akita_black_bowl_1,True,plate_1,True,0.0094,,,,,plane,,,52a969ecb73b891c,b953ac818220aa04,072147cf3bb7e77c,48,87.0,none,explicit
spatial,scene_0001,control,text_only,pi05,tokens,6,False,,240,True,True,92,True,True,True,akita_black_bowl_1,True,plate_1,True,0.0062,,,,,plane,,,52a969ecb73b891c,c3f7d82dca5e22e1,7f42b9c9e97006c8,48,87.0,none,explicit
spatial,scene_0001,control,text_only,pi05,tokens,7,False,,240,True,True,91,True,True,True,akita_black_bowl_1,True,plate_1,True,0.0118,,,,,plane,,,52a969ecb73b891c,8a9ab5079cf053a1,71d286414662acdc,48,87.4,none,explicit
spatial,scene_0001,control,text_only,pi05,tokens,8,False,,240,True,True,88,True,True,True,akita_black_bowl_1,True,plate_1,True,0.0143,,,,,plane,,,52a969ecb73b891c,3beb9d394a9e102b,f871107c091c8ee1,48,86.8,none,explicit
spatial,scene_0001,control,text_only,pi05,tokens,9,False,,240,True,True,97,True,True,True,akita_black_bowl_1,True,plate_1,True,0.0243,,,,,plane,,,52a969ecb73b891c,f08d383a67fb24b8,1c4823d5b91205de,48,87.4,none,explicit
spatial,scene_0001,control,text_only,pi05,tokens,10,False,,240,True,True,95,True,True,True,akita_black_bowl_1,True,plate_1,True,0.0158,,,,,plane,,,52a969ecb73b891c,30dc5523fb667e12,28c31dee0d84e905,48,87.3,none,explicit
spatial,scene_0001,control,text_only,pi05,tokens,11,False,,240,True,True,96,True,True,True,akita_black_bowl_1,True,plate_1,True,0.015,,,,,plane,,,52a969ecb73b891c,709a4ee5e726fa16,62f1850d97e2fce4,48,88.1,none,explicit
spatial,scene_0001,control,text_only,pi05,tokens,12,False,,240,True,True,91,True,True,True,akita_black_bowl_1,True,plate_1,True,0.0128,,,,,plane,,,52a969ecb73b891c,6beab700bb8cc86b,4b3188dca994493a,48,88.0,none,explicit
spatial,scene_0001,control,text_only,pi05,tokens,13,False,,240,True,True,96,True,True,True,akita_black_bowl_1,True,plate_1,True,0.0111,,,,,plane,,,52a969ecb73b891c,958ce96adfb056a6,b1e62467fe486a78,48,87.3,none,explicit
spatial,scene_0002,control,text_only,pi05,tokens,0,False,,240,True,False,233,True,True,True,akita_black_bowl_1,True,plate_1,True,0.0253,,,,,plane,,,d623ad20cb2fe88c,c5f80fbf3fb09647,dbed7cc2490369e0,48,87.5,none,explicit
spatial,scene_0002,control,text_only,pi05,tokens,1,False,,240,False,True,128,True,True,True,akita_black_bowl_1,True,plate_1,True,0.0142,,,,,plane,,,d623ad20cb2fe88c,14a0f2cfde513707,0d9036688655975a,48,87.9,none,explicit
spatial,scene_0002,control,text_only,pi05,tokens,2,False,,240,False,False,,True,True,True,akita_black_bowl_1,True,plate_1,True,0.0492,,,,,plane,,,d623ad20cb2fe88c,4bcfe7b5f67d95d8,d236218eccf693d1,48,88.7,none,explicit
spatial,scene_0002,control,text_only,pi05,tokens,3,False,,240,False,False,,True,True,True,akita_black_bowl_1,True,plate_1,True,0.0448,,,,,plane,,,d623ad20cb2fe88c,02072165e37b173b,83fcc6cf75ed60b0,48,90.0,none,explicit
spatial,scene_0002,control,text_only,pi05,tokens,4,False,,240,False,False,,True,True,True,akita_black_bowl_1,True,,False,0.0983,,,,,plane,,,d623ad20cb2fe88c,7ea4f92720b02fbb,df7b3ca6866b4d29,48,90.4,none,explicit
spatial,scene_0002,control,text_only,pi05,tokens,5,False,,240,False,False,,True,True,True,akita_black_bowl_1,True,,False,0.1265,,,,,plane,,,d623ad20cb2fe88c,25f8f8ba34222b2d,09f7087db5183d36,48,88.7,none,explicit
spatial,scene_0002,control,text_only,pi05,tokens,6,False,,240,True,True,174,True,True,True,akita_black_bowl_1,True,plate_1,True,0.0167,,,,,plane,,,d623ad20cb2fe88c,a4b1823fa32ed0e7,ad0f4bc5c8fdb14b,48,90.6,none,explicit
spatial,scene_0002,control,text_only,pi05,tokens,7,False,,240,False,False,,True,True,True,akita_black_bowl_1,True,,False,0.1005,,,,,plane,,,d623ad20cb2fe88c,db7e0f852eef5218,231130ef3a108818,48,89.6,none,explicit
spatial,scene_0002,control,text_only,pi05,tokens,8,False,,240,True,True,218,True,True,True,akita_black_bowl_1,True,plate_1,True,0.0253,,,,,plane,,,d623ad20cb2fe88c,6dc19baaf0ade0ce,c459d1fc7180fed3,48,90.2,none,explicit
spatial,scene_0002,control,text_only,pi05,tokens,9,False,,240,True,True,160,True,True,True,akita_black_bowl_1,True,plate_1,True,0.0204,,,,,plane,,,d623ad20cb2fe88c,607e03c148e231d8,af2b379435d2d70a,48,88.3,none,explicit
spatial,scene_0002,control,text_only,pi05,tokens,10,False,,240,True,True,177,True,True,True,akita_black_bowl_1,True,plate_1,True,0.0156,,,,,plane,,,d623ad20cb2fe88c,dd176c8db291ab0f,05f20cb359f9a821,48,88.7,none,explicit
spatial,scene_0002,control,text_only,pi05,tokens,11,False,,240,False,False,,True,True,True,akita_black_bowl_1,True,plate_1,True,0.0421,,,,,plane,,,d623ad20cb2fe88c,a81f9941aaa8edac,9df4bf041097b7af,48,88.7,none,explicit
spatial,scene_0002,control,text_only,pi05,tokens,12,False,,240,False,False,,True,True,True,akita_black_bowl_1,True,plate_1,True,0.0101,,,,,plane,,,d623ad20cb2fe88c,5c42523e1732b353,b15e50ee5f1bafba,48,88.9,none,explicit
spatial,scene_0002,control,text_only,pi05,tokens,13,False,,240,False,False,,True,True,True,akita_black_bowl_1,True,plate_1,True,0.0282,,,,,plane,,,d623ad20cb2fe88c,1d6f560dcf8f8353,46d849065f1bc69e,48,89.1,none,explicit
spatial,scene_0003,control,text_only,pi05,tokens,0,False,,240,False,False,,True,True,True,akita_black_bowl_1,True,plate_1,True,0.0797,,,,,plane,,,48f86918170bf94c,b9d8631afb3d839b,b93265741cdf9415,48,91.0,none,explicit
spatial,scene_0003,control,text_only,pi05,tokens,1,False,,240,False,False,,True,True,True,akita_black_bowl_1,True,,False,0.1079,,,,,plane,,,48f86918170bf94c,40abc68eaa1e3f10,05bd54a062edd772,48,90.4,none,explicit
spatial,scene_0003,control,text_only,pi05,tokens,2,False,,240,False,False,,True,True,True,akita_black_bowl_1,True,plate_1,True,0.0552,,,,,plane,,,48f86918170bf94c,b4d2f8d92a1f4462,97116ed92d0c1122,48,90.9,none,explicit
spatial,scene_0003,control,text_only,pi05,tokens,3,False,,240,False,False,,True,True,True,akita_black_bowl_1,True,,False,0.1132,,,,,plane,,,48f86918170bf94c,a33bd94ccca7d74f,7170980efa2012d9,48,89.8,none,explicit
spatial,scene_0003,control,text_only,pi05,tokens,4,False,,240,False,False,,True,True,True,akita_black_bowl_1,True,plate_1,True,0.0354,,,,,plane,,,48f86918170bf94c,26ac5489f02c72e3,deb4bb4a46720e07,48,91.6,none,explicit
spatial,scene_0003,control,text_only,pi05,tokens,5,False,,240,False,False,,True,True,True,akita_black_bowl_1,True,plate_1,True,0.0716,,,,,plane,,,48f86918170bf94c,96c81fed39006950,609ddb010adb606b,48,89.9,none,explicit
spatial,scene_0003,control,text_only,pi05,tokens,6,False,,240,True,True,207,True,True,True,akita_black_bowl_1,True,plate_1,True,0.0219,,,,,plane,,,48f86918170bf94c,ce189d0699ddbc3e,ce51c86e47207010,48,89.4,none,explicit
spatial,scene_0003,control,text_only,pi05,tokens,7,False,,240,False,False,,True,False,False,,False,,False,0.1153,,,,,plane,,,48f86918170bf94c,9cde958e49293628,431aa93ed342e8f6,48,90.9,none,explicit
spatial,scene_0003,control,text_only,pi05,tokens,8,False,,240,False,False,,True,True,True,akita_black_bowl_1,True,plate_1,True,0.0459,,,,,plane,,,48f86918170bf94c,cad797795a39e3d5,99c4912d473a4aa9,48,90.2,none,explicit
spatial,scene_0003,control,text_only,pi05,tokens,9,False,,240,False,False,,True,True,True,akita_black_bowl_1,True,,False,0.1072,,,,,plane,,,48f86918170bf94c,b05066a6b6b8b995,283b2bdc81c41c66,48,90.9,none,explicit
spatial,scene_0003,control,text_only,pi05,tokens,10,False,,240,False,False,,True,False,False,,False,,False,0.1129,,,,,plane,,,48f86918170bf94c,f0de145248b0df52,985162c4f640e795,48,90.6,none,explicit
spatial,scene_0003,control,text_only,pi05,tokens,11,False,,240,False,False,,True,True,True,akita_black_bowl_1,True,plate_1,True,0.0569,,,,,plane,,,48f86918170bf94c,ff67958008a6bdc3,af9d724a0988027d,48,87.6,none,explicit
spatial,scene_0003,control,text_only,pi05,tokens,12,False,,240,True,False,236,True,True,True,akita_black_bowl_1,True,plate_1,True,0.0193,,,,,plane,,,48f86918170bf94c,a24871e2ddc4d20f,84e685dd71a22bc0,48,87.4,none,explicit
spatial,scene_0003,control,text_only,pi05,tokens,13,False,,240,False,False,,True,False,False,,False,,False,0.1187,,,,,plane,,,48f86918170bf94c,87704eb2320f6fe0,c9311f53941d5756,48,87.1,none,explicit
spatial,scene_0004,control,text_only,pi05,tokens,0,False,,240,False,True,99,True,True,True,akita_black_bowl_1,True,plate_1,True,0.0172,,,,,plane,,,1720ae1e3a2db4e0,601746b001029534,b306dc9eb4356fab,48,87.3,none,explicit
spatial,scene_0004,control,text_only,pi05,tokens,1,False,,240,True,True,89,True,True,True,akita_black_bowl_1,True,plate_1,True,0.0089,,,,,plane,,,1720ae1e3a2db4e0,38b4908379ba43f9,9bd59e085fec4d64,48,88.1,none,explicit
spatial,scene_0004,control,text_only,pi05,tokens,2,False,,240,False,False,,True,True,True,akita_black_bowl_1,True,plate_1,True,0.0478,,,,,plane,,,1720ae1e3a2db4e0,dca28b5ffc47fa17,6cccbbcc0425274c,48,87.0,none,explicit
spatial,scene_0004,control,text_only,pi05,tokens,3,False,,240,True,True,193,True,True,True,akita_black_bowl_1,True,plate_1,True,0.0185,,,,,plane,,,1720ae1e3a2db4e0,f597913ebe601831,7d68e0f7d4a2549a,48,86.9,none,explicit
spatial,scene_0004,control,text_only,pi05,tokens,4,False,,240,True,True,110,True,True,True,akita_black_bowl_1,True,plate_1,True,0.0194,,,,,plane,,,1720ae1e3a2db4e0,f37196957cf3e33a,b377544fed2f44ff,48,86.3,none,explicit
spatial,scene_0004,control,text_only,pi05,tokens,5,False,,240,True,True,89,True,True,True,akita_black_bowl_1,True,plate_1,True,0.0179,,,,,plane,,,1720ae1e3a2db4e0,e34e94af7355aa28,aef0d389380bd4fd,48,88.4,none,explicit
spatial,scene_0004,control,text_only,pi05,tokens,6,False,,240,True,True,92,True,True,True,akita_black_bowl_1,True,plate_1,True,0.022,,,,,plane,,,1720ae1e3a2db4e0,ed002d561307425e,d896cb4bd6b82f5f,48,86.8,none,explicit
spatial,scene_0004,control,text_only,pi05,tokens,7,False,,240,True,True,92,True,True,True,akita_black_bowl_1,True,plate_1,True,0.0119,,,,,plane,,,1720ae1e3a2db4e0,2a1770a25a35c887,1303c449dba4808c,48,86.5,none,explicit
spatial,scene_0004,control,text_only,pi05,tokens,8,False,,240,True,True,131,True,True,True,akita_black_bowl_1,True,plate_1,True,0.0151,,,,,plane,,,1720ae1e3a2db4e0,47ff7618f446f533,e4366e03e760acbf,48,87.5,none,explicit
spatial,scene_0004,control,text_only,pi05,tokens,9,False,,240,True,True,99,True,True,True,akita_black_bowl_1,True,plate_1,True,0.0137,,,,,plane,,,1720ae1e3a2db4e0,bb0d5bd83da3e5df,66abc00f191c1fbe,48,87.4,none,explicit
spatial,scene_0004,control,text_only,pi05,tokens,10,False,,240,True,True,110,True,True,True,akita_black_bowl_1,True,plate_1,True,0.0129,,,,,plane,,,1720ae1e3a2db4e0,e7697dcdf4a56d93,031e05b6032a5c97,48,86.9,none,explicit
spatial,scene_0004,control,text_only,pi05,tokens,11,False,,240,True,True,106,True,True,True,akita_black_bowl_1,True,plate_1,True,0.0164,,,,,plane,,,1720ae1e3a2db4e0,16e72267ea211bf2,532269d91e4c9dcf,48,86.9,none,explicit
spatial,scene_0004,control,text_only,pi05,tokens,12,False,,240,True,True,127,True,True,True,akita_black_bowl_1,True,plate_1,True,0.007,,,,,plane,,,1720ae1e3a2db4e0,8da5210c29c94bfe,a0a8ea924400d4a1,48,87.8,none,explicit
spatial,scene_0004,control,text_only,pi05,tokens,13,False,,240,True,True,105,True,True,True,akita_black_bowl_1,True,plate_1,True,0.0167,,,,,plane,,,1720ae1e3a2db4e0,d9c04ec8157e7df8,305a3df1de4f992c,48,87.3,none,explicit
spatial,scene_0005,referential,text_only,pi05,tokens,0,False,,240,True,True,111,True,True,True,akita_black_bowl_2,True,plate_1,True,0.0093,,,,,plane,,,f0dc1eb55adde9e8,f6f3499b5b0addd6,2687f03f68ef0be3,48,88.9,none,explicit
spatial,scene_0005,referential,text_only,pi05,tokens,1,False,,240,True,True,113,True,True,True,akita_black_bowl_2,True,plate_1,True,0.0094,,,,,plane,,,f0dc1eb55adde9e8,9d0698ec836f50fd,1d91946705ffa23d,48,86.6,none,explicit
spatial,scene_0005,referential,text_only,pi05,tokens,2,False,,240,False,False,,True,True,True,akita_black_bowl_2,True,,False,0.2148,,,,,plane,,,f0dc1eb55adde9e8,68502b58cfc3b320,2dd14b5b469bd3ab,48,87.1,none,explicit
spatial,scene_0005,referential,text_only,pi05,tokens,3,False,,240,True,True,108,True,True,True,akita_black_bowl_2,True,plate_1,True,0.0167,,,,,plane,,,f0dc1eb55adde9e8,fcbf3040e88d120f,86708c803c0b371e,48,87.6,none,explicit
spatial,scene_0005,referential,text_only,pi05,tokens,4,False,,240,False,False,,True,True,True,akita_black_bowl_2,True,,False,0.1894,,,,,plane,,,f0dc1eb55adde9e8,1e9ae242f7c6ecc7,64e0c9c85ae37009,48,88.1,none,explicit
spatial,scene_0005,referential,text_only,pi05,tokens,5,False,,240,False,False,,True,True,True,akita_black_bowl_2,True,,False,0.2098,,,,,plane,,,f0dc1eb55adde9e8,3536104589f26c18,d043569c8fbf4843,48,88.2,none,explicit
spatial,scene_0005,referential,text_only,pi05,tokens,6,False,,240,True,True,112,True,True,True,akita_black_bowl_2,True,plate_1,True,0.0129,,,,,plane,,,f0dc1eb55adde9e8,eee260c0a0f12480,856eb8973ce7b0d9,48,90.5,none,explicit
spatial,scene_0005,referential,text_only,pi05,tokens,7,False,,240,False,False,,True,True,True,akita_black_bowl_2,True,,False,0.2122,,,,,plane,,,f0dc1eb55adde9e8,3b34013358d488e3,10ba7c197df2da2a,48,88.6,none,explicit
spatial,scene_0005,referential,text_only,pi05,tokens,8,False,,240,False,False,,True,True,True,akita_black_bowl_2,True,,False,0.2343,,,,,plane,,,f0dc1eb55adde9e8,613fb58291da3068,2d08a4cb32e27712,48,87.0,none,explicit
spatial,scene_0005,referential,text_only,pi05,tokens,9,False,,240,True,True,110,True,True,True,akita_black_bowl_2,True,plate_1,True,0.0125,,,,,plane,,,f0dc1eb55adde9e8,8cae340f659e8b45,a78efb482a75bfe7,48,86.0,none,explicit
spatial,scene_0005,referential,text_only,pi05,tokens,10,False,,240,False,False,,True,True,True,akita_black_bowl_2,True,,False,0.2123,,,,,plane,,,f0dc1eb55adde9e8,c274c0db9d4a6a48,dae67d308f7cdbd1,48,87.6,none,explicit
spatial,scene_0005,referential,text_only,pi05,tokens,11,False,,240,True,True,112,True,True,True,akita_black_bowl_2,True,plate_1,True,0.011,,,,,plane,,,f0dc1eb55adde9e8,091e29497e7fee13,7d5b73e0336c3e08,48,87.7,none,explicit
spatial,scene_0005,referential,text_only,pi05,tokens,12,False,,240,False,False,,True,True,True,akita_black_bowl_2,True,,False,0.2062,,,,,plane,,,f0dc1eb55adde9e8,48a1d76a7c02d60d,60b663784ceba28b,48,88.7,none,explicit
spatial,scene_0005,referential,text_only,pi05,tokens,13,False,,240,True,True,109,True,True,True,akita_black_bowl_2,True,plate_1,True,0.0105,,,,,plane,,,f0dc1eb55adde9e8,aca82d450c391119,838ac222e6dc19cf,48,87.1,none,explicit
spatial,scene_0006,referential,text_only,pi05,tokens,0,False,,240,False,False,,True,True,True,akita_black_bowl_1,True,plate_1,True,0.0686,,,,,plane,,,b1712668a66d84e4,4ef10dbc31bbfa0b,f13f787a57edafa0,48,88.1,none,explicit
spatial,scene_0006,referential,text_only,pi05,tokens,1,False,,240,False,False,,True,True,True,akita_black_bowl_1,True,,False,0.1101,,,,,plane,,,b1712668a66d84e4,766054b4de5c0dbf,b0523b673e18abe1,48,88.5,none,explicit
spatial,scene_0006,referential,text_only,pi05,tokens,2,False,,240,False,False,,True,True,True,akita_black_bowl_1,True,,False,0.1874,,,,,plane,,,b1712668a66d84e4,c89a95571c6150e8,109d6baab5e7e4c7,48,88.0,none,explicit
spatial,scene_0006,referential,text_only,pi05,tokens,3,False,,240,False,False,,True,True,True,akita_black_bowl_1,True,plate_1,True,0.0472,,,,,plane,,,b1712668a66d84e4,7178a841e417f492,b5bc94045a4877f9,48,88.3,none,explicit
spatial,scene_0006,referential,text_only,pi05,tokens,4,False,,240,False,False,,True,True,True,akita_black_bowl_2,False,plate_1,True,0.0101,,,,,plane,,,b1712668a66d84e4,736918cc6fd6df40,6a90a757ba592246,48,87.3,none,explicit
spatial,scene_0006,referential,text_only,pi05,tokens,5,False,,240,False,False,,True,True,True,akita_black_bowl_1,True,,False,0.2271,,,,,plane,,,b1712668a66d84e4,88b5606ca357948b,6e2068b4c4737359,48,88.2,none,explicit
spatial,scene_0006,referential,text_only,pi05,tokens,6,False,,240,False,False,,True,True,True,akita_black_bowl_1,True,,False,0.2501,,,,,plane,,,b1712668a66d84e4,51a02bb8bb13de67,42aa3024c463e7ef,48,87.3,none,explicit
spatial,scene_0006,referential,text_only,pi05,tokens,7,False,,240,False,False,,True,True,True,akita_black_bowl_2,False,plate_1,True,0.0108,,,,,plane,,,b1712668a66d84e4,5238811a3eea8273,9aa3d5f8f3f881d1,48,88.6,none,explicit
spatial,scene_0006,referential,text_only,pi05,tokens,8,False,,240,False,False,,True,True,True,akita_black_bowl_1,True,,False,0.2181,,,,,plane,,,b1712668a66d84e4,71ca3d422637ec1d,1356c4fa693c1408,48,87.0,none,explicit
spatial,scene_0006,referential,text_only,pi05,tokens,9,False,,240,False,False,,True,True,True,akita_black_bowl_2,False,plate_1,True,0.0071,,,,,plane,,,b1712668a66d84e4,4241065312ee43fa,3a2810b527eb1278,48,86.3,none,explicit
spatial,scene_0006,referential,text_only,pi05,tokens,10,False,,240,False,False,,True,True,True,akita_black_bowl_2,False,plate_1,True,0.0076,,,,,plane,,,b1712668a66d84e4,3631d0947862329a,57167717bdd09d2d,48,85.6,none,explicit
spatial,scene_0006,referential,text_only,pi05,tokens,11,False,,240,False,False,,True,True,True,akita_black_bowl_2,False,plate_1,True,0.0058,,,,,plane,,,b1712668a66d84e4,cfb66070b11f977e,df26db983ef29d2f,48,86.8,none,explicit
spatial,scene_0006,referential,text_only,pi05,tokens,12,False,,240,False,False,,True,True,True,akita_black_bowl_1,True,,False,0.0817,,,,,plane,,,b1712668a66d84e4,36e717a73c205134,7858c8fae957e662,48,87.2,none,explicit
spatial,scene_0006,referential,text_only,pi05,tokens,13,False,,240,False,False,,True,True,True,akita_black_bowl_1,True,,False,0.2476,,,,,plane,,,b1712668a66d84e4,5972b7f0a9a55911,1a4beb526c4957db,48,86.4,none,explicit
spatial,scene_0007,referential,text_only,pi05,tokens,0,False,,240,False,False,,True,True,True,glazed_rim_porcelain_ramekin_1,False,,False,0.3641,,,,,plane,,,fb0befc59668784e,1bc5e0ffe5a2281d,4c9973adecde3a23,48,89.0,none,explicit
spatial,scene_0007,referential,text_only,pi05,tokens,1,False,,240,False,False,,True,True,True,glazed_rim_porcelain_ramekin_1,False,,False,0.3609,,,,,plane,,,fb0befc59668784e,1091a38dffcbc926,08171ddea50e46ef,48,87.5,none,explicit
spatial,scene_0007,referential,text_only,pi05,tokens,2,False,,240,False,False,,True,True,True,glazed_rim_porcelain_ramekin_1,False,,False,0.3703,,,,,plane,,,fb0befc59668784e,47410ecdf8765f9f,ff25c7b99a535af3,48,87.8,none,explicit
spatial,scene_0007,referential,text_only,pi05,tokens,3,False,,240,False,False,,True,True,True,glazed_rim_porcelain_ramekin_1,False,,False,0.3604,,,,,plane,,,fb0befc59668784e,c9ac272be904141a,8d533b0a2d8b477e,48,88.9,none,explicit
spatial,scene_0007,referential,text_only,pi05,tokens,4,False,,240,False,False,,True,True,True,glazed_rim_porcelain_ramekin_1,False,,False,0.3523,,,,,plane,,,fb0befc59668784e,6c789656235e71c7,72f234619a0625e1,48,88.7,none,explicit
spatial,scene_0007,referential,text_only,pi05,tokens,5,False,,240,False,False,,True,True,True,glazed_rim_porcelain_ramekin_1,False,,False,0.3602,,,,,plane,,,fb0befc59668784e,473333966cedef88,5ff2d34194aa8d29,48,88.0,none,explicit
spatial,scene_0007,referential,text_only,pi05,tokens,6,False,,240,False,False,,True,True,True,glazed_rim_porcelain_ramekin_1,False,,False,0.3887,,,,,plane,,,fb0befc59668784e,2c70115fd1295bc2,c8dcacf48917ca5b,48,88.9,none,explicit
spatial,scene_0007,referential,text_only,pi05,tokens,7,False,,240,False,False,,True,True,True,glazed_rim_porcelain_ramekin_1,False,,False,0.3585,,,,,plane,,,fb0befc59668784e,6f2dcee1b1cd87e6,dead3e1b19623a6e,48,86.1,none,explicit
spatial,scene_0007,referential,text_only,pi05,tokens,8,False,,240,False,False,,True,True,True,glazed_rim_porcelain_ramekin_1,False,,False,0.3213,,,,,plane,,,fb0befc59668784e,9590259e4e1b8714,42ce770d2949c276,48,86.6,none,explicit
spatial,scene_0007,referential,text_only,pi05,tokens,9,False,,240,False,False,,True,True,True,glazed_rim_porcelain_ramekin_1,False,,False,0.3553,,,,,plane,,,fb0befc59668784e,d1e96a318df3729a,2d8589e2f17542f4,48,87.0,none,explicit
spatial,scene_0007,referential,text_only,pi05,tokens,10,False,,240,False,False,,True,True,True,glazed_rim_porcelain_ramekin_1,False,,False,0.3685,,,,,plane,,,fb0befc59668784e,ca5038dd80424c50,45fb89070004f093,48,87.5,none,explicit
spatial,scene_0007,referential,text_only,pi05,tokens,11,False,,240,False,False,,True,True,True,glazed_rim_porcelain_ramekin_1,False,,False,0.4099,,,,,plane,,,fb0befc59668784e,55e281d1dca36fce,7068c111519a6ff3,48,87.0,none,explicit
spatial,scene_0007,referential,text_only,pi05,tokens,12,False,,240,False,False,,True,True,True,glazed_rim_porcelain_ramekin_1,False,,False,0.354,,,,,plane,,,fb0befc59668784e,f9dda29e0df6b17c,43607b531a4efe4c,48,86.9,none,explicit
spatial,scene_0007,referential,text_only,pi05,tokens,13,False,,240,False,False,,True,True,True,glazed_rim_porcelain_ramekin_1,False,,False,0.3571,,,,,plane,,,fb0befc59668784e,b4d0d6c90574fbc1,2d6bedb1bc1d827a,48,88.2,none,explicit
spatial,scene_0008,referential,text_only,pi05,tokens,0,False,,240,False,False,,True,True,True,akita_black_bowl_2,True,,False,0.3011,,,,,plane,,,b5bc6f7854e8d826,ca30126df5e0fe7e,41eea089334c1cd2,48,87.1,none,explicit
spatial,scene_0008,referential,text_only,pi05,tokens,1,False,,240,False,False,,True,True,True,akita_black_bowl_2,True,,False,0.2304,,,,,plane,,,b5bc6f7854e8d826,0dad93904a59faba,a3c67885558b0dd5,48,87.7,none,explicit
spatial,scene_0008,referential,text_only,pi05,tokens,2,False,,240,False,False,,True,True,True,akita_black_bowl_2,True,,False,0.3184,,,,,plane,,,b5bc6f7854e8d826,dab7644732942784,a9d885267ea036a1,48,86.9,none,explicit
spatial,scene_0008,referential,text_only,pi05,tokens,3,False,,240,False,False,,True,True,True,akita_black_bowl_2,True,,False,0.2978,,,,,plane,,,b5bc6f7854e8d826,a9eaf040dd21102e,65aa80de6331a086,48,87.5,none,explicit
spatial,scene_0008,referential,text_only,pi05,tokens,4,False,,240,False,False,,True,True,True,akita_black_bowl_2,True,,False,0.2726,,,,,plane,,,b5bc6f7854e8d826,ca3343f57c7fd374,b11bc6f92fe3e286,48,87.5,none,explicit
spatial,scene_0008,referential,text_only,pi05,tokens,5,False,,240,False,False,,True,True,True,akita_black_bowl_2,True,,False,0.366,,,,,plane,,,b5bc6f7854e8d826,dbd32520c25d7522,342543c3761679be,48,89.4,none,explicit
spatial,scene_0008,referential,text_only,pi05,tokens,6,False,,240,False,False,,True,True,True,akita_black_bowl_2,True,,False,0.242,,,,,plane,,,b5bc6f7854e8d826,1be49129f98d4118,a815b38631cb661e,48,87.9,none,explicit
spatial,scene_0008,referential,text_only,pi05,tokens,7,False,,240,False,False,,True,True,True,akita_black_bowl_2,True,,False,0.27,,,,,plane,,,b5bc6f7854e8d826,139b8acc6e06efba,b50af6eb1a86f19f,48,88.4,none,explicit
spatial,scene_0008,referential,text_only,pi05,tokens,8,False,,240,False,False,,True,True,True,akita_black_bowl_2,True,,False,0.2903,,,,,plane,,,b5bc6f7854e8d826,2890821be69152f3,595f13dcdd16076f,48,87.5,none,explicit
spatial,scene_0008,referential,text_only,pi05,tokens,9,False,,240,False,False,,True,True,True,akita_black_bowl_2,True,,False,0.2694,,,,,plane,,,b5bc6f7854e8d826,77a5cb952c3e4923,676daa0fb1048350,48,88.0,none,explicit
spatial,scene_0008,referential,text_only,pi05,tokens,10,False,,240,False,False,,True,True,True,akita_black_bowl_2,True,,False,0.3224,,,,,plane,,,b5bc6f7854e8d826,d1c13bb0b39be7ed,396c043a58f238f7,48,86.4,none,explicit
spatial,scene_0008,referential,text_only,pi05,tokens,11,False,,240,False,False,,True,True,True,akita_black_bowl_2,True,,False,0.1408,,,,,plane,,,b5bc6f7854e8d826,2e9a69a30ec3fcab,325f85a0678a12d1,48,86.1,none,explicit
spatial,scene_0008,referential,text_only,pi05,tokens,12,False,,240,False,False,,True,True,True,akita_black_bowl_2,True,,False,0.2834,,,,,plane,,,b5bc6f7854e8d826,947cbf71e3884f02,d3f179ea22e04d5d,48,88.2,none,explicit
spatial,scene_0008,referential,text_only,pi05,tokens,13,False,,240,False,False,,True,True,True,akita_black_bowl_2,True,,False,0.2916,,,,,plane,,,b5bc6f7854e8d826,cffdc15f338c0bed,1f53075e93a92197,48,87.9,none,explicit
spatial,scene_0009,referential,text_only,pi05,tokens,0,False,,240,True,True,88,True,True,True,akita_black_bowl_2,True,plate_1,True,0.0098,,,,,plane,,,2ab3a665f4a9fe53,18c6128657ed8e01,8214e356267ea4b3,48,88.6,none,explicit
spatial,scene_0009,referential,text_only,pi05,tokens,1,False,,240,False,False,,True,True,True,akita_black_bowl_1,False,plate_1,True,0.0211,,,,,plane,,,2ab3a665f4a9fe53,3d26e698ea20af26,09df5e67a3578a8c,48,89.5,none,explicit
spatial,scene_0009,referential,text_only,pi05,tokens,2,False,,240,False,False,,True,True,True,glazed_rim_porcelain_ramekin_1,False,plate_1,True,0.0255,,,,,plane,,,2ab3a665f4a9fe53,f3e30038b48a80b6,be77e6dffb37c616,48,87.0,none,explicit
spatial,scene_0009,referential,text_only,pi05,tokens,3,False,,240,False,False,,True,True,True,akita_black_bowl_1,False,plate_1,True,0.0213,,,,,plane,,,2ab3a665f4a9fe53,111cefd8249ab352,4dce115e5a9f746f,48,87.3,none,explicit
spatial,scene_0009,referential,text_only,pi05,tokens,4,False,,240,True,True,88,True,True,True,akita_black_bowl_2,True,plate_1,True,0.0139,,,,,plane,,,2ab3a665f4a9fe53,6c23488fb05ed623,04ff7f3cc6b573a6,48,85.3,none,explicit
spatial,scene_0009,referential,text_only,pi05,tokens,5,False,,240,True,True,87,True,True,True,akita_black_bowl_2,True,plate_1,True,0.0087,,,,,plane,,,2ab3a665f4a9fe53,d99d728168da93d0,d9b858ec1234f672,48,86.1,none,explicit
spatial,scene_0009,referential,text_only,pi05,tokens,6,False,,240,False,False,,True,True,True,glazed_rim_porcelain_ramekin_1,False,plate_1,True,0.0056,,,,,plane,,,2ab3a665f4a9fe53,a05ee9c1b1a10061,ad1d45f45620fa3d,48,87.2,none,explicit
spatial,scene_0009,referential,text_only,pi05,tokens,7,False,,240,True,True,89,True,True,True,akita_black_bowl_2,True,plate_1,True,0.0176,,,,,plane,,,2ab3a665f4a9fe53,5d9819579ed9a374,ea37e81762f8eda0,48,86.7,none,explicit
spatial,scene_0009,referential,text_only,pi05,tokens,8,False,,240,False,False,,True,True,True,glazed_rim_porcelain_ramekin_1,False,plate_1,True,0.0177,,,,,plane,,,2ab3a665f4a9fe53,2b2a98c45277d6e1,61e23007379e4512,48,87.7,none,explicit
spatial,scene_0009,referential,text_only,pi05,tokens,9,False,,240,True,True,90,True,True,True,akita_black_bowl_2,True,plate_1,True,0.0123,,,,,plane,,,2ab3a665f4a9fe53,cb2c7c1e77b364c3,b8748828bc31b775,48,86.2,none,explicit
spatial,scene_0009,referential,text_only,pi05,tokens,10,False,,240,False,False,,True,True,True,glazed_rim_porcelain_ramekin_1,False,plate_1,True,0.0219,,,,,plane,,,2ab3a665f4a9fe53,b6df85b96ec6805c,2283cd20c30c1d73,48,86.7,none,explicit
spatial,scene_0009,referential,text_only,pi05,tokens,11,False,,240,False,False,,True,True,True,glazed_rim_porcelain_ramekin_1,False,plate_1,True,0.0135,,,,,plane,,,2ab3a665f4a9fe53,a0f0893eb9b9f63e,34fea8d0ba7c3813,48,86.5,none,explicit
spatial,scene_0009,referential,text_only,pi05,tokens,12,False,,240,False,False,,True,True,True,akita_black_bowl_1,False,plate_1,True,0.0193,,,,,plane,,,2ab3a665f4a9fe53,7e5e05aab9ba0e9a,37617580a99d97b3,48,86.1,none,explicit
spatial,scene_0009,referential,text_only,pi05,tokens,13,False,,240,True,True,90,True,True,True,akita_black_bowl_2,True,plate_1,True,0.0137,,,,,plane,,,2ab3a665f4a9fe53,59649fdbe65491aa,0cc54b98f6016795,48,85.9,none,explicit
spatial,scene_0010,referential,text_only,pi05,tokens,0,False,,240,False,False,,True,True,True,akita_black_bowl_1,False,,False,0.3818,,,,,plane,,,da9b7cfe6a551244,b7a0f886955645d6,fd7e125bbb911f7c,48,88.3,none,explicit
spatial,scene_0010,referential,text_only,pi05,tokens,1,False,,240,False,False,,True,True,True,akita_black_bowl_3,True,,False,0.334,,,,,plane,,,da9b7cfe6a551244,e99ee20fdd476687,fba0ad66a675bcaf,48,86.9,none,explicit
spatial,scene_0010,referential,text_only,pi05,tokens,2,False,,240,False,False,,True,True,True,akita_black_bowl_3,True,,False,0.2637,,,,,plane,,,da9b7cfe6a551244,a6e3f18537827a68,45e62c81b05cc227,48,86.7,none,explicit
spatial,scene_0010,referential,text_only,pi05,tokens,3,False,,240,False,False,,True,True,True,akita_black_bowl_1,False,,False,0.3919,,,,,plane,,,da9b7cfe6a551244,bd7bf24b06d846e1,6279e609ce2e3477,48,87.2,none,explicit
spatial,scene_0010,referential,text_only,pi05,tokens,4,False,,240,False,False,,True,True,True,akita_black_bowl_1,False,,False,0.388,,,,,plane,,,da9b7cfe6a551244,9eb116310a98fe5c,e2d0d297e36c8dc0,48,86.7,none,explicit
spatial,scene_0010,referential,text_only,pi05,tokens,5,False,,240,False,False,,True,True,True,akita_black_bowl_3,True,,False,0.1706,,,,,plane,,,da9b7cfe6a551244,e1d4edbe1a60623d,c38f8e4dd5026072,48,87.4,none,explicit
spatial,scene_0010,referential,text_only,pi05,tokens,6,False,,240,False,False,,True,True,True,akita_black_bowl_3,True,,False,0.3821,,,,,plane,,,da9b7cfe6a551244,e393f439ffaaf90d,f4d81b50c561ebf9,48,88.4,none,explicit
spatial,scene_0010,referential,text_only,pi05,tokens,7,False,,240,True,True,103,True,True,True,akita_black_bowl_3,True,plate_1,True,0.0218,,,,,plane,,,da9b7cfe6a551244,e81f48957a828c05,99f667555c482bb3,48,87.3,none,explicit
spatial,scene_0010,referential,text_only,pi05,tokens,8,False,,240,False,False,,True,True,True,akita_black_bowl_1,False,,False,0.3924,,,,,plane,,,da9b7cfe6a551244,4a2f88e555334f89,b9e9a93298ed836c,48,86.7,none,explicit
spatial,scene_0010,referential,text_only,pi05,tokens,9,False,,240,False,False,,True,True,True,akita_black_bowl_3,True,,False,0.3611,,,,,plane,,,da9b7cfe6a551244,2b618cf45ef980c3,1327df35f0f6e691,48,86.8,none,explicit
spatial,scene_0010,referential,text_only,pi05,tokens,10,False,,240,False,False,,True,True,True,akita_black_bowl_1,False,,False,0.3855,,,,,plane,,,da9b7cfe6a551244,483807ce24d74891,ce7d5912333a3ffb,48,87.2,none,explicit
spatial,scene_0010,referential,text_only,pi05,tokens,11,False,,240,False,False,,True,True,True,akita_black_bowl_1,False,,False,0.3777,,,,,plane,,,da9b7cfe6a551244,9937b11baeeb2297,b12ffea4af3c083d,48,87.5,none,explicit
spatial,scene_0010,referential,text_only,pi05,tokens,12,False,,240,False,False,,True,True,True,akita_black_bowl_1,False,,False,0.3814,,,,,plane,,,da9b7cfe6a551244,4badc0b8608c447f,5ca31c26f69c1771,48,86.3,none,explicit
spatial,scene_0010,referential,text_only,pi05,tokens,13,False,,240,False,False,,True,True,True,akita_black_bowl_3,True,,False,0.2118,,,,,plane,,,da9b7cfe6a551244,8b467e5ae90b3bb6,5cad908ca4acc5af,48,87.4,none,explicit
spatial,scene_0011,referential,text_only,pi05,tokens,0,False,,240,False,False,,True,True,True,akita_black_bowl_3,True,plate_1,True,0.0287,,,,,plane,,,f8634dbe1cf1c475,2cfe21383408e772,d12c0aa8e4d41193,48,88.5,none,explicit
spatial,scene_0011,referential,text_only,pi05,tokens,1,False,,240,True,True,122,True,True,True,akita_black_bowl_3,True,plate_1,True,0.021,,,,,plane,,,f8634dbe1cf1c475,44c7dc9e5e696c52,c69957d5256edc3d,48,87.6,none,explicit
spatial,scene_0011,referential,text_only,pi05,tokens,2,False,,240,True,True,120,True,True,True,akita_black_bowl_3,True,plate_1,True,0.0153,,,,,plane,,,f8634dbe1cf1c475,4306ba017acf4e69,189bf331ad096f5d,48,87.7,none,explicit
spatial,scene_0011,referential,text_only,pi05,tokens,3,False,,240,True,True,112,True,True,True,akita_black_bowl_3,True,plate_1,True,0.0117,,,,,plane,,,f8634dbe1cf1c475,a2ca38d5fafb2018,0795524be3d420a2,48,88.1,none,explicit
spatial,scene_0011,referential,text_only,pi05,tokens,4,False,,240,False,True,188,True,True,True,akita_black_bowl_3,True,plate_1,True,0.0209,,,,,plane,,,f8634dbe1cf1c475,920b69c82e069d24,57c8772ce9b3f9ba,48,88.0,none,explicit
spatial,scene_0011,referential,text_only,pi05,tokens,5,False,,240,True,True,125,True,True,True,akita_black_bowl_3,True,plate_1,True,0.0256,,,,,plane,,,f8634dbe1cf1c475,7da959866771e3be,9a852a578cf2583d,48,87.9,none,explicit
spatial,scene_0011,referential,text_only,pi05,tokens,6,False,,240,False,False,,True,True,True,akita_black_bowl_3,True,plate_1,True,0.0261,,,,,plane,,,f8634dbe1cf1c475,7f27fbba9623ea3c,1d8fd13e2d35c2b3,48,87.5,none,explicit
spatial,scene_0011,referential,text_only,pi05,tokens,7,False,,240,True,True,125,True,True,True,akita_black_bowl_3,True,plate_1,True,0.0221,,,,,plane,,,f8634dbe1cf1c475,4de3552d41c9e5e4,c0cdbe53013a8a00,48,86.9,none,explicit
spatial,scene_0011,referential,text_only,pi05,tokens,8,False,,240,True,True,114,True,True,True,akita_black_bowl_3,True,plate_1,True,0.0246,,,,,plane,,,f8634dbe1cf1c475,66dede3fc7ce2d0b,55d7a5255bd75987,48,86.6,none,explicit
spatial,scene_0011,referential,text_only,pi05,tokens,9,False,,240,True,True,105,True,True,True,akita_black_bowl_3,True,plate_1,True,0.0142,,,,,plane,,,f8634dbe1cf1c475,d88f5595f12a9ecf,873066d89e814877,48,87.4,none,explicit
spatial,scene_0011,referential,text_only,pi05,tokens,10,False,,240,True,True,128,True,True,True,akita_black_bowl_3,True,plate_1,True,0.02,,,,,plane,,,f8634dbe1cf1c475,445a85a5fac0b809,2cd8d33219e7d6d6,48,87.2,none,explicit
spatial,scene_0011,referential,text_only,pi05,tokens,11,False,,240,True,True,105,True,True,True,akita_black_bowl_3,True,plate_1,True,0.0156,,,,,plane,,,f8634dbe1cf1c475,283207fadede3ca6,461a25529513d229,48,86.3,none,explicit
spatial,scene_0011,referential,text_only,pi05,tokens,12,False,,240,True,True,111,True,True,True,akita_black_bowl_3,True,plate_1,True,0.013,,,,,plane,,,f8634dbe1cf1c475,01b10af5504fa14a,fb7a7aa10e8a69ee,48,86.8,none,explicit
spatial,scene_0011,referential,text_only,pi05,tokens,13,False,,240,True,True,117,True,True,True,akita_black_bowl_3,True,plate_1,True,0.0202,,,,,plane,,,f8634dbe1cf1c475,5673b92e0ad7fd2b,1b37acde64b5b5a6,48,87.4,none,explicit
spatial,scene_0012,referential,text_only,pi05,tokens,0,False,,240,False,False,,True,True,True,akita_black_bowl_3,False,,False,0.1211,,,,,plane,,,82492353d93beba8,a7dad866de06c52d,7c2b46cbeb67229a,48,87.1,none,explicit
spatial,scene_0012,referential,text_only,pi05,tokens,1,False,,240,False,False,,True,True,True,akita_black_bowl_3,False,plate_1,True,0.0207,,,,,plane,,,82492353d93beba8,284dc85d089fea74,97933f786828623e,48,88.0,none,explicit
spatial,scene_0012,referential,text_only,pi05,tokens,2,False,,240,False,False,,True,True,True,akita_black_bowl_3,False,,False,0.1315,,,,,plane,,,82492353d93beba8,a13b2deb3b7fed92,9375dc0a063f97f3,48,86.9,none,explicit
spatial,scene_0012,referential,text_only,pi05,tokens,3,False,,240,False,False,,True,True,True,akita_black_bowl_3,False,plate_1,True,0.0102,,,,,plane,,,82492353d93beba8,1e55f796f9e664fa,1dcb4477bcf68964,48,87.6,none,explicit
spatial,scene_0012,referential,text_only,pi05,tokens,4,False,,240,False,False,,True,True,True,akita_black_bowl_3,False,plate_1,True,0.0315,,,,,plane,,,82492353d93beba8,90811a2de9e21098,c12d3d9ac3a96349,48,87.1,none,explicit
spatial,scene_0012,referential,text_only,pi05,tokens,5,False,,240,False,False,,True,True,True,akita_black_bowl_3,False,,False,0.1405,,,,,plane,,,82492353d93beba8,5a2cf1654c38bd79,cbb051242a3d41a9,48,86.7,none,explicit
spatial,scene_0012,referential,text_only,pi05,tokens,6,False,,240,False,False,,True,True,True,akita_black_bowl_3,False,,False,0.1177,,,,,plane,,,82492353d93beba8,935e51c45de0f4c9,fcf752e577e8cd52,48,88.0,none,explicit
spatial,scene_0012,referential,text_only,pi05,tokens,7,False,,240,False,False,,True,True,True,akita_black_bowl_3,False,,False,0.1315,,,,,plane,,,82492353d93beba8,b613dbb52088fc70,ef232bcd7bbe74c3,48,86.8,none,explicit
spatial,scene_0012,referential,text_only,pi05,tokens,8,False,,240,False,False,,True,True,True,akita_black_bowl_3,False,,False,0.1365,,,,,plane,,,82492353d93beba8,775caab282797787,8bb79771a8e51ae6,48,88.0,none,explicit
spatial,scene_0012,referential,text_only,pi05,tokens,9,False,,240,False,False,,True,True,True,akita_black_bowl_3,False,,False,0.1554,,,,,plane,,,82492353d93beba8,390027c4ce57b064,c8eb70a89a24cace,48,85.8,none,explicit
spatial,scene_0012,referential,text_only,pi05,tokens,10,False,,240,False,False,,True,True,True,akita_black_bowl_3,False,,False,0.1531,,,,,plane,,,82492353d93beba8,d43698eaa1464b19,d0b1dcdcebb638b9,48,86.1,none,explicit
spatial,scene_0012,referential,text_only,pi05,tokens,11,False,,240,False,False,,True,True,True,akita_black_bowl_3,False,,False,0.1547,,,,,plane,,,82492353d93beba8,53fc42e6c6d74f99,176de2d3f6ced561,48,87.2,none,explicit
spatial,scene_0012,referential,text_only,pi05,tokens,12,False,,240,False,False,,True,True,True,akita_black_bowl_3,False,,False,0.159,,,,,plane,,,82492353d93beba8,2e4fba1688714e22,3653dc26276ada75,48,87.3,none,explicit
spatial,scene_0012,referential,text_only,pi05,tokens,13,False,,240,False,False,,True,True,True,akita_black_bowl_3,False,,False,0.1371,,,,,plane,,,82492353d93beba8,0779708c00913bce,312bc5bf5405d2a4,48,87.0,none,explicit
spatial,scene_0013,referential,text_only,pi05,tokens,0,False,,240,True,True,147,True,True,True,akita_black_bowl_2,True,plate_1,True,0.0194,,,,,plane,,,044dbe92450117a9,98d7385ad332a7fd,8b91d46672bdeb88,48,88.3,none,explicit
spatial,scene_0013,referential,text_only,pi05,tokens,1,False,,240,True,True,77,True,True,True,akita_black_bowl_2,True,plate_1,True,0.0111,,,,,plane,,,044dbe92450117a9,86ad4cebd5ee761a,9e22d57989e6c83d,48,87.2,none,explicit
spatial,scene_0013,referential,text_only,pi05,tokens,2,False,,240,True,True,113,True,True,True,akita_black_bowl_2,True,plate_1,True,0.0169,,,,,plane,,,044dbe92450117a9,4222260ac981a2c0,e2295a31bedc68b5,48,97.4,none,explicit
spatial,scene_0013,referential,text_only,pi05,tokens,3,False,,240,False,True,74,True,True,True,akita_black_bowl_2,True,,False,0.108,,,,,plane,,,044dbe92450117a9,7f91c7f7ac0b9036,61cc4d2d4127c1ef,48,87.1,none,explicit
spatial,scene_0013,referential,text_only,pi05,tokens,4,False,,240,True,True,76,True,True,True,akita_black_bowl_2,True,plate_1,True,0.0214,,,,,plane,,,044dbe92450117a9,94b7e9c8400ef158,26a6def0b41fd8b1,48,87.3,none,explicit
spatial,scene_0013,referential,text_only,pi05,tokens,5,False,,240,True,True,79,True,True,True,akita_black_bowl_2,True,plate_1,True,0.0149,,,,,plane,,,044dbe92450117a9,f0aa5f7444b41485,57d8058ef3d15a5a,48,86.3,none,explicit
spatial,scene_0013,referential,text_only,pi05,tokens,6,False,,240,False,True,77,True,True,True,akita_black_bowl_2,True,,False,0.1203,,,,,plane,,,044dbe92450117a9,3196aac597bb7ade,9b68a11ad6721643,48,86.3,none,explicit
spatial,scene_0013,referential,text_only,pi05,tokens,7,False,,240,True,True,116,True,True,True,akita_black_bowl_2,True,plate_1,True,0.0171,,,,,plane,,,044dbe92450117a9,da99bd4e6a5525cf,7024f9e0a4218f65,48,86.7,none,explicit
spatial,scene_0013,referential,text_only,pi05,tokens,8,False,,240,True,True,74,True,True,True,akita_black_bowl_2,True,plate_1,True,0.0213,,,,,plane,,,044dbe92450117a9,bfd3ed13a728242e,da7116a7b8f5e9ec,48,85.3,none,explicit
spatial,scene_0013,referential,text_only,pi05,tokens,9,False,,240,False,False,,True,True,True,akita_black_bowl_2,True,,False,0.2035,,,,,plane,,,044dbe92450117a9,5381ae237303794e,aff2d1e97dd19aac,48,87.8,none,explicit
spatial,scene_0013,referential,text_only,pi05,tokens,10,False,,240,False,False,,True,True,True,akita_black_bowl_2,True,,False,0.2112,,,,,plane,,,044dbe92450117a9,eaa13bc0f2711cd9,6a75fc6678b65a48,48,86.8,none,explicit
spatial,scene_0013,referential,text_only,pi05,tokens,11,False,,240,False,False,,True,True,True,akita_black_bowl_1,False,plate_1,True,0.0317,,,,,plane,,,044dbe92450117a9,9678a38696dfb863,c90d04eb00e44ef3,48,85.5,none,explicit
spatial,scene_0013,referential,text_only,pi05,tokens,12,False,,240,True,True,79,True,True,True,akita_black_bowl_2,True,plate_1,True,0.0163,,,,,plane,,,044dbe92450117a9,27edc87daa2e8318,8f9ef54465f077d5,48,87.4,none,explicit
spatial,scene_0013,referential,text_only,pi05,tokens,13,False,,240,True,True,121,True,True,True,akita_black_bowl_2,True,plate_1,True,0.0102,,,,,plane,,,044dbe92450117a9,d46df6645fec5066,82518ea800d98314,48,87.4,none,explicit
spatial,scene_0014,referential,text_only,pi05,tokens,0,False,,240,False,False,,True,True,True,akita_black_bowl_1,False,plate_1,True,0.0073,,,,,plane,,,6dcf92f4c3f012da,402d369b9b73b069,2b0af32de9d9d132,48,88.3,none,explicit
spatial,scene_0014,referential,text_only,pi05,tokens,1,False,,240,False,False,,True,True,True,akita_black_bowl_1,False,plate_1,True,0.021,,,,,plane,,,6dcf92f4c3f012da,48ff377fdafbc27c,06cdab044a80ef5b,48,88.1,none,explicit
spatial,scene_0014,referential,text_only,pi05,tokens,2,False,,240,False,True,102,True,True,True,akita_black_bowl_5,True,plate_1,True,0.0385,,,,,plane,,,6dcf92f4c3f012da,b0297cf49220cd98,2f89b90e7f63768d,48,88.6,none,explicit
spatial,scene_0014,referential,text_only,pi05,tokens,3,False,,240,False,False,,True,True,True,akita_black_bowl_5,True,,False,0.273,,,,,plane,,,6dcf92f4c3f012da,7554694bdd8d0085,f4b3596ed297570a,48,86.8,none,explicit
spatial,scene_0014,referential,text_only,pi05,tokens,4,False,,240,False,False,,True,True,True,akita_black_bowl_1,False,plate_1,True,0.0138,,,,,plane,,,6dcf92f4c3f012da,b3de0f11f6f0f190,1760dea79aa6bd52,48,87.1,none,explicit
spatial,scene_0014,referential,text_only,pi05,tokens,5,False,,240,True,True,96,True,True,True,akita_black_bowl_5,True,plate_1,True,0.0167,,,,,plane,,,6dcf92f4c3f012da,bf79a3750d8b2155,71fc41b0119d0403,48,88.0,none,explicit
spatial,scene_0014,referential,text_only,pi05,tokens,6,False,,240,True,True,130,True,True,True,akita_black_bowl_5,True,plate_1,True,0.01,,,,,plane,,,6dcf92f4c3f012da,7d941d59c3d74d5a,0c75c37dfd2c8088,48,86.8,none,explicit
spatial,scene_0014,referential,text_only,pi05,tokens,7,False,,240,False,False,,True,True,True,akita_black_bowl_1,False,plate_1,True,0.0015,,,,,plane,,,6dcf92f4c3f012da,13e82c61dc6719af,3786698b43d86294,48,85.5,none,explicit
spatial,scene_0014,referential,text_only,pi05,tokens,8,False,,240,False,False,,True,True,True,akita_black_bowl_1,False,plate_1,True,0.0657,,,,,plane,,,6dcf92f4c3f012da,9c8c6482f036edee,9c666f745b9224df,48,87.7,none,explicit
spatial,scene_0014,referential,text_only,pi05,tokens,9,False,,240,False,False,,True,True,True,akita_black_bowl_1,False,plate_1,True,0.0223,,,,,plane,,,6dcf92f4c3f012da,c2823c0ce4abc790,bc7928e88bc1ccb7,48,88.4,none,explicit
spatial,scene_0014,referential,text_only,pi05,tokens,10,False,,240,True,True,96,True,True,True,akita_black_bowl_5,True,plate_1,True,0.0037,,,,,plane,,,6dcf92f4c3f012da,17c37f97123a3526,4ab6ddcd7af0da89,48,86.6,none,explicit
spatial,scene_0014,referential,text_only,pi05,tokens,11,False,,240,False,False,,True,True,True,akita_black_bowl_1,False,plate_1,True,0.0029,,,,,plane,,,6dcf92f4c3f012da,07c384b1365daa3d,879e281582e68479,48,87.0,none,explicit
spatial,scene_0014,referential,text_only,pi05,tokens,12,False,,240,False,False,,True,True,True,akita_black_bowl_1,False,,False,0.2506,,,,,plane,,,6dcf92f4c3f012da,6a00d143e09bf7cd,ddf929c67f506159,48,86.9,none,explicit
spatial,scene_0014,referential,text_only,pi05,tokens,13,False,,240,False,False,,True,True,True,akita_black_bowl_1,False,plate_1,True,0.0095,,,,,plane,,,6dcf92f4c3f012da,3e2bd29c5de016d7,86dcb3815ec471d1,48,86.6,none,explicit
spatial,scene_0015,referential,text_only,pi05,tokens,0,False,,240,False,False,,True,True,True,akita_black_bowl_2,True,,False,0.3267,,,,,plane,,,847d955ddcd8b335,8ef5084d77bb0026,587b8f38234a661b,48,89.6,none,explicit
spatial,scene_0015,referential,text_only,pi05,tokens,1,False,,240,False,False,,True,True,True,akita_black_bowl_2,True,,False,0.2964,,,,,plane,,,847d955ddcd8b335,6e1855aaa281ba9f,939972f70f568b88,48,87.8,none,explicit
spatial,scene_0015,referential,text_only,pi05,tokens,2,False,,240,False,False,,True,True,True,akita_black_bowl_2,True,,False,0.2568,,,,,plane,,,847d955ddcd8b335,311b16a66976b0dc,fa0e901a65409633,48,88.9,none,explicit
spatial,scene_0015,referential,text_only,pi05,tokens,3,False,,240,False,False,,True,True,True,akita_black_bowl_2,True,,False,0.3101,,,,,plane,,,847d955ddcd8b335,0cf528fa3e866324,c7b12e2afc3e1e84,48,89.3,none,explicit
spatial,scene_0015,referential,text_only,pi05,tokens,4,False,,240,False,False,,True,True,True,akita_black_bowl_2,True,,False,0.3006,,,,,plane,,,847d955ddcd8b335,d261f1e9c3691bcd,5005c8eb2e45ef40,48,88.8,none,explicit
spatial,scene_0015,referential,text_only,pi05,tokens,5,False,,240,False,False,,True,True,True,akita_black_bowl_2,True,,False,0.2984,,,,,plane,,,847d955ddcd8b335,db4a576d332ea5d4,d890238d1c3089e7,48,86.7,none,explicit
spatial,scene_0015,referential,text_only,pi05,tokens,6,False,,240,False,False,,True,True,True,akita_black_bowl_2,True,,False,0.2543,,,,,plane,,,847d955ddcd8b335,54c3ed6c5c09d3de,431dd6b161cba51c,48,88.0,none,explicit
spatial,scene_0015,referential,text_only,pi05,tokens,7,False,,240,False,False,,True,True,True,akita_black_bowl_2,True,,False,0.3316,,,,,plane,,,847d955ddcd8b335,0f8039963d6f6972,90c42758ddab1463,48,88.3,none,explicit
spatial,scene_0015,referential,text_only,pi05,tokens,8,False,,240,False,False,,True,True,True,akita_black_bowl_2,True,,False,0.2939,,,,,plane,,,847d955ddcd8b335,6ea643b4ba6ac2a3,5127c77439f985f3,48,87.5,none,explicit
spatial,scene_0015,referential,text_only,pi05,tokens,9,False,,240,False,False,,True,True,True,akita_black_bowl_2,True,,False,0.292,,,,,plane,,,847d955ddcd8b335,9d52982c93b40282,688af48301d02b01,48,87.2,none,explicit
spatial,scene_0015,referential,text_only,pi05,tokens,10,False,,240,False,False,,True,True,True,akita_black_bowl_2,True,,False,0.2815,,,,,plane,,,847d955ddcd8b335,af6677dc8f2bf206,fa9e89d0846c36f0,48,88.9,none,explicit
spatial,scene_0015,referential,text_only,pi05,tokens,11,False,,240,False,False,,True,True,True,akita_black_bowl_2,True,,False,0.3442,,,,,plane,,,847d955ddcd8b335,5382f715852765f0,9e8080532598dc5e,48,87.4,none,explicit
spatial,scene_0015,referential,text_only,pi05,tokens,12,False,,240,False,False,,True,True,True,akita_black_bowl_2,True,,False,0.2754,,,,,plane,,,847d955ddcd8b335,73fe9bf58715aaf5,940d6714000a6b08,48,87.0,none,explicit
spatial,scene_0015,referential,text_only,pi05,tokens,13,False,,240,False,False,,True,True,True,akita_black_bowl_2,True,,False,0.3873,,,,,plane,,,847d955ddcd8b335,90a8b36c4f653385,41115806bda08053,48,89.4,none,explicit
spatial,scene_0016,referential,text_only,pi05,tokens,0,False,,240,False,False,,True,True,True,akita_black_bowl_3,False,plate_1,True,0.0114,,,,,plane,,,41430078024def33,84685b892179f63d,4aa0a8da6890c5ac,48,88.1,none,explicit
spatial,scene_0016,referential,text_only,pi05,tokens,1,False,,240,False,False,,True,True,True,akita_black_bowl_3,False,plate_1,True,0.0089,,,,,plane,,,41430078024def33,6e77ef4a94f8eb07,81d0745c29db9f96,48,87.3,none,explicit
spatial,scene_0016,referential,text_only,pi05,tokens,2,False,,240,False,False,,True,True,True,akita_black_bowl_3,False,plate_1,True,0.0057,,,,,plane,,,41430078024def33,cf953479297c77ba,9424a990b44722a2,48,88.2,none,explicit
spatial,scene_0016,referential,text_only,pi05,tokens,3,False,,240,False,False,,True,True,True,akita_black_bowl_3,False,plate_1,True,0.0701,,,,,plane,,,41430078024def33,dd41a7078b8dddcd,b93cf3b73ba64cb9,48,87.9,none,explicit
spatial,scene_0016,referential,text_only,pi05,tokens,4,False,,240,False,False,,True,True,True,akita_black_bowl_3,False,plate_1,True,0.0074,,,,,plane,,,41430078024def33,16404e23972070ed,8effef86e28c6200,48,87.6,none,explicit
spatial,scene_0016,referential,text_only,pi05,tokens,5,False,,240,False,False,,True,True,True,akita_black_bowl_3,False,plate_1,True,0.0192,,,,,plane,,,41430078024def33,86cf42affa23c53a,9ae5f8af4f8bfc2c,48,88.0,none,explicit
spatial,scene_0016,referential,text_only,pi05,tokens,6,False,,240,False,False,,True,True,True,akita_black_bowl_3,False,,False,0.1009,,,,,plane,,,41430078024def33,e37c437382f245df,4727377f68ea18e1,48,88.6,none,explicit
spatial,scene_0016,referential,text_only,pi05,tokens,7,False,,240,False,False,,True,True,True,akita_black_bowl_3,False,,False,0.1228,,,,,plane,,,41430078024def33,9945221e23932d2d,3ca91b19c2f826fb,48,88.3,none,explicit
spatial,scene_0016,referential,text_only,pi05,tokens,8,False,,240,False,False,,True,True,True,akita_black_bowl_3,False,,False,0.1346,,,,,plane,,,41430078024def33,eb24b3326e1e738b,976994db789c52ad,48,89.0,none,explicit
spatial,scene_0016,referential,text_only,pi05,tokens,9,False,,240,False,False,,True,True,True,akita_black_bowl_3,False,,False,0.1089,,,,,plane,,,41430078024def33,ca265fc6c6fd3910,c072b218b0584816,48,88.0,none,explicit
spatial,scene_0016,referential,text_only,pi05,tokens,10,False,,240,False,False,,True,True,True,akita_black_bowl_3,False,plate_1,True,0.0109,,,,,plane,,,41430078024def33,2395ab14af6f6136,32ecc6e07b7c2855,48,87.3,none,explicit
spatial,scene_0016,referential,text_only,pi05,tokens,11,False,,240,False,False,,True,True,True,akita_black_bowl_3,False,plate_1,True,0.0084,,,,,plane,,,41430078024def33,accf6c9e98a782bf,87d8e0a734ffb0b8,48,89.4,none,explicit
spatial,scene_0016,referential,text_only,pi05,tokens,12,False,,240,False,False,,True,True,True,akita_black_bowl_3,False,plate_1,True,0.043,,,,,plane,,,41430078024def33,274b3aa6887bae33,54a4ea7e0bf82e3c,48,89.1,none,explicit
spatial,scene_0016,referential,text_only,pi05,tokens,13,False,,240,False,False,,True,True,True,akita_black_bowl_4,False,,False,0.1674,,,,,plane,,,41430078024def33,a06f5f7888742ad5,4792e0f7b31e66f6,48,88.2,none,explicit
spatial,scene_0017,directional,text_only,pi05,tokens,0,False,,240,False,False,,True,True,True,glazed_rim_porcelain_ramekin_1,False,plate_1,True,0.0158,,,,,plane,,,42632e6e82720c09,329992a4e50cf4cc,0915532a22f64819,48,87.6,none,explicit
spatial,scene_0017,directional,text_only,pi05,tokens,1,False,,240,False,False,,True,True,True,glazed_rim_porcelain_ramekin_1,False,plate_1,True,0.0301,,,,,plane,,,42632e6e82720c09,0c67c6741dd95ce7,8953e5ed37956927,48,87.8,none,explicit
spatial,scene_0017,directional,text_only,pi05,tokens,2,False,,240,False,False,,True,True,True,glazed_rim_porcelain_ramekin_1,False,plate_1,True,0.0021,,,,,plane,,,42632e6e82720c09,a43016b8df0c6e3c,5d1c7ad98e16e09b,48,86.3,none,explicit
spatial,scene_0017,directional,text_only,pi05,tokens,3,False,,240,False,False,,True,True,True,glazed_rim_porcelain_ramekin_1,False,plate_1,True,0.0078,,,,,plane,,,42632e6e82720c09,9ad8c8b074c8cd6f,88750e8857754aad,48,86.7,none,explicit
spatial,scene_0017,directional,text_only,pi05,tokens,4,False,,240,False,False,,True,True,True,glazed_rim_porcelain_ramekin_1,False,,False,0.1077,,,,,plane,,,42632e6e82720c09,0cc50afac8547a20,beb2aceefc6d466f,48,86.1,none,explicit
spatial,scene_0017,directional,text_only,pi05,tokens,5,False,,240,False,False,,True,True,True,glazed_rim_porcelain_ramekin_1,False,plate_1,True,0.0673,,,,,plane,,,42632e6e82720c09,8e6485f0b9624177,1cdb5ef0ae927336,48,87.4,none,explicit
spatial,scene_0017,directional,text_only,pi05,tokens,6,False,,240,False,False,,True,False,False,,False,,False,0.2527,,,,,plane,,,42632e6e82720c09,3e0f58929fb827d4,a036eeba6eb18c74,48,88.1,none,explicit
spatial,scene_0017,directional,text_only,pi05,tokens,7,False,,240,False,False,,True,True,True,glazed_rim_porcelain_ramekin_1,False,plate_1,True,0.0179,,,,,plane,,,42632e6e82720c09,483d05b1654c0daa,232cd5d87f8040a4,48,86.8,none,explicit
spatial,scene_0017,directional,text_only,pi05,tokens,8,False,,240,False,False,,True,True,True,glazed_rim_porcelain_ramekin_1,False,plate_1,True,0.068,,,,,plane,,,42632e6e82720c09,dfe1eb431c496f0b,0eb684046d716911,48,86.8,none,explicit
spatial,scene_0017,directional,text_only,pi05,tokens,9,False,,240,False,False,,True,True,True,glazed_rim_porcelain_ramekin_1,False,,False,0.0871,,,,,plane,,,42632e6e82720c09,d81af8fd00ff6cdf,c3afa22eeb4bd8fe,48,89.0,none,explicit
spatial,scene_0017,directional,text_only,pi05,tokens,10,False,,240,False,False,,True,False,False,,False,,False,0.2527,,,,,plane,,,42632e6e82720c09,27d45647b7aa7dde,6cdaa84ec163888d,48,87.7,none,explicit
spatial,scene_0017,directional,text_only,pi05,tokens,11,False,,240,False,False,,True,True,True,glazed_rim_porcelain_ramekin_1,False,plate_1,True,0.0226,,,,,plane,,,42632e6e82720c09,738f7f09b89c4236,429d6886102a452d,48,87.1,none,explicit
spatial,scene_0017,directional,text_only,pi05,tokens,12,False,,240,False,False,,True,True,True,glazed_rim_porcelain_ramekin_1,False,plate_1,True,0.0725,,,,,plane,,,42632e6e82720c09,a7e45d93b857b16d,33c387868221d30c,48,86.9,none,explicit
spatial,scene_0017,directional,text_only,pi05,tokens,13,False,,240,False,False,,True,True,True,glazed_rim_porcelain_ramekin_1,False,,False,0.1488,,,,,plane,,,42632e6e82720c09,fef874003edfb803,f45f31e9dc92a8da,48,88.3,none,explicit
spatial,scene_0018,directional,text_only,pi05,tokens,0,False,,240,True,True,100,True,True,True,akita_black_bowl_1,True,plate_1,True,0.0189,,,,,plane,,,90048b4ce266733f,1e8d1f15f6d587db,89f70cf489fdc631,48,91.9,none,explicit
spatial,scene_0018,directional,text_only,pi05,tokens,1,False,,240,True,True,182,True,True,True,akita_black_bowl_1,True,plate_1,True,0.0144,,,,,plane,,,90048b4ce266733f,82f132d789998c2d,7f8ca6f68f80dddc,48,89.0,none,explicit
spatial,scene_0018,directional,text_only,pi05,tokens,2,False,,240,True,True,108,True,True,True,akita_black_bowl_1,True,plate_1,True,0.0225,,,,,plane,,,90048b4ce266733f,c729c1f2bf42e6d9,66e4c6d84be31a67,48,88.0,none,explicit
spatial,scene_0018,directional,text_only,pi05,tokens,3,False,,240,True,True,113,True,True,True,akita_black_bowl_1,True,plate_1,True,0.0199,,,,,plane,,,90048b4ce266733f,2d9cf15e41103eb9,146745386241848e,48,88.4,none,explicit
spatial,scene_0018,directional,text_only,pi05,tokens,4,False,,240,True,True,112,True,True,True,akita_black_bowl_1,True,plate_1,True,0.013,,,,,plane,,,90048b4ce266733f,23e91b8da0c5d29d,1a3f12f587948ec6,48,86.7,none,explicit
spatial,scene_0018,directional,text_only,pi05,tokens,5,False,,240,True,True,112,True,True,True,akita_black_bowl_1,True,plate_1,True,0.0193,,,,,plane,,,90048b4ce266733f,00c7093c648be131,a76ff717c404b636,48,88.6,none,explicit
spatial,scene_0018,directional,text_only,pi05,tokens,6,False,,240,True,True,107,True,True,True,akita_black_bowl_1,True,plate_1,True,0.0137,,,,,plane,,,90048b4ce266733f,4c273f6d11960070,9a6009e07f5de14e,48,86.7,none,explicit
spatial,scene_0018,directional,text_only,pi05,tokens,7,False,,240,True,True,114,True,True,True,akita_black_bowl_1,True,plate_1,True,0.0121,,,,,plane,,,90048b4ce266733f,0e4efa8c633caf64,f905298189fb6322,48,87.9,none,explicit
spatial,scene_0018,directional,text_only,pi05,tokens,8,False,,240,True,True,113,True,True,True,akita_black_bowl_1,True,plate_1,True,0.0155,,,,,plane,,,90048b4ce266733f,654c8003a1cc722e,7b194ead7a4b8946,48,87.4,none,explicit
spatial,scene_0018,directional,text_only,pi05,tokens,9,False,,240,True,True,105,True,True,True,akita_black_bowl_1,True,plate_1,True,0.0174,,,,,plane,,,90048b4ce266733f,649b6b668d71bda1,f0c94fdf4003f442,48,86.6,none,explicit
spatial,scene_0018,directional,text_only,pi05,tokens,10,False,,240,True,True,113,True,True,True,akita_black_bowl_1,True,plate_1,True,0.0125,,,,,plane,,,90048b4ce266733f,e7ea5ecd0cf04142,447eb8e4ba86eb19,48,89.6,none,explicit
spatial,scene_0018,directional,text_only,pi05,tokens,11,False,,240,True,True,113,True,True,True,akita_black_bowl_1,True,plate_1,True,0.0101,,,,,plane,,,90048b4ce266733f,9d65d12e4fd4e06c,3d19c9cff9df2875,48,88.2,none,explicit
spatial,scene_0018,directional,text_only,pi05,tokens,12,False,,240,True,True,110,True,True,True,akita_black_bowl_1,True,plate_1,True,0.0237,,,,,plane,,,90048b4ce266733f,6fdffbcd33eb9fff,3d2fe54e57d85e90,48,87.6,none,explicit
spatial,scene_0018,directional,text_only,pi05,tokens,13,False,,240,False,False,,True,True,True,akita_black_bowl_1,True,plate_1,True,0.0267,,,,,plane,,,90048b4ce266733f,a6af3f3ddf46e3b0,cf63c4913c52fa19,48,87.2,none,explicit
spatial,scene_0019,directional,text_only,pi05,tokens,0,False,,240,False,False,,True,True,True,akita_black_bowl_1,True,plate_1,False,0.0005,,,,,plane,,,747f2caf4a8aa847,6811709c18e83bef,7aac95f68e6f0349,48,89.3,none,explicit
spatial,scene_0019,directional,text_only,pi05,tokens,1,False,,240,False,False,,True,True,True,akita_black_bowl_1,True,plate_1,False,0.0135,,,,,plane,,,747f2caf4a8aa847,051345d62cdf5edc,b8bd2325eb3ca21b,48,87.2,none,explicit
spatial,scene_0019,directional,text_only,pi05,tokens,2,False,,240,False,False,,True,True,True,akita_black_bowl_1,True,plate_1,False,0.0069,,,,,plane,,,747f2caf4a8aa847,bc826b80b2a8d957,da56df12563d1085,48,88.6,none,explicit
spatial,scene_0019,directional,text_only,pi05,tokens,3,False,,240,False,False,,True,True,True,akita_black_bowl_1,True,plate_1,False,0.0149,,,,,plane,,,747f2caf4a8aa847,06d90403d2959bc8,fb7c3e300d89f9c4,48,86.6,none,explicit
spatial,scene_0019,directional,text_only,pi05,tokens,4,False,,240,False,False,,True,True,True,akita_black_bowl_1,True,plate_1,False,0.0103,,,,,plane,,,747f2caf4a8aa847,f85707c49731199e,5e96b5fab7ebd0d6,48,87.9,none,explicit
spatial,scene_0019,directional,text_only,pi05,tokens,5,False,,240,False,False,,True,True,True,akita_black_bowl_1,True,plate_1,False,0.0069,,,,,plane,,,747f2caf4a8aa847,05569d3db72fcdc3,daeea3cbabd1ff20,48,87.5,none,explicit
spatial,scene_0019,directional,text_only,pi05,tokens,6,False,,240,False,False,,True,True,True,akita_black_bowl_1,True,plate_1,False,0.0067,,,,,plane,,,747f2caf4a8aa847,c2be996fd5051b19,9bccb7f560bdf1db,48,88.9,none,explicit
spatial,scene_0019,directional,text_only,pi05,tokens,7,False,,240,False,False,,True,True,True,akita_black_bowl_1,True,plate_1,False,0.0099,,,,,plane,,,747f2caf4a8aa847,9d566dcfe74763d4,e98ba6e89164dae3,48,88.1,none,explicit
spatial,scene_0019,directional,text_only,pi05,tokens,8,False,,240,False,False,,True,True,True,akita_black_bowl_1,True,plate_1,False,0.0095,,,,,plane,,,747f2caf4a8aa847,89470772adfa481e,a591c0a0354b8490,48,88.2,none,explicit
spatial,scene_0019,directional,text_only,pi05,tokens,9,False,,240,False,False,,True,True,True,akita_black_bowl_1,True,plate_1,False,0.0059,,,,,plane,,,747f2caf4a8aa847,fa5ed860acbe0a58,fd025e0a366a27ce,48,88.1,none,explicit
spatial,scene_0019,directional,text_only,pi05,tokens,10,False,,240,False,False,,True,True,True,akita_black_bowl_1,True,plate_1,False,0.0091,,,,,plane,,,747f2caf4a8aa847,5121a79bacf66c46,af1d158105773ebe,48,88.6,none,explicit
spatial,scene_0019,directional,text_only,pi05,tokens,11,False,,240,False,False,,True,True,True,akita_black_bowl_1,True,plate_1,False,0.0129,,,,,plane,,,747f2caf4a8aa847,6bcb595dabcc3cd3,7a43f8dcb365139e,48,89.7,none,explicit
spatial,scene_0019,directional,text_only,pi05,tokens,12,False,,240,False,False,,True,True,True,akita_black_bowl_1,True,plate_1,False,0.0054,,,,,plane,,,747f2caf4a8aa847,1801ecc30dbd0f66,c23be93c05899039,48,88.1,none,explicit
spatial,scene_0019,directional,text_only,pi05,tokens,13,False,,240,False,False,,True,True,True,akita_black_bowl_1,True,plate_1,False,0.0127,,,,,plane,,,747f2caf4a8aa847,e3ea3a8453acb5ef,9f3819dfc220fb18,48,87.3,none,explicit
spatial,scene_0020,directional,text_only,pi05,tokens,0,False,,240,True,True,109,True,True,True,akita_black_bowl_1,True,plate_3,True,0.0079,,,,,plane,,,15f0f655553d6c25,329d7de94fa24759,52f5772d3b2d7bd6,48,87.8,none,explicit
spatial,scene_0020,directional,text_only,pi05,tokens,1,False,,240,True,True,105,True,True,True,akita_black_bowl_1,True,plate_3,True,0.0074,,,,,plane,,,15f0f655553d6c25,bf28df322a0278c6,590e7c1e1177f8fd,48,86.7,none,explicit
spatial,scene_0020,directional,text_only,pi05,tokens,2,False,,240,True,True,114,True,True,True,akita_black_bowl_1,True,plate_3,True,0.0069,,,,,plane,,,15f0f655553d6c25,2c375041f2537725,b1d38984bdb610ba,48,87.6,none,explicit
spatial,scene_0020,directional,text_only,pi05,tokens,3,False,,240,True,True,116,True,True,True,akita_black_bowl_1,True,plate_3,True,0.0079,,,,,plane,,,15f0f655553d6c25,6548d5da0fa5b6a3,99ab59e04492ce7e,48,87.2,none,explicit
spatial,scene_0020,directional,text_only,pi05,tokens,4,False,,240,True,True,110,True,True,True,akita_black_bowl_1,True,plate_3,True,0.0092,,,,,plane,,,15f0f655553d6c25,fd2cc83c526adfe0,8eadbd234d06a7ec,48,91.1,none,explicit
spatial,scene_0020,directional,text_only,pi05,tokens,5,False,,240,True,True,108,True,True,True,akita_black_bowl_1,True,plate_3,True,0.0062,,,,,plane,,,15f0f655553d6c25,ebd21ea218532868,037ad4af247b73f5,48,86.9,none,explicit
spatial,scene_0020,directional,text_only,pi05,tokens,6,False,,240,True,True,113,True,True,True,akita_black_bowl_1,True,plate_3,True,0.0008,,,,,plane,,,15f0f655553d6c25,765ef555e8821f06,ae4f802cc6e5d87d,48,87.2,none,explicit
spatial,scene_0020,directional,text_only,pi05,tokens,7,False,,240,True,True,116,True,True,True,akita_black_bowl_1,True,plate_3,True,0.0059,,,,,plane,,,15f0f655553d6c25,7fc9776581292ffa,98580475c68ef5ff,48,87.9,none,explicit
spatial,scene_0020,directional,text_only,pi05,tokens,8,False,,240,True,True,117,True,True,True,akita_black_bowl_1,True,plate_3,True,0.0059,,,,,plane,,,15f0f655553d6c25,fdde6e4ce53107aa,e9605e8db4886bb7,48,87.0,none,explicit
spatial,scene_0020,directional,text_only,pi05,tokens,9,False,,240,True,True,122,True,True,True,akita_black_bowl_1,True,plate_3,True,0.0078,,,,,plane,,,15f0f655553d6c25,65d307453a13e0b8,3008b22ae5351357,48,86.9,none,explicit
spatial,scene_0020,directional,text_only,pi05,tokens,10,False,,240,True,True,112,True,True,True,akita_black_bowl_1,True,plate_3,True,0.0037,,,,,plane,,,15f0f655553d6c25,4b7371e25d24d782,06b7fac489840e1e,48,87.8,none,explicit
spatial,scene_0020,directional,text_only,pi05,tokens,11,False,,240,True,True,118,True,True,True,akita_black_bowl_1,True,plate_3,True,0.007,,,,,plane,,,15f0f655553d6c25,db3dbf22d1f2530e,ce5101146e82ff9c,48,85.9,none,explicit
spatial,scene_0020,directional,text_only,pi05,tokens,12,False,,240,True,True,116,True,True,True,akita_black_bowl_1,True,plate_3,True,0.0089,,,,,plane,,,15f0f655553d6c25,648895170e77b910,15718554b0fe6b43,48,86.2,none,explicit
spatial,scene_0020,directional,text_only,pi05,tokens,13,False,,240,True,True,111,True,True,True,akita_black_bowl_1,True,plate_3,True,0.0054,,,,,plane,,,15f0f655553d6c25,8dffc887388c7db6,3db4797e5d385a26,48,86.8,none,explicit
spatial,scene_0021,directional,text_only,pi05,tokens,0,False,,240,False,False,,True,True,True,glazed_rim_porcelain_ramekin_1,False,plate_3,False,0.0189,,,,,plane,,,4b4c774a4be2986c,7a6f0e6151eb0da4,34db8abc467634a4,48,88.4,none,explicit
spatial,scene_0021,directional,text_only,pi05,tokens,1,False,,240,False,False,,True,True,True,glazed_rim_porcelain_ramekin_1,False,plate_3,False,0.0173,,,,,plane,,,4b4c774a4be2986c,7e2754f575611042,0f595b1bfeb2de77,48,86.6,none,explicit
spatial,scene_0021,directional,text_only,pi05,tokens,2,False,,240,False,False,,True,True,True,glazed_rim_porcelain_ramekin_1,False,plate_3,False,0.0117,,,,,plane,,,4b4c774a4be2986c,2c8a78b92611cff9,72804c68e40cc973,48,86.3,none,explicit
spatial,scene_0021,directional,text_only,pi05,tokens,3,False,,240,False,False,,True,True,True,glazed_rim_porcelain_ramekin_1,False,plate_3,False,0.0161,,,,,plane,,,4b4c774a4be2986c,79b446bd16e52b24,db1bf623cad63c3b,48,85.7,none,explicit
spatial,scene_0021,directional,text_only,pi05,tokens,4,False,,240,False,False,,True,True,True,glazed_rim_porcelain_ramekin_1,False,plate_3,False,0.017,,,,,plane,,,4b4c774a4be2986c,3669fccb015eddac,eee0ae01b38fe8f4,48,86.4,none,explicit
spatial,scene_0021,directional,text_only,pi05,tokens,5,False,,240,False,False,,True,True,True,glazed_rim_porcelain_ramekin_1,False,plate_3,False,0.0129,,,,,plane,,,4b4c774a4be2986c,55740d5c29bd2040,998d84a054e1d312,48,86.9,none,explicit
spatial,scene_0021,directional,text_only,pi05,tokens,6,False,,240,False,False,,True,True,True,glazed_rim_porcelain_ramekin_1,False,plate_3,False,0.0209,,,,,plane,,,4b4c774a4be2986c,5908dba44fb5b423,e98d34056e30612e,48,86.7,none,explicit
spatial,scene_0021,directional,text_only,pi05,tokens,7,False,,240,False,False,,True,True,True,glazed_rim_porcelain_ramekin_1,False,plate_3,False,0.0156,,,,,plane,,,4b4c774a4be2986c,dbc7b9f9d99c6ed5,336b470e77b9ae15,48,89.5,none,explicit
spatial,scene_0021,directional,text_only,pi05,tokens,8,False,,240,False,False,,True,True,True,glazed_rim_porcelain_ramekin_1,False,plate_3,False,0.0135,,,,,plane,,,4b4c774a4be2986c,c86a81a4902040da,b1c790625da3a8fd,48,88.5,none,explicit
spatial,scene_0021,directional,text_only,pi05,tokens,9,False,,240,False,False,,True,True,True,glazed_rim_porcelain_ramekin_1,False,plate_3,False,0.0084,,,,,plane,,,4b4c774a4be2986c,b3884f5edc9a82f5,693d9181ecd7da27,48,87.1,none,explicit
spatial,scene_0021,directional,text_only,pi05,tokens,10,False,,240,False,False,,True,True,True,glazed_rim_porcelain_ramekin_1,False,plate_3,False,0.0165,,,,,plane,,,4b4c774a4be2986c,6d0f63362f52f5f3,b5d8ebc7e8b36ed4,48,86.8,none,explicit
spatial,scene_0021,directional,text_only,pi05,tokens,11,False,,240,False,False,,True,True,True,glazed_rim_porcelain_ramekin_1,False,plate_3,False,0.017,,,,,plane,,,4b4c774a4be2986c,83cdf37aedfaec7a,1dbb238a1eed3068,48,87.3,none,explicit
spatial,scene_0021,directional,text_only,pi05,tokens,12,False,,240,False,False,,True,True,True,glazed_rim_porcelain_ramekin_1,False,plate_3,False,0.0178,,,,,plane,,,4b4c774a4be2986c,92d6faab4a6f3d1e,286d59f416fbd164,48,86.3,none,explicit
spatial,scene_0021,directional,text_only,pi05,tokens,13,False,,240,False,False,,True,True,True,glazed_rim_porcelain_ramekin_1,False,plate_3,False,0.0081,,,,,plane,,,4b4c774a4be2986c,c44ad22522fb27fe,bd5fcabdb9970823,48,87.2,none,explicit
spatial,scene_0022,directional,text_only,pi05,tokens,0,False,,240,True,True,118,True,True,True,akita_black_bowl_1,True,plate_3,True,0.0057,,,,,plane,,,294b70e310714e30,87eefcb13fce9f09,24469dfd82bab8ae,48,87.8,none,explicit
spatial,scene_0022,directional,text_only,pi05,tokens,1,False,,240,False,False,,True,True,True,akita_black_bowl_1,True,plate_2,False,0.0275,,,,,plane,,,294b70e310714e30,4ed7441958e75c2d,1cec02a0bd825282,48,88.0,none,explicit
spatial,scene_0022,directional,text_only,pi05,tokens,2,False,,240,True,True,90,True,True,True,akita_black_bowl_1,True,plate_3,True,0.012,,,,,plane,,,294b70e310714e30,e4bd0ae2c5bb2208,a2d09ced3ee836f7,48,89.2,none,explicit
spatial,scene_0022,directional,text_only,pi05,tokens,3,False,,240,True,True,130,True,True,True,akita_black_bowl_1,True,plate_3,True,0.0152,,,,,plane,,,294b70e310714e30,c5cb33e18ab973e7,b20e7d2e65ec4934,48,87.4,none,explicit
spatial,scene_0022,directional,text_only,pi05,tokens,4,False,,240,True,True,82,True,True,True,akita_black_bowl_1,True,plate_3,True,0.019,,,,,plane,,,294b70e310714e30,f7506020ed490c8c,bf9d5c287462bf71,48,86.3,none,explicit
spatial,scene_0022,directional,text_only,pi05,tokens,5,False,,240,False,False,,True,True,True,akita_black_bowl_1,True,plate_2,False,0.0069,,,,,plane,,,294b70e310714e30,ebec127fc7783f1e,599f76887d759626,48,86.8,none,explicit
spatial,scene_0022,directional,text_only,pi05,tokens,6,False,,240,True,True,87,True,True,True,akita_black_bowl_1,True,plate_3,True,0.0119,,,,,plane,,,294b70e310714e30,e10e38c22fdc1ac8,f12f276f0a125a21,48,86.9,none,explicit
spatial,scene_0022,directional,text_only,pi05,tokens,7,False,,240,True,True,80,True,True,True,akita_black_bowl_1,True,plate_3,True,0.0098,,,,,plane,,,294b70e310714e30,e6981e1233f5d2c6,66ab5f46b46c4f49,48,88.0,none,explicit
spatial,scene_0022,directional,text_only,pi05,tokens,8,False,,240,True,True,100,True,True,True,akita_black_bowl_1,True,plate_3,True,0.0102,,,,,plane,,,294b70e310714e30,f3185d8d388ebca8,1dd46481197b6ef5,48,86.2,none,explicit
spatial,scene_0022,directional,text_only,pi05,tokens,9,False,,240,True,True,99,True,True,True,akita_black_bowl_1,True,plate_3,True,0.0095,,,,,plane,,,294b70e310714e30,fea2bf290cc3406c,5bb688d1c93352fb,48,86.9,none,explicit
spatial,scene_0022,directional,text_only,pi05,tokens,10,False,,240,True,True,86,True,True,True,akita_black_bowl_1,True,plate_3,True,0.0086,,,,,plane,,,294b70e310714e30,0baa3ada3c894c22,708d6fb4652eccf8,48,89.0,none,explicit
spatial,scene_0022,directional,text_only,pi05,tokens,11,False,,240,True,True,99,True,True,True,akita_black_bowl_1,True,plate_3,True,0.0135,,,,,plane,,,294b70e310714e30,482e476cb93f8636,0f43643073101767,48,88.3,none,explicit
spatial,scene_0022,directional,text_only,pi05,tokens,12,False,,240,True,True,88,True,True,True,akita_black_bowl_1,True,plate_3,True,0.0076,,,,,plane,,,294b70e310714e30,78c4d66934149de4,48acd56234b75f81,48,87.0,none,explicit
spatial,scene_0022,directional,text_only,pi05,tokens,13,False,,240,True,True,89,True,True,True,akita_black_bowl_1,True,plate_3,True,0.0103,,,,,plane,,,294b70e310714e30,3903f3361e934be7,71702020b9506a1a,48,87.8,none,explicit
spatial,scene_0023,directional,text_only,pi05,tokens,0,False,,240,False,False,,True,True,True,akita_black_bowl_1,True,plate_3,False,0.0125,,,,,plane,,,a8199a3e753c2770,d62c9f30be395f7c,3d57287e57c3d219,48,87.2,none,explicit
spatial,scene_0023,directional,text_only,pi05,tokens,1,False,,240,False,False,,True,True,True,akita_black_bowl_1,True,,False,0.0998,,,,,plane,,,a8199a3e753c2770,7d94aafac4eaebc4,0ceb1b744df678c0,48,88.0,none,explicit
spatial,scene_0023,directional,text_only,pi05,tokens,2,False,,240,False,False,,True,True,True,akita_black_bowl_1,True,plate_3,False,0.0149,,,,,plane,,,a8199a3e753c2770,64a78b86e72660bf,338896a938b02f2b,48,87.3,none,explicit
spatial,scene_0023,directional,text_only,pi05,tokens,3,False,,240,False,False,,True,True,True,akita_black_bowl_1,True,plate_2,False,0.0199,,,,,plane,,,a8199a3e753c2770,718159eaa85e021b,f84fc84baa9fc8ca,48,87.4,none,explicit
spatial,scene_0023,directional,text_only,pi05,tokens,4,False,,240,False,False,,True,True,True,akita_black_bowl_1,True,,False,0.0969,,,,,plane,,,a8199a3e753c2770,56197808001b2a67,74fa73201f31ec8e,48,88.2,none,explicit
spatial,scene_0023,directional,text_only,pi05,tokens,5,False,,240,False,False,,True,True,True,akita_black_bowl_1,True,,False,0.1521,,,,,plane,,,a8199a3e753c2770,f46b86f8230ffee7,d28b572d8af879fc,48,88.8,none,explicit
spatial,scene_0023,directional,text_only,pi05,tokens,6,False,,240,False,False,,True,True,True,akita_black_bowl_1,True,,False,0.1225,,,,,plane,,,a8199a3e753c2770,de26695a5ae755b5,96c63295e2162902,48,87.2,none,explicit
spatial,scene_0023,directional,text_only,pi05,tokens,7,False,,240,False,False,,True,True,True,akita_black_bowl_1,True,plate_3,False,0.0195,,,,,plane,,,a8199a3e753c2770,46a4a622d61e748e,37014b7e99037afa,48,85.6,none,explicit
spatial,scene_0023,directional,text_only,pi05,tokens,8,False,,240,False,False,,True,True,True,akita_black_bowl_1,True,,False,0.0836,,,,,plane,,,a8199a3e753c2770,c82e35e49248f24f,b3f665bd70de0185,48,83.8,none,explicit
spatial,scene_0023,directional,text_only,pi05,tokens,9,False,,240,False,False,,True,True,True,akita_black_bowl_1,True,plate_3,False,0.0126,,,,,plane,,,a8199a3e753c2770,89cfe87a7719fe7b,837db41e67826e42,48,85.1,none,explicit
spatial,scene_0023,directional,text_only,pi05,tokens,10,False,,240,False,False,,True,True,True,akita_black_bowl_1,True,,False,0.0927,,,,,plane,,,a8199a3e753c2770,b125afe1b048d588,dcee8acc23a2859c,48,84.7,none,explicit
spatial,scene_0023,directional,text_only,pi05,tokens,11,False,,240,False,False,,True,True,True,akita_black_bowl_1,True,,False,0.1021,,,,,plane,,,a8199a3e753c2770,abf299e4f4e8ffce,883db273b661031b,48,85.5,none,explicit
spatial,scene_0023,directional,text_only,pi05,tokens,12,False,,240,False,False,,True,True,True,akita_black_bowl_1,True,,False,0.0954,,,,,plane,,,a8199a3e753c2770,b8d9786e23e5f08e,bbc4927344982b73,48,85.9,none,explicit
spatial,scene_0023,directional,text_only,pi05,tokens,13,False,,240,False,False,,True,True,True,akita_black_bowl_1,True,,False,0.0957,,,,,plane,,,a8199a3e753c2770,4325b141a8a9bd5e,ef8078df8312b0b4,48,84.7,none,explicit
spatial,scene_0024,directional,text_only,pi05,tokens,0,False,,240,False,False,,True,True,True,akita_black_bowl_1,True,plate_2,False,0.0656,,,,,plane,,,9ad1684dfbf5bc6d,f2e1985546b108e3,560c4c3e63e45457,48,84.9,none,explicit
spatial,scene_0024,directional,text_only,pi05,tokens,1,False,,240,False,False,,True,True,True,akita_black_bowl_1,True,plate_2,False,0.0247,,,,,plane,,,9ad1684dfbf5bc6d,4b246b60eefc6f45,56e1c950fce7a5db,48,85.3,none,explicit
spatial,scene_0024,directional,text_only,pi05,tokens,2,False,,240,False,False,,True,True,True,akita_black_bowl_1,True,,False,0.0842,,,,,plane,,,9ad1684dfbf5bc6d,b37cfcf88770cea3,a51f70ecc73c464a,48,87.1,none,explicit
spatial,scene_0024,directional,text_only,pi05,tokens,3,False,,240,False,False,,True,True,True,akita_black_bowl_1,True,,False,0.0895,,,,,plane,,,9ad1684dfbf5bc6d,164826e39e663e19,6f6e53ac8df56452,48,87.7,none,explicit
spatial,scene_0024,directional,text_only,pi05,tokens,4,False,,240,False,False,,True,True,True,akita_black_bowl_1,True,plate_2,False,0.0605,,,,,plane,,,9ad1684dfbf5bc6d,a479cfe2ea587d1b,06b098f30582e852,48,87.1,none,explicit
spatial,scene_0024,directional,text_only,pi05,tokens,5,False,,240,False,False,,True,True,True,akita_black_bowl_1,True,,False,0.1188,,,,,plane,,,9ad1684dfbf5bc6d,817170c3d429df77,3a1da1c01bdcbd78,48,87.0,none,explicit
spatial,scene_0024,directional,text_only,pi05,tokens,6,False,,240,False,False,,True,True,True,akita_black_bowl_1,True,plate_1,False,0.0308,,,,,plane,,,9ad1684dfbf5bc6d,f62ddb5ae9d12e8d,6ad8934634ea4287,48,86.8,none,explicit
spatial,scene_0024,directional,text_only,pi05,tokens,7,False,,240,False,False,,True,True,True,akita_black_bowl_1,True,,False,0.1005,,,,,plane,,,9ad1684dfbf5bc6d,9e22127de2edb3ef,8602d53e184cc856,48,88.6,none,explicit
spatial,scene_0024,directional,text_only,pi05,tokens,8,False,,240,False,False,,True,True,True,akita_black_bowl_1,True,plate_1,False,0.0051,,,,,plane,,,9ad1684dfbf5bc6d,84a10702f782d68d,fd4377d0036d4ea8,48,86.8,none,explicit
spatial,scene_0024,directional,text_only,pi05,tokens,9,False,,240,False,False,,True,True,True,akita_black_bowl_1,True,plate_2,False,0.05,,,,,plane,,,9ad1684dfbf5bc6d,09b2f6355d84e171,63edaf338993a752,48,86.7,none,explicit
spatial,scene_0024,directional,text_only,pi05,tokens,10,False,,240,False,False,,True,True,True,akita_black_bowl_1,True,plate_2,False,0.0795,,,,,plane,,,9ad1684dfbf5bc6d,b1861a8216a74eb6,017c58d15010ef51,48,87.5,none,explicit
spatial,scene_0024,directional,text_only,pi05,tokens,11,False,,240,False,False,,True,True,True,akita_black_bowl_1,True,,False,0.1061,,,,,plane,,,9ad1684dfbf5bc6d,4753d78d72d687a0,499e1557ee1302ac,48,89.7,none,explicit
spatial,scene_0024,directional,text_only,pi05,tokens,12,False,,240,False,False,,True,True,True,akita_black_bowl_1,True,,False,0.0904,,,,,plane,,,9ad1684dfbf5bc6d,c035e2e65c6415ad,14ec63fe3619e6bb,48,87.1,none,explicit
spatial,scene_0024,directional,text_only,pi05,tokens,13,False,,240,False,False,,True,True,True,akita_black_bowl_1,True,,False,0.0949,,,,,plane,,,9ad1684dfbf5bc6d,d91e77e9bd3edd03,e4aff0562dcffae5,48,87.1,none,explicit
spatial,scene_0025,directional,text_only,pi05,tokens,0,False,,240,True,True,89,True,True,True,akita_black_bowl_1,True,plate_3,True,0.0102,,,,,plane,,,950129e7380d5320,d89a9c38ca160e32,dcbd3be6622098d4,48,89.1,none,explicit
spatial,scene_0025,directional,text_only,pi05,tokens,1,False,,240,True,True,121,True,True,True,akita_black_bowl_1,True,plate_3,True,0.0133,,,,,plane,,,950129e7380d5320,4b779954825aa739,7ce2963bbf06229b,48,87.9,none,explicit
spatial,scene_0025,directional,text_only,pi05,tokens,2,False,,240,True,True,87,True,True,True,akita_black_bowl_1,True,plate_3,True,0.0095,,,,,plane,,,950129e7380d5320,f98531943f1c814b,cf18a0ae17660f62,48,85.7,none,explicit
spatial,scene_0025,directional,text_only,pi05,tokens,3,False,,240,True,True,83,True,True,True,akita_black_bowl_1,True,plate_3,True,0.0119,,,,,plane,,,950129e7380d5320,c9eeee1fafc47690,d28252cae848a52f,48,86.9,none,explicit
spatial,scene_0025,directional,text_only,pi05,tokens,4,False,,240,True,True,84,True,True,True,akita_black_bowl_1,True,plate_3,True,0.016,,,,,plane,,,950129e7380d5320,3a2629539b6bdce2,f280ad34c93ec1b8,48,87.8,none,explicit
spatial,scene_0025,directional,text_only,pi05,tokens,5,False,,240,True,True,118,True,True,True,akita_black_bowl_1,True,plate_3,True,0.0128,,,,,plane,,,950129e7380d5320,fdd6fc8aa5cf600e,3296d085b7a21452,48,87.3,none,explicit
spatial,scene_0025,directional,text_only,pi05,tokens,6,False,,240,True,True,95,True,True,True,akita_black_bowl_1,True,plate_3,True,0.0098,,,,,plane,,,950129e7380d5320,05facacd897cf10b,e06346291e1bb4f0,48,88.1,none,explicit
spatial,scene_0025,directional,text_only,pi05,tokens,7,False,,240,True,True,88,True,True,True,akita_black_bowl_1,True,plate_3,True,0.0109,,,,,plane,,,950129e7380d5320,fc646bc81f83db46,30d0fa6709ff2277,48,88.7,none,explicit
spatial,scene_0025,directional,text_only,pi05,tokens,8,False,,240,True,True,85,True,True,True,akita_black_bowl_1,True,plate_3,True,0.0145,,,,,plane,,,950129e7380d5320,18bf33cfd6c4a28e,9b95fb515b27a23b,48,87.8,none,explicit
spatial,scene_0025,directional,text_only,pi05,tokens,9,False,,240,True,True,84,True,True,True,akita_black_bowl_1,True,plate_3,True,0.0132,,,,,plane,,,950129e7380d5320,c35b5a2bd9c1cf75,c0e60c982d54f5c8,48,86.7,none,explicit
spatial,scene_0025,directional,text_only,pi05,tokens,10,False,,240,True,True,125,True,True,True,akita_black_bowl_1,True,plate_3,True,0.0131,,,,,plane,,,950129e7380d5320,a922ae04854873ff,31d71fda5d8ba02e,48,86.1,none,explicit
spatial,scene_0025,directional,text_only,pi05,tokens,11,False,,240,True,True,90,True,True,True,akita_black_bowl_1,True,plate_3,True,0.0152,,,,,plane,,,950129e7380d5320,936d9a987c0908cc,06139d2a933e4310,48,85.6,none,explicit
spatial,scene_0025,directional,text_only,pi05,tokens,12,False,,240,True,True,126,True,True,True,akita_black_bowl_1,True,plate_3,True,0.0126,,,,,plane,,,950129e7380d5320,15528d6d31113956,24fd92c6fda05bb7,48,86.2,none,explicit
spatial,scene_0025,directional,text_only,pi05,tokens,13,False,,240,True,True,100,True,True,True,akita_black_bowl_1,True,plate_3,True,0.0124,,,,,plane,,,950129e7380d5320,c3702d40c4384882,3e6d4c3fc5d659fb,48,87.6,none,explicit
spatial,scene_0026,both,text_only,pi05,tokens,0,False,,240,False,False,,True,True,True,akita_black_bowl_1,True,plate_2,False,0.0116,,,,,plane,,,2139c737065fe13e,edbff1201190b502,22bd6f3b870a122f,48,88.2,none,explicit
spatial,scene_0026,both,text_only,pi05,tokens,1,False,,240,False,False,,True,True,True,akita_black_bowl_1,True,plate_2,False,0.0098,,,,,plane,,,2139c737065fe13e,aa7f467e8c6f10e5,bdc9cbe56cd5701f,48,87.6,none,explicit
spatial,scene_0026,both,text_only,pi05,tokens,2,False,,240,False,False,,True,True,True,akita_black_bowl_1,True,plate_2,False,0.0132,,,,,plane,,,2139c737065fe13e,ccf5463d5d7ddddd,da8aa69cb15831e7,48,87.8,none,explicit
spatial,scene_0026,both,text_only,pi05,tokens,3,False,,240,False,False,,True,True,True,akita_black_bowl_1,True,plate_2,False,0.024,,,,,plane,,,2139c737065fe13e,12ce72858ee03373,ecb461f334988010,48,87.3,none,explicit
spatial,scene_0026,both,text_only,pi05,tokens,4,False,,240,False,False,,True,True,True,glazed_rim_porcelain_ramekin_2,False,,False,0.0958,,,,,plane,,,2139c737065fe13e,3b5bad951994c43f,35faf33bbeb90bd6,48,89.4,none,explicit
spatial,scene_0026,both,text_only,pi05,tokens,5,False,,240,False,False,,True,True,True,akita_black_bowl_1,True,plate_2,False,0.0164,,,,,plane,,,2139c737065fe13e,f8c7ec767a570271,fffdee6a383e7db4,48,87.5,none,explicit
spatial,scene_0026,both,text_only,pi05,tokens,6,False,,240,False,False,,True,True,True,akita_black_bowl_1,True,plate_2,False,0.0172,,,,,plane,,,2139c737065fe13e,6cd443c4ea545c42,b593f889eed73609,48,86.8,none,explicit
spatial,scene_0026,both,text_only,pi05,tokens,7,False,,240,False,False,,True,True,True,akita_black_bowl_2,False,,False,0.2027,,,,,plane,,,2139c737065fe13e,41f371fad81c7389,fc6c320455d0e6d4,48,88.5,none,explicit
spatial,scene_0026,both,text_only,pi05,tokens,8,False,,240,False,False,,True,True,True,akita_black_bowl_2,False,,False,0.2869,,,,,plane,,,2139c737065fe13e,fb4795c713feddf1,ccacfbd4a3468775,48,88.7,none,explicit
spatial,scene_0026,both,text_only,pi05,tokens,9,False,,240,False,False,,True,True,True,akita_black_bowl_1,True,plate_2,False,0.0191,,,,,plane,,,2139c737065fe13e,ca2203f85847ff67,cc3a62a1c3250a15,48,89.5,none,explicit
spatial,scene_0026,both,text_only,pi05,tokens,10,False,,240,False,False,,True,True,True,akita_black_bowl_1,True,plate_2,False,0.0075,,,,,plane,,,2139c737065fe13e,a33aa4ead019c48c,731152f79301f5c3,48,91.8,none,explicit
spatial,scene_0026,both,text_only,pi05,tokens,11,False,,240,False,False,,True,True,True,akita_black_bowl_2,False,,False,0.265,,,,,plane,,,2139c737065fe13e,3b1dd3696d1d2b17,6a95fb6d04646a86,48,88.5,none,explicit
spatial,scene_0026,both,text_only,pi05,tokens,12,False,,240,False,False,,True,True,True,glazed_rim_porcelain_ramekin_2,False,plate_2,False,0.0774,,,,,plane,,,2139c737065fe13e,9323b1d9a70c0bb9,a5d460194df1cf6b,48,88.6,none,explicit
spatial,scene_0026,both,text_only,pi05,tokens,13,False,,240,False,False,,True,True,True,akita_black_bowl_2,False,,False,0.307,,,,,plane,,,2139c737065fe13e,105581be7fc571fe,c4cab23dfb30ed2d,48,88.3,none,explicit
spatial,scene_0027,both,text_only,pi05,tokens,0,False,,240,False,False,,True,True,True,akita_black_bowl_3,True,plate_1,False,0.0115,,,,,plane,,,f8a485fea0953861,2ca57145b54576c1,77c6847ca2718b19,48,88.3,none,explicit
spatial,scene_0027,both,text_only,pi05,tokens,1,False,,240,False,False,,True,True,True,akita_black_bowl_2,False,plate_2,True,0.006,,,,,plane,,,f8a485fea0953861,0ee3a65d3b64ffdf,55d2c4e2d0e14200,48,87.5,none,explicit
spatial,scene_0027,both,text_only,pi05,tokens,2,False,,240,False,False,,True,True,True,akita_black_bowl_3,True,plate_1,False,0.006,,,,,plane,,,f8a485fea0953861,00427f890383f001,12a0b72bc7b6ef7a,48,88.6,none,explicit
spatial,scene_0027,both,text_only,pi05,tokens,3,False,,240,False,False,,True,True,True,akita_black_bowl_3,True,plate_1,False,0.0085,,,,,plane,,,f8a485fea0953861,0f7dfbcf50b3e5c8,8dc80eee2f43e7c5,48,88.7,none,explicit
spatial,scene_0027,both,text_only,pi05,tokens,4,False,,240,False,False,,True,True,True,akita_black_bowl_3,True,plate_1,False,0.0147,,,,,plane,,,f8a485fea0953861,f829eb21ff5a4274,34461830760a854b,48,88.5,none,explicit
spatial,scene_0027,both,text_only,pi05,tokens,5,False,,240,False,False,,True,True,True,akita_black_bowl_3,True,plate_1,False,0.0232,,,,,plane,,,f8a485fea0953861,b2da6bafc35b8e8f,eae19f2e14e2f20f,48,90.5,none,explicit
spatial,scene_0027,both,text_only,pi05,tokens,6,False,,240,False,False,,True,True,True,akita_black_bowl_3,True,plate_1,False,0.0102,,,,,plane,,,f8a485fea0953861,f4c55987d5e9f346,80fee3948e08e9ca,48,88.8,none,explicit
spatial,scene_0027,both,text_only,pi05,tokens,7,False,,240,False,False,,True,True,True,akita_black_bowl_3,True,plate_1,False,0.0212,,,,,plane,,,f8a485fea0953861,d9b238cf5f2d8345,9a7bc4cfb5182b1a,48,87.8,none,explicit
spatial,scene_0027,both,text_only,pi05,tokens,8,False,,240,True,True,132,True,True,True,akita_black_bowl_3,True,plate_2,True,0.0059,,,,,plane,,,f8a485fea0953861,898adec94c0be124,88547d2de9c17171,48,87.0,none,explicit
spatial,scene_0027,both,text_only,pi05,tokens,9,False,,240,False,False,,True,True,True,akita_black_bowl_3,True,plate_1,False,0.0291,,,,,plane,,,f8a485fea0953861,f415bd34f6730e4d,7374f2dd4a2c245e,48,88.6,none,explicit
spatial,scene_0027,both,text_only,pi05,tokens,10,False,,240,True,True,102,True,True,True,akita_black_bowl_3,True,plate_2,True,0.0131,,,,,plane,,,f8a485fea0953861,a80bfca8086e95c8,ecd6bf08fbd7f1d0,48,87.0,none,explicit
spatial,scene_0027,both,text_only,pi05,tokens,11,False,,240,False,False,,True,True,True,akita_black_bowl_3,True,plate_1,False,0.0426,,,,,plane,,,f8a485fea0953861,61a8f93cb0ebcdef,aaecba5a97cfd69b,48,87.1,none,explicit
spatial,scene_0027,both,text_only,pi05,tokens,12,False,,240,False,False,,True,True,True,akita_black_bowl_3,True,plate_2,True,0.0525,,,,,plane,,,f8a485fea0953861,b6df6b89925e1a93,6137cf4dbdb876e4,48,87.1,none,explicit
spatial,scene_0027,both,text_only,pi05,tokens,13,False,,240,False,False,,True,True,True,akita_black_bowl_3,True,plate_1,False,0.0091,,,,,plane,,,f8a485fea0953861,32a94226d8cd1b91,5dd3564d181950ab,48,88.1,none,explicit
spatial,scene_0028,both,text_only,pi05,tokens,0,False,,240,False,False,,True,True,True,glazed_rim_porcelain_ramekin_1,False,,False,0.1494,,,,,plane,,,91c3fe477ec8f91f,42105339e6142c73,b9e97b8aaa7bd8ee,48,88.7,none,explicit
spatial,scene_0028,both,text_only,pi05,tokens,1,False,,240,False,False,,True,True,True,akita_black_bowl_3,False,,False,0.124,,,,,plane,,,91c3fe477ec8f91f,e46fa0030b16eecb,3a384a4e537585ab,48,88.5,none,explicit
spatial,scene_0028,both,text_only,pi05,tokens,2,False,,240,False,False,,True,True,True,glazed_rim_porcelain_ramekin_1,False,,False,0.1298,,,,,plane,,,91c3fe477ec8f91f,ae606cb7ce9fc34d,468f244d3372e390,48,88.0,none,explicit
spatial,scene_0028,both,text_only,pi05,tokens,3,False,,240,False,False,,True,True,True,glazed_rim_porcelain_ramekin_1,False,,False,0.1365,,,,,plane,,,91c3fe477ec8f91f,650ea20f35f309ce,3f5cd5a10ee8ef5d,48,88.5,none,explicit
spatial,scene_0028,both,text_only,pi05,tokens,4,False,,240,False,False,,True,True,True,akita_black_bowl_3,False,plate_2,False,0.0448,,,,,plane,,,91c3fe477ec8f91f,277e04e9cb483aef,9e17d369f167fe96,48,86.8,none,explicit
spatial,scene_0028,both,text_only,pi05,tokens,5,False,,240,False,False,,True,True,True,akita_black_bowl_3,False,,False,0.1218,,,,,plane,,,91c3fe477ec8f91f,2f9a69398b3605da,9b50f4a2854b97ff,48,87.7,none,explicit
spatial,scene_0028,both,text_only,pi05,tokens,6,False,,240,False,False,,True,True,True,glazed_rim_porcelain_ramekin_1,False,,False,0.1357,,,,,plane,,,91c3fe477ec8f91f,4e5c246673194df4,c04d192a1417f8c8,48,87.8,none,explicit
spatial,scene_0028,both,text_only,pi05,tokens,7,False,,240,False,False,,True,True,True,glazed_rim_porcelain_ramekin_1,False,,False,0.1338,,,,,plane,,,91c3fe477ec8f91f,70a62aaf87d01279,c36086cb78ece06b,48,85.7,none,explicit
spatial,scene_0028,both,text_only,pi05,tokens,8,False,,240,False,False,,True,True,True,glazed_rim_porcelain_ramekin_1,False,,False,0.1422,,,,,plane,,,91c3fe477ec8f91f,222e3eb8f907fcb9,54f170a81c1792c0,48,87.0,none,explicit
spatial,scene_0028,both,text_only,pi05,tokens,9,False,,240,False,False,,True,True,True,glazed_rim_porcelain_ramekin_1,False,,False,0.1603,,,,,plane,,,91c3fe477ec8f91f,1902da5a4ee8cb81,3b39a30b9bdef50a,48,86.6,none,explicit
spatial,scene_0028,both,text_only,pi05,tokens,10,False,,240,False,False,,True,True,True,glazed_rim_porcelain_ramekin_1,False,,False,0.1448,,,,,plane,,,91c3fe477ec8f91f,972744128cef20ff,4f25c64a1abe4f8e,48,88.5,none,explicit
spatial,scene_0028,both,text_only,pi05,tokens,11,False,,240,False,False,,True,True,True,glazed_rim_porcelain_ramekin_1,False,,False,0.1171,,,,,plane,,,91c3fe477ec8f91f,75e46d9ea5721430,0d80c370db9492e7,48,88.7,none,explicit
spatial,scene_0028,both,text_only,pi05,tokens,12,False,,240,False,False,,True,True,True,glazed_rim_porcelain_ramekin_1,False,,False,0.2256,,,,,plane,,,91c3fe477ec8f91f,b073c430c003d4b9,5b08249964ac27d6,48,86.1,none,explicit
spatial,scene_0028,both,text_only,pi05,tokens,13,False,,240,False,False,,True,True,True,glazed_rim_porcelain_ramekin_1,False,,False,0.2026,,,,,plane,,,91c3fe477ec8f91f,7cd1bec71fb176ee,830623a0b4a328cd,48,84.8,none,explicit
spatial,scene_0029,both,text_only,pi05,tokens,0,False,,240,False,False,,True,True,True,akita_black_bowl_1,False,plate_2,True,0.0087,,,,,plane,,,0195be60883fac6e,a5dc4efb17f2b343,5a51e60416cde5b1,48,86.9,none,explicit
spatial,scene_0029,both,text_only,pi05,tokens,1,False,,240,False,False,,True,True,True,akita_black_bowl_1,False,plate_2,True,0.022,,,,,plane,,,0195be60883fac6e,33316dfb340ba0b5,9bad50fc6ac654d3,48,86.4,none,explicit
spatial,scene_0029,both,text_only,pi05,tokens,2,False,,240,False,False,,True,True,True,akita_black_bowl_1,False,plate_2,True,0.0437,,,,,plane,,,0195be60883fac6e,5ced3a501b9f409d,de60382ced3c3745,48,87.5,none,explicit
spatial,scene_0029,both,text_only,pi05,tokens,3,False,,240,False,False,,True,True,True,akita_black_bowl_1,False,,False,0.1872,,,,,plane,,,0195be60883fac6e,82eefd24117f4c9d,1b1278348fad82e1,48,88.0,none,explicit
spatial,scene_0029,both,text_only,pi05,tokens,4,False,,240,False,False,,True,True,True,akita_black_bowl_1,False,,False,0.2307,,,,,plane,,,0195be60883fac6e,e197064162f9219d,11a389b0041f0b48,48,88.4,none,explicit
spatial,scene_0029,both,text_only,pi05,tokens,5,False,,240,False,False,,True,True,True,akita_black_bowl_1,False,plate_2,True,0.0258,,,,,plane,,,0195be60883fac6e,3fca2133b488c8bb,4d89c8869b236c6a,48,87.2,none,explicit
spatial,scene_0029,both,text_only,pi05,tokens,6,False,,240,False,False,,True,True,True,akita_black_bowl_1,False,plate_2,True,0.0164,,,,,plane,,,0195be60883fac6e,4ea2e9870db95c1f,c3d0034e0553bc44,48,86.0,none,explicit
spatial,scene_0029,both,text_only,pi05,tokens,7,False,,240,False,False,,True,True,True,akita_black_bowl_1,False,,False,0.2314,,,,,plane,,,0195be60883fac6e,4f20d97beb32e6fa,f7a0bd8aa08d646f,48,85.2,none,explicit
spatial,scene_0029,both,text_only,pi05,tokens,8,False,,240,False,False,,True,True,True,akita_black_bowl_1,False,plate_2,True,0.0335,,,,,plane,,,0195be60883fac6e,dc632ee6e9e8161d,39de7d86021a0b51,48,86.6,none,explicit
spatial,scene_0029,both,text_only,pi05,tokens,9,False,,240,False,False,,True,True,True,akita_black_bowl_1,False,plate_2,True,0.0163,,,,,plane,,,0195be60883fac6e,25ae2287ceded561,2b8f4c8cd2715d16,48,85.3,none,explicit
spatial,scene_0029,both,text_only,pi05,tokens,10,False,,240,False,False,,True,True,True,akita_black_bowl_1,False,,False,0.2667,,,,,plane,,,0195be60883fac6e,d00cdd9bad50a00c,219dc70e5107013f,48,86.6,none,explicit
spatial,scene_0029,both,text_only,pi05,tokens,11,False,,240,False,False,,True,True,True,akita_black_bowl_1,False,,False,0.1952,,,,,plane,,,0195be60883fac6e,57f71b0d7ca2648e,50f52b2c674b2da6,48,89.0,none,explicit
spatial,scene_0029,both,text_only,pi05,tokens,12,False,,240,False,False,,True,True,True,akita_black_bowl_1,False,,False,0.2047,,,,,plane,,,0195be60883fac6e,30298a31e7bccb6e,229d1c44bd883470,48,89.8,none,explicit
spatial,scene_0029,both,text_only,pi05,tokens,13,False,,240,False,False,,True,True,True,akita_black_bowl_1,False,,False,0.2501,,,,,plane,,,0195be60883fac6e,24b47ac4597d85cc,e290d04c767e63f1,48,87.8,none,explicit
spatial,scene_0030,both,text_only,pi05,tokens,0,False,,240,False,False,,True,True,True,akita_black_bowl_3,False,plate_1,True,0.0159,,,,,plane,,,04aa0581369cd708,62ee24c86e5caa30,1e97e68faf6cf2b0,48,87.8,none,explicit
spatial,scene_0030,both,text_only,pi05,tokens,1,False,,240,False,False,,True,True,True,glazed_rim_porcelain_ramekin_1,False,plate_1,True,0.0154,,,,,plane,,,04aa0581369cd708,29d720497ec6b6ef,eafbeeb5ffd6f52f,48,88.5,none,explicit
spatial,scene_0030,both,text_only,pi05,tokens,2,False,,240,False,False,,True,True,True,akita_black_bowl_3,False,,False,0.0916,,,,,plane,,,04aa0581369cd708,a27d519595e17a1a,db6c3a66c0fc8e9a,48,87.9,none,explicit
spatial,scene_0030,both,text_only,pi05,tokens,3,False,,240,False,False,,True,True,True,glazed_rim_porcelain_ramekin_1,False,plate_1,True,0.0235,,,,,plane,,,04aa0581369cd708,4bb999e162bbf98d,4f0be73e5eb11eb0,48,86.7,none,explicit
spatial,scene_0030,both,text_only,pi05,tokens,4,False,,240,False,False,,True,True,True,akita_black_bowl_3,False,plate_1,True,0.0254,,,,,plane,,,04aa0581369cd708,ef773e0c12ae10a5,d8e4370133b47d9f,48,87.8,none,explicit
spatial,scene_0030,both,text_only,pi05,tokens,5,False,,240,False,False,,True,True,True,akita_black_bowl_3,False,plate_1,True,0.0257,,,,,plane,,,04aa0581369cd708,bc901d8c9e2cc858,d4f85a1c6114ce13,48,87.9,none,explicit
spatial,scene_0030,both,text_only,pi05,tokens,6,False,,240,False,False,,True,True,True,akita_black_bowl_3,False,plate_1,True,0.024,,,,,plane,,,04aa0581369cd708,f37564bd0d87b6b8,00a73c7406757e0d,48,87.1,none,explicit
spatial,scene_0030,both,text_only,pi05,tokens,7,False,,240,False,False,,True,True,True,akita_black_bowl_3,False,plate_1,True,0.0293,,,,,plane,,,04aa0581369cd708,5a3d9e14ac165853,095d553fff0462f0,48,88.2,none,explicit
spatial,scene_0030,both,text_only,pi05,tokens,8,False,,240,False,False,,True,True,True,akita_black_bowl_3,False,plate_1,True,0.0315,,,,,plane,,,04aa0581369cd708,c7636ac4ebba97ba,e0f1d83c77e839e8,48,87.8,none,explicit
spatial,scene_0030,both,text_only,pi05,tokens,9,False,,240,False,False,,True,True,True,glazed_rim_porcelain_ramekin_1,False,plate_1,True,0.05,,,,,plane,,,04aa0581369cd708,6662e2af2f492263,b306d9a42224217f,48,88.7,none,explicit
spatial,scene_0030,both,text_only,pi05,tokens,10,False,,240,False,False,,True,True,True,akita_black_bowl_3,False,plate_1,True,0.0296,,,,,plane,,,04aa0581369cd708,609f5b7671e5ee1f,1f84e628a3a5c1b2,48,86.7,none,explicit
spatial,scene_0030,both,text_only,pi05,tokens,11,False,,240,False,False,,True,True,True,glazed_rim_porcelain_ramekin_1,False,plate_1,True,0.0339,,,,,plane,,,04aa0581369cd708,9ee2c81a0c605420,a75cab107288877c,48,88.0,none,explicit
spatial,scene_0030,both,text_only,pi05,tokens,12,False,,240,False,False,,True,True,True,glazed_rim_porcelain_ramekin_1,False,plate_1,True,0.0521,,,,,plane,,,04aa0581369cd708,383712d3e7bffa39,7a7016cac8a74ec7,48,86.4,none,explicit
spatial,scene_0030,both,text_only,pi05,tokens,13,False,,240,False,False,,True,True,True,akita_black_bowl_3,False,plate_1,True,0.0706,,,,,plane,,,04aa0581369cd708,7e8f5946027e7027,feb1ee2686954ed2,48,87.7,none,explicit
spatial,scene_0031,both,text_only,pi05,tokens,0,False,,240,False,False,,True,True,True,akita_black_bowl_4,False,,False,0.1149,,,,,plane,,,8bc38b2af0044938,95863e97751be5b2,9cb7ee119672eb92,48,89.7,none,explicit
spatial,scene_0031,both,text_only,pi05,tokens,1,False,,240,False,False,,True,True,True,akita_black_bowl_4,False,plate_2,True,0.0101,,,,,plane,,,8bc38b2af0044938,c0bcbe7444be018d,7472fd487e1f762f,48,86.7,none,explicit
spatial,scene_0031,both,text_only,pi05,tokens,2,False,,240,False,False,,True,True,True,akita_black_bowl_4,False,plate_2,True,0.0107,,,,,plane,,,8bc38b2af0044938,dc4cc148f23bc3f2,905b9f4c1f17e501,48,87.1,none,explicit
spatial,scene_0031,both,text_only,pi05,tokens,3,False,,240,True,True,131,True,True,True,akita_black_bowl_1,True,plate_2,True,0.0079,,,,,plane,,,8bc38b2af0044938,6bda06fae8f4c3f6,44fcbfd0f5237fd0,48,87.1,none,explicit
spatial,scene_0031,both,text_only,pi05,tokens,4,False,,240,False,False,,True,True,True,glazed_rim_porcelain_ramekin_2,False,plate_2,True,0.0766,,,,,plane,,,8bc38b2af0044938,540ba99913cfc682,6ee1ee409b45ec09,48,91.1,none,explicit
spatial,scene_0031,both,text_only,pi05,tokens,5,False,,240,False,False,,True,True,True,akita_black_bowl_4,False,plate_2,True,0.0069,,,,,plane,,,8bc38b2af0044938,c2bee8ccf15545fe,511f55b292d1ea0b,48,85.3,none,explicit
spatial,scene_0031,both,text_only,pi05,tokens,6,False,,240,False,False,,True,True,True,glazed_rim_porcelain_ramekin_2,False,plate_2,True,0.0074,,,,,plane,,,8bc38b2af0044938,86014c12d19a2864,d178b6545dcef4a1,48,85.6,none,explicit
spatial,scene_0031,both,text_only,pi05,tokens,7,False,,240,False,False,,True,True,True,glazed_rim_porcelain_ramekin_2,False,plate_2,True,0.0675,,,,,plane,,,8bc38b2af0044938,e7a113345ce6c0d2,bf8a4cf682651ebb,48,87.9,none,explicit
spatial,scene_0031,both,text_only,pi05,tokens,8,False,,240,False,False,,True,True,True,glazed_rim_porcelain_ramekin_2,False,plate_2,True,0.0654,,,,,plane,,,8bc38b2af0044938,69b97be8a61aa521,e3a64330ee672f56,48,86.9,none,explicit
spatial,scene_0031,both,text_only,pi05,tokens,9,False,,240,True,True,149,True,True,True,akita_black_bowl_1,True,plate_2,True,0.0186,,,,,plane,,,8bc38b2af0044938,2719676e400d72b6,afc0ec7c413aec13,48,87.8,none,explicit
spatial,scene_0031,both,text_only,pi05,tokens,10,False,,240,True,True,107,True,True,True,akita_black_bowl_1,True,plate_2,True,0.0076,,,,,plane,,,8bc38b2af0044938,81c2f4f696b4e7b6,65d39a44ac2f6476,48,87.6,none,explicit
spatial,scene_0031,both,text_only,pi05,tokens,11,False,,240,False,False,,True,True,True,glazed_rim_porcelain_ramekin_2,False,plate_2,True,0.0097,,,,,plane,,,8bc38b2af0044938,2e4a8a0f2495f24d,4ef009d87c4e013d,48,86.6,none,explicit
spatial,scene_0031,both,text_only,pi05,tokens,12,False,,240,False,False,,True,True,True,glazed_rim_porcelain_ramekin_2,False,plate_2,True,0.0149,,,,,plane,,,8bc38b2af0044938,987408ff955ff1e9,0adb8a8db8487395,48,86.8,none,explicit
spatial,scene_0031,both,text_only,pi05,tokens,13,False,,240,True,True,106,True,True,True,akita_black_bowl_1,True,plate_2,True,0.0076,,,,,plane,,,8bc38b2af0044938,9d06b6581ee7d75b,c3b477b2e905345c,48,87.8,none,explicit
spatial,scene_0032,both,text_only,pi05,tokens,0,False,,240,False,False,,True,True,True,glazed_rim_porcelain_ramekin_1,False,plate_1,True,0.0785,,,,,plane,,,1ef5d1f411564ab6,822ff463526aa02f,a1935d1cd7691c81,48,85.3,none,explicit
spatial,scene_0032,both,text_only,pi05,tokens,1,False,,240,False,False,,True,True,True,akita_black_bowl_2,False,plate_1,True,0.0106,,,,,plane,,,1ef5d1f411564ab6,ee8f2335568fba23,250e15a70edeca16,48,85.6,none,explicit
spatial,scene_0032,both,text_only,pi05,tokens,2,False,,240,False,False,,True,True,True,akita_black_bowl_2,False,plate_1,True,0.0371,,,,,plane,,,1ef5d1f411564ab6,a657857fd6b39dcd,86462d58f06eac4e,48,86.6,none,explicit
spatial,scene_0032,both,text_only,pi05,tokens,3,False,,240,False,False,,True,True,True,glazed_rim_porcelain_ramekin_1,False,plate_1,True,0.0696,,,,,plane,,,1ef5d1f411564ab6,8daae80c6e956ed7,209a864df5e97866,48,87.9,none,explicit
spatial,scene_0032,both,text_only,pi05,tokens,4,False,,240,False,False,,True,True,True,akita_black_bowl_1,True,plate_1,True,0.0332,,,,,plane,,,1ef5d1f411564ab6,fa42ea9a860aff4d,7c930111c739a49e,48,86.5,none,explicit
spatial,scene_0032,both,text_only,pi05,tokens,5,False,,240,False,False,,True,True,True,akita_black_bowl_2,False,plate_1,True,0.0262,,,,,plane,,,1ef5d1f411564ab6,71c848cc447008c7,fb418e87af35f3fa,48,87.2,none,explicit
spatial,scene_0032,both,text_only,pi05,tokens,6,False,,240,False,False,,True,True,True,akita_black_bowl_2,False,plate_1,True,0.0197,,,,,plane,,,1ef5d1f411564ab6,5cef6d38bca85d90,56eee8b4ef7bc557,48,88.2,none,explicit
spatial,scene_0032,both,text_only,pi05,tokens,7,False,,240,False,False,,True,True,True,akita_black_bowl_1,True,,False,0.1038,,,,,plane,,,1ef5d1f411564ab6,fabc9853b1bfe37a,cefdc537dcb25d78,48,88.8,none,explicit
spatial,scene_0032,both,text_only,pi05,tokens,8,False,,240,False,False,,True,True,True,glazed_rim_porcelain_ramekin_1,False,,False,0.1402,,,,,plane,,,1ef5d1f411564ab6,dc5b5d5e562c7429,e995c1cf25c6c56c,48,89.4,none,explicit
spatial,scene_0032,both,text_only,pi05,tokens,9,False,,240,False,False,,True,True,True,glazed_rim_porcelain_ramekin_1,False,,False,0.0859,,,,,plane,,,1ef5d1f411564ab6,1cdfa3244fb5a7cc,b7b3dc8bb9f6245e,48,84.6,none,explicit
spatial,scene_0032,both,text_only,pi05,tokens,10,False,,240,True,True,132,True,True,True,akita_black_bowl_1,True,plate_1,True,0.0117,,,,,plane,,,1ef5d1f411564ab6,59fb092b60f25d7b,c534b6aca1c6fdcd,48,86.9,none,explicit
spatial,scene_0032,both,text_only,pi05,tokens,11,False,,240,True,True,119,True,True,True,akita_black_bowl_1,True,plate_1,True,0.015,,,,,plane,,,1ef5d1f411564ab6,18dda15cadc93c52,0b0f989afb07ca96,48,87.1,none,explicit
spatial,scene_0032,both,text_only,pi05,tokens,12,False,,240,False,False,,True,True,True,glazed_rim_porcelain_ramekin_1,False,,False,0.0829,,,,,plane,,,1ef5d1f411564ab6,04371e248064d6a5,8160c4378623e416,48,86.2,none,explicit
spatial,scene_0032,both,text_only,pi05,tokens,13,False,,240,False,False,,True,True,True,glazed_rim_porcelain_ramekin_1,False,,False,0.0801,,,,,plane,,,1ef5d1f411564ab6,8280c4093490fb65,8062b48d0d870e3a,48,86.8,none,explicit
spatial,scene_0033,both,text_only,pi05,tokens,0,False,,240,False,True,109,True,True,True,akita_black_bowl_3,True,plate_3,True,0.0261,,,,,plane,,,d150379b3af48570,47069baa57f29fde,ca360731c9102d61,48,87.1,none,explicit
spatial,scene_0033,both,text_only,pi05,tokens,1,False,,240,False,True,103,True,True,True,akita_black_bowl_3,True,plate_3,True,0.0621,,,,,plane,,,d150379b3af48570,f20cf9243d89b8f7,9cfcf7e0e2d8b4f4,48,87.0,none,explicit
spatial,scene_0033,both,text_only,pi05,tokens,2,False,,240,False,False,,True,True,True,akita_black_bowl_3,True,plate_3,True,0.0292,,,,,plane,,,d150379b3af48570,5f767b097d6a38f4,bfa1fe158d1ba8dd,48,88.5,none,explicit
spatial,scene_0033,both,text_only,pi05,tokens,3,False,,240,False,False,,True,True,True,akita_black_bowl_3,True,plate_2,False,0.0798,,,,,plane,,,d150379b3af48570,183326ba2ebd2065,ef23eb4d4d15cadf,48,87.0,none,explicit
spatial,scene_0033,both,text_only,pi05,tokens,4,False,,240,False,False,,True,True,True,akita_black_bowl_3,True,plate_2,False,0.0241,,,,,plane,,,d150379b3af48570,54837c867661377d,0821e5440b4fedd7,48,87.0,none,explicit
spatial,scene_0033,both,text_only,pi05,tokens,5,False,,240,False,True,107,True,True,True,akita_black_bowl_3,True,plate_3,True,0.0242,,,,,plane,,,d150379b3af48570,03b9c78064155cb6,27a36b13fdec22ba,48,88.7,none,explicit
spatial,scene_0033,both,text_only,pi05,tokens,6,False,,240,True,True,107,True,True,True,akita_black_bowl_3,True,plate_3,True,0.0126,,,,,plane,,,d150379b3af48570,14088d07c132a878,0562995a15419d5b,48,86.9,none,explicit
spatial,scene_0033,both,text_only,pi05,tokens,7,False,,240,True,True,107,True,True,True,akita_black_bowl_3,True,plate_3,True,0.0192,,,,,plane,,,d150379b3af48570,368eaa95d1f342d5,024cdd40c2546075,48,87.0,none,explicit
spatial,scene_0033,both,text_only,pi05,tokens,8,False,,240,False,True,114,True,True,True,akita_black_bowl_3,True,plate_3,True,0.0296,,,,,plane,,,d150379b3af48570,1399f8df2f1eb025,59f9ea832d0fdd84,48,87.1,none,explicit
spatial,scene_0033,both,text_only,pi05,tokens,9,False,,240,True,True,144,True,True,True,akita_black_bowl_3,True,plate_3,True,0.0177,,,,,plane,,,d150379b3af48570,3110eeb204ce4acb,a28de900b9143bf5,48,86.4,none,explicit
spatial,scene_0033,both,text_only,pi05,tokens,10,False,,240,False,True,105,True,True,True,akita_black_bowl_3,True,plate_3,True,0.0189,,,,,plane,,,d150379b3af48570,e5237ef71e053173,1f6a7a4feaa68d21,48,86.8,none,explicit
spatial,scene_0033,both,text_only,pi05,tokens,11,False,,240,True,True,105,True,True,True,akita_black_bowl_3,True,plate_3,True,0.0267,,,,,plane,,,d150379b3af48570,828de0df875f6aab,8fc75f4f9f78e719,48,88.7,none,explicit
spatial,scene_0033,both,text_only,pi05,tokens,12,False,,240,False,True,111,True,True,True,akita_black_bowl_3,True,plate_3,True,0.0308,,,,,plane,,,d150379b3af48570,16cddd2d42b187af,d0c634cf35de208b,48,87.3,none,explicit
spatial,scene_0033,both,text_only,pi05,tokens,13,False,,240,False,True,113,True,True,True,akita_black_bowl_3,True,plate_3,True,0.0242,,,,,plane,,,d150379b3af48570,0661533c56f7587e,c5975f97745839b8,48,87.5,none,explicit
spatial,scene_0034,both,text_only,pi05,tokens,0,False,,240,False,False,,True,True,True,akita_black_bowl_1,True,plate_3,False,0.0076,,,,,plane,,,bfafef5672990090,9260df90d7650174,46ce78017191e47a,48,88.2,none,explicit
spatial,scene_0034,both,text_only,pi05,tokens,1,False,,240,False,False,,True,True,True,akita_black_bowl_1,True,plate_3,False,0.007,,,,,plane,,,bfafef5672990090,3cf9b4d5e93f3120,8e2cf03b82262dd7,48,87.0,none,explicit
spatial,scene_0034,both,text_only,pi05,tokens,2,False,,240,False,False,,True,True,True,akita_black_bowl_1,True,plate_3,False,0.0146,,,,,plane,,,bfafef5672990090,a9355ef2b9c93b52,2527eb4a3d78e53d,48,86.6,none,explicit
spatial,scene_0034,both,text_only,pi05,tokens,3,False,,240,False,False,,True,True,True,akita_black_bowl_1,True,plate_3,False,0.006,,,,,plane,,,bfafef5672990090,4e773ab69e35437a,9a222807f3563475,48,87.8,none,explicit
spatial,scene_0034,both,text_only,pi05,tokens,4,False,,240,False,False,,True,True,True,akita_black_bowl_1,True,plate_3,False,0.0113,,,,,plane,,,bfafef5672990090,046d1817f275f303,e8f0a0843b635d46,48,86.8,none,explicit
spatial,scene_0034,both,text_only,pi05,tokens,5,False,,240,False,False,,True,True,True,akita_black_bowl_1,True,plate_3,False,0.0083,,,,,plane,,,bfafef5672990090,533abd7aa29f002a,00b8722d689b8763,48,87.9,none,explicit
spatial,scene_0034,both,text_only,pi05,tokens,6,False,,240,False,False,,True,True,True,akita_black_bowl_1,True,plate_3,False,0.0083,,,,,plane,,,bfafef5672990090,74cd696e830923ec,f8bb32d715bfd23e,48,87.3,none,explicit
spatial,scene_0034,both,text_only,pi05,tokens,7,False,,240,False,False,,True,True,True,akita_black_bowl_1,True,plate_3,False,0.0123,,,,,plane,,,bfafef5672990090,0493833294a8f26b,227b8c8720117c10,48,88.7,none,explicit
spatial,scene_0034,both,text_only,pi05,tokens,8,False,,240,False,False,,True,True,True,akita_black_bowl_1,True,plate_3,False,0.0214,,,,,plane,,,bfafef5672990090,e9a07db8438e8f2e,db1bffe7b27a8158,48,89.2,none,explicit
spatial,scene_0034,both,text_only,pi05,tokens,9,False,,240,False,False,,True,True,True,akita_black_bowl_1,True,plate_3,False,0.0056,,,,,plane,,,bfafef5672990090,5d8fb5ca07248980,b40887a3a40ea4da,48,87.6,none,explicit
spatial,scene_0034,both,text_only,pi05,tokens,10,False,,240,False,False,,True,True,True,akita_black_bowl_1,True,plate_3,False,0.0209,,,,,plane,,,bfafef5672990090,011e12ebc836393f,4292b54ad6dff2ea,48,87.6,none,explicit
spatial,scene_0034,both,text_only,pi05,tokens,11,False,,240,False,False,,True,True,True,akita_black_bowl_1,True,plate_3,False,0.0208,,,,,plane,,,bfafef5672990090,e3c673d0cb9abb83,26c765e51f5440ac,48,87.5,none,explicit
spatial,scene_0034,both,text_only,pi05,tokens,12,False,,240,False,False,,True,True,True,akita_black_bowl_1,True,plate_3,False,0.009,,,,,plane,,,bfafef5672990090,e7c3ac8e8000f7a3,011158791dd2a8b2,48,87.7,none,explicit
spatial,scene_0034,both,text_only,pi05,tokens,13,False,,240,False,False,,True,True,True,akita_black_bowl_1,True,plate_3,False,0.0056,,,,,plane,,,bfafef5672990090,dcdf9f64c94b0ea3,0b45851383cb111d,48,87.4,none,explicit
spatial,scene_0035,both,text_only,pi05,tokens,0,False,,240,False,False,,True,True,True,akita_black_bowl_3,False,plate_2,True,0.0133,,,,,plane,,,7497f3aa3d791c76,c89f1d45a04c572a,3a8163dad4da5bf7,48,89.6,none,explicit
spatial,scene_0035,both,text_only,pi05,tokens,1,False,,240,False,False,,True,True,True,akita_black_bowl_3,False,plate_2,True,0.0107,,,,,plane,,,7497f3aa3d791c76,16d5be8ca6f1a92f,5b233a7b3d37f7c1,48,89.7,none,explicit
spatial,scene_0035,both,text_only,pi05,tokens,2,False,,240,False,False,,True,True,True,glazed_rim_porcelain_ramekin_2,False,plate_2,True,0.023,,,,,plane,,,7497f3aa3d791c76,43890ad80fd42807,7779e8d3e1c7757e,48,88.8,none,explicit
spatial,scene_0035,both,text_only,pi05,tokens,3,False,,240,False,False,,True,True,True,akita_black_bowl_1,False,plate_2,True,0.0263,,,,,plane,,,7497f3aa3d791c76,8ce25f707f8e6ed9,289af4e13cb0a124,48,86.6,none,explicit
spatial,scene_0035,both,text_only,pi05,tokens,4,False,,240,False,False,,True,True,True,akita_black_bowl_1,False,plate_2,True,0.026,,,,,plane,,,7497f3aa3d791c76,61dcd826c638914d,083cfc967a2a44dc,48,87.2,none,explicit
spatial,scene_0035,both,text_only,pi05,tokens,5,False,,240,False,False,,True,True,True,glazed_rim_porcelain_ramekin_2,False,plate_2,True,0.0192,,,,,plane,,,7497f3aa3d791c76,964520681f021323,e99fd2a0cbea3e57,48,89.1,none,explicit
spatial,scene_0035,both,text_only,pi05,tokens,6,False,,240,False,False,,True,True,True,akita_black_bowl_2,False,plate_2,True,0.0204,,,,,plane,,,7497f3aa3d791c76,ee62d4a48a2bf237,1dad82cfbf2e4d89,48,86.3,none,explicit
spatial,scene_0035,both,text_only,pi05,tokens,7,False,,240,False,False,,True,True,True,glazed_rim_porcelain_ramekin_2,False,plate_2,True,0.0219,,,,,plane,,,7497f3aa3d791c76,f80a0721562b8f1d,21e65dd28f2b34ed,48,88.1,none,explicit
spatial,scene_0035,both,text_only,pi05,tokens,8,False,,240,False,False,,True,True,True,akita_black_bowl_2,False,plate_2,True,0.0144,,,,,plane,,,7497f3aa3d791c76,1fb14229edb97c89,7f0a8adf17ffeb4c,48,88.8,none,explicit
spatial,scene_0035,both,text_only,pi05,tokens,9,False,,240,False,False,,True,True,True,akita_black_bowl_2,False,plate_2,True,0.013,,,,,plane,,,7497f3aa3d791c76,5dc79d53334e1c7b,86b6dbb68865b8c5,48,92.0,none,explicit
spatial,scene_0035,both,text_only,pi05,tokens,10,False,,240,False,False,,True,True,True,akita_black_bowl_1,False,plate_2,True,0.0348,,,,,plane,,,7497f3aa3d791c76,7dd146d16b836cec,55028197fc55bb23,48,88.8,none,explicit
spatial,scene_0035,both,text_only,pi05,tokens,11,False,,240,False,False,,True,True,True,glazed_rim_porcelain_ramekin_2,False,plate_2,True,0.0121,,,,,plane,,,7497f3aa3d791c76,f9a51d761860b254,6c095d708c519256,48,89.2,none,explicit
spatial,scene_0035,both,text_only,pi05,tokens,12,False,,240,False,False,,True,True,True,glazed_rim_porcelain_ramekin_2,False,plate_2,True,0.0302,,,,,plane,,,7497f3aa3d791c76,2929110235a0c73e,2728e70e90502d9f,48,87.2,none,explicit
spatial,scene_0035,both,text_only,pi05,tokens,13,False,,240,False,False,,True,True,True,glazed_rim_porcelain_ramekin_2,False,plate_2,True,0.0178,,,,,plane,,,7497f3aa3d791c76,bc11b1c7560c13c8,5250625682da07f0,48,88.6,none,explicit
spatial,scene_0036,both,text_only,pi05,tokens,0,False,,240,False,False,,True,True,True,akita_black_bowl_1,False,plate_2,True,0.0181,,,,,plane,,,5ddf58cd0fd4545d,9b2cd119d27eecf9,d561f25bcb3d56ca,48,90.5,none,explicit
spatial,scene_0036,both,text_only,pi05,tokens,1,False,,240,False,False,,True,True,True,akita_black_bowl_1,False,plate_2,True,0.0254,,,,,plane,,,5ddf58cd0fd4545d,3ed56d3ea9cc9fb2,20920c7c707f6556,48,90.4,none,explicit
spatial,scene_0036,both,text_only,pi05,tokens,2,False,,240,False,False,,True,True,True,akita_black_bowl_1,False,plate_2,True,0.0155,,,,,plane,,,5ddf58cd0fd4545d,c83a843110b5b253,a89beb85f46ccdb6,48,88.8,none,explicit
spatial,scene_0036,both,text_only,pi05,tokens,3,False,,240,False,False,,True,True,True,akita_black_bowl_1,False,plate_2,True,0.0041,,,,,plane,,,5ddf58cd0fd4545d,28d50bc1f3c20d0f,ada6fa833c53c993,48,90.2,none,explicit
spatial,scene_0036,both,text_only,pi05,tokens,4,False,,240,False,False,,True,True,True,akita_black_bowl_1,False,plate_2,True,0.0067,,,,,plane,,,5ddf58cd0fd4545d,08d7d0e55fb4cc00,717dda50a8af21e5,48,92.2,none,explicit
spatial,scene_0036,both,text_only,pi05,tokens,5,False,,240,False,False,,True,True,True,akita_black_bowl_1,False,plate_2,True,0.0229,,,,,plane,,,5ddf58cd0fd4545d,b3429029f2759f37,fc3021c98cd799f2,48,93.4,none,explicit
spatial,scene_0036,both,text_only,pi05,tokens,6,False,,240,False,False,,True,True,True,akita_black_bowl_1,False,plate_2,True,0.0109,,,,,plane,,,5ddf58cd0fd4545d,ae020c370912d782,a372adaea8f2d82f,48,88.9,none,explicit
spatial,scene_0036,both,text_only,pi05,tokens,7,False,,240,False,False,,True,True,True,akita_black_bowl_1,False,plate_2,True,0.0041,,,,,plane,,,5ddf58cd0fd4545d,679bcde145df2643,904e349a5a273b91,48,94.3,none,explicit
spatial,scene_0036,both,text_only,pi05,tokens,8,False,,240,False,False,,True,True,True,akita_black_bowl_1,False,plate_2,True,0.0135,,,,,plane,,,5ddf58cd0fd4545d,0da6d75a9c60caac,d862459d1a8400e9,48,92.3,none,explicit
spatial,scene_0036,both,text_only,pi05,tokens,9,False,,240,False,False,,True,True,True,akita_black_bowl_1,False,plate_2,True,0.001,,,,,plane,,,5ddf58cd0fd4545d,d0f1c8158b8c375b,428237f74a657dd2,48,91.5,none,explicit
spatial,scene_0036,both,text_only,pi05,tokens,10,False,,240,False,False,,True,True,True,akita_black_bowl_1,False,plate_2,True,0.0087,,,,,plane,,,5ddf58cd0fd4545d,0edeff7dae8117cc,6a5f6b5c0953cd6e,48,88.5,none,explicit
spatial,scene_0036,both,text_only,pi05,tokens,11,False,,240,False,False,,True,True,True,akita_black_bowl_1,False,plate_2,True,0.0074,,,,,plane,,,5ddf58cd0fd4545d,bd9b46d35ac7cd03,e8fd55a584c681d8,48,88.2,none,explicit
spatial,scene_0036,both,text_only,pi05,tokens,12,False,,240,False,False,,True,True,True,akita_black_bowl_1,False,plate_2,True,0.0106,,,,,plane,,,5ddf58cd0fd4545d,e352db4968708dc8,9d7dd4b372a9f4fa,48,89.3,none,explicit
spatial,scene_0036,both,text_only,pi05,tokens,13,False,,240,False,False,,True,True,True,akita_black_bowl_1,False,plate_2,True,0.0187,,,,,plane,,,5ddf58cd0fd4545d,99750220aebaab99,5255f8dd57035454,48,90.6,none,explicit
spatial,scene_0037,both,text_only,pi05,tokens,0,False,,240,False,False,,True,True,True,akita_black_bowl_2,False,plate_3,False,0.0062,,,,,plane,,,8f85ef2e321786bb,135f9312c66cf350,c4af3755f717fd8c,48,89.5,none,explicit
spatial,scene_0037,both,text_only,pi05,tokens,1,False,,240,False,False,,True,True,True,akita_black_bowl_2,False,plate_3,False,0.0094,,,,,plane,,,8f85ef2e321786bb,bd11882315e6b598,fa54f90cc51c8f66,48,87.7,none,explicit
spatial,scene_0037,both,text_only,pi05,tokens,2,False,,240,False,False,,True,True,True,akita_black_bowl_2,False,plate_3,False,0.0111,,,,,plane,,,8f85ef2e321786bb,91b49a88a27b986c,8002ff4db0eac38c,48,87.4,none,explicit
spatial,scene_0037,both,text_only,pi05,tokens,3,False,,240,False,False,,True,True,True,akita_black_bowl_2,False,plate_3,False,0.0032,,,,,plane,,,8f85ef2e321786bb,886bacf0b73b491b,c6809b1ba5105259,48,90.3,none,explicit
spatial,scene_0037,both,text_only,pi05,tokens,4,False,,240,False,False,,True,True,True,akita_black_bowl_2,False,plate_3,False,0.0145,,,,,plane,,,8f85ef2e321786bb,fa5aa203bd4dcd3f,dfca71f0cbb47ce0,48,87.6,none,explicit
spatial,scene_0037,both,text_only,pi05,tokens,5,False,,240,False,False,,True,True,True,akita_black_bowl_2,False,plate_3,False,0.0083,,,,,plane,,,8f85ef2e321786bb,b7ad7a618f2356c6,b5e54e379dd2dd5e,48,91.5,none,explicit
spatial,scene_0037,both,text_only,pi05,tokens,6,False,,240,False,False,,True,True,True,akita_black_bowl_2,False,plate_3,False,0.0131,,,,,plane,,,8f85ef2e321786bb,24f16c3b75e55913,92588a16c4ff709b,48,92.6,none,explicit
spatial,scene_0037,both,text_only,pi05,tokens,7,False,,240,False,False,,True,True,True,akita_black_bowl_2,False,plate_3,False,0.0052,,,,,plane,,,8f85ef2e321786bb,7cab2e1b1634eda9,df66f47033d73994,48,89.6,none,explicit
spatial,scene_0037,both,text_only,pi05,tokens,8,False,,240,False,False,,True,True,True,akita_black_bowl_2,False,plate_3,False,0.0023,,,,,plane,,,8f85ef2e321786bb,49cb571809fbdf98,f24bc1c0cfbc3a4b,48,91.6,none,explicit
spatial,scene_0037,both,text_only,pi05,tokens,9,False,,240,False,False,,True,True,True,akita_black_bowl_2,False,plate_3,False,0.0046,,,,,plane,,,8f85ef2e321786bb,c95feabd2170bc45,a459bb83a2eb5f29,48,91.1,none,explicit
spatial,scene_0037,both,text_only,pi05,tokens,10,False,,240,False,False,,True,True,True,akita_black_bowl_2,False,plate_3,False,0.0064,,,,,plane,,,8f85ef2e321786bb,0357d214fc266814,bc70aa1f7019a485,48,92.8,none,explicit
spatial,scene_0037,both,text_only,pi05,tokens,11,False,,240,False,False,,True,True,True,akita_black_bowl_2,False,plate_3,False,0.0083,,,,,plane,,,8f85ef2e321786bb,72e0f15293b01d13,59b3872725f8fe1e,48,89.9,none,explicit
spatial,scene_0037,both,text_only,pi05,tokens,12,False,,240,False,False,,True,True,True,akita_black_bowl_2,False,plate_3,False,0.0099,,,,,plane,,,8f85ef2e321786bb,69185bf751ebccb8,93b22c97f8b40473,48,91.9,none,explicit
spatial,scene_0037,both,text_only,pi05,tokens,13,False,,240,False,False,,True,True,True,akita_black_bowl_2,False,plate_3,False,0.0092,,,,,plane,,,8f85ef2e321786bb,b036b1149ae1d834,5a4ba102689154af,48,91.3,none,explicit
object,scene_0000,control,text_only,pi05,tokens,0,False,,300,True,True,197,True,True,True,milk_1,True,basket_1,True,0.018,,,,,plane,,,24568138ec1920e2,1262154696dd6541,27313fb6cf0b4409,60,86.5,none,explicit
object,scene_0000,control,text_only,pi05,tokens,1,False,,300,True,True,119,True,True,True,milk_1,True,basket_1,True,0.0244,,,,,plane,,,24568138ec1920e2,1ee7f0ccf370a826,fad8b1bd72318885,60,86.9,none,explicit
object,scene_0000,control,text_only,pi05,tokens,2,False,,300,True,True,230,True,True,True,milk_1,True,basket_1,True,0.0267,,,,,plane,,,24568138ec1920e2,518ea48051811603,4d97d994ba1a8602,60,87.7,none,explicit
object,scene_0000,control,text_only,pi05,tokens,3,False,,300,True,True,167,True,True,True,milk_1,True,basket_1,True,0.0072,,,,,plane,,,24568138ec1920e2,0603f2e02f889528,91955875264efe6d,60,86.0,none,explicit
object,scene_0000,control,text_only,pi05,tokens,4,False,,300,True,True,117,True,True,True,milk_1,True,basket_1,True,0.0066,,,,,plane,,,24568138ec1920e2,174af9e1bce90ef8,4c708ab8633ac5b9,60,86.3,none,explicit
object,scene_0000,control,text_only,pi05,tokens,5,False,,300,True,True,114,True,True,True,milk_1,True,basket_1,True,0.0073,,,,,plane,,,24568138ec1920e2,24d09ddea7842faf,851a63ab6301a224,60,85.5,none,explicit
object,scene_0000,control,text_only,pi05,tokens,6,False,,300,True,True,207,True,True,True,milk_1,True,basket_1,True,0.0231,,,,,plane,,,24568138ec1920e2,8117acccda32089c,f791fdfe62f4782a,60,85.5,none,explicit
object,scene_0000,control,text_only,pi05,tokens,7,False,,300,True,True,173,True,True,True,milk_1,True,basket_1,True,0.0174,,,,,plane,,,24568138ec1920e2,8c29d061a75ad42a,ec94168782cf0bab,60,85.2,none,explicit
object,scene_0000,control,text_only,pi05,tokens,8,False,,300,False,False,,True,False,False,,False,,False,0.3354,,,,,plane,,,24568138ec1920e2,553dcf8d53bbeb1d,3751a161ef147f9f,60,85.7,none,explicit
object,scene_0000,control,text_only,pi05,tokens,9,False,,300,True,True,218,True,True,True,milk_1,True,basket_1,True,0.0073,,,,,plane,,,24568138ec1920e2,ab8bdb5cddffa66d,4000b241f7e91e35,60,86.5,none,explicit
object,scene_0000,control,text_only,pi05,tokens,10,False,,300,True,True,207,True,True,True,milk_1,True,basket_1,True,0.0183,,,,,plane,,,24568138ec1920e2,177e5260b582bfe3,399e1190a0e40274,60,87.2,none,explicit
object,scene_0000,control,text_only,pi05,tokens,11,False,,300,True,True,210,True,True,True,milk_1,True,basket_1,True,0.0011,,,,,plane,,,24568138ec1920e2,03784b341243e708,ebf479ee6795b1ab,60,87.3,none,explicit
object,scene_0000,control,text_only,pi05,tokens,12,False,,300,False,False,,True,True,True,milk_1,True,basket_1,True,0.0272,,,,,plane,,,24568138ec1920e2,a19c07df1b36b837,cf4ccc7c6fca2205,60,86.6,none,explicit
object,scene_0000,control,text_only,pi05,tokens,13,False,,300,True,True,132,True,True,True,milk_1,True,basket_1,True,0.0066,,,,,plane,,,24568138ec1920e2,cb490b66886c1a6d,524ce3110ea261d0,60,88.6,none,explicit
object,scene_0001,control,text_only,pi05,tokens,0,False,,300,True,True,137,True,True,True,alphabet_soup_1,True,basket_1,True,0.0198,,,,,plane,,,8e586fbea44211db,2e54c52d49f7996e,38f87cbda2443978,60,87.7,none,explicit
object,scene_0001,control,text_only,pi05,tokens,1,False,,300,True,True,135,True,True,True,alphabet_soup_1,True,basket_1,True,0.0137,,,,,plane,,,8e586fbea44211db,283305e9eb27d5af,f4463819f963903c,60,87.2,none,explicit
object,scene_0001,control,text_only,pi05,tokens,2,False,,300,False,False,,True,True,True,alphabet_soup_1,True,,False,0.4893,,,,,plane,,,8e586fbea44211db,d69df78d275f076d,948cc1e061b9ed21,60,86.2,none,explicit
object,scene_0001,control,text_only,pi05,tokens,3,False,,300,True,True,155,True,True,True,alphabet_soup_1,True,basket_1,True,0.0324,,,,,plane,,,8e586fbea44211db,1662adc77d744750,e99fa9bcb4f31a96,60,85.0,none,explicit
object,scene_0001,control,text_only,pi05,tokens,4,False,,300,True,True,122,True,True,True,alphabet_soup_1,True,basket_1,True,0.0337,,,,,plane,,,8e586fbea44211db,0a70210c1e378fa3,2f213a0f936f2dd2,60,87.2,none,explicit
object,scene_0001,control,text_only,pi05,tokens,5,False,,300,True,True,136,True,True,True,alphabet_soup_1,True,basket_1,True,0.025,,,,,plane,,,8e586fbea44211db,21a64dffba723bd3,45a94dc981e68f1c,60,86.7,none,explicit
object,scene_0001,control,text_only,pi05,tokens,6,False,,300,True,True,140,True,True,True,alphabet_soup_1,True,basket_1,True,0.0317,,,,,plane,,,8e586fbea44211db,99af811220a0f39c,d1ba7e7361c20cc6,60,87.1,none,explicit
object,scene_0001,control,text_only,pi05,tokens,7,False,,300,True,True,157,True,True,True,alphabet_soup_1,True,basket_1,True,0.0244,,,,,plane,,,8e586fbea44211db,71b7562359ae1b6a,9a077e1f2f398dfd,60,86.2,none,explicit
object,scene_0001,control,text_only,pi05,tokens,8,False,,300,True,True,129,True,True,True,alphabet_soup_1,True,basket_1,True,0.0301,,,,,plane,,,8e586fbea44211db,a4784c88f614ac86,00d227514f578a63,60,87.1,none,explicit
object,scene_0001,control,text_only,pi05,tokens,9,False,,300,True,True,147,True,True,True,alphabet_soup_1,True,basket_1,True,0.0222,,,,,plane,,,8e586fbea44211db,8e4e9b849b6d4f5b,89f0c86bfa725ac3,60,88.0,none,explicit
object,scene_0001,control,text_only,pi05,tokens,10,False,,300,True,True,142,True,True,True,alphabet_soup_1,True,basket_1,True,0.0209,,,,,plane,,,8e586fbea44211db,42a356848b26d9e2,8d5e649c30acfa05,60,85.5,none,explicit
object,scene_0001,control,text_only,pi05,tokens,11,False,,300,True,True,156,True,True,True,alphabet_soup_1,True,basket_1,True,0.037,,,,,plane,,,8e586fbea44211db,91cb3a4eee6fbdf7,dc854a54f9220419,60,86.2,none,explicit
object,scene_0001,control,text_only,pi05,tokens,12,False,,300,True,True,146,True,True,True,alphabet_soup_1,True,basket_1,True,0.022,,,,,plane,,,8e586fbea44211db,52c3d56becd54511,9265ddb1b4c46540,60,86.3,none,explicit
object,scene_0001,control,text_only,pi05,tokens,13,False,,300,True,True,138,True,True,True,alphabet_soup_1,True,basket_1,True,0.0223,,,,,plane,,,8e586fbea44211db,4a603d18707eaeb6,88016adcb79d30fc,60,86.9,none,explicit
object,scene_0002,control,text_only,pi05,tokens,0,False,,300,True,True,197,True,True,True,tomato_sauce_1,True,basket_1,True,0.0354,,,,,plane,,,95dd8801575a4f98,d8b258a08d9f6713,2674f451d7dac6cd,60,85.6,none,explicit
object,scene_0002,control,text_only,pi05,tokens,1,False,,300,True,True,151,True,True,True,tomato_sauce_1,True,basket_1,True,0.0217,,,,,plane,,,95dd8801575a4f98,f74e7c0b9449633d,58671cc32415d3d1,60,85.8,none,explicit
object,scene_0002,control,text_only,pi05,tokens,2,False,,300,True,True,174,True,True,True,tomato_sauce_1,True,basket_1,True,0.0233,,,,,plane,,,95dd8801575a4f98,87f1643a62a43ac4,f665090d26561bd8,60,86.3,none,explicit
object,scene_0002,control,text_only,pi05,tokens,3,False,,300,True,True,279,True,True,True,tomato_sauce_1,True,basket_1,True,0.0314,,,,,plane,,,95dd8801575a4f98,9dd2eba6133fd7ed,fc12f6212028084b,60,86.1,none,explicit
object,scene_0002,control,text_only,pi05,tokens,4,False,,300,False,False,,True,True,True,tomato_sauce_1,True,,False,0.1575,,,,,plane,,,95dd8801575a4f98,0bd8e5f6f971f3e8,501dc21adc3b2c67,60,86.0,none,explicit
object,scene_0002,control,text_only,pi05,tokens,5,False,,300,True,True,146,True,True,True,tomato_sauce_1,True,basket_1,True,0.0184,,,,,plane,,,95dd8801575a4f98,6d2dcc6eea5c097b,5d514f3f75a5996b,60,87.5,none,explicit
object,scene_0002,control,text_only,pi05,tokens,6,False,,300,True,True,171,True,True,True,tomato_sauce_1,True,basket_1,True,0.0297,,,,,plane,,,95dd8801575a4f98,b465fa65ca5f9015,7684908d3d7d3dca,60,87.4,none,explicit
object,scene_0002,control,text_only,pi05,tokens,7,False,,300,True,True,159,True,True,True,tomato_sauce_1,True,basket_1,True,0.0124,,,,,plane,,,95dd8801575a4f98,b918770aa1191cb2,2bb0448577bea88e,60,87.2,none,explicit
object,scene_0002,control,text_only,pi05,tokens,8,False,,300,True,True,172,True,True,True,tomato_sauce_1,True,basket_1,True,0.0223,,,,,plane,,,95dd8801575a4f98,885d52cdd2653452,f95b77707d35b934,60,85.8,none,explicit
object,scene_0002,control,text_only,pi05,tokens,9,False,,300,True,True,147,True,True,True,tomato_sauce_1,True,basket_1,True,0.0331,,,,,plane,,,95dd8801575a4f98,1b37252b7e8baa0a,1f22fd6ff4575619,60,86.3,none,explicit
object,scene_0002,control,text_only,pi05,tokens,10,False,,300,True,True,151,True,True,True,tomato_sauce_1,True,basket_1,True,0.0221,,,,,plane,,,95dd8801575a4f98,9aa46b79cb819694,1431571cc4a5250a,60,87.8,none,explicit
object,scene_0002,control,text_only,pi05,tokens,11,False,,300,True,True,164,True,True,True,tomato_sauce_1,True,basket_1,True,0.0267,,,,,plane,,,95dd8801575a4f98,ab596c6f7f27b860,24a09eeaf70cd723,60,88.2,none,explicit
object,scene_0002,control,text_only,pi05,tokens,12,False,,300,True,True,154,True,True,True,tomato_sauce_1,True,basket_1,True,0.0289,,,,,plane,,,95dd8801575a4f98,1661868a7c23bf34,6131b59db8ce3a48,60,87.6,none,explicit
object,scene_0002,control,text_only,pi05,tokens,13,False,,300,True,True,205,True,True,True,tomato_sauce_1,True,basket_1,True,0.0156,,,,,plane,,,95dd8801575a4f98,4433e2554a831be7,f5d777546a52b640,60,87.7,none,explicit
object,scene_0003,control,text_only,pi05,tokens,0,False,,300,True,True,181,True,True,True,orange_juice_1,True,basket_1,True,0.0314,,,,,plane,,,cd8985ae6e154848,af7ae4f0ed645a55,d7131b115dfde90a,60,86.9,none,explicit
object,scene_0003,control,text_only,pi05,tokens,1,False,,300,True,True,248,True,True,True,orange_juice_1,True,basket_1,True,0.0179,,,,,plane,,,cd8985ae6e154848,755504f5fd7ac000,b3074cdcaeb1141c,60,86.4,none,explicit
object,scene_0003,control,text_only,pi05,tokens,2,False,,300,True,True,258,True,True,True,orange_juice_1,True,basket_1,True,0.0279,,,,,plane,,,cd8985ae6e154848,493e931c3051a8f1,a037e7f863b054c8,60,87.4,none,explicit
object,scene_0003,control,text_only,pi05,tokens,3,False,,300,False,False,204,True,True,True,orange_juice_1,True,basket_1,True,0.0296,,,,,plane,,,cd8985ae6e154848,1fb85a208ba19d09,1ae9bcbd458ac3bf,60,87.6,none,explicit
object,scene_0003,control,text_only,pi05,tokens,4,False,,300,True,True,205,True,True,True,orange_juice_1,True,basket_1,True,0.0281,,,,,plane,,,cd8985ae6e154848,dbfff1398fe7e13d,d615c47139e4e29d,60,87.0,none,explicit
object,scene_0003,control,text_only,pi05,tokens,5,False,,300,False,True,159,True,True,True,orange_juice_1,True,basket_1,True,0.0274,,,,,plane,,,cd8985ae6e154848,2a43c8a365d279ef,e6793e9989cf1c5e,60,86.4,none,explicit
object,scene_0003,control,text_only,pi05,tokens,6,False,,300,True,True,276,True,True,True,orange_juice_1,True,basket_1,True,0.0203,,,,,plane,,,cd8985ae6e154848,ccb9a565f788de40,d565474e013798f8,60,86.2,none,explicit
object,scene_0003,control,text_only,pi05,tokens,7,False,,300,True,True,174,True,True,True,orange_juice_1,True,basket_1,True,0.029,,,,,plane,,,cd8985ae6e154848,8c610722a8c30fd4,4f23bed74a5bb9e3,60,87.8,none,explicit
object,scene_0003,control,text_only,pi05,tokens,8,False,,300,True,True,228,True,True,True,orange_juice_1,True,basket_1,True,0.0314,,,,,plane,,,cd8985ae6e154848,4790530ebda2ced3,55b77688eb6d1c5e,60,87.5,none,explicit
object,scene_0003,control,text_only,pi05,tokens,9,False,,300,True,True,240,True,True,True,orange_juice_1,True,basket_1,True,0.0149,,,,,plane,,,cd8985ae6e154848,273351e5c941d3dd,473cc9369efedfe9,60,87.6,none,explicit
object,scene_0003,control,text_only,pi05,tokens,10,False,,300,True,True,210,True,True,True,orange_juice_1,True,basket_1,True,0.0344,,,,,plane,,,cd8985ae6e154848,f008d01d0fd4b0ce,2f26d1fdd65cc633,60,86.4,none,explicit
object,scene_0003,control,text_only,pi05,tokens,11,False,,300,True,True,201,True,True,True,orange_juice_1,True,basket_1,True,0.0343,,,,,plane,,,cd8985ae6e154848,93253b7940740ea8,bb6e676a0bac7352,60,88.2,none,explicit
object,scene_0003,control,text_only,pi05,tokens,12,False,,300,True,True,273,True,True,True,orange_juice_1,True,basket_1,True,0.018,,,,,plane,,,cd8985ae6e154848,af56f238b1a251c0,1b8a9f7ad5820c63,60,87.3,none,explicit
object,scene_0003,control,text_only,pi05,tokens,13,False,,300,True,True,163,True,True,True,orange_juice_1,True,basket_1,True,0.0215,,,,,plane,,,cd8985ae6e154848,af9e73cc54f7c03f,0d004d8c56ca15ab,60,96.7,none,explicit
object,scene_0004,control,text_only,pi05,tokens,0,False,,300,False,False,,True,False,False,,False,,False,0.3884,,,,,plane,,,526d3d4e3571e3b9,ee528dfdc83bfeaa,ac7ac9119891ef71,60,87.5,none,explicit
object,scene_0004,control,text_only,pi05,tokens,1,False,,300,False,False,,True,False,False,,False,,False,0.3717,,,,,plane,,,526d3d4e3571e3b9,32752b43089e1eed,b7a3e73be3149bec,60,87.4,none,explicit
object,scene_0004,control,text_only,pi05,tokens,2,False,,300,False,False,,True,False,False,,False,,False,0.3774,,,,,plane,,,526d3d4e3571e3b9,4f0f0a82e59cef70,eaabe99cec9f2d8e,60,87.9,none,explicit
object,scene_0004,control,text_only,pi05,tokens,3,False,,300,False,False,,True,False,False,,False,,False,0.3735,,,,,plane,,,526d3d4e3571e3b9,8da434911e9e1deb,0ae33310d882aec9,60,87.2,none,explicit
object,scene_0004,control,text_only,pi05,tokens,4,False,,300,False,False,,True,True,True,ketchup_1,True,basket_1,True,0.0265,,,,,plane,,,526d3d4e3571e3b9,7082d65054da02d5,86bfa80a176ed434,60,86.3,none,explicit
object,scene_0004,control,text_only,pi05,tokens,5,False,,300,False,False,,True,False,False,,False,,False,0.389,,,,,plane,,,526d3d4e3571e3b9,06678a47864df207,82481bcbd4dc1cd7,60,86.9,none,explicit
object,scene_0004,control,text_only,pi05,tokens,6,False,,300,False,False,,True,False,False,,False,,False,0.3881,,,,,plane,,,526d3d4e3571e3b9,833083ed8c7495f0,4706811cee8554df,60,86.7,none,explicit
object,scene_0004,control,text_only,pi05,tokens,7,False,,300,True,True,271,True,True,True,ketchup_1,True,basket_1,True,0.0297,,,,,plane,,,526d3d4e3571e3b9,6c4a6a0c58ce71ac,909eb4a07a79dcfe,60,86.5,none,explicit
object,scene_0004,control,text_only,pi05,tokens,8,False,,300,False,False,,True,False,False,,False,,False,0.381,,,,,plane,,,526d3d4e3571e3b9,716768b65d9926a3,6402a4339d24af0b,60,87.0,none,explicit
object,scene_0004,control,text_only,pi05,tokens,9,False,,300,False,False,,True,False,False,,False,,False,0.3886,,,,,plane,,,526d3d4e3571e3b9,37ecdd744195e2ec,9ba99b82f9417e86,60,86.5,none,explicit
object,scene_0004,control,text_only,pi05,tokens,10,False,,300,False,False,,True,False,False,,False,,False,0.3734,,,,,plane,,,526d3d4e3571e3b9,9fce0e94816a7fba,b48c3133137b167c,60,86.9,none,explicit
object,scene_0004,control,text_only,pi05,tokens,11,False,,300,False,False,,True,False,False,,False,,False,0.3749,,,,,plane,,,526d3d4e3571e3b9,17ff8f5cf1332e7f,98247741ce2a80b7,60,86.4,none,explicit
object,scene_0004,control,text_only,pi05,tokens,12,False,,300,False,False,,True,False,False,,False,,False,0.3513,,,,,plane,,,526d3d4e3571e3b9,612703808fa45c73,77735394d9c70654,60,86.0,none,explicit
object,scene_0004,control,text_only,pi05,tokens,13,False,,300,True,True,244,True,True,True,ketchup_1,True,basket_1,True,0.0143,,,,,plane,,,526d3d4e3571e3b9,fa5c4f6b88635ce3,4a5557094ac9aa39,60,86.0,none,explicit
object,scene_0005,referential,text_only,pi05,tokens,0,False,,300,True,True,277,True,True,True,bbq_sauce_1,True,basket_1,True,0.0175,,,,,plane,,,c4c3d71f1749c5e0,48bbe540a3200e2c,a1fa2a70dd462116,60,86.0,none,explicit
object,scene_0005,referential,text_only,pi05,tokens,1,False,,300,False,False,,True,True,True,bbq_sauce_1,True,,False,0.1711,,,,,plane,,,c4c3d71f1749c5e0,c28250312e6c9186,5d748d85efe62efd,60,86.0,none,explicit
object,scene_0005,referential,text_only,pi05,tokens,2,False,,300,True,True,207,True,True,True,bbq_sauce_1,True,basket_1,True,0.006,,,,,plane,,,c4c3d71f1749c5e0,17763ce077090954,78287163ea8ca155,60,86.3,none,explicit
object,scene_0005,referential,text_only,pi05,tokens,3,False,,300,True,True,254,True,True,True,bbq_sauce_1,True,basket_1,True,0.0068,,,,,plane,,,c4c3d71f1749c5e0,e272d01627efebdc,cd24d5d3f147592c,60,86.2,none,explicit
object,scene_0005,referential,text_only,pi05,tokens,4,False,,300,False,False,,True,True,True,bbq_sauce_1,True,,False,0.1215,,,,,plane,,,c4c3d71f1749c5e0,0b574e7acd25e94c,77b0140b97e8c0b8,60,86.2,none,explicit
object,scene_0005,referential,text_only,pi05,tokens,5,False,,300,True,True,261,True,True,True,bbq_sauce_1,True,basket_1,True,0.0405,,,,,plane,,,c4c3d71f1749c5e0,56df81103221ce8c,c4f7d480b07b20f3,60,87.4,none,explicit
object,scene_0005,referential,text_only,pi05,tokens,6,False,,300,True,True,250,True,True,True,bbq_sauce_1,True,basket_1,True,0.0155,,,,,plane,,,c4c3d71f1749c5e0,63e0f9df6ca6b379,796179d13c08b387,60,86.4,none,explicit
object,scene_0005,referential,text_only,pi05,tokens,7,False,,300,False,False,,True,True,True,bbq_sauce_1,True,,False,0.1778,,,,,plane,,,c4c3d71f1749c5e0,ce0f781b70210287,20cb0a4e9b074a82,60,87.3,none,explicit
object,scene_0005,referential,text_only,pi05,tokens,8,False,,300,True,True,269,True,True,True,bbq_sauce_1,True,basket_1,True,0.0296,,,,,plane,,,c4c3d71f1749c5e0,36403b59df8031ea,e9bccdbdffd904f3,60,88.3,none,explicit
object,scene_0005,referential,text_only,pi05,tokens,9,False,,300,False,False,,True,True,True,bbq_sauce_1,True,basket_1,True,0.0675,,,,,plane,,,c4c3d71f1749c5e0,29ed076c5f6a4cb0,f7c67dc24542ec31,60,87.6,none,explicit
object,scene_0005,referential,text_only,pi05,tokens,10,False,,300,False,False,,True,True,True,bbq_sauce_1,True,,False,0.202,,,,,plane,,,c4c3d71f1749c5e0,7d0dcf183c2d0892,aa5dc558bc53f52f,60,87.8,none,explicit
object,scene_0005,referential,text_only,pi05,tokens,11,False,,300,True,True,203,True,True,True,bbq_sauce_1,True,basket_1,True,0.0124,,,,,plane,,,c4c3d71f1749c5e0,d5defefc2fec08b2,702563238ebbeddd,60,86.3,none,explicit
object,scene_0005,referential,text_only,pi05,tokens,12,False,,300,False,False,,True,True,True,bbq_sauce_1,True,basket_1,True,0.0567,,,,,plane,,,c4c3d71f1749c5e0,d675a2ac6301080c,8cdd7e81b873b4cb,60,87.4,none,explicit
object,scene_0005,referential,text_only,pi05,tokens,13,False,,300,False,False,,True,True,True,bbq_sauce_1,True,basket_1,True,0.0638,,,,,plane,,,c4c3d71f1749c5e0,3f130f10a778a882,738604e54e3d8b99,60,87.4,none,explicit
object,scene_0006,referential,text_only,pi05,tokens,0,False,,300,False,False,,True,True,True,salad_dressing_2,False,,False,0.1035,,,,,plane,,,946ceab02686147f,ddc806702d2de206,2ebbd429c78a1f07,60,88.2,none,explicit
object,scene_0006,referential,text_only,pi05,tokens,1,False,,300,False,False,,True,True,True,salad_dressing_2,False,,False,0.2212,,,,,plane,,,946ceab02686147f,0f42415d469aeabb,40c00967a852f1a1,60,87.9,none,explicit
object,scene_0006,referential,text_only,pi05,tokens,2,False,,300,False,False,,True,True,True,salad_dressing_2,False,basket_1,True,0.0296,,,,,plane,,,946ceab02686147f,d891047191508447,f96fea9c2c738f3d,60,87.6,none,explicit
object,scene_0006,referential,text_only,pi05,tokens,3,False,,300,False,False,,True,True,True,salad_dressing_2,False,,False,0.1305,,,,,plane,,,946ceab02686147f,fcd4ff15f4b19381,2d7d10ef50367c97,60,86.0,none,explicit
object,scene_0006,referential,text_only,pi05,tokens,4,False,,300,False,False,,True,True,True,salad_dressing_2,False,,False,0.0923,,,,,plane,,,946ceab02686147f,2ca48153f8fe65f1,18c060409156f0ad,60,85.9,none,explicit
object,scene_0006,referential,text_only,pi05,tokens,5,False,,300,False,False,,True,True,True,salad_dressing_2,False,,False,0.1362,,,,,plane,,,946ceab02686147f,b800007e49f25465,dc6df90eb5d4a0c5,60,86.9,none,explicit
object,scene_0006,referential,text_only,pi05,tokens,6,False,,300,False,False,,True,True,True,salad_dressing_2,False,basket_1,True,0.068,,,,,plane,,,946ceab02686147f,9be71e8af6d4d5b4,5c7d119bbaa223f4,60,88.0,none,explicit
object,scene_0006,referential,text_only,pi05,tokens,7,False,,300,False,False,,True,True,True,salad_dressing_2,False,,False,0.0878,,,,,plane,,,946ceab02686147f,228e4c3ceb166d60,02af1a9f694a75c3,60,88.0,none,explicit
object,scene_0006,referential,text_only,pi05,tokens,8,False,,300,False,False,,True,True,True,salad_dressing_2,False,,False,0.0895,,,,,plane,,,946ceab02686147f,8b92e108bcce27eb,304bddafcb940a50,60,86.7,none,explicit
object,scene_0006,referential,text_only,pi05,tokens,9,False,,300,False,False,,True,True,True,salad_dressing_2,False,,False,0.0972,,,,,plane,,,946ceab02686147f,e2f8f91e77e75421,f00ba926a638a772,60,85.6,none,explicit
object,scene_0006,referential,text_only,pi05,tokens,10,False,,300,False,False,,True,True,True,salad_dressing_2,False,basket_1,True,0.0686,,,,,plane,,,946ceab02686147f,aae0ad3eb8ff77b9,71c2c4f457ecd93b,60,85.8,none,explicit
object,scene_0006,referential,text_only,pi05,tokens,11,False,,300,False,False,,True,True,True,salad_dressing_2,False,,False,0.0958,,,,,plane,,,946ceab02686147f,1162129adf9055ac,ac244f01704a2637,60,86.7,none,explicit
object,scene_0006,referential,text_only,pi05,tokens,12,False,,300,False,False,,True,True,True,salad_dressing_2,False,basket_1,True,0.0732,,,,,plane,,,946ceab02686147f,487be2b818559358,39a721e246d03da0,60,86.9,none,explicit
object,scene_0006,referential,text_only,pi05,tokens,13,False,,300,False,False,,True,True,True,salad_dressing_2,False,,False,0.0939,,,,,plane,,,946ceab02686147f,a9ed43006a16c3d8,f77ec142ee3e9813,60,87.2,none,explicit
object,scene_0007,referential,text_only,pi05,tokens,0,False,,300,False,False,,True,True,True,orange_juice_1,False,basket_1,True,0.0268,,,,,plane,,,5bd81ad1651554de,46a5ee6d92d5e34e,6ba695b8ba9f3354,60,87.2,none,explicit
object,scene_0007,referential,text_only,pi05,tokens,1,False,,300,False,False,,True,True,True,orange_juice_1,False,basket_1,True,0.0236,,,,,plane,,,5bd81ad1651554de,d853980ef589dd42,95b561a2a6bb5418,60,86.0,none,explicit
object,scene_0007,referential,text_only,pi05,tokens,2,False,,300,False,False,,True,True,True,orange_juice_1,False,basket_1,True,0.0458,,,,,plane,,,5bd81ad1651554de,2191fc628b00c234,b8f7c3df9b9bb321,60,87.6,none,explicit
object,scene_0007,referential,text_only,pi05,tokens,3,False,,300,False,False,,True,True,True,orange_juice_1,False,basket_1,True,0.0375,,,,,plane,,,5bd81ad1651554de,1516bc393c83e165,bad20c1792726822,60,87.2,none,explicit
object,scene_0007,referential,text_only,pi05,tokens,4,False,,300,False,False,,True,True,True,orange_juice_1,False,basket_1,True,0.0294,,,,,plane,,,5bd81ad1651554de,ac236be68b918936,df29c65cdf651b7e,60,87.1,none,explicit
object,scene_0007,referential,text_only,pi05,tokens,5,False,,300,False,False,,True,True,True,chocolate_pudding_2,True,basket_1,True,0.0702,,,,,plane,,,5bd81ad1651554de,fddb34b7968e5c4e,c9fcd635abb7647a,60,86.9,none,explicit
object,scene_0007,referential,text_only,pi05,tokens,6,False,,300,False,False,,True,True,True,orange_juice_1,False,basket_1,True,0.0337,,,,,plane,,,5bd81ad1651554de,61479c7028bf1cbc,8476591b985a64ac,60,87.3,none,explicit
object,scene_0007,referential,text_only,pi05,tokens,7,False,,300,False,False,,True,True,True,orange_juice_1,False,basket_1,True,0.0251,,,,,plane,,,5bd81ad1651554de,f316497b06ff9b94,62cff6a52c433a67,60,86.8,none,explicit
object,scene_0007,referential,text_only,pi05,tokens,8,False,,300,False,False,,True,True,True,orange_juice_1,False,basket_1,True,0.0383,,,,,plane,,,5bd81ad1651554de,30bcbf9ea2815aba,e29f95ec76069737,60,86.9,none,explicit
object,scene_0007,referential,text_only,pi05,tokens,9,False,,300,True,True,228,True,True,True,chocolate_pudding_2,True,basket_1,True,0.0246,,,,,plane,,,5bd81ad1651554de,22d03149cba58b6e,81f1a07e95bfeffc,60,87.6,none,explicit
object,scene_0007,referential,text_only,pi05,tokens,10,False,,300,False,False,,True,True,True,orange_juice_1,False,basket_1,True,0.0349,,,,,plane,,,5bd81ad1651554de,b91726f413c76673,e27fbf83153d1609,60,86.3,none,explicit
object,scene_0007,referential,text_only,pi05,tokens,11,False,,300,True,True,243,True,True,True,chocolate_pudding_2,True,basket_1,True,0.0145,,,,,plane,,,5bd81ad1651554de,72f712d27baa0f19,972471210cda7f3a,60,86.0,none,explicit
object,scene_0007,referential,text_only,pi05,tokens,12,False,,300,False,False,,True,True,True,orange_juice_1,False,basket_1,True,0.0508,,,,,plane,,,5bd81ad1651554de,fe7008785659e083,884bb71ee7f27815,60,87.7,none,explicit
object,scene_0007,referential,text_only,pi05,tokens,13,False,,300,False,False,,True,True,True,orange_juice_1,False,basket_1,True,0.0718,,,,,plane,,,5bd81ad1651554de,0c1c21524020f2cf,1efc2e2c1590c6fe,60,85.9,none,explicit
object,scene_0008,referential,text_only,pi05,tokens,0,False,,300,False,False,,True,True,True,cream_cheese_1,False,basket_1,True,0.0464,,,,,plane,,,9f350ea4f061099b,6c85c934a9c05983,783d03df0865e0a1,60,87.0,none,explicit
object,scene_0008,referential,text_only,pi05,tokens,1,False,,300,False,False,,True,True,True,cream_cheese_1,False,basket_1,True,0.0447,,,,,plane,,,9f350ea4f061099b,892e863c97a594ef,d01a05678d85a806,60,87.4,none,explicit
object,scene_0008,referential,text_only,pi05,tokens,2,False,,300,False,False,,True,True,True,cream_cheese_1,False,basket_1,True,0.0455,,,,,plane,,,9f350ea4f061099b,88c0146204023879,28655462e29aaa3e,60,88.0,none,explicit
object,scene_0008,referential,text_only,pi05,tokens,3,False,,300,False,False,,True,True,True,cream_cheese_1,False,basket_1,True,0.0391,,,,,plane,,,9f350ea4f061099b,c98f3dacc8d90ae6,76d70d746b454291,60,87.6,none,explicit
object,scene_0008,referential,text_only,pi05,tokens,4,False,,300,False,False,,True,True,True,cream_cheese_1,False,basket_1,True,0.0447,,,,,plane,,,9f350ea4f061099b,4ffcf55929f07d38,229fc9c7241476cf,60,86.4,none,explicit
object,scene_0008,referential,text_only,pi05,tokens,5,False,,300,False,False,,True,True,True,cream_cheese_1,False,basket_1,True,0.0376,,,,,plane,,,9f350ea4f061099b,547d70eba7f66771,06d18ccb2a1a55ef,60,86.3,none,explicit
object,scene_0008,referential,text_only,pi05,tokens,6,False,,300,False,False,,True,True,True,cream_cheese_1,False,basket_1,True,0.0423,,,,,plane,,,9f350ea4f061099b,4954c98d4d382c6e,889410b51dad9816,60,85.5,none,explicit
object,scene_0008,referential,text_only,pi05,tokens,7,False,,300,False,False,,True,True,True,cream_cheese_1,False,basket_1,True,0.0358,,,,,plane,,,9f350ea4f061099b,d4bbb6b3ef9b8422,92a5e448caf77335,60,86.8,none,explicit
object,scene_0008,referential,text_only,pi05,tokens,8,False,,300,False,False,,True,True,True,cream_cheese_1,False,basket_1,True,0.0427,,,,,plane,,,9f350ea4f061099b,012c1f87a5e76db1,a4727d3537601b70,60,86.6,none,explicit
object,scene_0008,referential,text_only,pi05,tokens,9,False,,300,False,False,,True,True,True,cream_cheese_1,False,basket_1,True,0.0477,,,,,plane,,,9f350ea4f061099b,320c39313bcd69e9,4b3ea70648c3ae8d,60,89.2,none,explicit
object,scene_0008,referential,text_only,pi05,tokens,10,False,,300,False,False,,True,True,True,cream_cheese_1,False,basket_1,True,0.043,,,,,plane,,,9f350ea4f061099b,fe8df1f6fa8a783b,44d8805d5007f064,60,87.3,none,explicit
object,scene_0008,referential,text_only,pi05,tokens,11,False,,300,False,False,,True,True,True,cream_cheese_1,False,basket_1,True,0.0378,,,,,plane,,,9f350ea4f061099b,32bad99c19e4ccbb,7dd6f6ee6e359b74,60,87.2,none,explicit
object,scene_0008,referential,text_only,pi05,tokens,12,False,,300,False,False,,True,True,True,cream_cheese_1,False,basket_1,True,0.0396,,,,,plane,,,9f350ea4f061099b,a525311d6180be31,4f76f60241d8c4be,60,89.6,none,explicit
object,scene_0008,referential,text_only,pi05,tokens,13,False,,300,False,False,,True,True,True,cream_cheese_1,False,basket_1,True,0.049,,,,,plane,,,9f350ea4f061099b,2049e3fd2a201662,34e1695ddb491909,60,87.4,none,explicit
object,scene_0009,referential,text_only,pi05,tokens,0,False,,300,False,False,,True,True,True,chocolate_pudding_1,False,basket_1,True,0.0282,,,,,plane,,,2291486a735c7c2d,97fa97e981c138e1,75fb68dc77e8778d,60,87.7,none,explicit
object,scene_0009,referential,text_only,pi05,tokens,1,False,,300,False,False,,True,True,True,chocolate_pudding_1,False,basket_1,True,0.0323,,,,,plane,,,2291486a735c7c2d,900ea7000a8ec714,d94d69ec7da6d437,60,86.0,none,explicit
object,scene_0009,referential,text_only,pi05,tokens,2,False,,300,False,False,,True,True,True,chocolate_pudding_1,False,basket_1,True,0.0316,,,,,plane,,,2291486a735c7c2d,b9f632fccd4c6bbc,a119dc16ae911204,60,86.7,none,explicit
object,scene_0009,referential,text_only,pi05,tokens,3,False,,300,False,False,,True,True,True,chocolate_pudding_1,False,basket_1,True,0.0344,,,,,plane,,,2291486a735c7c2d,31031e84a0bb2b9f,0b8d7a8e892bf618,60,89.4,none,explicit
object,scene_0009,referential,text_only,pi05,tokens,4,False,,300,False,False,,True,True,True,chocolate_pudding_1,False,basket_1,True,0.033,,,,,plane,,,2291486a735c7c2d,f0632b64c5792180,a03b9090c07b610f,60,88.5,none,explicit
object,scene_0009,referential,text_only,pi05,tokens,5,False,,300,False,False,,True,True,True,chocolate_pudding_1,False,basket_1,True,0.0319,,,,,plane,,,2291486a735c7c2d,0096290e84700b80,e20fd640a66adc2f,60,88.8,none,explicit
object,scene_0009,referential,text_only,pi05,tokens,6,False,,300,False,False,,True,True,True,chocolate_pudding_1,False,basket_1,True,0.0352,,,,,plane,,,2291486a735c7c2d,451f56dc391f9121,bbddaa6c2217f0e2,60,89.8,none,explicit
object,scene_0009,referential,text_only,pi05,tokens,7,False,,300,False,False,,True,True,True,chocolate_pudding_1,False,basket_1,True,0.0253,,,,,plane,,,2291486a735c7c2d,88589b8078ae24a9,21c6dd2721fe024b,60,88.6,none,explicit
object,scene_0009,referential,text_only,pi05,tokens,8,False,,300,False,False,,True,True,True,chocolate_pudding_1,False,basket_1,True,0.027,,,,,plane,,,2291486a735c7c2d,46c80f5f79ce2245,86e789b29b939732,60,89.1,none,explicit
object,scene_0009,referential,text_only,pi05,tokens,9,False,,300,False,False,,True,True,True,chocolate_pudding_1,False,basket_1,True,0.0312,,,,,plane,,,2291486a735c7c2d,fbaf6aa8f2ac2d8e,9d902150da3826ef,60,88.1,none,explicit
object,scene_0009,referential,text_only,pi05,tokens,10,False,,300,False,False,,True,True,True,chocolate_pudding_1,False,basket_1,True,0.0305,,,,,plane,,,2291486a735c7c2d,a3e5a1b368a70b0b,9596ed0277bfe67d,60,86.5,none,explicit
object,scene_0009,referential,text_only,pi05,tokens,11,False,,300,False,False,,True,True,True,chocolate_pudding_1,False,basket_1,True,0.0414,,,,,plane,,,2291486a735c7c2d,bee984b2a1706c2e,0cd08bb44ae4e479,60,88.1,none,explicit
object,scene_0009,referential,text_only,pi05,tokens,12,False,,300,False,False,,True,True,True,chocolate_pudding_1,False,basket_1,True,0.0236,,,,,plane,,,2291486a735c7c2d,efcc6bf4329d94fa,4403ef370c7f3e7e,60,86.2,none,explicit
object,scene_0009,referential,text_only,pi05,tokens,13,False,,300,False,False,,True,True,True,chocolate_pudding_1,False,basket_1,True,0.0464,,,,,plane,,,2291486a735c7c2d,c8c870307539063c,3aea588d0a824642,60,88.2,none,explicit
object,scene_0010,referential,text_only,pi05,tokens,0,False,,300,False,False,,True,False,False,,False,,False,0.5596,,,,,plane,,,a7742031f02d0ae9,7a8febaedba03bde,acc8fcc517f280e0,60,86.7,none,explicit
object,scene_0010,referential,text_only,pi05,tokens,1,False,,300,False,False,,True,True,True,cream_cheese_1,False,basket_1,True,0.0369,,,,,plane,,,a7742031f02d0ae9,f3e72894b98c71d3,7343d3b452236c95,60,87.9,none,explicit
object,scene_0010,referential,text_only,pi05,tokens,2,False,,300,False,False,,True,True,True,cream_cheese_1,False,basket_1,True,0.0388,,,,,plane,,,a7742031f02d0ae9,07d6d7c9646aa712,05a80b771da3d04f,60,86.7,none,explicit
object,scene_0010,referential,text_only,pi05,tokens,3,False,,300,False,False,,True,True,True,cream_cheese_1,False,basket_1,True,0.0353,,,,,plane,,,a7742031f02d0ae9,29fe2197094880ba,55f2dcb9156a7d5c,60,87.8,none,explicit
object,scene_0010,referential,text_only,pi05,tokens,4,False,,300,False,False,,True,True,True,cream_cheese_1,False,basket_1,True,0.0332,,,,,plane,,,a7742031f02d0ae9,e2fee5096dfdbb35,9d0c1cf579eba2af,60,87.8,none,explicit
object,scene_0010,referential,text_only,pi05,tokens,5,False,,300,False,False,,True,True,True,milk_1,False,,False,0.296,,,,,plane,,,a7742031f02d0ae9,e65d4216828e47e7,8d2bb1ce4d3212e0,60,90.7,none,explicit
object,scene_0010,referential,text_only,pi05,tokens,6,False,,300,False,False,,True,True,True,cream_cheese_1,False,basket_1,True,0.0385,,,,,plane,,,a7742031f02d0ae9,d2d09ebc3366230d,1c61690202ebd68e,60,87.8,none,explicit
object,scene_0010,referential,text_only,pi05,tokens,7,False,,300,False,False,,True,True,True,cream_cheese_1,False,basket_1,True,0.0363,,,,,plane,,,a7742031f02d0ae9,fe433003e60eb5ee,f221082a0af6c102,60,87.8,none,explicit
object,scene_0010,referential,text_only,pi05,tokens,8,False,,300,False,False,,True,True,True,cream_cheese_1,False,,False,0.1038,,,,,plane,,,a7742031f02d0ae9,9c1f6cdb7f39d963,898fac9fd930c830,60,87.1,none,explicit
object,scene_0010,referential,text_only,pi05,tokens,9,False,,300,False,False,,True,True,True,cream_cheese_1,False,basket_1,True,0.0398,,,,,plane,,,a7742031f02d0ae9,7024827b1ca4cd9b,14ab642f57ccc497,60,87.7,none,explicit
object,scene_0010,referential,text_only,pi05,tokens,10,False,,300,False,False,,True,True,True,cream_cheese_1,False,basket_1,True,0.0209,,,,,plane,,,a7742031f02d0ae9,9c52b9ce49558a39,5ac3fcd675cc420f,60,88.3,none,explicit
object,scene_0010,referential,text_only,pi05,tokens,11,False,,300,False,False,,True,True,True,cream_cheese_1,False,basket_1,True,0.0374,,,,,plane,,,a7742031f02d0ae9,612189c7d7401278,20b253eda3ac07e7,60,88.1,none,explicit
object,scene_0010,referential,text_only,pi05,tokens,12,False,,300,False,False,,True,True,True,cream_cheese_1,False,,False,0.2456,,,,,plane,,,a7742031f02d0ae9,c7e186475a3c899d,b81a4d01bb84a724,60,89.1,none,explicit
object,scene_0010,referential,text_only,pi05,tokens,13,False,,300,False,False,,True,True,True,cream_cheese_1,False,basket_1,True,0.0392,,,,,plane,,,a7742031f02d0ae9,9ec4ade4a6c20c42,f8a626e8929d9151,60,87.7,none,explicit
object,scene_0011,referential,text_only,pi05,tokens,0,False,,300,False,False,,True,True,True,butter_2,False,basket_1,True,0.0406,,,,,plane,,,7460414c554dc100,5cba2d2b285756fd,cbd7ce040bef740f,60,87.1,none,explicit
object,scene_0011,referential,text_only,pi05,tokens,1,False,,300,False,False,,True,True,True,butter_2,False,basket_1,True,0.0455,,,,,plane,,,7460414c554dc100,9f810107dbbabbe6,ecceef75d71057a6,60,87.8,none,explicit
object,scene_0011,referential,text_only,pi05,tokens,2,False,,300,False,False,,True,True,True,butter_2,False,basket_1,True,0.04,,,,,plane,,,7460414c554dc100,da5711bb79873e4a,3fee05e28b5fe022,60,88.8,none,explicit
object,scene_0011,referential,text_only,pi05,tokens,3,False,,300,False,False,,True,True,True,butter_2,False,basket_1,True,0.0393,,,,,plane,,,7460414c554dc100,0fdb5a63edb9cbd3,22290825db3efef0,60,86.4,none,explicit
object,scene_0011,referential,text_only,pi05,tokens,4,False,,300,False,False,,True,True,True,butter_2,False,basket_1,True,0.0343,,,,,plane,,,7460414c554dc100,2e40efc596cab192,0dc54719fe00914d,60,85.9,none,explicit
object,scene_0011,referential,text_only,pi05,tokens,5,False,,300,False,False,,True,True,True,butter_2,False,basket_1,True,0.0255,,,,,plane,,,7460414c554dc100,97f44699523aa944,778c19c64c24285e,60,86.6,none,explicit
object,scene_0011,referential,text_only,pi05,tokens,6,False,,300,False,False,,True,True,True,butter_2,False,basket_1,True,0.0327,,,,,plane,,,7460414c554dc100,95b62c0cef3c32c0,4e9d8503ef13fddc,60,87.8,none,explicit
object,scene_0011,referential,text_only,pi05,tokens,7,False,,300,False,False,,True,True,True,butter_2,False,basket_1,True,0.0207,,,,,plane,,,7460414c554dc100,9939dbc2c986c474,e5f0a04cfbaa6f1a,60,88.3,none,explicit
object,scene_0011,referential,text_only,pi05,tokens,8,False,,300,False,False,,True,True,True,butter_2,False,basket_1,True,0.0321,,,,,plane,,,7460414c554dc100,6c10f82e1c9be090,1f6dc986cf807d73,60,87.4,none,explicit
object,scene_0011,referential,text_only,pi05,tokens,9,False,,300,False,False,,True,True,True,butter_2,False,basket_1,True,0.0088,,,,,plane,,,7460414c554dc100,ce612044f782d102,5097221139cfe001,60,87.7,none,explicit
object,scene_0011,referential,text_only,pi05,tokens,10,False,,300,False,False,,True,True,True,butter_2,False,basket_1,True,0.0336,,,,,plane,,,7460414c554dc100,2fcea84f6c2f4d5a,1720c9b34fb6588f,60,88.6,none,explicit
object,scene_0011,referential,text_only,pi05,tokens,11,False,,300,False,False,,True,True,True,butter_2,False,basket_1,True,0.053,,,,,plane,,,7460414c554dc100,ebde6bbd66a4e3e9,114ada0a4e85aee9,60,88.3,none,explicit
object,scene_0011,referential,text_only,pi05,tokens,12,False,,300,False,False,,True,True,True,butter_2,False,basket_1,True,0.0146,,,,,plane,,,7460414c554dc100,34d98c4d4583c736,e3bb6618ab330875,60,87.7,none,explicit
object,scene_0011,referential,text_only,pi05,tokens,13,False,,300,False,False,,True,True,True,butter_2,False,basket_1,True,0.0381,,,,,plane,,,7460414c554dc100,71e29adab88e0a71,090aabc649e1eff6,60,87.1,none,explicit
object,scene_0012,referential,text_only,pi05,tokens,0,False,,300,False,False,,True,True,True,alphabet_soup_4,False,basket_1,True,0.02,,,,,plane,,,37a7631d60bd6ccc,b39f0f2d7e892dd5,b074aafabe3f1407,60,89.0,none,explicit
object,scene_0012,referential,text_only,pi05,tokens,1,False,,300,False,False,,True,True,True,alphabet_soup_4,False,basket_1,True,0.0196,,,,,plane,,,37a7631d60bd6ccc,e96d0f3a3281d443,039146cea3c1ad87,60,88.2,none,explicit
object,scene_0012,referential,text_only,pi05,tokens,2,False,,300,False,False,,True,True,True,alphabet_soup_4,False,basket_1,True,0.0148,,,,,plane,,,37a7631d60bd6ccc,1edf6bad7b7c9dd5,01ac32604722d52a,60,86.7,none,explicit
object,scene_0012,referential,text_only,pi05,tokens,3,False,,300,False,False,,True,True,True,alphabet_soup_4,False,basket_1,True,0.0262,,,,,plane,,,37a7631d60bd6ccc,8a519c438bd15b38,ae80ed7bd85bb376,60,86.7,none,explicit
object,scene_0012,referential,text_only,pi05,tokens,4,False,,300,False,False,,True,True,True,alphabet_soup_4,False,basket_1,True,0.011,,,,,plane,,,37a7631d60bd6ccc,2bfaa53d1408508b,48b40a8879f349a2,60,87.5,none,explicit
object,scene_0012,referential,text_only,pi05,tokens,5,False,,300,False,False,,True,True,True,alphabet_soup_4,False,basket_1,True,0.0281,,,,,plane,,,37a7631d60bd6ccc,9a6879b2307f9c6e,5027184fef546ec2,60,87.4,none,explicit
object,scene_0012,referential,text_only,pi05,tokens,6,False,,300,False,False,,True,True,True,alphabet_soup_4,False,basket_1,True,0.0213,,,,,plane,,,37a7631d60bd6ccc,18dc353022f217eb,9bea29421d18208f,60,87.5,none,explicit
object,scene_0012,referential,text_only,pi05,tokens,7,False,,300,False,False,,True,True,True,alphabet_soup_4,False,basket_1,True,0.0145,,,,,plane,,,37a7631d60bd6ccc,1d874be1e2093b8a,69bd42055596d087,60,86.7,none,explicit
object,scene_0012,referential,text_only,pi05,tokens,8,False,,300,False,False,,True,True,True,alphabet_soup_4,False,basket_1,True,0.0054,,,,,plane,,,37a7631d60bd6ccc,b39abd7a1d150eb1,50366ad20dc91df5,60,87.6,none,explicit
object,scene_0012,referential,text_only,pi05,tokens,9,False,,300,False,False,,True,True,True,alphabet_soup_4,False,basket_1,True,0.009,,,,,plane,,,37a7631d60bd6ccc,6ef6b210ceaa2f43,9d847f0e23fdd315,60,87.0,none,explicit
object,scene_0012,referential,text_only,pi05,tokens,10,False,,300,False,False,,True,True,True,alphabet_soup_4,False,basket_1,True,0.0202,,,,,plane,,,37a7631d60bd6ccc,508343c6040e7966,047c246073212f25,60,87.8,none,explicit
object,scene_0012,referential,text_only,pi05,tokens,11,False,,300,False,False,,True,True,True,alphabet_soup_4,False,basket_1,True,0.0262,,,,,plane,,,37a7631d60bd6ccc,71d9044e392ebbad,9d41498fb0d75e58,60,87.5,none,explicit
object,scene_0012,referential,text_only,pi05,tokens,12,False,,300,False,False,,True,True,True,alphabet_soup_4,False,basket_1,True,0.0123,,,,,plane,,,37a7631d60bd6ccc,741e9ba67936ead1,092aaf40f82375a5,60,87.3,none,explicit
object,scene_0012,referential,text_only,pi05,tokens,13,False,,300,False,False,,True,True,True,alphabet_soup_4,False,basket_1,True,0.0117,,,,,plane,,,37a7631d60bd6ccc,3e208b89c3085355,19cb08b79a8a6787,60,88.0,none,explicit
object,scene_0013,referential,text_only,pi05,tokens,0,False,,300,True,True,173,True,True,True,tomato_sauce_2,True,basket_1,True,0.0073,,,,,plane,,,ddf335b4891b38ce,e162dd2ce939b852,c8caab152707ed91,60,86.8,none,explicit
object,scene_0013,referential,text_only,pi05,tokens,1,False,,300,True,True,205,True,True,True,tomato_sauce_2,True,basket_1,True,0.0105,,,,,plane,,,ddf335b4891b38ce,10183f2b57e98dcd,7c4e56cab7f258df,60,86.4,none,explicit
object,scene_0013,referential,text_only,pi05,tokens,2,False,,300,True,True,282,True,True,True,tomato_sauce_2,True,basket_1,True,0.0152,,,,,plane,,,ddf335b4891b38ce,62f447dbf1d00f2a,54eb693b27bdce9a,60,86.4,none,explicit
object,scene_0013,referential,text_only,pi05,tokens,3,False,,300,False,False,,True,False,False,,False,,False,0.234,,,,,plane,,,ddf335b4891b38ce,e74e64f88bc4765a,626c85cf86a5e428,60,85.6,none,explicit
object,scene_0013,referential,text_only,pi05,tokens,4,False,,300,False,False,,True,True,True,tomato_sauce_2,True,,False,0.204,,,,,plane,,,ddf335b4891b38ce,8783b9e4cf5b9fc6,6e3013e0d7f7b43f,60,86.9,none,explicit
object,scene_0013,referential,text_only,pi05,tokens,5,False,,300,False,False,,True,True,True,milk_1,False,,False,0.1788,,,,,plane,,,ddf335b4891b38ce,864ce36ef3d165ab,c3fc315b7a7cf0da,60,85.7,none,explicit
object,scene_0013,referential,text_only,pi05,tokens,6,False,,300,False,False,,True,False,False,,False,,False,0.2289,,,,,plane,,,ddf335b4891b38ce,75d47122445efc1b,86498feec2912a9a,60,86.1,none,explicit
object,scene_0013,referential,text_only,pi05,tokens,7,False,,300,True,True,174,True,True,True,tomato_sauce_2,True,basket_1,True,0.0295,,,,,plane,,,ddf335b4891b38ce,dac7b90ae4d978e8,660e7379f7a47ca1,60,87.0,none,explicit
object,scene_0013,referential,text_only,pi05,tokens,8,False,,300,False,False,,True,True,True,tomato_sauce_2,True,basket_1,True,0.0486,,,,,plane,,,ddf335b4891b38ce,50555015da1054ba,4ce916e00c38ad15,60,86.8,none,explicit
object,scene_0013,referential,text_only,pi05,tokens,9,False,,300,True,True,198,True,True,True,tomato_sauce_2,True,basket_1,True,0.015,,,,,plane,,,ddf335b4891b38ce,f3f96d31f3316be7,b3393faa05fd5598,60,87.1,none,explicit
object,scene_0013,referential,text_only,pi05,tokens,10,False,,300,True,True,123,True,True,True,tomato_sauce_2,True,basket_1,True,0.0101,,,,,plane,,,ddf335b4891b38ce,a9ddfb703b1d93d7,5b46d1ee5e387480,60,87.4,none,explicit
object,scene_0013,referential,text_only,pi05,tokens,11,False,,300,True,True,178,True,True,True,tomato_sauce_2,True,basket_1,True,0.0097,,,,,plane,,,ddf335b4891b38ce,eb2c58fa9ae92072,d76403502860805c,60,87.3,none,explicit
object,scene_0013,referential,text_only,pi05,tokens,12,False,,300,False,False,,True,True,True,tomato_sauce_2,True,,False,0.1836,,,,,plane,,,ddf335b4891b38ce,bdc6b746bf018f09,19c2c24e1551b95e,60,87.7,none,explicit
object,scene_0013,referential,text_only,pi05,tokens,13,False,,300,False,False,,True,True,True,tomato_sauce_2,True,basket_1,True,0.0378,,,,,plane,,,ddf335b4891b38ce,9b896d2d9d5dc0ad,8edddf35a48b0481,60,86.9,none,explicit
object,scene_0014,referential,text_only,pi05,tokens,0,False,,300,False,False,,True,True,True,bbq_sauce_1,True,,False,0.1922,,,,,plane,,,4d10b074e4017882,b66a98e3ed262b76,2e67c70a9adac945,60,87.3,none,explicit
object,scene_0014,referential,text_only,pi05,tokens,1,False,,300,False,False,,True,True,True,bbq_sauce_1,True,,False,0.2569,,,,,plane,,,4d10b074e4017882,4a155727a02be561,253b1ffaf6813148,60,86.8,none,explicit
object,scene_0014,referential,text_only,pi05,tokens,2,False,,300,False,False,,True,True,True,bbq_sauce_4,False,,False,0.0951,,,,,plane,,,4d10b074e4017882,a06d570687f600e0,ab1f8bd71f806112,60,85.8,none,explicit
object,scene_0014,referential,text_only,pi05,tokens,3,False,,300,False,False,,True,True,True,bbq_sauce_1,True,,False,0.097,,,,,plane,,,4d10b074e4017882,ec9ffcefad6c74fd,7036d3f752a2572b,60,87.0,none,explicit
object,scene_0014,referential,text_only,pi05,tokens,4,False,,300,False,False,,True,True,True,bbq_sauce_3,False,,False,0.0911,,,,,plane,,,4d10b074e4017882,f9476c0df57132b2,b53be79a5dcd187e,60,86.5,none,explicit
object,scene_0014,referential,text_only,pi05,tokens,5,False,,300,False,False,,True,True,True,bbq_sauce_4,False,,False,0.1659,,,,,plane,,,4d10b074e4017882,d0fc5009fb3af1b0,9bd7d3ad9e7fa2e8,60,86.6,none,explicit
object,scene_0014,referential,text_only,pi05,tokens,6,False,,300,False,False,,True,True,True,bbq_sauce_4,False,basket_1,True,0.0635,,,,,plane,,,4d10b074e4017882,d17073542b987ee5,21ddd7d403654c3d,60,87.4,none,explicit
object,scene_0014,referential,text_only,pi05,tokens,7,False,,300,False,False,,True,True,True,bbq_sauce_3,False,,False,0.1077,,,,,plane,,,4d10b074e4017882,45383066873e3908,a97944f826463512,60,87.6,none,explicit
object,scene_0014,referential,text_only,pi05,tokens,8,False,,300,False,False,,True,True,True,bbq_sauce_3,False,,False,0.1249,,,,,plane,,,4d10b074e4017882,d468e9b94159c8b7,1c2f11156bf28d42,60,85.6,none,explicit
object,scene_0014,referential,text_only,pi05,tokens,9,False,,300,False,False,,True,True,True,bbq_sauce_3,False,basket_1,True,0.0757,,,,,plane,,,4d10b074e4017882,a87f4b344d18e0fd,f16dc86288a55c0b,60,86.6,none,explicit
object,scene_0014,referential,text_only,pi05,tokens,10,False,,300,False,False,,True,True,True,bbq_sauce_1,True,,False,0.0833,,,,,plane,,,4d10b074e4017882,e5ec9ff823d64e16,8f9a0b39dca08338,60,86.3,none,explicit
object,scene_0014,referential,text_only,pi05,tokens,11,False,,300,False,False,,True,True,True,bbq_sauce_1,True,,False,0.1098,,,,,plane,,,4d10b074e4017882,1a25b1f7691d3d6c,4a9916cdc814019f,60,86.0,none,explicit
object,scene_0014,referential,text_only,pi05,tokens,12,False,,300,False,False,,True,True,True,bbq_sauce_3,False,,False,0.1091,,,,,plane,,,4d10b074e4017882,8ccbd9d3697da017,51dd0a353d545603,60,86.7,none,explicit
object,scene_0014,referential,text_only,pi05,tokens,13,False,,300,False,False,,True,True,True,bbq_sauce_3,False,,False,0.1405,,,,,plane,,,4d10b074e4017882,daa45f1f86df1fc2,8142f96b17691bc1,60,86.7,none,explicit
object,scene_0015,referential,text_only,pi05,tokens,0,False,,300,False,False,,True,True,True,chocolate_pudding_3,False,basket_1,True,0.0213,,,,,plane,,,aa52b1aa9e0996a1,93014b3c2fe748f1,919dc54ae2897456,60,85.9,none,explicit
object,scene_0015,referential,text_only,pi05,tokens,1,False,,300,False,False,,True,True,True,chocolate_pudding_3,False,basket_1,True,0.04,,,,,plane,,,aa52b1aa9e0996a1,3d26042498e3c371,9a3c2d7c6cd985ae,60,86.1,none,explicit
object,scene_0015,referential,text_only,pi05,tokens,2,False,,300,False,False,,True,True,True,chocolate_pudding_3,False,basket_1,True,0.0329,,,,,plane,,,aa52b1aa9e0996a1,0881138e8a612860,abf714060f86d1de,60,88.0,none,explicit
object,scene_0015,referential,text_only,pi05,tokens,3,False,,300,False,False,,True,True,True,chocolate_pudding_3,False,basket_1,True,0.0171,,,,,plane,,,aa52b1aa9e0996a1,8c8cf544853c14e2,fc3425776140ed5b,60,87.0,none,explicit
object,scene_0015,referential,text_only,pi05,tokens,4,False,,300,False,False,,True,True,True,chocolate_pudding_3,False,basket_1,True,0.0108,,,,,plane,,,aa52b1aa9e0996a1,6840bcf239d8c29a,b82c55136b85edcb,60,86.9,none,explicit
object,scene_0015,referential,text_only,pi05,tokens,5,False,,300,False,False,,True,True,True,chocolate_pudding_3,False,basket_1,True,0.0072,,,,,plane,,,aa52b1aa9e0996a1,f65f690346f1764a,1260f07b8e83085e,60,85.5,none,explicit
object,scene_0015,referential,text_only,pi05,tokens,6,False,,300,False,False,,True,True,True,chocolate_pudding_3,False,basket_1,True,0.0158,,,,,plane,,,aa52b1aa9e0996a1,94cb65a29199dff8,fdf1b10e9f8e142f,60,86.1,none,explicit
object,scene_0015,referential,text_only,pi05,tokens,7,False,,300,False,False,,True,True,True,chocolate_pudding_3,False,basket_1,True,0.0243,,,,,plane,,,aa52b1aa9e0996a1,183cc811e68cd4fa,b0a40885020a4070,60,86.2,none,explicit
object,scene_0015,referential,text_only,pi05,tokens,8,False,,300,False,False,,True,True,True,chocolate_pudding_3,False,basket_1,True,0.026,,,,,plane,,,aa52b1aa9e0996a1,2629f1b6814eca6c,7c14bda000587be6,60,87.1,none,explicit
object,scene_0015,referential,text_only,pi05,tokens,9,False,,300,False,False,,True,True,True,chocolate_pudding_3,False,basket_1,True,0.0162,,,,,plane,,,aa52b1aa9e0996a1,fa855b53342c45a4,1dff41fcbe856299,60,85.2,none,explicit
object,scene_0015,referential,text_only,pi05,tokens,10,False,,300,False,False,,True,True,True,chocolate_pudding_3,False,,False,0.4255,,,,,plane,,,aa52b1aa9e0996a1,f999ea8c8ebde986,90b24d6e89a32ef0,60,85.1,none,explicit
object,scene_0015,referential,text_only,pi05,tokens,11,False,,300,False,False,,True,True,True,chocolate_pudding_3,False,basket_1,True,0.0322,,,,,plane,,,aa52b1aa9e0996a1,5eb5a1c6836d440b,2bda25c909208953,60,87.0,none,explicit
object,scene_0015,referential,text_only,pi05,tokens,12,False,,300,False,False,,True,True,True,chocolate_pudding_3,False,basket_1,True,0.0061,,,,,plane,,,aa52b1aa9e0996a1,efb57deab3b03e42,673b9fdb5ac2caa2,60,87.2,none,explicit
object,scene_0015,referential,text_only,pi05,tokens,13,False,,300,False,False,,True,True,True,chocolate_pudding_3,False,basket_1,True,0.0245,,,,,plane,,,aa52b1aa9e0996a1,2a37b42596d7d943,458e38fdd14b20c6,60,86.6,none,explicit
object,scene_0016,referential,text_only,pi05,tokens,0,False,,300,False,False,,True,True,True,cream_cheese_4,False,basket_1,True,0.0314,,,,,plane,,,fccb892c64e85abd,6ac37c4213217df0,81f7c58c8be3fdea,60,89.0,none,explicit
object,scene_0016,referential,text_only,pi05,tokens,1,False,,300,False,False,,True,True,True,cream_cheese_4,False,basket_1,True,0.0391,,,,,plane,,,fccb892c64e85abd,4a3a2a3bec8bacc0,93cce3f55cff6f29,60,85.9,none,explicit
object,scene_0016,referential,text_only,pi05,tokens,2,False,,300,False,False,,True,True,True,cream_cheese_4,False,basket_1,True,0.0424,,,,,plane,,,fccb892c64e85abd,d7113551ad52ed1a,cf2986ef85cca9fa,60,85.8,none,explicit
object,scene_0016,referential,text_only,pi05,tokens,3,False,,300,False,False,,True,True,True,cream_cheese_4,False,basket_1,True,0.0335,,,,,plane,,,fccb892c64e85abd,5656e835e632c727,fd39e5d694b9c48f,60,87.3,none,explicit
object,scene_0016,referential,text_only,pi05,tokens,4,False,,300,False,False,,True,True,True,cream_cheese_4,False,basket_1,True,0.0334,,,,,plane,,,fccb892c64e85abd,2473d45610a42e5c,fed9973e58e5b423,60,87.3,none,explicit
object,scene_0016,referential,text_only,pi05,tokens,5,False,,300,False,False,,True,True,True,cream_cheese_4,False,basket_1,True,0.0335,,,,,plane,,,fccb892c64e85abd,1d9cd4004dc2b820,80fabd09b341706c,60,87.2,none,explicit
object,scene_0016,referential,text_only,pi05,tokens,6,False,,300,False,False,,True,True,True,cream_cheese_4,False,basket_1,True,0.0325,,,,,plane,,,fccb892c64e85abd,cac3bc71898a587b,a9ccdc0f3795e406,60,88.0,none,explicit
object,scene_0016,referential,text_only,pi05,tokens,7,False,,300,False,False,,True,True,True,cream_cheese_4,False,basket_1,True,0.0399,,,,,plane,,,fccb892c64e85abd,f7cb9e51ceb2cbbc,f287ece2de9e368d,60,87.7,none,explicit
object,scene_0016,referential,text_only,pi05,tokens,8,False,,300,False,False,,True,True,True,cream_cheese_4,False,basket_1,True,0.0327,,,,,plane,,,fccb892c64e85abd,b3f88e791d76ebc6,5a6029a484d5a3e7,60,88.7,none,explicit
object,scene_0016,referential,text_only,pi05,tokens,9,False,,300,False,False,,True,True,True,cream_cheese_4,False,basket_1,True,0.0485,,,,,plane,,,fccb892c64e85abd,e62a459d20aa7b34,f4a52d9e0adb5385,60,88.4,none,explicit
object,scene_0016,referential,text_only,pi05,tokens,10,False,,300,False,False,,True,True,True,cream_cheese_4,False,basket_1,True,0.0358,,,,,plane,,,fccb892c64e85abd,d5da08ba0eaa6b67,3e6c5e73e5a03c2f,60,88.1,none,explicit
object,scene_0016,referential,text_only,pi05,tokens,11,False,,300,False,False,,True,True,True,cream_cheese_4,False,basket_1,True,0.0358,,,,,plane,,,fccb892c64e85abd,3c529d0114c95bf2,c90558528ec6e0d7,60,88.2,none,explicit
object,scene_0016,referential,text_only,pi05,tokens,12,False,,300,False,False,,True,True,True,cream_cheese_4,False,basket_1,True,0.0525,,,,,plane,,,fccb892c64e85abd,5362fe823c338bc9,d2ecd6bf43b879b3,60,86.9,none,explicit
object,scene_0016,referential,text_only,pi05,tokens,13,False,,300,False,False,,True,True,True,cream_cheese_4,False,basket_1,True,0.0337,,,,,plane,,,fccb892c64e85abd,fa8ec7f5945c6f03,c91e572c564bcec7,60,87.3,none,explicit
object,scene_0017,directional,text_only,pi05,tokens,0,False,,300,False,False,,True,True,True,chocolate_pudding_1,True,,False,0.1488,,,,,plane,,,5c449bed30a8f143,f222214e72461821,9c63333d70d7bb7c,60,86.4,none,explicit
object,scene_0017,directional,text_only,pi05,tokens,1,False,,300,False,False,,True,True,True,chocolate_pudding_1,True,,False,0.0816,,,,,plane,,,5c449bed30a8f143,295499d86f01544b,a19c974e90b744cb,60,86.5,none,explicit
object,scene_0017,directional,text_only,pi05,tokens,2,False,,300,False,False,,True,True,True,chocolate_pudding_1,True,basket_1,False,0.0259,,,,,plane,,,5c449bed30a8f143,35f9f8f00b47267a,e17cd105a3a512f2,60,86.2,none,explicit
object,scene_0017,directional,text_only,pi05,tokens,3,False,,300,False,False,,True,True,True,chocolate_pudding_1,True,,False,0.0959,,,,,plane,,,5c449bed30a8f143,e64848466acfa06d,71e74afaf2831603,60,86.7,none,explicit
object,scene_0017,directional,text_only,pi05,tokens,4,False,,300,False,False,,True,True,True,chocolate_pudding_1,True,basket_1,False,0.0373,,,,,plane,,,5c449bed30a8f143,2be3e3b3b9687195,ba64824a7bdee36f,60,87.4,none,explicit
object,scene_0017,directional,text_only,pi05,tokens,5,False,,300,False,False,,True,True,True,chocolate_pudding_1,True,basket_1,False,0.0308,,,,,plane,,,5c449bed30a8f143,2f1a36e1e5befa10,877f6e4a403b4efa,60,85.6,none,explicit
object,scene_0017,directional,text_only,pi05,tokens,6,False,,300,False,False,,True,True,True,chocolate_pudding_1,True,basket_1,False,0.0136,,,,,plane,,,5c449bed30a8f143,a10349e59a533da5,a19d2334e1c18a3f,60,86.1,none,explicit
object,scene_0017,directional,text_only,pi05,tokens,7,False,,300,False,False,,True,True,True,chocolate_pudding_1,True,,False,0.0803,,,,,plane,,,5c449bed30a8f143,ba878d8282010deb,a77dda00cbc2f6cc,60,86.9,none,explicit
object,scene_0017,directional,text_only,pi05,tokens,8,False,,300,False,False,,True,True,True,chocolate_pudding_1,True,,False,0.0846,,,,,plane,,,5c449bed30a8f143,d1ef6511b9b90e7b,98406bd5a794fc37,60,87.1,none,explicit
object,scene_0017,directional,text_only,pi05,tokens,9,False,,300,False,False,,True,True,True,chocolate_pudding_1,True,basket_1,False,0.026,,,,,plane,,,5c449bed30a8f143,3785c42516ae43f6,5adc57dd220074d5,60,87.1,none,explicit
object,scene_0017,directional,text_only,pi05,tokens,10,False,,300,False,False,,True,True,True,chocolate_pudding_1,True,,False,0.1219,,,,,plane,,,5c449bed30a8f143,caa2e746f1e10a8d,5f6b42979cf79160,60,85.7,none,explicit
object,scene_0017,directional,text_only,pi05,tokens,11,False,,300,False,False,,True,True,True,chocolate_pudding_1,True,basket_1,False,0.0318,,,,,plane,,,5c449bed30a8f143,245b8427d286b255,3fb1216578573a33,60,85.3,none,explicit
object,scene_0017,directional,text_only,pi05,tokens,12,False,,300,False,False,,True,True,True,chocolate_pudding_1,True,,False,0.0817,,,,,plane,,,5c449bed30a8f143,0fab1870d6eb5680,3dae4cde495b4379,60,84.7,none,explicit
object,scene_0017,directional,text_only,pi05,tokens,13,False,,300,False,False,,True,True,True,chocolate_pudding_1,True,basket_1,False,0.0251,,,,,plane,,,5c449bed30a8f143,4be6b30afa77820c,f7b19d69f5308d01,60,86.3,none,explicit
object,scene_0018,directional,text_only,pi05,tokens,0,False,,300,True,True,132,True,True,True,cream_cheese_1,True,basket_1,True,0.0108,,,,,plane,,,135f89a0ef6e1469,090fc4b72fe07140,f92a3d16479e3cae,60,86.3,none,explicit
object,scene_0018,directional,text_only,pi05,tokens,1,False,,300,True,True,129,True,True,True,cream_cheese_1,True,basket_1,True,0.0071,,,,,plane,,,135f89a0ef6e1469,c8477dca092afc8a,f7cffe4fb1f4fa3a,60,87.0,none,explicit
object,scene_0018,directional,text_only,pi05,tokens,2,False,,300,True,True,131,True,True,True,cream_cheese_1,True,basket_1,True,0.0173,,,,,plane,,,135f89a0ef6e1469,57225430b53ba4e3,a5bdbd980bcd7a59,60,87.6,none,explicit
object,scene_0018,directional,text_only,pi05,tokens,3,False,,300,True,True,132,True,True,True,cream_cheese_1,True,basket_1,True,0.0157,,,,,plane,,,135f89a0ef6e1469,accdc288acaa3001,6a1e541865244973,60,86.8,none,explicit
object,scene_0018,directional,text_only,pi05,tokens,4,False,,300,True,True,151,True,True,True,cream_cheese_1,True,basket_1,True,0.0299,,,,,plane,,,135f89a0ef6e1469,2e72148ee77a5dab,ae94204149b4b915,60,89.1,none,explicit
object,scene_0018,directional,text_only,pi05,tokens,5,False,,300,True,True,127,True,True,True,cream_cheese_1,True,basket_1,True,0.0351,,,,,plane,,,135f89a0ef6e1469,7006bccca702f513,cdb40ec1c57d083c,60,87.8,none,explicit
object,scene_0018,directional,text_only,pi05,tokens,6,False,,300,True,True,133,True,True,True,cream_cheese_1,True,basket_1,True,0.0275,,,,,plane,,,135f89a0ef6e1469,717e29910d76596e,dcce67edfb3bf4a5,60,86.7,none,explicit
object,scene_0018,directional,text_only,pi05,tokens,7,False,,300,True,True,134,True,True,True,cream_cheese_1,True,basket_1,True,0.0404,,,,,plane,,,135f89a0ef6e1469,f84929ec5deb6d60,42938e23d711ffca,60,85.5,none,explicit
object,scene_0018,directional,text_only,pi05,tokens,8,False,,300,True,True,136,True,True,True,cream_cheese_1,True,basket_1,True,0.0147,,,,,plane,,,135f89a0ef6e1469,a5f8a72bc3ccdc11,bf940e664e1cd0bb,60,85.6,none,explicit
object,scene_0018,directional,text_only,pi05,tokens,9,False,,300,False,False,,True,True,True,cream_cheese_1,True,basket_2,False,0.0547,,,,,plane,,,135f89a0ef6e1469,0fbfdbff5cd5aa5a,711349314520023b,60,86.5,none,explicit
object,scene_0018,directional,text_only,pi05,tokens,10,False,,300,True,True,126,True,True,True,cream_cheese_1,True,basket_1,True,0.0124,,,,,plane,,,135f89a0ef6e1469,e831d788b273106d,7c423ccd2b0e47aa,60,88.2,none,explicit
object,scene_0018,directional,text_only,pi05,tokens,11,False,,300,True,True,133,True,True,True,cream_cheese_1,True,basket_1,True,0.0253,,,,,plane,,,135f89a0ef6e1469,dabe085acd50f66a,32779bac799093e2,60,86.9,none,explicit
object,scene_0018,directional,text_only,pi05,tokens,12,False,,300,True,True,136,True,True,True,cream_cheese_1,True,basket_1,True,0.025,,,,,plane,,,135f89a0ef6e1469,64d6ce6ad9c06919,380da8518b647a77,60,85.5,none,explicit
object,scene_0018,directional,text_only,pi05,tokens,13,False,,300,True,True,133,True,True,True,cream_cheese_1,True,basket_1,True,0.0216,,,,,plane,,,135f89a0ef6e1469,1c8279223283da5b,7191ca8600cd2cdf,60,85.9,none,explicit
object,scene_0019,directional,text_only,pi05,tokens,0,False,,300,True,True,147,True,True,True,butter_1,True,basket_1,True,0.0409,,,,,plane,,,4687024fa6fe42ee,c2594aef96a166dc,bcc4f883fa159cda,60,87.2,none,explicit
object,scene_0019,directional,text_only,pi05,tokens,1,False,,300,True,True,138,True,True,True,butter_1,True,basket_1,True,0.0118,,,,,plane,,,4687024fa6fe42ee,a6b823734ce1b796,7dfd750e3b0947bb,60,86.5,none,explicit
object,scene_0019,directional,text_only,pi05,tokens,2,False,,300,False,False,,True,True,True,butter_1,True,basket_2,False,0.0425,,,,,plane,,,4687024fa6fe42ee,d4dad1ab67dd99f2,aecd62a992ef9813,60,87.1,none,explicit
object,scene_0019,directional,text_only,pi05,tokens,3,False,,300,True,True,207,True,True,True,butter_1,True,basket_1,True,0.0403,,,,,plane,,,4687024fa6fe42ee,12a4da9a0ada66fc,bb9a2b94eb17a165,60,87.9,none,explicit
object,scene_0019,directional,text_only,pi05,tokens,4,False,,300,True,True,137,True,True,True,butter_1,True,basket_1,True,0.0348,,,,,plane,,,4687024fa6fe42ee,9bf050089609a400,3ce8eeddbaa7dd5e,60,87.2,none,explicit
object,scene_0019,directional,text_only,pi05,tokens,5,False,,300,False,False,,True,True,True,butter_1,True,basket_2,False,0.0741,,,,,plane,,,4687024fa6fe42ee,6ab07d8e355dac57,c2f75454431627fe,60,86.6,none,explicit
object,scene_0019,directional,text_only,pi05,tokens,6,False,,300,True,True,146,True,True,True,butter_1,True,basket_1,True,0.0491,,,,,plane,,,4687024fa6fe42ee,5eac40185335c43d,e479657d8676c650,60,87.3,none,explicit
object,scene_0019,directional,text_only,pi05,tokens,7,False,,300,True,True,139,True,True,True,butter_1,True,basket_1,True,0.0271,,,,,plane,,,4687024fa6fe42ee,72c54a9aee5a3958,5d8a01fe30e450bd,60,87.3,none,explicit
object,scene_0019,directional,text_only,pi05,tokens,8,False,,300,True,True,141,True,True,True,butter_1,True,basket_1,True,0.0371,,,,,plane,,,4687024fa6fe42ee,09ccf59a05cd10a7,5d972beb53508e02,60,87.5,none,explicit
object,scene_0019,directional,text_only,pi05,tokens,9,False,,300,True,True,146,True,True,True,butter_1,True,basket_1,True,0.0445,,,,,plane,,,4687024fa6fe42ee,ff30956a09f57fa4,9cea7e9377ff8d0b,60,87.5,none,explicit
object,scene_0019,directional,text_only,pi05,tokens,10,False,,300,True,True,146,True,True,True,butter_1,True,basket_1,True,0.0146,,,,,plane,,,4687024fa6fe42ee,6bc0979cbda32da7,902a5e7b8c76d84b,60,86.7,none,explicit
object,scene_0019,directional,text_only,pi05,tokens,11,False,,300,False,False,,True,True,True,butter_1,True,,False,0.1062,,,,,plane,,,4687024fa6fe42ee,eb4b22b0f5d45d37,fa5780e0364904b2,60,87.6,none,explicit
object,scene_0019,directional,text_only,pi05,tokens,12,False,,300,False,False,,True,True,True,butter_1,True,basket_2,False,0.0444,,,,,plane,,,4687024fa6fe42ee,8b1b8f5012d9f3fd,4d7049d6b59988d0,60,86.3,none,explicit
object,scene_0019,directional,text_only,pi05,tokens,13,False,,300,True,True,143,True,True,True,butter_1,True,basket_1,True,0.0125,,,,,plane,,,4687024fa6fe42ee,5a7c9ddb5b930f44,ece459dd6b2058e4,60,85.6,none,explicit
object,scene_0020,directional,text_only,pi05,tokens,0,False,,300,True,True,169,True,True,True,milk_1,True,basket_1,True,0.0066,,,,,plane,,,747f772e6e31e111,bc553e3e8faf0abf,86111d1b6cdde8e6,60,86.7,none,explicit
object,scene_0020,directional,text_only,pi05,tokens,1,False,,300,True,True,265,True,True,True,milk_1,True,basket_1,True,0.0326,,,,,plane,,,747f772e6e31e111,b9287224a1bc31ad,e8849b8f76dacd30,60,87.8,none,explicit
object,scene_0020,directional,text_only,pi05,tokens,2,False,,300,True,True,172,True,True,True,milk_1,True,basket_1,True,0.011,,,,,plane,,,747f772e6e31e111,0ce04f73bb3160f3,4b6474a0c1c05de9,60,87.4,none,explicit
object,scene_0020,directional,text_only,pi05,tokens,3,False,,300,True,True,195,True,True,True,milk_1,True,basket_1,True,0.0213,,,,,plane,,,747f772e6e31e111,8e5d1d7c5ee2a799,d1de955669b39927,60,87.3,none,explicit
object,scene_0020,directional,text_only,pi05,tokens,4,False,,300,True,True,197,True,True,True,milk_1,True,basket_1,True,0.0228,,,,,plane,,,747f772e6e31e111,883ffc9df9b15583,9c1793666b5f0b4c,60,86.6,none,explicit
object,scene_0020,directional,text_only,pi05,tokens,5,False,,300,True,True,251,True,True,True,milk_1,True,basket_1,True,0.0104,,,,,plane,,,747f772e6e31e111,7935deb4cd4e042f,3b30044574763fa5,60,86.5,none,explicit
object,scene_0020,directional,text_only,pi05,tokens,6,False,,300,True,True,256,True,True,True,milk_1,True,basket_1,True,0.0142,,,,,plane,,,747f772e6e31e111,9e18d88d788e7ad5,b2fdf3d4fafa2019,60,85.9,none,explicit
object,scene_0020,directional,text_only,pi05,tokens,7,False,,300,True,True,166,True,True,True,milk_1,True,basket_1,True,0.0128,,,,,plane,,,747f772e6e31e111,ec9547488f802882,7272a7e2c9e2a495,60,86.8,none,explicit
object,scene_0020,directional,text_only,pi05,tokens,8,False,,300,True,True,273,True,True,True,milk_1,True,basket_1,True,0.0114,,,,,plane,,,747f772e6e31e111,7c3482afa817231a,d60bfcda61e1491d,60,87.7,none,explicit
object,scene_0020,directional,text_only,pi05,tokens,9,False,,300,True,True,255,True,True,True,milk_1,True,basket_1,True,0.0214,,,,,plane,,,747f772e6e31e111,ca9fc5d2aa0a807e,bc7871320e30f32e,60,87.6,none,explicit
object,scene_0020,directional,text_only,pi05,tokens,10,False,,300,True,True,214,True,True,True,milk_1,True,basket_1,True,0.0284,,,,,plane,,,747f772e6e31e111,6c4ac98a6fe40558,05438ea4683f538d,60,87.5,none,explicit
object,scene_0020,directional,text_only,pi05,tokens,11,False,,300,False,False,,True,False,False,,False,,False,0.2838,,,,,plane,,,747f772e6e31e111,a632e0d4ccf94715,e28bc54647cbe864,60,88.0,none,explicit
object,scene_0020,directional,text_only,pi05,tokens,12,False,,300,True,True,240,True,True,True,milk_1,True,basket_1,True,0.0271,,,,,plane,,,747f772e6e31e111,de9e0271f48e259e,6193226acea693d2,60,87.4,none,explicit
object,scene_0020,directional,text_only,pi05,tokens,13,False,,300,True,True,162,True,True,True,milk_1,True,basket_1,True,0.0162,,,,,plane,,,747f772e6e31e111,71aa5d87e51c1c10,c3d5e24fec784b9c,60,87.2,none,explicit
object,scene_0021,directional,text_only,pi05,tokens,0,False,,300,False,False,,True,True,True,alphabet_soup_1,True,basket_1,False,0.041,,,,,plane,,,52106f18e0ddcefa,8c71fee4f8301801,b70172ed2f713d9a,60,87.0,none,explicit
object,scene_0021,directional,text_only,pi05,tokens,1,False,,300,False,False,,True,True,True,alphabet_soup_1,True,basket_1,False,0.0379,,,,,plane,,,52106f18e0ddcefa,b5034caa3a91918e,513f843cc1d259c1,60,88.5,none,explicit
object,scene_0021,directional,text_only,pi05,tokens,2,False,,300,False,False,,True,True,True,alphabet_soup_1,True,basket_1,False,0.0179,,,,,plane,,,52106f18e0ddcefa,1d4025cc97305094,b3502e4ff346da0e,60,88.7,none,explicit
object,scene_0021,directional,text_only,pi05,tokens,3,False,,300,False,False,145,True,True,True,alphabet_soup_1,True,basket_1,False,0.0337,,,,,plane,,,52106f18e0ddcefa,2f041639b8c4129c,69eaaee8d8e409fd,60,87.2,none,explicit
object,scene_0021,directional,text_only,pi05,tokens,4,False,,300,False,False,132,True,True,True,alphabet_soup_1,True,basket_1,False,0.0266,,,,,plane,,,52106f18e0ddcefa,a892bc3494e1fcb0,993bcd08c93c0899,60,87.0,none,explicit
object,scene_0021,directional,text_only,pi05,tokens,5,False,,300,True,True,102,True,True,True,alphabet_soup_1,True,basket_2,True,0.0339,,,,,plane,,,52106f18e0ddcefa,f33e8601bff61898,f3413e57cc2937ff,60,86.6,none,explicit
object,scene_0021,directional,text_only,pi05,tokens,6,False,,300,False,False,,True,True,True,alphabet_soup_1,True,basket_1,False,0.0284,,,,,plane,,,52106f18e0ddcefa,c14aeb1764807742,a3f2358b1a005e04,60,86.6,none,explicit
object,scene_0021,directional,text_only,pi05,tokens,7,False,,300,False,False,,True,True,True,alphabet_soup_1,True,basket_1,False,0.0314,,,,,plane,,,52106f18e0ddcefa,7874760e0cce9b5a,88d2dce9c172dd85,60,85.7,none,explicit
object,scene_0021,directional,text_only,pi05,tokens,8,False,,300,False,False,,True,True,True,alphabet_soup_1,True,basket_1,False,0.0294,,,,,plane,,,52106f18e0ddcefa,3a27e74252b1fc07,f61644212a9e5695,60,86.4,none,explicit
object,scene_0021,directional,text_only,pi05,tokens,9,False,,300,False,False,,True,True,True,alphabet_soup_1,True,basket_1,False,0.0191,,,,,plane,,,52106f18e0ddcefa,59b840836bf56c54,3ab3800f8ddbcd6b,60,87.9,none,explicit
object,scene_0021,directional,text_only,pi05,tokens,10,False,,300,False,False,,True,True,True,alphabet_soup_1,True,basket_1,False,0.0339,,,,,plane,,,52106f18e0ddcefa,e013947fca6408ba,290a2e844d71c1d3,60,86.3,none,explicit
object,scene_0021,directional,text_only,pi05,tokens,11,False,,300,False,False,,True,True,True,alphabet_soup_1,True,basket_1,False,0.006,,,,,plane,,,52106f18e0ddcefa,00667634a660b37a,1f1bc04b28c191e5,60,86.7,none,explicit
object,scene_0021,directional,text_only,pi05,tokens,12,False,,300,False,False,,True,True,True,alphabet_soup_1,True,basket_1,False,0.0276,,,,,plane,,,52106f18e0ddcefa,b7f89e283af66c18,cbb909ee08dfe12d,60,85.7,none,explicit
object,scene_0021,directional,text_only,pi05,tokens,13,False,,300,False,False,,True,True,True,alphabet_soup_1,True,basket_1,False,0.0225,,,,,plane,,,52106f18e0ddcefa,494ae9e5dc17f7c5,b4b84afdcb2953c9,60,88.1,none,explicit
object,scene_0022,directional,text_only,pi05,tokens,0,False,,300,False,False,,True,True,True,orange_juice_1,False,basket_2,False,0.0042,,,,,plane,,,ce63c80d4023f8ea,294a6c6a2eb50689,eeb480e79d6706e5,60,87.5,none,explicit
object,scene_0022,directional,text_only,pi05,tokens,1,False,,300,False,False,,True,True,True,orange_juice_1,False,basket_2,False,0.0582,,,,,plane,,,ce63c80d4023f8ea,6ac6560e45cbec3d,bf0a6cc199163280,60,86.3,none,explicit
object,scene_0022,directional,text_only,pi05,tokens,2,False,,300,False,False,,True,True,True,orange_juice_1,False,,False,0.1126,,,,,plane,,,ce63c80d4023f8ea,b9ea293f3ef71b9f,2f5d6f9b6398af99,60,88.8,none,explicit
object,scene_0022,directional,text_only,pi05,tokens,3,False,,300,False,False,,True,True,True,orange_juice_1,False,,False,0.203,,,,,plane,,,ce63c80d4023f8ea,716a9852b60d3adb,9d1fa19ed1a1269b,60,87.5,none,explicit
object,scene_0022,directional,text_only,pi05,tokens,4,False,,300,False,False,,True,True,True,orange_juice_1,False,basket_3,False,0.0293,,,,,plane,,,ce63c80d4023f8ea,26d5ab41ec3f4652,6a9be150284ae236,60,87.6,none,explicit
object,scene_0022,directional,text_only,pi05,tokens,5,False,,300,False,False,,True,True,True,orange_juice_1,False,,False,0.1395,,,,,plane,,,ce63c80d4023f8ea,a6e735173d9ae873,3db9ddf22f2f531d,60,86.6,none,explicit
object,scene_0022,directional,text_only,pi05,tokens,6,False,,300,False,False,,True,True,True,orange_juice_1,False,basket_1,True,0.029,,,,,plane,,,ce63c80d4023f8ea,3d0c6ba5c7583877,7899ddf541254436,60,87.2,none,explicit
object,scene_0022,directional,text_only,pi05,tokens,7,False,,300,False,False,,True,True,True,orange_juice_1,False,basket_2,False,0.0747,,,,,plane,,,ce63c80d4023f8ea,e820dff055625b44,e4da59feecbf5baa,60,87.0,none,explicit
object,scene_0022,directional,text_only,pi05,tokens,8,False,,300,False,False,,True,True,True,orange_juice_1,False,basket_1,True,0.0222,,,,,plane,,,ce63c80d4023f8ea,0050dddc60313fa3,b49174efe1b7fbdf,60,86.6,none,explicit
object,scene_0022,directional,text_only,pi05,tokens,9,False,,300,False,False,,True,True,True,orange_juice_1,False,basket_2,False,0.0232,,,,,plane,,,ce63c80d4023f8ea,8733309c633b711e,31622476a4f7c450,60,87.2,none,explicit
object,scene_0022,directional,text_only,pi05,tokens,10,False,,300,False,False,,True,True,True,orange_juice_1,False,basket_3,False,0.0678,,,,,plane,,,ce63c80d4023f8ea,61cddf76d33065ae,fe7e1983bd207ea3,60,88.4,none,explicit
object,scene_0022,directional,text_only,pi05,tokens,11,False,,300,False,False,,True,True,True,orange_juice_1,False,,False,0.1037,,,,,plane,,,ce63c80d4023f8ea,fd77f0eb80090d19,4c83f2ee1e515db1,60,90.8,none,explicit
object,scene_0022,directional,text_only,pi05,tokens,12,False,,300,False,False,,True,True,True,orange_juice_1,False,basket_2,False,0.0599,,,,,plane,,,ce63c80d4023f8ea,1559d54c6e3fa911,834fc5c49bdb4849,60,86.8,none,explicit
object,scene_0022,directional,text_only,pi05,tokens,13,False,,300,False,False,,True,True,True,orange_juice_1,False,basket_3,False,0.0404,,,,,plane,,,ce63c80d4023f8ea,15b239d793897f4f,a86c23eb2ca97175,60,86.6,none,explicit
object,scene_0023,directional,text_only,pi05,tokens,0,False,,300,False,False,,True,True,True,orange_juice_1,True,,False,0.2091,,,,,plane,,,d96da7f208aa257c,adff8f4a2e5f36d1,e943bfe939bdca66,60,86.5,none,explicit
object,scene_0023,directional,text_only,pi05,tokens,1,False,,300,False,False,,True,True,True,orange_juice_1,True,basket_2,False,0.005,,,,,plane,,,d96da7f208aa257c,9985253e0c041743,e7c433add6ff9141,60,87.5,none,explicit
object,scene_0023,directional,text_only,pi05,tokens,2,False,,300,False,False,,True,True,True,orange_juice_1,True,basket_2,False,0.0335,,,,,plane,,,d96da7f208aa257c,c03bcd3a1a223318,db86648eba59b5ce,60,86.2,none,explicit
object,scene_0023,directional,text_only,pi05,tokens,3,False,,300,False,False,,True,True,True,orange_juice_1,True,basket_2,False,0.0289,,,,,plane,,,d96da7f208aa257c,f4c5278956030bea,af399def718173a7,60,86.4,none,explicit
object,scene_0023,directional,text_only,pi05,tokens,4,False,,300,False,False,,True,True,True,orange_juice_1,True,basket_2,False,0.0347,,,,,plane,,,d96da7f208aa257c,bf97adff284c2364,8fd8e449f6811d07,60,86.6,none,explicit
object,scene_0023,directional,text_only,pi05,tokens,5,False,,300,False,False,,True,True,True,orange_juice_1,True,,False,0.1174,,,,,plane,,,d96da7f208aa257c,04d27269e8d25fa6,5d3d3353204a6fc6,60,87.5,none,explicit
object,scene_0023,directional,text_only,pi05,tokens,6,False,,300,False,False,,True,True,True,orange_juice_1,True,basket_2,False,0.0259,,,,,plane,,,d96da7f208aa257c,251b339f5a3b8258,0be175fefd6ab989,60,87.7,none,explicit
object,scene_0023,directional,text_only,pi05,tokens,7,False,,300,False,False,,True,True,True,orange_juice_1,True,basket_2,False,0.0205,,,,,plane,,,d96da7f208aa257c,369e54accf595237,94f65628606897ca,60,88.5,none,explicit
object,scene_0023,directional,text_only,pi05,tokens,8,False,,300,False,False,,True,True,True,orange_juice_1,True,basket_2,False,0.0403,,,,,plane,,,d96da7f208aa257c,dc21611d4cee2a50,f32563552b5a0e73,60,85.9,none,explicit
object,scene_0023,directional,text_only,pi05,tokens,9,False,,300,False,False,,True,True,True,orange_juice_1,True,,False,0.1215,,,,,plane,,,d96da7f208aa257c,b37ec6d105cfbcb5,9bb9ea0da34e9b8d,60,85.9,none,explicit
object,scene_0023,directional,text_only,pi05,tokens,10,False,,300,False,False,,True,True,True,orange_juice_1,True,,False,0.1443,,,,,plane,,,d96da7f208aa257c,9cba7273bfe0d54a,5f980d9d3548c97d,60,86.5,none,explicit
object,scene_0023,directional,text_only,pi05,tokens,11,False,,300,False,False,,True,True,True,orange_juice_1,True,,False,0.2153,,,,,plane,,,d96da7f208aa257c,3b54a78932272db8,0236552445fdb35e,60,85.9,none,explicit
object,scene_0023,directional,text_only,pi05,tokens,12,False,,300,False,False,,True,True,True,orange_juice_1,True,basket_2,False,0.0307,,,,,plane,,,d96da7f208aa257c,07478a7b531e0672,5a1cc7408555b26c,60,87.6,none,explicit
object,scene_0023,directional,text_only,pi05,tokens,13,False,,300,False,False,,True,False,False,,False,,False,0.2353,,,,,plane,,,d96da7f208aa257c,40ebdd5af2cda69c,7e983c3ffc1a6e3c,60,86.6,none,explicit
object,scene_0024,directional,text_only,pi05,tokens,0,False,,300,False,False,,True,True,True,tomato_sauce_1,False,basket_3,False,0.035,,,,,plane,,,a1e26648ca9788d4,841388718e3d2fea,4a9f33bf9ec9f210,60,86.7,none,explicit
object,scene_0024,directional,text_only,pi05,tokens,1,False,,300,False,False,,True,True,True,tomato_sauce_1,False,basket_3,False,0.039,,,,,plane,,,a1e26648ca9788d4,f071021433b0e7b2,f534e6f13b21a241,60,87.2,none,explicit
object,scene_0024,directional,text_only,pi05,tokens,2,False,,300,False,False,,True,True,True,tomato_sauce_1,False,basket_3,False,0.0406,,,,,plane,,,a1e26648ca9788d4,f55499fb3f0f10fa,882677601d4528c4,60,86.7,none,explicit
object,scene_0024,directional,text_only,pi05,tokens,3,False,,300,False,False,,True,True,True,tomato_sauce_1,False,basket_3,False,0.042,,,,,plane,,,a1e26648ca9788d4,d90e8b57f20f1ad4,6f201e3a92cc5b12,60,86.3,none,explicit
object,scene_0024,directional,text_only,pi05,tokens,4,False,,300,False,False,,True,True,True,tomato_sauce_1,False,basket_2,False,0.0604,,,,,plane,,,a1e26648ca9788d4,60fb74bb797cee09,b623900d245f5af9,60,87.2,none,explicit
object,scene_0024,directional,text_only,pi05,tokens,5,False,,300,False,False,,True,True,True,tomato_sauce_1,False,basket_3,False,0.0261,,,,,plane,,,a1e26648ca9788d4,33dbcc07ac131159,d40dc311ef44c4da,60,86.2,none,explicit
object,scene_0024,directional,text_only,pi05,tokens,6,False,,300,False,False,,True,True,True,tomato_sauce_1,False,basket_3,False,0.0248,,,,,plane,,,a1e26648ca9788d4,3f5b3167bab1838d,44544848eed84133,60,86.1,none,explicit
object,scene_0024,directional,text_only,pi05,tokens,7,False,,300,False,False,,True,True,True,tomato_sauce_1,False,basket_3,False,0.0391,,,,,plane,,,a1e26648ca9788d4,43630b392e9275f6,9933866f3c797c3e,60,86.1,none,explicit
object,scene_0024,directional,text_only,pi05,tokens,8,False,,300,False,False,,True,True,True,tomato_sauce_1,False,basket_3,False,0.0265,,,,,plane,,,a1e26648ca9788d4,862943cd9346e249,a50650989228701e,60,85.9,none,explicit
object,scene_0024,directional,text_only,pi05,tokens,9,False,,300,False,False,,True,True,True,tomato_sauce_1,False,basket_3,False,0.038,,,,,plane,,,a1e26648ca9788d4,76f31b9c20a60ede,5c50cedd02170f3d,60,86.4,none,explicit
object,scene_0024,directional,text_only,pi05,tokens,10,False,,300,False,False,,True,True,True,tomato_sauce_1,False,basket_3,False,0.0263,,,,,plane,,,a1e26648ca9788d4,f136436e6ecc737e,3e325ccdc302053f,60,86.8,none,explicit
object,scene_0024,directional,text_only,pi05,tokens,11,False,,300,False,False,,True,True,True,tomato_sauce_1,False,basket_3,False,0.0285,,,,,plane,,,a1e26648ca9788d4,369ba59e8bfd859d,9be85cd626e54c34,60,86.1,none,explicit
object,scene_0024,directional,text_only,pi05,tokens,12,False,,300,False,False,,True,True,True,tomato_sauce_1,False,basket_3,False,0.0292,,,,,plane,,,a1e26648ca9788d4,0d4b5e47c57ec5c9,f5ad1fe224478974,60,86.8,none,explicit
object,scene_0024,directional,text_only,pi05,tokens,13,False,,300,False,False,,True,True,True,tomato_sauce_1,False,basket_3,False,0.0504,,,,,plane,,,a1e26648ca9788d4,2e5b93c0fbf120a7,229032890be0009a,60,87.0,none,explicit
object,scene_0025,directional,text_only,pi05,tokens,0,False,,300,True,True,203,True,True,True,bbq_sauce_1,True,basket_1,True,0.0133,,,,,plane,,,6361d032e466c1f8,b0a6fd33ef5f776d,9a5a8ebdc8bca39b,60,85.9,none,explicit
object,scene_0025,directional,text_only,pi05,tokens,1,False,,300,True,True,135,True,True,True,bbq_sauce_1,True,basket_1,True,0.0268,,,,,plane,,,6361d032e466c1f8,6ba29da816b60be4,6dbc5c86be3d1ae3,60,86.0,none,explicit
object,scene_0025,directional,text_only,pi05,tokens,2,False,,300,True,True,284,True,True,True,bbq_sauce_1,True,basket_1,True,0.0299,,,,,plane,,,6361d032e466c1f8,846d0b6c4311388f,a4a212fc2e4ec0e6,60,87.3,none,explicit
object,scene_0025,directional,text_only,pi05,tokens,3,False,,300,True,True,231,True,True,True,bbq_sauce_1,True,basket_1,True,0.0144,,,,,plane,,,6361d032e466c1f8,8864ce856f3ac2a4,7d61486488fbbe76,60,86.1,none,explicit
object,scene_0025,directional,text_only,pi05,tokens,4,False,,300,True,True,241,True,True,True,bbq_sauce_1,True,basket_1,True,0.031,,,,,plane,,,6361d032e466c1f8,78683f4ddcfad4cb,8aae52b9da199f3f,60,87.4,none,explicit
object,scene_0025,directional,text_only,pi05,tokens,5,False,,300,True,True,141,True,True,True,bbq_sauce_1,True,basket_1,True,0.049,,,,,plane,,,6361d032e466c1f8,4f93a4715d47ff9e,cb59ce0fcb1e2d31,60,86.8,none,explicit
object,scene_0025,directional,text_only,pi05,tokens,6,False,,300,True,True,202,True,True,True,bbq_sauce_1,True,basket_1,True,0.0213,,,,,plane,,,6361d032e466c1f8,e41adbf9ee8e3908,d2923cfadd953233,60,87.3,none,explicit
object,scene_0025,directional,text_only,pi05,tokens,7,False,,300,True,True,144,True,True,True,bbq_sauce_1,True,basket_1,True,0.0404,,,,,plane,,,6361d032e466c1f8,b6799ef411edcc4c,cd269b2578e01b22,60,87.2,none,explicit
object,scene_0025,directional,text_only,pi05,tokens,8,False,,300,True,True,201,True,True,True,bbq_sauce_1,True,basket_1,True,0.0276,,,,,plane,,,6361d032e466c1f8,e786b60a2088c1a7,916b2e65c2e69a5d,60,85.8,none,explicit
object,scene_0025,directional,text_only,pi05,tokens,9,False,,300,True,True,271,True,True,True,bbq_sauce_1,True,basket_1,True,0.033,,,,,plane,,,6361d032e466c1f8,1b5e3ac1a5441297,2fa54b69e517c508,60,86.4,none,explicit
object,scene_0025,directional,text_only,pi05,tokens,10,False,,300,True,True,164,True,True,True,bbq_sauce_1,True,basket_1,True,0.0221,,,,,plane,,,6361d032e466c1f8,2332f36c1032de9b,cee34ab9798d5350,60,84.4,none,explicit
object,scene_0025,directional,text_only,pi05,tokens,11,False,,300,True,True,146,True,True,True,bbq_sauce_1,True,basket_1,True,0.0398,,,,,plane,,,6361d032e466c1f8,6c1a563030a79a02,941dc246f67a2759,60,85.5,none,explicit
object,scene_0025,directional,text_only,pi05,tokens,12,False,,300,True,True,271,True,True,True,bbq_sauce_1,True,basket_1,True,0.0188,,,,,plane,,,6361d032e466c1f8,3a0f6042c2505ab6,7c30b82870ba5b14,60,84.8,none,explicit
object,scene_0025,directional,text_only,pi05,tokens,13,False,,300,True,True,293,True,True,True,bbq_sauce_1,True,basket_1,True,0.0445,,,,,plane,,,6361d032e466c1f8,1f55ab9d0e65cdfb,e23b1b898f5dd088,60,86.8,none,explicit
object,scene_0026,both,text_only,pi05,tokens,0,False,,300,True,True,242,True,True,True,salad_dressing_2,True,basket_1,True,0.0483,,,,,plane,,,85d2b20dd665f7be,c88047daa94887c8,2703a691f9aff619,60,85.2,none,explicit
object,scene_0026,both,text_only,pi05,tokens,1,False,,300,True,True,191,True,True,True,salad_dressing_2,True,basket_1,True,0.0298,,,,,plane,,,85d2b20dd665f7be,93aeb1dc1c3a60d6,a56862d6f9edfb50,60,86.6,none,explicit
object,scene_0026,both,text_only,pi05,tokens,2,False,,300,False,False,,True,True,True,salad_dressing_1,False,basket_1,True,0.0411,,,,,plane,,,85d2b20dd665f7be,55054e901adb1b76,174183b5c35e2be9,60,86.5,none,explicit
object,scene_0026,both,text_only,pi05,tokens,3,False,,300,True,True,211,True,True,True,salad_dressing_2,True,basket_1,True,0.0476,,,,,plane,,,85d2b20dd665f7be,872a8ccd68ff9578,bbdb7243b5e6ed92,60,86.3,none,explicit
object,scene_0026,both,text_only,pi05,tokens,4,False,,300,True,True,190,True,True,True,salad_dressing_2,True,basket_1,True,0.0159,,,,,plane,,,85d2b20dd665f7be,86c8eb5579c43050,924bf2ba10a3c6fa,60,86.4,none,explicit
object,scene_0026,both,text_only,pi05,tokens,5,False,,300,True,True,182,True,True,True,salad_dressing_2,True,basket_1,True,0.0473,,,,,plane,,,85d2b20dd665f7be,4bc7927d58f7a177,a76473d205fe34ea,60,87.2,none,explicit
object,scene_0026,both,text_only,pi05,tokens,6,False,,300,True,True,206,True,True,True,salad_dressing_2,True,basket_1,True,0.0165,,,,,plane,,,85d2b20dd665f7be,34450723d71b516c,73280db93fa8221b,60,86.6,none,explicit
object,scene_0026,both,text_only,pi05,tokens,7,False,,300,True,True,216,True,True,True,salad_dressing_2,True,basket_1,True,0.0435,,,,,plane,,,85d2b20dd665f7be,7cf944e3e907bab0,90a521ae6a99e766,60,86.7,none,explicit
object,scene_0026,both,text_only,pi05,tokens,8,False,,300,False,False,,True,False,False,,False,,False,0.2327,,,,,plane,,,85d2b20dd665f7be,2d4b36b243a9d6db,e118c3f90633a861,60,86.5,none,explicit
object,scene_0026,both,text_only,pi05,tokens,9,False,,300,True,True,200,True,True,True,salad_dressing_2,True,basket_1,True,0.0192,,,,,plane,,,85d2b20dd665f7be,5c49e5db161bbe49,383ee97b2206e641,60,86.2,none,explicit
object,scene_0026,both,text_only,pi05,tokens,10,False,,300,True,True,189,True,True,True,salad_dressing_2,True,basket_1,True,0.0506,,,,,plane,,,85d2b20dd665f7be,dc0b0048ecb7ee96,92b69e649e40f4d5,60,87.1,none,explicit
object,scene_0026,both,text_only,pi05,tokens,11,False,,300,False,False,,True,True,True,salad_dressing_2,True,,False,0.2056,,,,,plane,,,85d2b20dd665f7be,6fdc5dd83467e638,3fa604766e63fa05,60,86.3,none,explicit
object,scene_0026,both,text_only,pi05,tokens,12,False,,300,True,True,201,True,True,True,salad_dressing_2,True,basket_1,True,0.019,,,,,plane,,,85d2b20dd665f7be,90bb6cc2ccda141d,48ebe9db09a41f32,60,86.4,none,explicit
object,scene_0026,both,text_only,pi05,tokens,13,False,,300,False,False,,True,True,True,milk_1,False,basket_1,True,0.0343,,,,,plane,,,85d2b20dd665f7be,7dc7d9e44a8d9033,32e42d6ca8ae6ed3,60,87.6,none,explicit
object,scene_0027,both,text_only,pi05,tokens,0,False,,300,False,False,,True,False,False,,False,,False,0.2247,,,,,plane,,,2a169cf0400921fa,d4daf7a5863668ac,b7a538aeadebda94,60,86.3,none,explicit
object,scene_0027,both,text_only,pi05,tokens,1,False,,300,False,False,,True,True,True,chocolate_pudding_3,False,basket_1,False,0.0254,,,,,plane,,,2a169cf0400921fa,76ab2ae9bdde606c,3c9b4b85e19da623,60,86.8,none,explicit
object,scene_0027,both,text_only,pi05,tokens,2,False,,300,False,False,,True,True,True,chocolate_pudding_3,False,basket_1,False,0.0056,,,,,plane,,,2a169cf0400921fa,f005aba7627c2f71,e79a957d94cf8bd4,60,86.2,none,explicit
object,scene_0027,both,text_only,pi05,tokens,3,False,,300,False,False,,True,True,True,chocolate_pudding_3,False,basket_1,False,0.0073,,,,,plane,,,2a169cf0400921fa,33acea6f9890e9b6,03c291879c692533,60,86.9,none,explicit
object,scene_0027,both,text_only,pi05,tokens,4,False,,300,False,False,,True,True,True,chocolate_pudding_3,False,basket_1,False,0.0403,,,,,plane,,,2a169cf0400921fa,e754646d0a690096,e3baf7db16065174,60,87.1,none,explicit
object,scene_0027,both,text_only,pi05,tokens,5,False,,300,False,False,,True,True,True,chocolate_pudding_3,False,basket_1,False,0.011,,,,,plane,,,2a169cf0400921fa,74b71ef16df609b1,2c3f7db73747bae5,60,86.7,none,explicit
object,scene_0027,both,text_only,pi05,tokens,6,False,,300,False,False,,True,True,True,chocolate_pudding_3,False,basket_1,False,0.0073,,,,,plane,,,2a169cf0400921fa,49e4e0fa125ff06b,ae1ac6b54358ece5,60,86.3,none,explicit
object,scene_0027,both,text_only,pi05,tokens,7,False,,300,False,False,,True,True,True,chocolate_pudding_3,False,basket_1,False,0.0415,,,,,plane,,,2a169cf0400921fa,2931d419f6fa8bb9,fd9a7264a3323f6a,60,86.4,none,explicit
object,scene_0027,both,text_only,pi05,tokens,8,False,,300,False,False,,True,True,True,chocolate_pudding_3,False,basket_1,False,0.0114,,,,,plane,,,2a169cf0400921fa,020692c86372d0c8,11b9dddccc8ed6ba,60,87.3,none,explicit
object,scene_0027,both,text_only,pi05,tokens,9,False,,300,False,False,,True,True,True,chocolate_pudding_3,False,basket_1,False,0.0028,,,,,plane,,,2a169cf0400921fa,6532fea75d76de94,863f368ea0a96eda,60,87.7,none,explicit
object,scene_0027,both,text_only,pi05,tokens,10,False,,300,False,False,,True,True,True,chocolate_pudding_3,False,basket_1,False,0.0113,,,,,plane,,,2a169cf0400921fa,5883bbffbab708b1,34b3fac897d6c9a7,60,85.9,none,explicit
object,scene_0027,both,text_only,pi05,tokens,11,False,,300,False,False,,True,True,True,chocolate_pudding_3,False,basket_1,False,0.0067,,,,,plane,,,2a169cf0400921fa,0e0e7a6da70b1d05,61d04c430ba339c4,60,87.6,none,explicit
object,scene_0027,both,text_only,pi05,tokens,12,False,,300,False,False,,True,True,True,chocolate_pudding_3,False,basket_1,False,0.0152,,,,,plane,,,2a169cf0400921fa,1bed749caa008310,656ac184f9630cc6,60,85.0,none,explicit
object,scene_0027,both,text_only,pi05,tokens,13,False,,300,False,False,,True,True,True,chocolate_pudding_3,False,basket_1,False,0.0104,,,,,plane,,,2a169cf0400921fa,fc3dfe7a070df1c1,c9bc5e24a9bd603d,60,87.0,none,explicit
object,scene_0028,both,text_only,pi05,tokens,0,False,,300,False,False,,True,True,True,cream_cheese_3,False,basket_2,True,0.0347,,,,,plane,,,060ed90dd800ba8a,c14064ac37d871d5,5d318d098e125062,60,87.1,none,explicit
object,scene_0028,both,text_only,pi05,tokens,1,False,,300,False,False,,True,True,True,cream_cheese_2,False,basket_2,True,0.0346,,,,,plane,,,060ed90dd800ba8a,3c6e9de6ae14b9eb,b8ecc7a8be222f31,60,87.5,none,explicit
object,scene_0028,both,text_only,pi05,tokens,2,False,,300,False,False,,True,True,True,cream_cheese_3,False,basket_2,True,0.0367,,,,,plane,,,060ed90dd800ba8a,136165141d5e8b7b,2d159c8321862d82,60,88.6,none,explicit
object,scene_0028,both,text_only,pi05,tokens,3,False,,300,False,False,,True,True,True,cream_cheese_3,False,basket_2,True,0.0335,,,,,plane,,,060ed90dd800ba8a,3cbea30f4d244118,5e09b9293fa5572d,60,89.0,none,explicit
object,scene_0028,both,text_only,pi05,tokens,4,False,,300,False,False,,True,True,True,cream_cheese_2,False,basket_2,True,0.0123,,,,,plane,,,060ed90dd800ba8a,345193f372b66a94,f5941f74d71e8893,60,89.0,none,explicit
object,scene_0028,both,text_only,pi05,tokens,5,False,,300,False,False,,True,True,True,cream_cheese_3,False,basket_2,True,0.0394,,,,,plane,,,060ed90dd800ba8a,a87ce063c73f64c5,a14536faa43dc128,60,87.9,none,explicit
object,scene_0028,both,text_only,pi05,tokens,6,False,,300,False,False,,True,True,True,cream_cheese_3,False,basket_2,True,0.0425,,,,,plane,,,060ed90dd800ba8a,f20ea92ebb1c5ee3,94fd8db70489321d,60,88.8,none,explicit
object,scene_0028,both,text_only,pi05,tokens,7,False,,300,False,False,,True,True,True,cream_cheese_3,False,basket_2,True,0.0431,,,,,plane,,,060ed90dd800ba8a,f05d7557c7fbd8c7,aebde77e047a22a7,60,87.9,none,explicit
object,scene_0028,both,text_only,pi05,tokens,8,False,,300,False,False,,True,True,True,cream_cheese_2,False,basket_2,True,0.034,,,,,plane,,,060ed90dd800ba8a,5a29871608a4bbd2,e21e2809e55b7c3a,60,86.9,none,explicit
object,scene_0028,both,text_only,pi05,tokens,9,False,,300,False,False,,True,True,True,cream_cheese_2,False,basket_2,True,0.0231,,,,,plane,,,060ed90dd800ba8a,ad51bffa641046af,5055ed0618e3b795,60,87.6,none,explicit
object,scene_0028,both,text_only,pi05,tokens,10,False,,300,False,False,,True,True,True,cream_cheese_3,False,basket_2,True,0.0341,,,,,plane,,,060ed90dd800ba8a,072887d1b4f52c6e,a9bb0ab04448ef3d,60,88.8,none,explicit
object,scene_0028,both,text_only,pi05,tokens,11,False,,300,False,False,,True,True,True,cream_cheese_3,False,basket_2,True,0.043,,,,,plane,,,060ed90dd800ba8a,0b18ff4eb88384cd,989e333a208f2bb7,60,88.3,none,explicit
object,scene_0028,both,text_only,pi05,tokens,12,False,,300,False,False,,True,True,True,cream_cheese_2,False,basket_2,True,0.0226,,,,,plane,,,060ed90dd800ba8a,393ada9e81f430d4,11445f9313dc4950,60,87.9,none,explicit
object,scene_0028,both,text_only,pi05,tokens,13,False,,300,False,False,,True,True,True,cream_cheese_3,False,basket_2,True,0.0386,,,,,plane,,,060ed90dd800ba8a,bd3254e49253be83,bcf0775e66e73a98,60,88.2,none,explicit
object,scene_0029,both,text_only,pi05,tokens,0,False,,300,False,False,,True,True,True,butter_1,False,basket_1,True,0.0409,,,,,plane,,,edb57583c0b7e793,c1675a4072011872,72d89b90db3dd17e,60,87.5,none,explicit
object,scene_0029,both,text_only,pi05,tokens,1,False,,300,False,False,,True,True,True,butter_1,False,basket_1,True,0.04,,,,,plane,,,edb57583c0b7e793,dfdff5ef760d4f1e,b45ed57f51db805b,60,85.4,none,explicit
object,scene_0029,both,text_only,pi05,tokens,2,False,,300,False,False,,True,True,True,butter_1,False,basket_1,True,0.041,,,,,plane,,,edb57583c0b7e793,c97990787dbdb9a9,b8e26b5e52956653,60,85.2,none,explicit
object,scene_0029,both,text_only,pi05,tokens,3,False,,300,False,False,,True,True,True,butter_3,False,basket_1,True,0.0155,,,,,plane,,,edb57583c0b7e793,f3148af31c8068b9,e8dbbfc6e4606c3c,60,86.3,none,explicit
object,scene_0029,both,text_only,pi05,tokens,4,False,,300,False,False,,True,True,True,butter_1,False,basket_1,True,0.0452,,,,,plane,,,edb57583c0b7e793,36accd37d9f5770a,54b4e9f4d7acc751,60,87.7,none,explicit
object,scene_0029,both,text_only,pi05,tokens,5,False,,300,False,False,,True,True,True,butter_1,False,basket_1,True,0.0348,,,,,plane,,,edb57583c0b7e793,cc2fdc6d87cd5d53,86d93ebe07e78ba3,60,88.0,none,explicit
object,scene_0029,both,text_only,pi05,tokens,6,False,,300,False,False,,True,True,True,butter_1,False,basket_1,True,0.0406,,,,,plane,,,edb57583c0b7e793,898eb3e8cb6ef431,070542ec8eab09bd,60,90.4,none,explicit
object,scene_0029,both,text_only,pi05,tokens,7,False,,300,False,False,,True,True,True,butter_1,False,basket_1,True,0.024,,,,,plane,,,edb57583c0b7e793,2ffcc78130d469c2,1387d12f580b4359,60,90.9,none,explicit
object,scene_0029,both,text_only,pi05,tokens,8,False,,300,False,False,,True,True,True,butter_1,False,basket_1,True,0.0361,,,,,plane,,,edb57583c0b7e793,1f195c3aeab8895f,74a4141145349d51,60,86.2,none,explicit
object,scene_0029,both,text_only,pi05,tokens,9,False,,300,False,False,,True,True,True,butter_1,False,basket_1,True,0.0393,,,,,plane,,,edb57583c0b7e793,1a09e333680f1afa,f923b08a581bd2cc,60,88.0,none,explicit
object,scene_0029,both,text_only,pi05,tokens,10,False,,300,False,False,,True,True,True,butter_1,False,basket_1,True,0.0493,,,,,plane,,,edb57583c0b7e793,46ea434324e83dd7,42a9e3bee8e37d98,60,86.9,none,explicit
object,scene_0029,both,text_only,pi05,tokens,11,False,,300,False,False,,True,True,True,butter_1,False,basket_1,True,0.0451,,,,,plane,,,edb57583c0b7e793,6be096139d2348c4,3a389acd06b49fb3,60,86.5,none,explicit
object,scene_0029,both,text_only,pi05,tokens,12,False,,300,False,False,,True,True,True,butter_1,False,basket_1,True,0.0426,,,,,plane,,,edb57583c0b7e793,df02b0b5dd29f771,65e8de294e54db8b,60,87.8,none,explicit
object,scene_0029,both,text_only,pi05,tokens,13,False,,300,False,False,,True,True,True,butter_3,False,basket_1,True,0.0351,,,,,plane,,,edb57583c0b7e793,8674efa771e810a8,e8a380878d57cfce,60,85.2,none,explicit
object,scene_0030,both,text_only,pi05,tokens,0,False,,300,False,False,,True,True,True,alphabet_soup_2,False,basket_1,True,0.0233,,,,,plane,,,076e8eaf52e04c39,005df0d88b3bc63c,400782020b2d49ff,60,88.7,none,explicit
object,scene_0030,both,text_only,pi05,tokens,1,False,,300,False,False,,True,True,True,alphabet_soup_2,False,basket_1,True,0.0119,,,,,plane,,,076e8eaf52e04c39,726a6c72bdbd3b21,d728d1c51ee6ecbe,60,91.3,none,explicit
object,scene_0030,both,text_only,pi05,tokens,2,False,,300,False,False,,True,True,True,alphabet_soup_2,False,basket_1,True,0.027,,,,,plane,,,076e8eaf52e04c39,2cc902efe98639e8,be5d2ebc401be031,60,88.5,none,explicit
object,scene_0030,both,text_only,pi05,tokens,3,False,,300,False,False,,True,True,True,alphabet_soup_2,False,basket_1,True,0.009,,,,,plane,,,076e8eaf52e04c39,4d325a533a35062b,2708edbbd93cc956,60,86.8,none,explicit
object,scene_0030,both,text_only,pi05,tokens,4,False,,300,False,False,,True,True,True,alphabet_soup_2,False,basket_1,True,0.0138,,,,,plane,,,076e8eaf52e04c39,8493ab15e7bd0632,e860e5eb73352a9a,60,87.7,none,explicit
object,scene_0030,both,text_only,pi05,tokens,5,False,,300,False,False,,True,True,True,alphabet_soup_2,False,basket_1,True,0.0073,,,,,plane,,,076e8eaf52e04c39,2aaaeb4f1093f89f,f0cf61dcf7f64828,60,86.6,none,explicit
object,scene_0030,both,text_only,pi05,tokens,6,False,,300,False,False,,True,True,True,alphabet_soup_2,False,basket_1,True,0.0075,,,,,plane,,,076e8eaf52e04c39,7a46013a0fa87fa3,7141df02cc2f5874,60,87.1,none,explicit
object,scene_0030,both,text_only,pi05,tokens,7,False,,300,False,False,,True,True,True,alphabet_soup_2,False,basket_1,True,0.0208,,,,,plane,,,076e8eaf52e04c39,37389016413e4c2e,a02ec134f6138c5b,60,87.7,none,explicit
object,scene_0030,both,text_only,pi05,tokens,8,False,,300,False,False,,True,True,True,alphabet_soup_2,False,basket_1,True,0.0261,,,,,plane,,,076e8eaf52e04c39,9672262d9b36f92b,7632735d4260bdf7,60,90.3,none,explicit
object,scene_0030,both,text_only,pi05,tokens,9,False,,300,False,False,,True,True,True,alphabet_soup_2,False,basket_1,True,0.0174,,,,,plane,,,076e8eaf52e04c39,0e0c111248c10075,e5ffad8b50c3aa0b,60,86.2,none,explicit
object,scene_0030,both,text_only,pi05,tokens,10,False,,300,False,False,,True,True,True,alphabet_soup_2,False,basket_1,True,0.0024,,,,,plane,,,076e8eaf52e04c39,b08af76dbfc680e2,1f6788c9be470cbd,60,87.4,none,explicit
object,scene_0030,both,text_only,pi05,tokens,11,False,,300,False,False,,True,True,True,alphabet_soup_2,False,basket_1,True,0.0197,,,,,plane,,,076e8eaf52e04c39,4b8258ceb37eecd4,9b1a9cadcc9c32c7,60,87.4,none,explicit
object,scene_0030,both,text_only,pi05,tokens,12,False,,300,False,False,,True,True,True,alphabet_soup_2,False,basket_1,True,0.0242,,,,,plane,,,076e8eaf52e04c39,958f56246edc2759,d13f135371ee4d68,60,88.4,none,explicit
object,scene_0030,both,text_only,pi05,tokens,13,False,,300,False,False,,True,True,True,alphabet_soup_2,False,basket_1,True,0.0441,,,,,plane,,,076e8eaf52e04c39,5f584aa8a06069c0,5c086213b6390c39,60,86.9,none,explicit
object,scene_0031,both,text_only,pi05,tokens,0,False,,300,False,False,,True,True,True,tomato_sauce_2,False,,False,0.3177,,,,,plane,,,bc83952abb4bd9e8,386f208c3ffd3d76,7aeb73f9d6e7fb5a,60,89.0,none,explicit
object,scene_0031,both,text_only,pi05,tokens,1,False,,300,False,False,,True,True,True,tomato_sauce_2,False,,False,0.1453,,,,,plane,,,bc83952abb4bd9e8,002bca76db65b3e5,4acce893bf64005e,60,86.6,none,explicit
object,scene_0031,both,text_only,pi05,tokens,2,False,,300,False,False,,True,True,True,tomato_sauce_2,False,basket_2,False,0.0279,,,,,plane,,,bc83952abb4bd9e8,55826f2ac45d9b87,7e370712dd08675a,60,86.9,none,explicit
object,scene_0031,both,text_only,pi05,tokens,3,False,,300,False,False,,True,True,True,tomato_sauce_2,False,basket_2,False,0.031,,,,,plane,,,bc83952abb4bd9e8,46ccada2cfbc0e3e,fa6e2ff69819e0cb,60,87.6,none,explicit
object,scene_0031,both,text_only,pi05,tokens,4,False,,300,False,False,,True,True,True,tomato_sauce_2,False,basket_2,False,0.0338,,,,,plane,,,bc83952abb4bd9e8,d3a7760a11f363a2,192f36a0e14a86a6,60,88.8,none,explicit
object,scene_0031,both,text_only,pi05,tokens,5,False,,300,False,False,,True,True,True,tomato_sauce_2,False,basket_2,False,0.0501,,,,,plane,,,bc83952abb4bd9e8,2a6495cd41977367,830a9464c9e92bb6,60,87.8,none,explicit
object,scene_0031,both,text_only,pi05,tokens,6,False,,300,False,False,,True,True,True,tomato_sauce_4,True,basket_2,False,0.0274,,,,,plane,,,bc83952abb4bd9e8,a897954f959a9fd9,29bdbe992102c5ef,60,86.3,none,explicit
object,scene_0031,both,text_only,pi05,tokens,7,False,,300,False,False,,True,True,True,tomato_sauce_2,False,,False,0.088,,,,,plane,,,bc83952abb4bd9e8,14403c7427e0a4ac,ea29a6e79625486a,60,88.9,none,explicit
object,scene_0031,both,text_only,pi05,tokens,8,False,,300,False,False,,True,True,True,tomato_sauce_4,True,basket_2,False,0.0213,,,,,plane,,,bc83952abb4bd9e8,4806d72ef7abc426,79be0ea443b8e520,60,86.7,none,explicit
object,scene_0031,both,text_only,pi05,tokens,9,False,,300,False,False,,True,True,True,tomato_sauce_2,False,basket_2,False,0.0162,,,,,plane,,,bc83952abb4bd9e8,a0b18d310e78480e,f275057dbd3e5fab,60,86.4,none,explicit
object,scene_0031,both,text_only,pi05,tokens,10,False,,300,False,False,,True,True,True,tomato_sauce_2,False,basket_2,False,0.0219,,,,,plane,,,bc83952abb4bd9e8,e656aa1aef5251f0,49702cbac8b5f5fa,60,87.0,none,explicit
object,scene_0031,both,text_only,pi05,tokens,11,False,,300,False,False,,True,True,True,tomato_sauce_2,False,basket_2,False,0.0153,,,,,plane,,,bc83952abb4bd9e8,94b9a8ee8e335bba,83e4fcf0180fdb33,60,86.6,none,explicit
object,scene_0031,both,text_only,pi05,tokens,12,False,,300,False,False,,True,True,True,tomato_sauce_2,False,basket_2,False,0.012,,,,,plane,,,bc83952abb4bd9e8,56507f7cafba7027,1e0c0833ac3ca15b,60,87.2,none,explicit
object,scene_0031,both,text_only,pi05,tokens,13,False,,300,False,False,,True,True,True,tomato_sauce_2,False,basket_2,False,0.0163,,,,,plane,,,bc83952abb4bd9e8,1c50c3a2ad437138,6e4ae8ceddc33a9c,60,87.2,none,explicit
object,scene_0032,both,text_only,pi05,tokens,0,False,,300,False,False,,True,True,True,tomato_sauce_2,False,basket_3,False,0.0148,,,,,plane,,,bf8dc7b24556b00c,4364d024ea1edc39,ddadde6d8dcf164b,60,88.7,none,explicit
object,scene_0032,both,text_only,pi05,tokens,1,False,,300,False,False,,True,True,True,tomato_sauce_2,False,basket_3,False,0.0312,,,,,plane,,,bf8dc7b24556b00c,37c1e99738c5504b,f12e41653e3532a3,60,89.3,none,explicit
object,scene_0032,both,text_only,pi05,tokens,2,False,,300,False,False,,True,True,True,tomato_sauce_2,False,basket_3,False,0.0088,,,,,plane,,,bf8dc7b24556b00c,a1803edc2c2a9d78,002fbfb2f43bb946,60,86.9,none,explicit
object,scene_0032,both,text_only,pi05,tokens,3,False,,300,False,False,,True,True,True,tomato_sauce_2,False,basket_3,False,0.0191,,,,,plane,,,bf8dc7b24556b00c,f3943adb9cf64209,08285b23addbf724,60,88.5,none,explicit
object,scene_0032,both,text_only,pi05,tokens,4,False,,300,False,False,,True,True,True,tomato_sauce_2,False,basket_3,False,0.0258,,,,,plane,,,bf8dc7b24556b00c,695b07a1756e786b,8695f450433ecd27,60,88.0,none,explicit
object,scene_0032,both,text_only,pi05,tokens,5,False,,300,False,False,,True,True,True,tomato_sauce_2,False,basket_3,False,0.0179,,,,,plane,,,bf8dc7b24556b00c,17f8176011929535,85855aaf4b9d3243,60,86.7,none,explicit
object,scene_0032,both,text_only,pi05,tokens,6,False,,300,False,False,,True,True,True,tomato_sauce_2,False,basket_3,False,0.0337,,,,,plane,,,bf8dc7b24556b00c,f76faef3d3103853,f7fd0d087d3df48e,60,87.2,none,explicit
object,scene_0032,both,text_only,pi05,tokens,7,False,,300,False,False,,True,False,False,,False,,False,0.3737,,,,,plane,,,bf8dc7b24556b00c,77193a7848940f0e,e620e8cbd573b6a0,60,88.0,none,explicit
object,scene_0032,both,text_only,pi05,tokens,8,False,,300,False,False,,True,True,True,tomato_sauce_2,False,basket_3,False,0.0252,,,,,plane,,,bf8dc7b24556b00c,ac2d7398f2f54d96,b9a8cd3771cfa009,60,88.3,none,explicit
object,scene_0032,both,text_only,pi05,tokens,9,False,,300,False,False,,True,True,True,tomato_sauce_2,False,basket_3,False,0.0102,,,,,plane,,,bf8dc7b24556b00c,8cf1c8bdb562fa1b,999e90e2e3b141ef,60,86.8,none,explicit
object,scene_0032,both,text_only,pi05,tokens,10,False,,300,False,False,,True,True,True,tomato_sauce_2,False,basket_3,False,0.023,,,,,plane,,,bf8dc7b24556b00c,90354de43a8a154b,13ea0d9ceecebe3f,60,87.7,none,explicit
object,scene_0032,both,text_only,pi05,tokens,11,False,,300,False,False,,True,True,True,tomato_sauce_2,False,basket_3,False,0.02,,,,,plane,,,bf8dc7b24556b00c,7ffc02e7813fed91,e66e8875c48f25d5,60,86.6,none,explicit
object,scene_0032,both,text_only,pi05,tokens,12,False,,300,False,False,,True,True,True,tomato_sauce_2,False,basket_3,False,0.0039,,,,,plane,,,bf8dc7b24556b00c,3c92cb24a0ae2ffb,0cb9bb1fcc764d1a,60,86.8,none,explicit
object,scene_0032,both,text_only,pi05,tokens,13,False,,300,False,False,,True,True,True,tomato_sauce_2,False,basket_3,False,0.0258,,,,,plane,,,bf8dc7b24556b00c,128ab123a8386b55,6c455db37f05b911,60,86.7,none,explicit
object,scene_0033,both,text_only,pi05,tokens,0,False,,300,False,False,,True,False,False,,False,,False,0.4949,,,,,plane,,,d90cee800815002d,7fa85d763f0cc921,8d668206af9dca86,60,87.5,none,explicit
object,scene_0033,both,text_only,pi05,tokens,1,False,,300,False,False,,True,True,True,milk_1,False,basket_2,True,0.0133,,,,,plane,,,d90cee800815002d,6e9d98c68bb3b484,4e517cc7b5e6b2a5,60,88.2,none,explicit
object,scene_0033,both,text_only,pi05,tokens,2,False,,300,False,False,,True,True,True,milk_1,False,basket_2,True,0.0304,,,,,plane,,,d90cee800815002d,db242a83243d7ab9,f822c1e62fe03d55,60,87.8,none,explicit
object,scene_0033,both,text_only,pi05,tokens,3,False,,300,False,False,,True,True,True,milk_1,False,basket_2,True,0.0249,,,,,plane,,,d90cee800815002d,7a83e88a784bfba1,153cad5cf2d89902,60,87.8,none,explicit
object,scene_0033,both,text_only,pi05,tokens,4,False,,300,False,False,,True,True,True,milk_1,False,basket_3,False,0.0246,,,,,plane,,,d90cee800815002d,43bd2d8fa17bcc1d,f60e069824ef10ae,60,86.8,none,explicit
object,scene_0033,both,text_only,pi05,tokens,5,False,,300,False,False,,True,False,False,,False,,False,0.4884,,,,,plane,,,d90cee800815002d,3e830f822781a79a,feae45064d3d13bd,60,86.8,none,explicit
object,scene_0033,both,text_only,pi05,tokens,6,False,,300,False,False,,True,True,True,milk_1,False,basket_2,True,0.0335,,,,,plane,,,d90cee800815002d,50dd4e244e8f871b,37f537451aaa6bae,60,87.8,none,explicit
object,scene_0033,both,text_only,pi05,tokens,7,False,,300,False,False,,True,True,True,milk_1,False,basket_3,False,0.014,,,,,plane,,,d90cee800815002d,696ea37d34e8b353,88a86a312fe72675,60,87.8,none,explicit
object,scene_0033,both,text_only,pi05,tokens,8,False,,300,False,False,,True,True,True,orange_juice_3,True,,False,0.3766,,,,,plane,,,d90cee800815002d,472e5355f27e0ac8,398abe412477a2d8,60,88.4,none,explicit
object,scene_0033,both,text_only,pi05,tokens,9,False,,300,False,False,,True,True,True,orange_juice_2,False,basket_3,False,0.0352,,,,,plane,,,d90cee800815002d,789f55a3634292dc,eb66bd8f8c786340,60,88.2,none,explicit
object,scene_0033,both,text_only,pi05,tokens,10,False,,300,False,False,,True,True,True,milk_1,False,basket_2,True,0.0367,,,,,plane,,,d90cee800815002d,0461975d1dfa9d08,4eaf99910822d885,60,87.7,none,explicit
object,scene_0033,both,text_only,pi05,tokens,11,False,,300,False,False,,True,True,True,milk_1,False,,False,0.1197,,,,,plane,,,d90cee800815002d,60c035933ebdc358,86b9b5f592a12fb8,60,86.8,none,explicit
object,scene_0033,both,text_only,pi05,tokens,12,False,,300,False,False,,True,False,False,,False,,False,0.4979,,,,,plane,,,d90cee800815002d,1b16fa247ac87cb6,a137227d086ce7bf,60,87.8,none,explicit
object,scene_0033,both,text_only,pi05,tokens,13,False,,300,False,False,,True,True,True,basket_2,False,basket_2,True,0.0,,,,,plane,,,d90cee800815002d,a3319382c846d3d0,afd03b07bb6ed254,60,96.3,none,explicit
object,scene_0034,both,text_only,pi05,tokens,0,False,,300,False,False,,True,True,True,ketchup_3,False,basket_1,False,0.039,,,,,plane,,,0f9136dd3356112c,8666fcf461db024b,f1c384bc0bd5f5ae,60,87.9,none,explicit
object,scene_0034,both,text_only,pi05,tokens,1,False,,300,False,False,,True,True,True,ketchup_3,False,basket_1,False,0.031,,,,,plane,,,0f9136dd3356112c,1e75a8bcc087325e,7003dde391cc7ecb,60,87.7,none,explicit
object,scene_0034,both,text_only,pi05,tokens,2,False,,300,False,False,,True,True,True,ketchup_3,False,basket_1,False,0.0284,,,,,plane,,,0f9136dd3356112c,bfeeb13a9e2fd33e,1d2aacfbd0619058,60,88.6,none,explicit
object,scene_0034,both,text_only,pi05,tokens,3,False,,300,False,False,,True,True,True,ketchup_3,False,basket_1,False,0.0247,,,,,plane,,,0f9136dd3356112c,6c8fabb34cb8f855,998502c1c4234871,60,89.4,none,explicit
object,scene_0034,both,text_only,pi05,tokens,4,False,,300,False,False,,True,True,True,ketchup_3,False,basket_1,False,0.0171,,,,,plane,,,0f9136dd3356112c,0c96238c597d3735,4d7ed323586ec8f5,60,88.5,none,explicit
object,scene_0034,both,text_only,pi05,tokens,5,False,,300,False,False,,True,True,True,ketchup_3,False,basket_1,False,0.0115,,,,,plane,,,0f9136dd3356112c,7d21cf02f988993c,d8d12a7035e3f008,60,88.1,none,explicit
object,scene_0034,both,text_only,pi05,tokens,6,False,,300,False,False,,True,True,True,ketchup_3,False,,False,0.2354,,,,,plane,,,0f9136dd3356112c,759af5fa5c0b58a4,5f0df9fa7bf24117,60,86.6,none,explicit
object,scene_0034,both,text_only,pi05,tokens,7,False,,300,False,False,,True,True,True,ketchup_3,False,basket_1,False,0.0227,,,,,plane,,,0f9136dd3356112c,ab2478d312a38754,d8cb04b5253c7d15,60,86.7,none,explicit
object,scene_0034,both,text_only,pi05,tokens,8,False,,300,False,False,,True,True,True,ketchup_3,False,basket_1,False,0.0296,,,,,plane,,,0f9136dd3356112c,de463a40775bc456,7f86b28921060fe0,60,86.9,none,explicit
object,scene_0034,both,text_only,pi05,tokens,9,False,,300,False,False,,True,True,True,ketchup_3,False,basket_1,False,0.0296,,,,,plane,,,0f9136dd3356112c,f2edd3df55ed1bce,34283a1f7f076345,60,87.0,none,explicit
object,scene_0034,both,text_only,pi05,tokens,10,False,,300,False,False,,True,True,True,ketchup_3,False,basket_1,False,0.0245,,,,,plane,,,0f9136dd3356112c,c2de79f338eb3bd4,d6311084f7be5ed7,60,87.1,none,explicit
object,scene_0034,both,text_only,pi05,tokens,11,False,,300,False,False,,True,True,True,ketchup_3,False,basket_1,False,0.0386,,,,,plane,,,0f9136dd3356112c,6dc4710630c631f5,0c97db8c7085fdf4,60,88.0,none,explicit
object,scene_0034,both,text_only,pi05,tokens,12,False,,300,False,False,,True,True,True,ketchup_3,False,basket_1,False,0.0699,,,,,plane,,,0f9136dd3356112c,1e068d249298a732,03f8cc902e0ab119,60,86.5,none,explicit
object,scene_0034,both,text_only,pi05,tokens,13,False,,300,False,False,,True,True,True,ketchup_3,False,basket_3,True,0.0672,,,,,plane,,,0f9136dd3356112c,5d85d75c5630cf23,680566c3ea638814,60,86.0,none,explicit
object,scene_0035,both,text_only,pi05,tokens,0,False,,300,False,False,,True,True,True,butter_5,False,basket_1,False,0.0499,,,,,plane,,,bdbef2e61e830f29,ffee84a2b40873f4,3dfe8e36a51ef838,60,88.1,none,explicit
object,scene_0035,both,text_only,pi05,tokens,1,False,,300,False,False,,True,True,True,butter_5,False,basket_3,True,0.0279,,,,,plane,,,bdbef2e61e830f29,db096a5994f1a568,b8667b9b87c8f424,60,88.8,none,explicit
object,scene_0035,both,text_only,pi05,tokens,2,False,,300,False,False,,True,True,True,butter_5,False,basket_1,False,0.0409,,,,,plane,,,bdbef2e61e830f29,db876af7930f8141,4f8feda1cd346bc7,60,88.5,none,explicit
object,scene_0035,both,text_only,pi05,tokens,3,False,,300,False,False,,True,True,True,butter_5,False,basket_3,True,0.0194,,,,,plane,,,bdbef2e61e830f29,2d1d7520b879ff9a,5662ed2e772a847c,60,86.3,none,explicit
object,scene_0035,both,text_only,pi05,tokens,4,False,,300,False,False,,True,True,True,butter_2,False,,False,0.1154,,,,,plane,,,bdbef2e61e830f29,6d1249c98c15df53,23a8c7c150d2ea53,60,86.8,none,explicit
object,scene_0035,both,text_only,pi05,tokens,5,False,,300,False,False,,True,True,True,butter_5,False,basket_3,True,0.0159,,,,,plane,,,bdbef2e61e830f29,4d733469f668baaa,980dade1a79a5e5e,60,87.7,none,explicit
object,scene_0035,both,text_only,pi05,tokens,6,False,,300,False,False,,True,False,False,,False,,False,0.3166,,,,,plane,,,bdbef2e61e830f29,7365ce69ab29750d,d37038eecc09a29a,60,87.5,none,explicit
object,scene_0035,both,text_only,pi05,tokens,7,False,,300,False,False,,True,True,True,butter_5,False,basket_3,True,0.0153,,,,,plane,,,bdbef2e61e830f29,2519dcff94d062c9,45361ea37896b559,60,87.5,none,explicit
object,scene_0035,both,text_only,pi05,tokens,8,False,,300,False,False,,True,True,True,butter_5,False,basket_1,False,0.0352,,,,,plane,,,bdbef2e61e830f29,ef15caee9c80c08a,1e71e06586906963,60,85.5,none,explicit
object,scene_0035,both,text_only,pi05,tokens,9,False,,300,False,False,,True,True,True,butter_5,False,basket_3,True,0.0096,,,,,plane,,,bdbef2e61e830f29,9d0aba3fa47baa29,50a0d3309ae0baa1,60,85.6,none,explicit
object,scene_0035,both,text_only,pi05,tokens,10,False,,300,False,False,,True,True,True,butter_5,False,basket_3,True,0.0491,,,,,plane,,,bdbef2e61e830f29,edd631ede7d59d1d,c95f1dc01800ae53,60,87.1,none,explicit
object,scene_0035,both,text_only,pi05,tokens,11,False,,300,False,False,,True,True,True,butter_5,False,basket_3,True,0.0147,,,,,plane,,,bdbef2e61e830f29,2f2ab9cede08199f,4348148019819d79,60,85.6,none,explicit
object,scene_0035,both,text_only,pi05,tokens,12,False,,300,False,False,,True,True,True,butter_5,False,basket_3,True,0.0156,,,,,plane,,,bdbef2e61e830f29,0e1353381930b219,ec504002f39a86dc,60,86.5,none,explicit
object,scene_0035,both,text_only,pi05,tokens,13,False,,300,False,False,,True,True,True,butter_5,False,basket_3,True,0.0449,,,,,plane,,,bdbef2e61e830f29,4672ef5bd50569fc,b96febba288e2bfd,60,87.9,none,explicit
object,scene_0036,both,text_only,pi05,tokens,0,False,,300,False,False,,True,True,True,alphabet_soup_2,True,basket_1,False,0.0145,,,,,plane,,,c7ce9a2685e2981f,09fcc06498318f96,0038e19e28c14df7,60,87.2,none,explicit
object,scene_0036,both,text_only,pi05,tokens,1,False,,300,False,False,,True,True,True,alphabet_soup_2,True,basket_1,False,0.009,,,,,plane,,,c7ce9a2685e2981f,9458cfde6f5019c1,f3a2cc60da23e196,60,87.3,none,explicit
object,scene_0036,both,text_only,pi05,tokens,2,False,,300,False,False,,True,True,True,alphabet_soup_3,False,basket_1,False,0.0289,,,,,plane,,,c7ce9a2685e2981f,8822f29bd5462b7d,365ce07153fca907,60,87.3,none,explicit
object,scene_0036,both,text_only,pi05,tokens,3,False,,300,False,False,,True,True,True,alphabet_soup_2,True,,False,0.1347,,,,,plane,,,c7ce9a2685e2981f,ba7143a48bbbf22d,9c7f1a857097847c,60,87.6,none,explicit
object,scene_0036,both,text_only,pi05,tokens,4,False,,300,False,False,,True,True,True,alphabet_soup_2,True,basket_1,False,0.0385,,,,,plane,,,c7ce9a2685e2981f,299bedf9d33abc9c,bac10086db0ed9c2,60,86.8,none,explicit
object,scene_0036,both,text_only,pi05,tokens,5,False,,300,False,False,,True,True,True,alphabet_soup_3,False,basket_1,False,0.0062,,,,,plane,,,c7ce9a2685e2981f,8a4ddf62ec706ece,096e337999bf22f7,60,87.3,none,explicit
object,scene_0036,both,text_only,pi05,tokens,6,False,,300,False,False,,True,True,True,alphabet_soup_2,True,basket_1,False,0.0249,,,,,plane,,,c7ce9a2685e2981f,877554905d7a66ba,53f27b75af531fc9,60,88.0,none,explicit
object,scene_0036,both,text_only,pi05,tokens,7,False,,300,False,False,,True,True,True,alphabet_soup_2,True,basket_1,False,0.0256,,,,,plane,,,c7ce9a2685e2981f,b07835a33c6f412f,4dbcff0c3d809f93,60,89.0,none,explicit
object,scene_0036,both,text_only,pi05,tokens,8,False,,300,False,False,,True,True,True,alphabet_soup_2,True,basket_1,False,0.0106,,,,,plane,,,c7ce9a2685e2981f,22950098f415f022,f4aca0076c8891fb,60,88.1,none,explicit
object,scene_0036,both,text_only,pi05,tokens,9,False,,300,False,False,,True,False,False,,False,,False,0.3559,,,,,plane,,,c7ce9a2685e2981f,da44f87eec9b723b,071d60a4f318b3ad,60,86.9,none,explicit
object,scene_0036,both,text_only,pi05,tokens,10,False,,300,False,False,,True,True,True,alphabet_soup_2,True,basket_1,False,0.0108,,,,,plane,,,c7ce9a2685e2981f,8bea821385f9d735,0313a43799bb7c10,60,87.0,none,explicit
object,scene_0036,both,text_only,pi05,tokens,11,False,,300,False,False,,True,True,True,alphabet_soup_2,True,basket_1,False,0.0188,,,,,plane,,,c7ce9a2685e2981f,c6018feca7b807ae,6885f91a231521d4,60,86.8,none,explicit
object,scene_0036,both,text_only,pi05,tokens,12,False,,300,False,False,,True,True,True,alphabet_soup_2,True,basket_1,False,0.0097,,,,,plane,,,c7ce9a2685e2981f,5308faf3c1beb93b,a2886378cefd206d,60,85.7,none,explicit
object,scene_0036,both,text_only,pi05,tokens,13,False,,300,False,False,,True,True,True,alphabet_soup_2,True,basket_1,False,0.0123,,,,,plane,,,c7ce9a2685e2981f,89455394587931d3,9d37a761bf18a743,60,86.7,none,explicit
object,scene_0037,both,text_only,pi05,tokens,0,False,,300,False,False,,True,True,True,tomato_sauce_2,True,basket_3,False,0.032,,,,,plane,,,8b8d2c686c247ace,3553b6f3a4811299,cfa3a64371d35282,60,88.6,none,explicit
object,scene_0037,both,text_only,pi05,tokens,1,False,,300,False,False,,True,True,True,tomato_sauce_2,True,,False,0.0955,,,,,plane,,,8b8d2c686c247ace,7650040a561e03b9,c4e5ed2c8dfbd217,60,87.1,none,explicit
object,scene_0037,both,text_only,pi05,tokens,2,False,,300,False,False,,True,True,True,tomato_sauce_2,True,basket_1,False,0.0239,,,,,plane,,,8b8d2c686c247ace,1b496824aadf8d87,d8da9e17e141e588,60,88.4,none,explicit
object,scene_0037,both,text_only,pi05,tokens,3,False,,300,False,False,,True,True,True,tomato_sauce_2,True,basket_1,False,0.0137,,,,,plane,,,8b8d2c686c247ace,b703d78ee6148324,18fba34e5b84ceb4,60,87.0,none,explicit
object,scene_0037,both,text_only,pi05,tokens,4,False,,300,False,False,,True,True,True,tomato_sauce_2,True,basket_1,False,0.0365,,,,,plane,,,8b8d2c686c247ace,11bece6395aba9ad,af0924193817ea52,60,86.6,none,explicit
object,scene_0037,both,text_only,pi05,tokens,5,False,,300,False,False,,True,True,True,tomato_sauce_2,True,basket_3,False,0.033,,,,,plane,,,8b8d2c686c247ace,3a7e7077c71628f2,6e4a79d352c19f31,60,88.4,none,explicit
object,scene_0037,both,text_only,pi05,tokens,6,False,,300,False,False,,True,True,True,tomato_sauce_2,True,basket_3,False,0.0226,,,,,plane,,,8b8d2c686c247ace,577750316c9124f6,9b612f51b00ff183,60,87.4,none,explicit
object,scene_0037,both,text_only,pi05,tokens,7,False,,300,False,False,,True,True,True,tomato_sauce_2,True,basket_3,False,0.0335,,,,,plane,,,8b8d2c686c247ace,5e42d64e60bbeaaf,5eb159e1c019c289,60,88.0,none,explicit
object,scene_0037,both,text_only,pi05,tokens,8,False,,300,False,False,,True,True,True,tomato_sauce_2,True,basket_3,False,0.0331,,,,,plane,,,8b8d2c686c247ace,a0003285ccfc77b4,ba2719815d5465d6,60,87.6,none,explicit
object,scene_0037,both,text_only,pi05,tokens,9,False,,300,False,False,,True,True,True,tomato_sauce_2,True,basket_1,False,0.0053,,,,,plane,,,8b8d2c686c247ace,905829a79ced00ff,bab27c7f033d6e7a,60,87.4,none,explicit
object,scene_0037,both,text_only,pi05,tokens,10,False,,300,False,False,,True,True,True,tomato_sauce_2,True,basket_1,False,0.0774,,,,,plane,,,8b8d2c686c247ace,c94c5615d0636d42,603b58d808f73d04,60,88.1,none,explicit
object,scene_0037,both,text_only,pi05,tokens,11,False,,300,False,False,,True,True,True,tomato_sauce_2,True,basket_3,False,0.0344,,,,,plane,,,8b8d2c686c247ace,ea34414ef9fb2635,6cf8a25246590e43,60,87.2,none,explicit
object,scene_0037,both,text_only,pi05,tokens,12,False,,300,False,False,,True,True,True,tomato_sauce_2,True,basket_3,False,0.063,,,,,plane,,,8b8d2c686c247ace,74226282525a8021,ffa1f3b1e9b36bc3,60,87.7,none,explicit
object,scene_0037,both,text_only,pi05,tokens,13,False,,300,False,False,,True,True,True,tomato_sauce_2,True,basket_1,False,0.0093,,,,,plane,,,8b8d2c686c247ace,a4e0c53f73fa98e7,99583e63526a3824,60,87.2,none,explicit
goal,scene_0000,control,text_only,pi05,tokens,0,False,,320,True,True,71,True,True,True,akita_black_bowl_1,True,plate_1,True,0.0094,,,,,plane,,,1fe6e2a066d7ddac,d380780b32eb9ca7,aa3d9e931fb6da2b,64,87.3,none,explicit
goal,scene_0000,control,text_only,pi05,tokens,1,False,,320,True,True,70,True,True,True,akita_black_bowl_1,True,plate_1,True,0.01,,,,,plane,,,1fe6e2a066d7ddac,af5710c00a4158f5,e4dbabbfd2943cf2,64,85.9,none,explicit
goal,scene_0000,control,text_only,pi05,tokens,2,False,,320,True,True,74,True,True,True,akita_black_bowl_1,True,plate_1,True,0.0081,,,,,plane,,,1fe6e2a066d7ddac,387564bbbb66d078,259b389bffef5d7d,64,86.1,none,explicit
goal,scene_0000,control,text_only,pi05,tokens,3,False,,320,True,True,71,True,True,True,akita_black_bowl_1,True,plate_1,True,0.0082,,,,,plane,,,1fe6e2a066d7ddac,b55df0ddc98016ec,aa4ca1811d25b7bf,64,86.2,none,explicit
goal,scene_0000,control,text_only,pi05,tokens,4,False,,320,True,True,71,True,True,True,akita_black_bowl_1,True,plate_1,True,0.0121,,,,,plane,,,1fe6e2a066d7ddac,d84cf43f57f21ec9,bacb6fc3e2d37dde,64,87.1,none,explicit
goal,scene_0000,control,text_only,pi05,tokens,5,False,,320,True,True,73,True,True,True,akita_black_bowl_1,True,plate_1,True,0.0058,,,,,plane,,,1fe6e2a066d7ddac,dac6a1461bc5a2d7,4d8098b2fce09f19,64,86.0,none,explicit
goal,scene_0000,control,text_only,pi05,tokens,6,False,,320,True,True,74,True,True,True,akita_black_bowl_1,True,plate_1,True,0.0094,,,,,plane,,,1fe6e2a066d7ddac,d46ec9df94f5ada2,73999959399658a8,64,87.0,none,explicit
goal,scene_0000,control,text_only,pi05,tokens,7,False,,320,True,True,72,True,True,True,akita_black_bowl_1,True,plate_1,True,0.0082,,,,,plane,,,1fe6e2a066d7ddac,425a1c777f5bba41,f957a8f021b08bbf,64,86.5,none,explicit
goal,scene_0000,control,text_only,pi05,tokens,8,False,,320,True,True,66,True,True,True,akita_black_bowl_1,True,plate_1,True,0.0034,,,,,plane,,,1fe6e2a066d7ddac,6199e945a178e977,7b3689f02c81d2b1,64,86.4,none,explicit
goal,scene_0000,control,text_only,pi05,tokens,9,False,,320,True,True,75,True,True,True,akita_black_bowl_1,True,plate_1,True,0.012,,,,,plane,,,1fe6e2a066d7ddac,27aa96c9c24c3e82,d679c97fca6d15da,64,87.8,none,explicit
goal,scene_0000,control,text_only,pi05,tokens,10,False,,320,True,True,74,True,True,True,akita_black_bowl_1,True,plate_1,True,0.007,,,,,plane,,,1fe6e2a066d7ddac,b67382ba13970dc2,1dbeb8a8561d46a0,64,87.1,none,explicit
goal,scene_0000,control,text_only,pi05,tokens,11,False,,320,True,True,114,True,True,True,akita_black_bowl_1,True,plate_1,True,0.013,,,,,plane,,,1fe6e2a066d7ddac,3be1057de014d92b,45d67865a722bb2a,64,86.5,none,explicit
goal,scene_0000,control,text_only,pi05,tokens,12,False,,320,True,True,74,True,True,True,akita_black_bowl_1,True,plate_1,True,0.0125,,,,,plane,,,1fe6e2a066d7ddac,ce9b9464a8d7cf2f,dbf8a2075fe9be03,64,86.9,none,explicit
goal,scene_0000,control,text_only,pi05,tokens,13,False,,320,True,True,76,True,True,True,akita_black_bowl_1,True,plate_1,True,0.0034,,,,,plane,,,1fe6e2a066d7ddac,7006e696b0ce7713,286f5b326590c076,64,87.0,none,explicit
goal,scene_0001,control,text_only,pi05,tokens,0,False,,320,True,True,85,True,True,True,akita_black_bowl_1,True,,False,,,,,,plane,,,b1824863dc89cd32,3f3268918ad4e9f9,e746d14c127845be,64,88.0,none,explicit
goal,scene_0001,control,text_only,pi05,tokens,1,False,,320,True,True,84,True,True,True,akita_black_bowl_1,True,,False,,,,,,plane,,,b1824863dc89cd32,b0c3543e042f5b56,c32ca3b91545ac25,64,86.9,none,explicit
goal,scene_0001,control,text_only,pi05,tokens,2,False,,320,True,True,86,True,True,True,akita_black_bowl_1,True,,False,,,,,,plane,,,b1824863dc89cd32,a10ea33fb5963c50,795215fdf9f7db63,64,87.6,none,explicit
goal,scene_0001,control,text_only,pi05,tokens,3,False,,320,True,True,86,True,True,True,akita_black_bowl_1,True,,False,,,,,,plane,,,b1824863dc89cd32,06785282c885d0b0,1ae40a9931bead9e,64,87.5,none,explicit
goal,scene_0001,control,text_only,pi05,tokens,4,False,,320,True,True,85,True,True,True,akita_black_bowl_1,True,,False,,,,,,plane,,,b1824863dc89cd32,e7d43d1f371f9884,7a4a142fca7fc4c1,64,88.5,none,explicit
goal,scene_0001,control,text_only,pi05,tokens,5,False,,320,True,True,81,True,True,True,akita_black_bowl_1,True,,False,,,,,,plane,,,b1824863dc89cd32,56962c876f1f984e,7ffb29cae54781b5,64,87.9,none,explicit
goal,scene_0001,control,text_only,pi05,tokens,6,False,,320,True,True,86,True,True,True,akita_black_bowl_1,True,,False,,,,,,plane,,,b1824863dc89cd32,a91fc45fbd9ac371,278a4749be5e7503,64,86.4,none,explicit
goal,scene_0001,control,text_only,pi05,tokens,7,False,,320,True,True,86,True,True,True,akita_black_bowl_1,True,,False,,,,,,plane,,,b1824863dc89cd32,b0426c8313370934,2b1b19084ff63d33,64,86.2,none,explicit
goal,scene_0001,control,text_only,pi05,tokens,8,False,,320,True,True,82,True,True,True,akita_black_bowl_1,True,,False,,,,,,plane,,,b1824863dc89cd32,7eb9f92c620fe523,25fa2a428729bf83,64,86.0,none,explicit
goal,scene_0001,control,text_only,pi05,tokens,9,False,,320,True,True,83,True,True,True,akita_black_bowl_1,True,,False,,,,,,plane,,,b1824863dc89cd32,33267ced94be8829,355f6b75b3bd4e34,64,88.6,none,explicit
goal,scene_0001,control,text_only,pi05,tokens,10,False,,320,True,True,82,True,True,True,akita_black_bowl_1,True,,False,,,,,,plane,,,b1824863dc89cd32,500bab78a7a1ee35,e133110ed1345545,64,86.6,none,explicit
goal,scene_0001,control,text_only,pi05,tokens,11,False,,320,True,True,86,True,True,True,akita_black_bowl_1,True,,False,,,,,,plane,,,b1824863dc89cd32,072b5d5f3785ad6d,4a1d8d596a3ab198,64,87.5,none,explicit
goal,scene_0001,control,text_only,pi05,tokens,12,False,,320,True,True,85,True,True,True,akita_black_bowl_1,True,,False,,,,,,plane,,,b1824863dc89cd32,2037c9ea50be6254,07697ecedd909c65,64,87.4,none,explicit
goal,scene_0001,control,text_only,pi05,tokens,13,False,,320,True,True,84,True,True,True,akita_black_bowl_1,True,,False,,,,,,plane,,,b1824863dc89cd32,cdb1c860e5ada5ca,3b61d9a56da0dbcb,64,85.6,none,explicit
goal,scene_0002,control,text_only,pi05,tokens,0,False,,320,True,True,162,False,True,True,wine_bottle_1,True,,False,,,,,,plane,,,138934b0a0e6e560,3abdf825b0dd4c70,6eb5534611220a20,64,86.1,none,explicit
goal,scene_0002,control,text_only,pi05,tokens,1,False,,320,False,True,158,False,True,True,wine_bottle_1,True,,False,,,,,,plane,,,138934b0a0e6e560,4fe3beb779647af8,642a1f7dede1de8f,64,87.4,none,explicit
goal,scene_0002,control,text_only,pi05,tokens,2,False,,320,True,True,143,False,True,True,wine_bottle_1,True,,False,,,,,,plane,,,138934b0a0e6e560,340a30db61957e0f,ab246c5e4fc116c2,64,87.6,none,explicit
goal,scene_0002,control,text_only,pi05,tokens,3,False,,320,True,True,160,False,True,True,wine_bottle_1,True,,False,,,,,,plane,,,138934b0a0e6e560,fb2ab1d23f69a17d,23c15c1e8e6dba34,64,86.1,none,explicit
goal,scene_0002,control,text_only,pi05,tokens,4,False,,320,True,True,143,False,True,True,wine_bottle_1,True,,False,,,,,,plane,,,138934b0a0e6e560,4e50243688c2a7c2,6e694b3c6f7f7cb8,64,86.6,none,explicit
goal,scene_0002,control,text_only,pi05,tokens,5,False,,320,True,True,146,False,True,True,wine_bottle_1,True,,False,,,,,,plane,,,138934b0a0e6e560,8aea81152cf17aa8,08000557e1afc69f,64,85.9,none,explicit
goal,scene_0002,control,text_only,pi05,tokens,6,False,,320,True,True,196,False,True,True,wine_bottle_1,True,,False,,,,,,plane,,,138934b0a0e6e560,63388e1caa1e7b87,565e75cfc52e172a,64,86.9,none,explicit
goal,scene_0002,control,text_only,pi05,tokens,7,False,,320,True,True,175,False,True,True,wine_bottle_1,True,,False,,,,,,plane,,,138934b0a0e6e560,ad23b97f52273284,fd8c6bd9dbeb44b6,64,86.9,none,explicit
goal,scene_0002,control,text_only,pi05,tokens,8,False,,320,True,True,165,False,True,True,wine_bottle_1,True,,False,,,,,,plane,,,138934b0a0e6e560,a5847e85f1d93489,9ce3ed0e5bc57a47,64,86.6,none,explicit
goal,scene_0002,control,text_only,pi05,tokens,9,False,,320,True,True,171,False,True,True,wine_bottle_1,True,,False,,,,,,plane,,,138934b0a0e6e560,12322606fe57e650,50befa8fca20550f,64,87.2,none,explicit
goal,scene_0002,control,text_only,pi05,tokens,10,False,,320,True,True,138,False,True,True,wine_bottle_1,True,,False,,,,,,plane,,,138934b0a0e6e560,a78c294c76a67c25,dccec4fd5654e886,64,87.5,none,explicit
goal,scene_0002,control,text_only,pi05,tokens,11,False,,320,True,True,158,False,True,True,wine_bottle_1,True,,False,,,,,,plane,,,138934b0a0e6e560,40f8416d2c3c364f,9a476ab0a3cd0a0f,64,87.8,none,explicit
goal,scene_0002,control,text_only,pi05,tokens,12,False,,320,False,True,164,False,True,True,wine_bottle_1,True,,False,,,,,,plane,,,138934b0a0e6e560,36cb2f436904b506,6cf7973c77a5975f,64,85.8,none,explicit
goal,scene_0002,control,text_only,pi05,tokens,13,False,,320,True,True,160,False,True,True,wine_bottle_1,True,,False,,,,,,plane,,,138934b0a0e6e560,727e04ae0ae6b799,4406edb523dfc5e7,64,86.8,none,explicit
goal,scene_0003,control,text_only,pi05,tokens,0,False,,320,False,True,116,False,False,False,,False,,False,,,,,,plane,,,8f438ccc292dc235,8e98f828e8d2adb0,350590e5fccf523b,64,88.7,none,explicit
goal,scene_0003,control,text_only,pi05,tokens,1,False,,320,False,True,123,False,False,False,,False,,False,,,,,,plane,,,8f438ccc292dc235,4b32a124c4cc6747,fe084cbbc11e9a04,64,88.0,none,explicit
goal,scene_0003,control,text_only,pi05,tokens,2,False,,320,False,True,117,False,False,False,,False,,False,,,,,,plane,,,8f438ccc292dc235,bcbcd5dc228f29f8,249421f11543cb81,64,87.6,none,explicit
goal,scene_0003,control,text_only,pi05,tokens,3,False,,320,False,True,117,False,False,False,,False,,False,,,,,,plane,,,8f438ccc292dc235,0680bf769e95bb6e,7c7d3a586df803ec,64,86.0,none,explicit
goal,scene_0003,control,text_only,pi05,tokens,4,False,,320,False,True,122,False,False,False,,False,,False,,,,,,plane,,,8f438ccc292dc235,fc964a22893a73aa,d0af5e8b04f86f56,64,86.7,none,explicit
goal,scene_0003,control,text_only,pi05,tokens,5,False,,320,False,True,118,False,False,False,,False,,False,,,,,,plane,,,8f438ccc292dc235,92537e2b999e76fe,f3b04448ced1635e,64,86.6,none,explicit
goal,scene_0003,control,text_only,pi05,tokens,6,False,,320,True,True,166,False,False,False,,False,,False,,,,,,plane,,,8f438ccc292dc235,a084b1ea870c38fe,7df4bfff49e345ac,64,89.8,none,explicit
goal,scene_0003,control,text_only,pi05,tokens,7,False,,320,False,True,113,False,False,False,,False,,False,,,,,,plane,,,8f438ccc292dc235,e5113db069ae116c,f4431ac76ca187e6,64,88.0,none,explicit
goal,scene_0003,control,text_only,pi05,tokens,8,False,,320,True,True,121,False,False,False,,False,,False,,,,,,plane,,,8f438ccc292dc235,3730bd420dbd09e0,3ff36f054fa02565,64,86.5,none,explicit
goal,scene_0003,control,text_only,pi05,tokens,9,False,,320,False,True,119,False,False,False,,False,,False,,,,,,plane,,,8f438ccc292dc235,6c58e6c01f10416f,7f77fb1306df1d32,64,87.4,none,explicit
goal,scene_0003,control,text_only,pi05,tokens,10,False,,320,False,True,109,False,False,False,,False,,False,,,,,,plane,,,8f438ccc292dc235,828b93d709e6c44c,9c53b66a9a51e2d3,64,87.8,none,explicit
goal,scene_0003,control,text_only,pi05,tokens,11,False,,320,True,True,116,False,False,False,,False,,False,,,,,,plane,,,8f438ccc292dc235,b60ea4a823be1ad2,a8605edeed61c170,64,87.8,none,explicit
goal,scene_0003,control,text_only,pi05,tokens,12,False,,320,False,False,131,False,False,False,,False,,False,,,,,,plane,,,8f438ccc292dc235,6090d6bbf4c6675f,5b1670606a46c584,64,86.6,none,explicit
goal,scene_0003,control,text_only,pi05,tokens,13,False,,320,False,True,111,False,False,False,,False,,False,,,,,,plane,,,8f438ccc292dc235,e835869abbb6cd98,7d46aee8979faf0e,64,85.8,none,explicit
goal,scene_0004,control,text_only,pi05,tokens,0,False,,320,True,True,91,True,True,True,cream_cheese_1,True,akita_black_bowl_1,True,0.0013,,,,,plane,,,86fdd092eda82458,e5706c04711e924f,e96be37fafb02887,64,87.2,none,explicit
goal,scene_0004,control,text_only,pi05,tokens,1,False,,320,True,True,89,True,True,True,cream_cheese_1,True,akita_black_bowl_1,True,0.0115,,,,,plane,,,86fdd092eda82458,0102608a5701cbdd,35aefbcf42bd557e,64,86.1,none,explicit
goal,scene_0004,control,text_only,pi05,tokens,2,False,,320,True,True,89,True,True,True,cream_cheese_1,True,akita_black_bowl_1,True,0.0256,,,,,plane,,,86fdd092eda82458,1dc645df81fdbc77,842ec6582550f8d8,64,87.0,none,explicit
goal,scene_0004,control,text_only,pi05,tokens,3,False,,320,True,True,93,True,True,True,cream_cheese_1,True,akita_black_bowl_1,True,0.0013,,,,,plane,,,86fdd092eda82458,7dd32445091f5614,2e18b8d1e528339b,64,86.3,none,explicit
goal,scene_0004,control,text_only,pi05,tokens,4,False,,320,True,True,104,True,True,True,cream_cheese_1,True,akita_black_bowl_1,True,0.0014,,,,,plane,,,86fdd092eda82458,5797afd449db3591,3838b88745febc2b,64,87.2,none,explicit
goal,scene_0004,control,text_only,pi05,tokens,5,False,,320,True,True,93,True,True,True,cream_cheese_1,True,akita_black_bowl_1,True,0.0106,,,,,plane,,,86fdd092eda82458,59da4a1aeade9b11,6a0990888f0a1739,64,86.9,none,explicit
goal,scene_0004,control,text_only,pi05,tokens,6,False,,320,True,True,100,True,True,True,cream_cheese_1,True,akita_black_bowl_1,True,0.0097,,,,,plane,,,86fdd092eda82458,9a04b41c11946e7e,0294a8ce2e06567f,64,85.6,none,explicit
goal,scene_0004,control,text_only,pi05,tokens,7,False,,320,True,True,103,True,True,True,cream_cheese_1,True,akita_black_bowl_1,True,0.0183,,,,,plane,,,86fdd092eda82458,c3b0e81e35fec7ec,6771d8c965efaaf4,64,87.3,none,explicit
goal,scene_0004,control,text_only,pi05,tokens,8,False,,320,True,True,105,True,True,True,cream_cheese_1,True,akita_black_bowl_1,True,0.0016,,,,,plane,,,86fdd092eda82458,2f8a3761dcbc5598,99afe7b67d71779e,64,86.7,none,explicit
goal,scene_0004,control,text_only,pi05,tokens,9,False,,320,True,True,98,True,True,True,cream_cheese_1,True,akita_black_bowl_1,True,0.001,,,,,plane,,,86fdd092eda82458,65351e680f3857d1,05865fb60fac1970,64,86.1,none,explicit
goal,scene_0004,control,text_only,pi05,tokens,10,False,,320,True,True,108,True,True,True,cream_cheese_1,True,akita_black_bowl_1,True,0.0121,,,,,plane,,,86fdd092eda82458,aa957ed90e11d98f,940aca30cab7a961,64,86.9,none,explicit
goal,scene_0004,control,text_only,pi05,tokens,11,False,,320,True,True,92,True,True,True,cream_cheese_1,True,akita_black_bowl_1,True,0.014,,,,,plane,,,86fdd092eda82458,6373dd732598f227,93c3e24717946a2d,64,87.1,none,explicit
goal,scene_0004,control,text_only,pi05,tokens,12,False,,320,True,True,93,True,True,True,cream_cheese_1,True,akita_black_bowl_1,True,0.0048,,,,,plane,,,86fdd092eda82458,85813721e38548ff,5a26e8d21cc82c40,64,87.0,none,explicit
goal,scene_0004,control,text_only,pi05,tokens,13,False,,320,True,True,99,True,True,True,cream_cheese_1,True,akita_black_bowl_1,True,0.0016,,,,,plane,,,86fdd092eda82458,5c91cc22534a3da3,540ab2d0c94a07ea,64,87.1,none,explicit
goal,scene_0005,referential,text_only,pi05,tokens,0,False,,320,True,True,70,True,True,True,akita_black_bowl_1,True,plate_1,True,0.0156,,,,,plane,,,0d5a5137791b06c8,047135a86e83cba4,92cc1fc8c31553ce,64,86.6,none,explicit
goal,scene_0005,referential,text_only,pi05,tokens,1,False,,320,True,True,75,True,True,True,akita_black_bowl_1,True,plate_1,True,0.0189,,,,,plane,,,0d5a5137791b06c8,47fc9ce969a3e679,a913ed395e1ed724,64,86.1,none,explicit
goal,scene_0005,referential,text_only,pi05,tokens,2,False,,320,True,True,68,True,True,True,akita_black_bowl_1,True,plate_1,True,0.0119,,,,,plane,,,0d5a5137791b06c8,80472bd2e8b86034,4a48968f6d644418,64,85.8,none,explicit
goal,scene_0005,referential,text_only,pi05,tokens,3,False,,320,True,True,69,True,True,True,akita_black_bowl_1,True,plate_1,True,0.0118,,,,,plane,,,0d5a5137791b06c8,6c64f86195ca3a4a,e96cb967b72a0730,64,85.6,none,explicit
goal,scene_0005,referential,text_only,pi05,tokens,4,False,,320,True,True,73,True,True,True,akita_black_bowl_1,True,plate_1,True,0.0093,,,,,plane,,,0d5a5137791b06c8,398f14d84150f9df,06e750905e6ad0d4,64,87.1,none,explicit
goal,scene_0005,referential,text_only,pi05,tokens,5,False,,320,True,True,79,True,True,True,akita_black_bowl_1,True,plate_1,True,0.0165,,,,,plane,,,0d5a5137791b06c8,6af63ec23c790a79,1466ef924568944b,64,87.5,none,explicit
goal,scene_0005,referential,text_only,pi05,tokens,6,False,,320,True,True,190,True,True,True,akita_black_bowl_1,True,plate_1,True,0.0248,,,,,plane,,,0d5a5137791b06c8,9d7819a2c349a4cb,505fd466b03e4b08,64,85.4,none,explicit
goal,scene_0005,referential,text_only,pi05,tokens,7,False,,320,True,True,72,True,True,True,akita_black_bowl_1,True,plate_1,True,0.0108,,,,,plane,,,0d5a5137791b06c8,36bde8cf0af34162,2688affbecca98cf,64,85.6,none,explicit
goal,scene_0005,referential,text_only,pi05,tokens,8,False,,320,False,False,79,True,True,True,akita_black_bowl_1,True,plate_1,True,0.0298,,,,,plane,,,0d5a5137791b06c8,11d250ec2371faf7,2e106b6f2843dd55,64,87.1,none,explicit
goal,scene_0005,referential,text_only,pi05,tokens,9,False,,320,True,True,117,True,True,True,akita_black_bowl_1,True,plate_1,True,0.0224,,,,,plane,,,0d5a5137791b06c8,3e4325b9bad82368,a3bf20330aeab29e,64,87.7,none,explicit
goal,scene_0005,referential,text_only,pi05,tokens,10,False,,320,True,True,79,True,True,True,akita_black_bowl_1,True,plate_1,True,0.0058,,,,,plane,,,0d5a5137791b06c8,bcd777cf7dce75c2,ff3469b403ad2f8a,64,85.4,none,explicit
goal,scene_0005,referential,text_only,pi05,tokens,11,False,,320,True,True,76,True,True,True,akita_black_bowl_1,True,plate_1,True,0.0189,,,,,plane,,,0d5a5137791b06c8,7554d0ac2b52fd64,b779808fe815eb4f,64,86.6,none,explicit
goal,scene_0005,referential,text_only,pi05,tokens,12,False,,320,True,True,70,True,True,True,akita_black_bowl_1,True,plate_1,True,0.007,,,,,plane,,,0d5a5137791b06c8,3bd5690c9276b5db,001e52a60103dea2,64,87.2,none,explicit
goal,scene_0005,referential,text_only,pi05,tokens,13,False,,320,True,True,74,True,True,True,akita_black_bowl_1,True,plate_1,True,0.0088,,,,,plane,,,0d5a5137791b06c8,74a99a39d740c45f,a77ae832f6779bb4,64,85.8,none,explicit
goal,scene_0006,referential,text_only,pi05,tokens,0,False,,320,True,True,92,True,True,True,akita_black_bowl_1,True,,False,,,,,,plane,,,88f6306fb9ea6900,46e747207709cb57,5010e16f97310d6d,64,87.5,none,explicit
goal,scene_0006,referential,text_only,pi05,tokens,1,False,,320,True,True,92,True,True,True,akita_black_bowl_1,True,,False,,,,,,plane,,,88f6306fb9ea6900,a770ae9d5fe358fe,244b744e4daa9b65,64,87.2,none,explicit
goal,scene_0006,referential,text_only,pi05,tokens,2,False,,320,True,True,93,True,True,True,akita_black_bowl_1,True,,False,,,,,,plane,,,88f6306fb9ea6900,45dc6d7d8f3bec4f,4380bb05f84cb0ca,64,87.2,none,explicit
goal,scene_0006,referential,text_only,pi05,tokens,3,False,,320,True,True,94,True,True,True,akita_black_bowl_1,True,,False,,,,,,plane,,,88f6306fb9ea6900,ac9a5b9891f46c9e,65d44afedce9e9eb,64,88.0,none,explicit
goal,scene_0006,referential,text_only,pi05,tokens,4,False,,320,True,True,91,True,True,True,akita_black_bowl_1,True,,False,,,,,,plane,,,88f6306fb9ea6900,ec39c32ee97d1d53,bce99398627d35c3,64,86.4,none,explicit
goal,scene_0006,referential,text_only,pi05,tokens,5,False,,320,True,True,92,True,True,True,akita_black_bowl_1,True,,False,,,,,,plane,,,88f6306fb9ea6900,162954dbfc36fe95,f2df54a62520c85c,64,86.6,none,explicit
goal,scene_0006,referential,text_only,pi05,tokens,6,False,,320,True,True,91,True,True,True,akita_black_bowl_1,True,,False,,,,,,plane,,,88f6306fb9ea6900,779d83189ba3dfff,4d40c813d0d59337,64,86.8,none,explicit
goal,scene_0006,referential,text_only,pi05,tokens,7,False,,320,True,True,95,True,True,True,akita_black_bowl_1,True,,False,,,,,,plane,,,88f6306fb9ea6900,a4155088e1fb304c,d2cf875399417f7c,64,86.0,none,explicit
goal,scene_0006,referential,text_only,pi05,tokens,8,False,,320,True,True,94,True,True,True,akita_black_bowl_1,True,,False,,,,,,plane,,,88f6306fb9ea6900,cb189623495ddedc,7db9ca9afd6b6808,64,86.0,none,explicit
goal,scene_0006,referential,text_only,pi05,tokens,9,False,,320,True,True,88,True,True,True,akita_black_bowl_1,True,,False,,,,,,plane,,,88f6306fb9ea6900,03fcd5a9a4da34da,9fcb09758bedfd8d,64,85.3,none,explicit
goal,scene_0006,referential,text_only,pi05,tokens,10,False,,320,True,True,91,True,True,True,akita_black_bowl_1,True,,False,,,,,,plane,,,88f6306fb9ea6900,5c0aeb420a244a5d,2ae68401e54b8159,64,86.7,none,explicit
goal,scene_0006,referential,text_only,pi05,tokens,11,False,,320,True,True,93,True,True,True,akita_black_bowl_1,True,,False,,,,,,plane,,,88f6306fb9ea6900,fd94ed40410d6ef1,dafef96f94081a0c,64,86.5,none,explicit
goal,scene_0006,referential,text_only,pi05,tokens,12,False,,320,True,True,89,True,True,True,akita_black_bowl_1,True,,False,,,,,,plane,,,88f6306fb9ea6900,059675b92f42f1f0,569915899a18dd46,64,86.1,none,explicit
goal,scene_0006,referential,text_only,pi05,tokens,13,False,,320,True,True,89,True,True,True,akita_black_bowl_1,True,,False,,,,,,plane,,,88f6306fb9ea6900,985ebb327b1cafd2,724282d3fc31eb8d,64,86.7,none,explicit
goal,scene_0007,referential,text_only,pi05,tokens,0,False,,320,True,True,88,True,True,True,akita_black_bowl_1,True,,False,,,,,,plane,,,19e154b7a9bfb50e,5bd1677e9363571e,ad5ee47c9fbe471a,64,86.7,none,explicit
goal,scene_0007,referential,text_only,pi05,tokens,1,False,,320,True,True,88,True,True,True,akita_black_bowl_1,True,,False,,,,,,plane,,,19e154b7a9bfb50e,b3fc74bc6cb62d8e,563c6e344d409994,64,87.4,none,explicit
goal,scene_0007,referential,text_only,pi05,tokens,2,False,,320,True,True,84,True,True,True,akita_black_bowl_1,True,,False,,,,,,plane,,,19e154b7a9bfb50e,bea60e50da07689c,1bdf543f471a4de3,64,87.6,none,explicit
goal,scene_0007,referential,text_only,pi05,tokens,3,False,,320,True,True,85,True,True,True,akita_black_bowl_1,True,,False,,,,,,plane,,,19e154b7a9bfb50e,1087cb3fa030b2ca,f58aace8dab2c852,64,87.0,none,explicit
goal,scene_0007,referential,text_only,pi05,tokens,4,False,,320,True,True,87,True,True,True,akita_black_bowl_1,True,,False,,,,,,plane,,,19e154b7a9bfb50e,5834ae5ef16944ba,22d1a18eb4b1c4ac,64,87.2,none,explicit
goal,scene_0007,referential,text_only,pi05,tokens,5,False,,320,True,True,95,True,True,True,akita_black_bowl_1,True,,False,,,,,,plane,,,19e154b7a9bfb50e,3a583484a1be48b9,1148098995d9569f,64,87.4,none,explicit
goal,scene_0007,referential,text_only,pi05,tokens,6,False,,320,True,True,103,True,True,True,akita_black_bowl_1,True,,False,,,,,,plane,,,19e154b7a9bfb50e,a9a6b31e78207a43,c055ecf9919d077e,64,86.8,none,explicit
goal,scene_0007,referential,text_only,pi05,tokens,7,False,,320,True,True,85,True,True,True,akita_black_bowl_1,True,,False,,,,,,plane,,,19e154b7a9bfb50e,dd29a8387c0c62eb,0bc12abb60ccebd7,64,87.8,none,explicit
goal,scene_0007,referential,text_only,pi05,tokens,8,False,,320,True,True,90,True,True,True,akita_black_bowl_1,True,,False,,,,,,plane,,,19e154b7a9bfb50e,4f65e636c78b6e13,9d59848d6931b799,64,87.3,none,explicit
goal,scene_0007,referential,text_only,pi05,tokens,9,False,,320,True,True,92,True,True,True,akita_black_bowl_1,True,,False,,,,,,plane,,,19e154b7a9bfb50e,1a6c74cc1228d76e,6dcbbd9356cf5a66,64,86.2,none,explicit
goal,scene_0007,referential,text_only,pi05,tokens,10,False,,320,True,True,82,True,True,True,akita_black_bowl_1,True,,False,,,,,,plane,,,19e154b7a9bfb50e,538d3419bc9161f3,6001e4ed8de912ff,64,86.8,none,explicit
goal,scene_0007,referential,text_only,pi05,tokens,11,False,,320,True,True,95,True,True,True,akita_black_bowl_1,True,,False,,,,,,plane,,,19e154b7a9bfb50e,6ac326f89c5e33d4,0d8803a72b24caa3,64,86.5,none,explicit
goal,scene_0007,referential,text_only,pi05,tokens,12,False,,320,True,True,92,True,True,True,akita_black_bowl_1,True,,False,,,,,,plane,,,19e154b7a9bfb50e,abebf51e3150f8a9,2275ad5f35ae4ecc,64,86.3,none,explicit
goal,scene_0007,referential,text_only,pi05,tokens,13,False,,320,True,True,95,True,True,True,akita_black_bowl_1,True,,False,,,,,,plane,,,19e154b7a9bfb50e,1082bb4fc4e76517,9294f0ec4e3e579f,64,85.5,none,explicit
goal,scene_0008,referential,text_only,pi05,tokens,0,False,,320,False,False,,False,True,True,wine_bottle_1,True,,False,,,,,,plane,,,b2447e3b5db35e25,9b5b47c16a2f65a0,33387ac726930f52,64,87.1,none,explicit
goal,scene_0008,referential,text_only,pi05,tokens,1,False,,320,True,True,156,False,True,True,wine_bottle_1,True,,False,,,,,,plane,,,b2447e3b5db35e25,e28d75187833232f,4ed5fa2965046560,64,86.0,none,explicit
goal,scene_0008,referential,text_only,pi05,tokens,2,False,,320,True,True,146,False,True,True,wine_bottle_1,True,,False,,,,,,plane,,,b2447e3b5db35e25,398b2a1745dcd13a,be67f2a041cd2a18,64,88.5,none,explicit
goal,scene_0008,referential,text_only,pi05,tokens,3,False,,320,True,True,155,False,True,True,wine_bottle_1,True,,False,,,,,,plane,,,b2447e3b5db35e25,91b1439a579500ed,390207d2e4d6a2bf,64,87.0,none,explicit
goal,scene_0008,referential,text_only,pi05,tokens,4,False,,320,True,True,146,False,True,True,wine_bottle_1,True,,False,,,,,,plane,,,b2447e3b5db35e25,32641ce73d969089,a150fe2f6a1927c1,64,88.4,none,explicit
goal,scene_0008,referential,text_only,pi05,tokens,5,False,,320,True,True,150,False,True,True,wine_bottle_1,True,,False,,,,,,plane,,,b2447e3b5db35e25,254dcfe3da4d8681,3505e2468d0b42d4,64,87.2,none,explicit
goal,scene_0008,referential,text_only,pi05,tokens,6,False,,320,True,True,145,False,True,True,wine_bottle_1,True,,False,,,,,,plane,,,b2447e3b5db35e25,2d5bdfdc734d3e3e,6ead46be8f4b694e,64,88.0,none,explicit
goal,scene_0008,referential,text_only,pi05,tokens,7,False,,320,True,True,149,False,True,True,wine_bottle_1,True,,False,,,,,,plane,,,b2447e3b5db35e25,6b41441f822a957b,309a3fb8c181130c,64,87.3,none,explicit
goal,scene_0008,referential,text_only,pi05,tokens,8,False,,320,True,True,153,False,True,True,wine_bottle_1,True,,False,,,,,,plane,,,b2447e3b5db35e25,7dece369ac55c7ef,0d198db7c6129915,64,87.6,none,explicit
goal,scene_0008,referential,text_only,pi05,tokens,9,False,,320,True,True,173,False,True,True,wine_bottle_1,True,,False,,,,,,plane,,,b2447e3b5db35e25,dc1e215c7f7ad5a5,72a42489e3c1fd08,64,87.0,none,explicit
goal,scene_0008,referential,text_only,pi05,tokens,10,False,,320,True,True,207,False,True,True,wine_bottle_1,True,,False,,,,,,plane,,,b2447e3b5db35e25,9f59ea299d01467d,d2143507f415e430,64,87.4,none,explicit
goal,scene_0008,referential,text_only,pi05,tokens,11,False,,320,True,True,160,False,True,True,wine_bottle_1,True,,False,,,,,,plane,,,b2447e3b5db35e25,db69f6cddc06b100,585ab2a9bfaade0f,64,86.8,none,explicit
goal,scene_0008,referential,text_only,pi05,tokens,12,False,,320,True,True,151,False,True,True,wine_bottle_1,True,,False,,,,,,plane,,,b2447e3b5db35e25,bfa9ed363e163c85,787a16fc8f02b8d7,64,86.9,none,explicit
goal,scene_0008,referential,text_only,pi05,tokens,13,False,,320,True,True,147,False,True,True,wine_bottle_1,True,,False,,,,,,plane,,,b2447e3b5db35e25,99c39dc87cf5f711,bea6398fc174c547,64,87.9,none,explicit
goal,scene_0009,referential,text_only,pi05,tokens,0,False,,320,True,True,90,False,True,True,wine_bottle_1,True,,False,,,,,,plane,,,8665e15cfb178163,15d4dc8fca7b6865,c9100d2c04c336d0,64,87.8,none,explicit
goal,scene_0009,referential,text_only,pi05,tokens,1,False,,320,True,True,90,False,True,True,wine_bottle_1,True,,False,,,,,,plane,,,8665e15cfb178163,0a61a78aa1569863,084be9e5b58ae602,64,88.6,none,explicit
goal,scene_0009,referential,text_only,pi05,tokens,2,False,,320,True,True,95,False,True,True,wine_bottle_1,True,,False,,,,,,plane,,,8665e15cfb178163,8bda81b6c8d4d366,4c23111a3b374db2,64,87.9,none,explicit
goal,scene_0009,referential,text_only,pi05,tokens,3,False,,320,True,True,95,False,True,True,wine_bottle_1,True,,False,,,,,,plane,,,8665e15cfb178163,86b453d0d6b8214d,76d904c04b6b70e7,64,87.8,none,explicit
goal,scene_0009,referential,text_only,pi05,tokens,4,False,,320,True,True,96,False,True,True,wine_bottle_1,True,,False,,,,,,plane,,,8665e15cfb178163,f68d912274eb6b9f,5bb880dffa6f6b79,64,87.1,none,explicit
goal,scene_0009,referential,text_only,pi05,tokens,5,False,,320,True,True,89,False,True,True,wine_bottle_1,True,,False,,,,,,plane,,,8665e15cfb178163,97982e9f9ba12762,539654dd753013b7,64,87.5,none,explicit
goal,scene_0009,referential,text_only,pi05,tokens,6,False,,320,True,True,92,False,True,True,wine_bottle_1,True,,False,,,,,,plane,,,8665e15cfb178163,87cb16ab8f7f8a48,d6a4548d1feb2158,64,86.7,none,explicit
goal,scene_0009,referential,text_only,pi05,tokens,7,False,,320,True,True,98,False,True,True,wine_bottle_1,True,,False,,,,,,plane,,,8665e15cfb178163,d163bf1f7bea4e2c,6e00eb4c93833fac,64,86.5,none,explicit
goal,scene_0009,referential,text_only,pi05,tokens,8,False,,320,True,True,97,False,True,True,wine_bottle_1,True,,False,,,,,,plane,,,8665e15cfb178163,493ca07faa77cc0c,d66e87a41d6dac80,64,86.9,none,explicit
goal,scene_0009,referential,text_only,pi05,tokens,9,False,,320,True,True,98,False,True,True,wine_bottle_1,True,,False,,,,,,plane,,,8665e15cfb178163,ad976cf5869436e9,c26be19bb51392cf,64,86.7,none,explicit
goal,scene_0009,referential,text_only,pi05,tokens,10,False,,320,True,True,87,False,True,True,wine_bottle_1,True,,False,,,,,,plane,,,8665e15cfb178163,7a3cff1e2d913445,64d33f556e57cb00,64,86.6,none,explicit
goal,scene_0009,referential,text_only,pi05,tokens,11,False,,320,True,True,90,False,True,True,wine_bottle_1,True,,False,,,,,,plane,,,8665e15cfb178163,eb36374e61998d67,19d92c057ed4cb6d,64,86.2,none,explicit
goal,scene_0009,referential,text_only,pi05,tokens,12,False,,320,True,True,89,False,True,True,wine_bottle_1,True,,False,,,,,,plane,,,8665e15cfb178163,de6045bdf280b066,a4e40c6fa9fea1fc,64,86.5,none,explicit
goal,scene_0009,referential,text_only,pi05,tokens,13,False,,320,True,True,89,False,True,True,wine_bottle_1,True,,False,,,,,,plane,,,8665e15cfb178163,e212e48f66b2fb28,288ef9decb1c55ce,64,87.1,none,explicit
goal,scene_0010,referential,text_only,pi05,tokens,0,False,,320,False,True,137,False,False,False,,False,,False,,,,,,plane,,,fbb3e7946b7b4058,c0521df4f7c4bc32,4ebae2ea4f3e486e,64,87.6,none,explicit
goal,scene_0010,referential,text_only,pi05,tokens,1,False,,320,True,True,141,False,False,False,,False,,False,,,,,,plane,,,fbb3e7946b7b4058,9068e4615aa22e9b,11f3e7ee4d20b9f0,64,86.7,none,explicit
goal,scene_0010,referential,text_only,pi05,tokens,2,False,,320,False,True,142,False,True,True,plate_1,True,,False,,,,,,plane,,,fbb3e7946b7b4058,fc5eccb8ada86c66,128eee6eaa03fde5,64,86.6,none,explicit
goal,scene_0010,referential,text_only,pi05,tokens,3,False,,320,False,True,135,False,False,False,,False,,False,,,,,,plane,,,fbb3e7946b7b4058,da260687210814e3,88a9de5aa0e25489,64,86.5,none,explicit
goal,scene_0010,referential,text_only,pi05,tokens,4,False,,320,False,True,142,False,False,False,,False,,False,,,,,,plane,,,fbb3e7946b7b4058,8871295bd6303e32,c9f361b44b0f54e7,64,86.0,none,explicit
goal,scene_0010,referential,text_only,pi05,tokens,5,False,,320,False,True,136,False,False,False,,False,,False,,,,,,plane,,,fbb3e7946b7b4058,791862a5cf448a55,e773ba0925f9f0f8,64,86.5,none,explicit
goal,scene_0010,referential,text_only,pi05,tokens,6,False,,320,False,True,129,False,False,False,,False,,False,,,,,,plane,,,fbb3e7946b7b4058,14a3a56c60750556,87665d8b920b2ff3,64,85.5,none,explicit
goal,scene_0010,referential,text_only,pi05,tokens,7,False,,320,False,True,132,False,False,False,,False,,False,,,,,,plane,,,fbb3e7946b7b4058,1dedf6c67ed50774,28774586021e5499,64,85.1,none,explicit
goal,scene_0010,referential,text_only,pi05,tokens,8,False,,320,False,True,138,False,False,False,,False,,False,,,,,,plane,,,fbb3e7946b7b4058,e74c48c310ce872b,094cafba7dce2d65,64,86.2,none,explicit
goal,scene_0010,referential,text_only,pi05,tokens,9,False,,320,False,True,137,False,False,False,,False,,False,,,,,,plane,,,fbb3e7946b7b4058,d1d215d271d19f98,f0a47a082cd53f0c,64,86.8,none,explicit
goal,scene_0010,referential,text_only,pi05,tokens,10,False,,320,False,True,136,False,False,False,,False,,False,,,,,,plane,,,fbb3e7946b7b4058,ca37714b184d0f49,7b8165ceac5dccdc,64,86.3,none,explicit
goal,scene_0010,referential,text_only,pi05,tokens,11,False,,320,False,True,142,False,False,False,,False,,False,,,,,,plane,,,fbb3e7946b7b4058,822f3251fa44198e,b93c23b5accb310c,64,87.5,none,explicit
goal,scene_0010,referential,text_only,pi05,tokens,12,False,,320,True,True,133,False,False,False,,False,,False,,,,,,plane,,,fbb3e7946b7b4058,e8485271791f7c1a,25ececd32c582a00,64,86.3,none,explicit
goal,scene_0010,referential,text_only,pi05,tokens,13,False,,320,False,True,203,False,False,False,,False,,False,,,,,,plane,,,fbb3e7946b7b4058,4a2d25d60ffbae2f,cc0d02f61070b745,64,86.4,none,explicit
goal,scene_0011,referential,text_only,pi05,tokens,0,False,,320,False,False,,True,True,True,cream_cheese_2,False,,False,0.1315,,,,,plane,,,172684dea8e77227,4c29d6a0febc32ec,c6ba4eda003a3eb7,64,88.7,none,explicit
goal,scene_0011,referential,text_only,pi05,tokens,1,False,,320,False,False,,True,True,True,cream_cheese_2,False,,False,0.1316,,,,,plane,,,172684dea8e77227,c05c0d3aa203846e,0ae0de33f5168542,64,87.2,none,explicit
goal,scene_0011,referential,text_only,pi05,tokens,2,False,,320,False,False,,True,True,True,cream_cheese_2,False,,False,0.1437,,,,,plane,,,172684dea8e77227,541327bc0f30a335,51b00e8e46ce9f98,64,87.9,none,explicit
goal,scene_0011,referential,text_only,pi05,tokens,3,False,,320,False,False,,True,True,True,cream_cheese_2,False,,False,0.1289,,,,,plane,,,172684dea8e77227,a0edf88eb2d49f66,6814210a467a48f0,64,87.5,none,explicit
goal,scene_0011,referential,text_only,pi05,tokens,4,False,,320,False,False,,True,True,True,cream_cheese_2,False,,False,0.1254,,,,,plane,,,172684dea8e77227,2dfa84ceb072f15c,f8ea3035f6e42455,64,86.9,none,explicit
goal,scene_0011,referential,text_only,pi05,tokens,5,False,,320,False,False,,True,True,True,cream_cheese_2,False,,False,0.122,,,,,plane,,,172684dea8e77227,f0b0eb822b8b2b16,fe554b1b243869ed,64,87.0,none,explicit
goal,scene_0011,referential,text_only,pi05,tokens,6,False,,320,False,False,,True,True,True,cream_cheese_2,False,,False,0.11,,,,,plane,,,172684dea8e77227,251487384f8bade2,ae42749249c9e447,64,87.2,none,explicit
goal,scene_0011,referential,text_only,pi05,tokens,7,False,,320,False,False,,True,True,True,cream_cheese_2,False,,False,0.0961,,,,,plane,,,172684dea8e77227,c5af979dbffb2f5f,94811d48753ccf55,64,88.0,none,explicit
goal,scene_0011,referential,text_only,pi05,tokens,8,False,,320,False,False,,True,True,True,cream_cheese_2,False,,False,0.1352,,,,,plane,,,172684dea8e77227,5cdd36d686faa8fb,549a12ac0f1362db,64,88.5,none,explicit
goal,scene_0011,referential,text_only,pi05,tokens,9,False,,320,False,False,,True,True,True,cream_cheese_2,False,,False,0.1382,,,,,plane,,,172684dea8e77227,8e44323d9a1b8c06,cebba2e8f3f22d9c,64,87.3,none,explicit
goal,scene_0011,referential,text_only,pi05,tokens,10,False,,320,False,False,,True,True,True,cream_cheese_2,False,,False,0.1381,,,,,plane,,,172684dea8e77227,f3323496367ad7f8,9169a7841ea15810,64,85.8,none,explicit
goal,scene_0011,referential,text_only,pi05,tokens,11,False,,320,False,False,,True,True,True,cream_cheese_2,False,,False,0.1174,,,,,plane,,,172684dea8e77227,4f0087ddb262aff3,97a631a7ef5ab36f,64,86.8,none,explicit
goal,scene_0011,referential,text_only,pi05,tokens,12,False,,320,False,False,,True,True,True,cream_cheese_2,False,,False,0.1577,,,,,plane,,,172684dea8e77227,3e361a1aa618d40e,8080d8da512cb026,64,87.9,none,explicit
goal,scene_0011,referential,text_only,pi05,tokens,13,False,,320,False,False,,True,True,True,cream_cheese_2,False,akita_black_bowl_1,True,0.003,,,,,plane,,,172684dea8e77227,8f95411833611d9c,63613c920c1c98f3,64,91.0,none,explicit
goal,scene_0012,referential,text_only,pi05,tokens,0,False,,320,True,True,82,True,True,True,akita_black_bowl_1,True,plate_1,True,0.0107,,,,,plane,,,9f3b18dfa9ceb215,d3432e568684aca5,e8201408130b8095,64,87.8,none,explicit
goal,scene_0012,referential,text_only,pi05,tokens,1,False,,320,True,True,81,True,True,True,akita_black_bowl_1,True,plate_1,True,0.0039,,,,,plane,,,9f3b18dfa9ceb215,d2c80a509a1a5757,eaf38def19684a1e,64,87.4,none,explicit
goal,scene_0012,referential,text_only,pi05,tokens,2,False,,320,True,True,93,True,True,True,akita_black_bowl_1,True,plate_1,True,0.0062,,,,,plane,,,9f3b18dfa9ceb215,0ed38c05362103ef,1c59035862d95bda,64,88.7,none,explicit
goal,scene_0012,referential,text_only,pi05,tokens,3,False,,320,True,True,81,True,True,True,akita_black_bowl_1,True,plate_1,True,0.0034,,,,,plane,,,9f3b18dfa9ceb215,4799a3a6842a27dd,4578ee7dde665d33,64,88.1,none,explicit
goal,scene_0012,referential,text_only,pi05,tokens,4,False,,320,True,True,82,True,True,True,akita_black_bowl_1,True,plate_1,True,0.0032,,,,,plane,,,9f3b18dfa9ceb215,b405b9c46e272af8,f2ad328b4c275882,64,87.4,none,explicit
goal,scene_0012,referential,text_only,pi05,tokens,5,False,,320,True,True,89,True,True,True,akita_black_bowl_1,True,plate_1,True,0.0048,,,,,plane,,,9f3b18dfa9ceb215,5961645dc50c8d5b,29f3f9928e72905f,64,87.6,none,explicit
goal,scene_0012,referential,text_only,pi05,tokens,6,False,,320,True,True,82,True,True,True,akita_black_bowl_1,True,plate_1,True,0.005,,,,,plane,,,9f3b18dfa9ceb215,bfaff8adcb385e28,11a82cd7604fe8f2,64,89.7,none,explicit
goal,scene_0012,referential,text_only,pi05,tokens,7,False,,320,True,True,83,True,True,True,akita_black_bowl_1,True,plate_1,True,0.0023,,,,,plane,,,9f3b18dfa9ceb215,db36cb51d0e2daaa,c1237ab9ff3c6fcd,64,88.7,none,explicit
goal,scene_0012,referential,text_only,pi05,tokens,8,False,,320,True,True,86,True,True,True,akita_black_bowl_1,True,plate_1,True,0.0026,,,,,plane,,,9f3b18dfa9ceb215,244bd45a1d68298a,d9cb60ec036495e9,64,87.4,none,explicit
goal,scene_0012,referential,text_only,pi05,tokens,9,False,,320,True,True,81,True,True,True,akita_black_bowl_1,True,plate_1,True,0.0088,,,,,plane,,,9f3b18dfa9ceb215,d452dbb5a54e59e1,4bc25b8066baa5c2,64,86.3,none,explicit
goal,scene_0012,referential,text_only,pi05,tokens,10,False,,320,True,True,84,True,True,True,akita_black_bowl_1,True,plate_1,True,0.0028,,,,,plane,,,9f3b18dfa9ceb215,bd7f9a144fc43a1d,21e78924accd86eb,64,87.4,none,explicit
goal,scene_0012,referential,text_only,pi05,tokens,11,False,,320,True,True,98,True,True,True,akita_black_bowl_1,True,plate_1,True,0.004,,,,,plane,,,9f3b18dfa9ceb215,9cf13d0ddd0465ba,03cd34191f32d0c0,64,86.1,none,explicit
goal,scene_0012,referential,text_only,pi05,tokens,12,False,,320,True,True,90,True,True,True,akita_black_bowl_1,True,plate_1,True,0.0049,,,,,plane,,,9f3b18dfa9ceb215,bd880c111ae73be6,d058bda2d617bb19,64,88.8,none,explicit
goal,scene_0012,referential,text_only,pi05,tokens,13,False,,320,True,True,88,True,True,True,akita_black_bowl_1,True,plate_1,True,0.0073,,,,,plane,,,9f3b18dfa9ceb215,25763b6e3a80e349,28d43359d9d472f9,64,88.2,none,explicit
goal,scene_0013,referential,text_only,pi05,tokens,0,False,,320,True,True,144,False,True,True,wine_bottle_1,True,,False,,,,,,plane,,,bb1a5e9f3ed58759,1309e067bddb827c,c051a4458931a2e0,64,86.8,none,explicit
goal,scene_0013,referential,text_only,pi05,tokens,1,False,,320,True,True,158,False,True,True,wine_bottle_1,True,,False,,,,,,plane,,,bb1a5e9f3ed58759,9df48a1c023c8622,afece4487d54b7a3,64,87.6,none,explicit
goal,scene_0013,referential,text_only,pi05,tokens,2,False,,320,False,True,166,False,True,True,wine_bottle_1,True,,False,,,,,,plane,,,bb1a5e9f3ed58759,868c9382ab7fdb19,f293cbbde835fcf8,64,86.4,none,explicit
goal,scene_0013,referential,text_only,pi05,tokens,3,False,,320,False,True,161,False,True,True,wine_bottle_1,True,,False,,,,,,plane,,,bb1a5e9f3ed58759,ea5891f766011b32,e2577f9b107894ce,64,86.5,none,explicit
goal,scene_0013,referential,text_only,pi05,tokens,4,False,,320,True,True,145,False,True,True,wine_bottle_1,True,,False,,,,,,plane,,,bb1a5e9f3ed58759,fefc1df6044d41f0,428db247af040875,64,86.7,none,explicit
goal,scene_0013,referential,text_only,pi05,tokens,5,False,,320,True,True,132,False,True,True,wine_bottle_1,True,,False,,,,,,plane,,,bb1a5e9f3ed58759,bf95d365e3aca6f3,24b8730875125803,64,87.2,none,explicit
goal,scene_0013,referential,text_only,pi05,tokens,6,False,,320,True,True,176,False,True,True,wine_bottle_1,True,,False,,,,,,plane,,,bb1a5e9f3ed58759,51dedbf65aedb6f7,4f1484597a691155,64,86.2,none,explicit
goal,scene_0013,referential,text_only,pi05,tokens,7,False,,320,True,True,205,False,True,True,wine_bottle_1,True,,False,,,,,,plane,,,bb1a5e9f3ed58759,0c7af69e07743cea,f7c7ee92dafb9503,64,86.6,none,explicit
goal,scene_0013,referential,text_only,pi05,tokens,8,False,,320,True,True,151,False,True,True,wine_bottle_1,True,,False,,,,,,plane,,,bb1a5e9f3ed58759,0b4d6506dce05f27,0b7603182ab5bba7,64,86.0,none,explicit
goal,scene_0013,referential,text_only,pi05,tokens,9,False,,320,True,True,155,False,True,True,wine_bottle_1,True,,False,,,,,,plane,,,bb1a5e9f3ed58759,47fc4f418483a3c5,2b68be0f839d4ea2,64,86.8,none,explicit
goal,scene_0013,referential,text_only,pi05,tokens,10,False,,320,True,True,139,False,True,True,wine_bottle_1,True,,False,,,,,,plane,,,bb1a5e9f3ed58759,0d4ebb96e2a92ec3,f6cffe54827bff10,64,85.9,none,explicit
goal,scene_0013,referential,text_only,pi05,tokens,11,False,,320,True,True,165,False,True,True,wine_bottle_1,True,,False,,,,,,plane,,,bb1a5e9f3ed58759,74f2bcb8bfe35dc0,5a54e0bca9be5aa3,64,86.6,none,explicit
goal,scene_0013,referential,text_only,pi05,tokens,12,False,,320,True,True,160,False,True,True,wine_bottle_1,True,,False,,,,,,plane,,,bb1a5e9f3ed58759,8799b52c3dc4b216,97a620525d7f50af,64,85.9,none,explicit
goal,scene_0013,referential,text_only,pi05,tokens,13,False,,320,True,True,202,False,True,True,wine_bottle_1,True,,False,,,,,,plane,,,bb1a5e9f3ed58759,d9d6b3610c6d8d7f,8c8d30e2a0347aaf,64,86.5,none,explicit
goal,scene_0014,referential,text_only,pi05,tokens,0,False,,320,True,True,220,True,True,True,akita_black_bowl_1,True,,False,,,,,,plane,,,f7fa8d6a195f0a44,6f04ce3edcd43125,9a320d5c36433917,64,87.0,none,explicit
goal,scene_0014,referential,text_only,pi05,tokens,1,False,,320,False,False,,True,True,True,akita_black_bowl_1,True,,False,,,,,,plane,,,f7fa8d6a195f0a44,d3a7ccd239ad63a6,83df2a302475c77f,64,86.5,none,explicit
goal,scene_0014,referential,text_only,pi05,tokens,2,False,,320,True,True,171,True,True,True,akita_black_bowl_1,True,,False,,,,,,plane,,,f7fa8d6a195f0a44,bcb1641fb3cb5567,af11ab33a85fc911,64,87.5,none,explicit
goal,scene_0014,referential,text_only,pi05,tokens,3,False,,320,False,False,,True,True,True,akita_black_bowl_1,True,,False,,,,,,plane,,,f7fa8d6a195f0a44,a45e8e7035fa18c7,0f6713129126e2eb,64,86.1,none,explicit
goal,scene_0014,referential,text_only,pi05,tokens,4,False,,320,False,False,,True,True,True,akita_black_bowl_1,True,,False,,,,,,plane,,,f7fa8d6a195f0a44,6575832b77c6331d,256134774b67b46e,64,86.6,none,explicit
goal,scene_0014,referential,text_only,pi05,tokens,5,False,,320,False,False,,True,True,True,akita_black_bowl_1,True,,False,,,,,,plane,,,f7fa8d6a195f0a44,715a88998001c3f0,903cb99dd58a342c,64,86.0,none,explicit
goal,scene_0014,referential,text_only,pi05,tokens,6,False,,320,False,False,,True,True,True,akita_black_bowl_1,True,,False,,,,,,plane,,,f7fa8d6a195f0a44,eec99cd64d264351,0294d3e4c1a5c30b,64,87.0,none,explicit
goal,scene_0014,referential,text_only,pi05,tokens,7,False,,320,False,False,,True,True,True,akita_black_bowl_1,True,,False,,,,,,plane,,,f7fa8d6a195f0a44,ea1c91beaf7d2f7b,065530b195e03854,64,87.8,none,explicit
goal,scene_0014,referential,text_only,pi05,tokens,8,False,,320,False,False,,True,True,True,akita_black_bowl_1,True,,False,,,,,,plane,,,f7fa8d6a195f0a44,f27605cf81d1752f,77a69994aa58d86e,64,87.7,none,explicit
goal,scene_0014,referential,text_only,pi05,tokens,9,False,,320,False,False,,True,True,True,akita_black_bowl_1,True,,False,,,,,,plane,,,f7fa8d6a195f0a44,950586cd81a55763,3827bc382c8fc3ff,64,86.4,none,explicit
goal,scene_0014,referential,text_only,pi05,tokens,10,False,,320,False,False,,True,True,True,akita_black_bowl_1,True,,False,,,,,,plane,,,f7fa8d6a195f0a44,9befb696d674c823,df5c6efd6c12d634,64,86.1,none,explicit
goal,scene_0014,referential,text_only,pi05,tokens,11,False,,320,False,False,,True,True,True,akita_black_bowl_1,True,,False,,,,,,plane,,,f7fa8d6a195f0a44,8b7058c2725033ab,79596b519bf53c85,64,87.0,none,explicit
goal,scene_0014,referential,text_only,pi05,tokens,12,False,,320,False,False,,True,True,True,akita_black_bowl_1,True,,False,,,,,,plane,,,f7fa8d6a195f0a44,de3197e05154276b,100ae459148481b1,64,87.1,none,explicit
goal,scene_0014,referential,text_only,pi05,tokens,13,False,,320,False,False,,True,True,True,akita_black_bowl_1,True,,False,,,,,,plane,,,f7fa8d6a195f0a44,0d8b08da825ac8d3,b07fd96732887106,64,86.9,none,explicit
goal,scene_0015,referential,text_only,pi05,tokens,0,False,,320,False,False,,True,True,True,cream_cheese_2,False,,False,0.1331,,,,,plane,,,b7beb333add70255,b7e8dac54d22883c,44f2be5b93897f7a,64,88.4,none,explicit
goal,scene_0015,referential,text_only,pi05,tokens,1,False,,320,False,False,,True,True,True,cream_cheese_2,False,,False,0.1434,,,,,plane,,,b7beb333add70255,665f80ae696ff128,2467071410ff6629,64,86.8,none,explicit
goal,scene_0015,referential,text_only,pi05,tokens,2,False,,320,False,False,,True,True,True,cream_cheese_2,False,,False,0.1702,,,,,plane,,,b7beb333add70255,2601da97540141c2,2eab8e11d0a76870,64,87.8,none,explicit
goal,scene_0015,referential,text_only,pi05,tokens,3,False,,320,False,False,,True,True,True,cream_cheese_2,False,,False,0.1445,,,,,plane,,,b7beb333add70255,bfaf344da910c1af,7089cf4feaf538c4,64,88.4,none,explicit
goal,scene_0015,referential,text_only,pi05,tokens,4,False,,320,False,False,,True,True,True,cream_cheese_2,False,,False,0.1363,,,,,plane,,,b7beb333add70255,4f8db65f91e4bce7,df88ec6658ca641b,64,86.1,none,explicit
goal,scene_0015,referential,text_only,pi05,tokens,5,False,,320,False,False,,True,True,True,cream_cheese_2,False,,False,0.1934,,,,,plane,,,b7beb333add70255,f1e551b2fe3f764c,f4d3bb44ce09f17e,64,85.7,none,explicit
goal,scene_0015,referential,text_only,pi05,tokens,6,False,,320,False,False,,True,True,True,cream_cheese_2,False,,False,0.1429,,,,,plane,,,b7beb333add70255,bc835660d8016c07,f5d2a1a95bd3351b,64,86.7,none,explicit
goal,scene_0015,referential,text_only,pi05,tokens,7,False,,320,False,False,,True,True,True,cream_cheese_2,False,,False,0.1309,,,,,plane,,,b7beb333add70255,3951430b5e496522,d2c8cb9fc4165a9d,64,88.5,none,explicit
goal,scene_0015,referential,text_only,pi05,tokens,8,False,,320,False,False,,True,True,True,cream_cheese_2,False,,False,0.1454,,,,,plane,,,b7beb333add70255,a5cb1959778f6099,863fbc88cad7c94b,64,87.1,none,explicit
goal,scene_0015,referential,text_only,pi05,tokens,9,False,,320,False,False,,True,True,True,cream_cheese_2,False,,False,0.1727,,,,,plane,,,b7beb333add70255,e314f7ea92f06a28,21290cb93468fa74,64,87.3,none,explicit
goal,scene_0015,referential,text_only,pi05,tokens,10,False,,320,False,False,,True,True,True,cream_cheese_2,False,,False,0.1427,,,,,plane,,,b7beb333add70255,9e538473ecffc969,72053867554bb234,64,87.6,none,explicit
goal,scene_0015,referential,text_only,pi05,tokens,11,False,,320,False,False,,True,True,True,cream_cheese_2,False,,False,0.1374,,,,,plane,,,b7beb333add70255,1429b43755e1ed4e,65a982106e903722,64,86.8,none,explicit
goal,scene_0015,referential,text_only,pi05,tokens,12,False,,320,False,False,,True,True,True,cream_cheese_2,False,,False,0.1391,,,,,plane,,,b7beb333add70255,6ffc4c70a3481142,a3e239b3ac0914e2,64,87.1,none,explicit
goal,scene_0015,referential,text_only,pi05,tokens,13,False,,320,False,False,,True,True,True,cream_cheese_2,False,,False,0.1313,,,,,plane,,,b7beb333add70255,5eedca634b4b9228,db654424afcd89d7,64,87.3,none,explicit
goal,scene_0016,referential,text_only,pi05,tokens,0,False,,320,True,True,85,True,True,True,akita_black_bowl_1,True,,False,,,,,,plane,,,3c7f2fd16e98c884,d8677e561038cba3,2d4522f8f0af4f56,64,86.1,none,explicit
goal,scene_0016,referential,text_only,pi05,tokens,1,False,,320,True,True,86,True,True,True,akita_black_bowl_1,True,,False,,,,,,plane,,,3c7f2fd16e98c884,83ec4131aa5eb005,d876b71a5131f107,64,88.2,none,explicit
goal,scene_0016,referential,text_only,pi05,tokens,2,False,,320,True,True,83,True,True,True,akita_black_bowl_1,True,,False,,,,,,plane,,,3c7f2fd16e98c884,750d82466730db8c,9cdab28745b8ca90,64,88.1,none,explicit
goal,scene_0016,referential,text_only,pi05,tokens,3,False,,320,True,True,83,True,True,True,akita_black_bowl_1,True,,False,,,,,,plane,,,3c7f2fd16e98c884,3c1df5470a5932c0,9212e3f7eb8fa619,64,86.7,none,explicit
goal,scene_0016,referential,text_only,pi05,tokens,4,False,,320,True,True,90,True,True,True,akita_black_bowl_1,True,,False,,,,,,plane,,,3c7f2fd16e98c884,b0d23ed1e6f4237c,a23752988ebfa9dd,64,87.5,none,explicit
goal,scene_0016,referential,text_only,pi05,tokens,5,False,,320,True,True,87,True,True,True,akita_black_bowl_1,True,,False,,,,,,plane,,,3c7f2fd16e98c884,177d14fb803a2b01,b7c0daa081359a77,64,88.7,none,explicit
goal,scene_0016,referential,text_only,pi05,tokens,6,False,,320,True,True,85,True,True,True,akita_black_bowl_1,True,,False,,,,,,plane,,,3c7f2fd16e98c884,cfa0ee78fe206c43,5848eec0a201cae2,64,86.6,none,explicit
goal,scene_0016,referential,text_only,pi05,tokens,7,False,,320,True,True,82,True,True,True,akita_black_bowl_1,True,,False,,,,,,plane,,,3c7f2fd16e98c884,84a81f4adc9bacda,47786e12e78f2805,64,86.5,none,explicit
goal,scene_0016,referential,text_only,pi05,tokens,8,False,,320,True,True,87,True,True,True,akita_black_bowl_1,True,,False,,,,,,plane,,,3c7f2fd16e98c884,5a3a749313a6e727,2de209042325d8e7,64,88.5,none,explicit
goal,scene_0016,referential,text_only,pi05,tokens,9,False,,320,True,True,86,True,True,True,akita_black_bowl_1,True,,False,,,,,,plane,,,3c7f2fd16e98c884,6ba0ddbcda88e2cd,4a045225a21f72e3,64,86.9,none,explicit
goal,scene_0016,referential,text_only,pi05,tokens,10,False,,320,True,True,87,True,True,True,akita_black_bowl_1,True,,False,,,,,,plane,,,3c7f2fd16e98c884,ceedbef2451db40b,8b7da71bd7357a3c,64,87.4,none,explicit
goal,scene_0016,referential,text_only,pi05,tokens,11,False,,320,True,True,82,True,True,True,akita_black_bowl_1,True,,False,,,,,,plane,,,3c7f2fd16e98c884,4870be85e310870f,4cae961b03efc043,64,85.8,none,explicit
goal,scene_0016,referential,text_only,pi05,tokens,12,False,,320,True,True,85,True,True,True,akita_black_bowl_1,True,,False,,,,,,plane,,,3c7f2fd16e98c884,36c18bee576b12b5,77b8a0a81d929f93,64,87.9,none,explicit
goal,scene_0016,referential,text_only,pi05,tokens,13,False,,320,True,True,91,True,True,True,akita_black_bowl_1,True,,False,,,,,,plane,,,3c7f2fd16e98c884,32fa4048e2968906,84b046634e63c944,64,87.8,none,explicit
goal,scene_0017,directional,text_only,pi05,tokens,0,False,,320,False,False,,True,True,True,akita_black_bowl_1,True,plate_1,False,0.0096,,,,,plane,,,19536e6141e5b457,65f6c0a3165278c0,7681a0c1e08b77ad,64,85.5,none,explicit
goal,scene_0017,directional,text_only,pi05,tokens,1,False,,320,False,False,,True,True,True,akita_black_bowl_1,True,plate_1,False,0.0128,,,,,plane,,,19536e6141e5b457,9df0826906b52c5f,8ce1cd0984387088,64,87.2,none,explicit
goal,scene_0017,directional,text_only,pi05,tokens,2,False,,320,False,False,,True,True,True,akita_black_bowl_1,True,plate_1,False,0.0167,,,,,plane,,,19536e6141e5b457,27ecfd0f9b2f71eb,9dd0a8353bac7d38,64,87.5,none,explicit
goal,scene_0017,directional,text_only,pi05,tokens,3,False,,320,False,False,,True,True,True,akita_black_bowl_1,True,plate_1,False,0.0174,,,,,plane,,,19536e6141e5b457,1fdf02b7bd8a9d29,c8444689b687ebb7,64,87.1,none,explicit
goal,scene_0017,directional,text_only,pi05,tokens,4,False,,320,False,False,,True,True,True,akita_black_bowl_1,True,plate_1,False,0.0114,,,,,plane,,,19536e6141e5b457,895cd649b0b18000,68dab674b763abaf,64,86.2,none,explicit
goal,scene_0017,directional,text_only,pi05,tokens,5,False,,320,False,False,,True,True,True,akita_black_bowl_1,True,plate_1,False,0.0078,,,,,plane,,,19536e6141e5b457,c575a02ab1da6306,450bac152d83c4cc,64,86.0,none,explicit
goal,scene_0017,directional,text_only,pi05,tokens,6,False,,320,False,False,,True,True,True,akita_black_bowl_1,True,plate_1,False,0.0114,,,,,plane,,,19536e6141e5b457,a36566c74d74ae93,63aebb9687751cea,64,86.6,none,explicit
goal,scene_0017,directional,text_only,pi05,tokens,7,False,,320,False,False,,True,True,True,akita_black_bowl_1,True,plate_1,False,0.0119,,,,,plane,,,19536e6141e5b457,da01e2d5b646132c,473eb311b1955146,64,87.4,none,explicit
goal,scene_0017,directional,text_only,pi05,tokens,8,False,,320,False,False,,True,True,True,akita_black_bowl_1,True,plate_1,False,0.0097,,,,,plane,,,19536e6141e5b457,1e6e302a5d000ec4,0988fa5e743a4d4b,64,87.9,none,explicit
goal,scene_0017,directional,text_only,pi05,tokens,9,False,,320,False,False,,True,True,True,akita_black_bowl_1,True,plate_1,False,0.0033,,,,,plane,,,19536e6141e5b457,e899a1d7c19289f1,dd073bd11bd01281,64,88.2,none,explicit
goal,scene_0017,directional,text_only,pi05,tokens,10,False,,320,False,False,,True,True,True,akita_black_bowl_1,True,plate_1,False,0.009,,,,,plane,,,19536e6141e5b457,ac08d4ec875776f9,e52ae01feb1aa67a,64,88.3,none,explicit
goal,scene_0017,directional,text_only,pi05,tokens,11,False,,320,False,False,,True,True,True,akita_black_bowl_1,True,plate_1,False,0.0131,,,,,plane,,,19536e6141e5b457,d925e6ec0b92acac,57131c3ac71d586a,64,88.0,none,explicit
goal,scene_0017,directional,text_only,pi05,tokens,12,False,,320,False,False,,True,True,True,akita_black_bowl_1,True,plate_1,False,0.0087,,,,,plane,,,19536e6141e5b457,9be659780c7b1306,782b7d45aac27731,64,87.7,none,explicit
goal,scene_0017,directional,text_only,pi05,tokens,13,False,,320,False,False,,True,True,True,akita_black_bowl_1,True,plate_1,False,0.0077,,,,,plane,,,19536e6141e5b457,45d529bef89771dc,ca71df5882cad6ed,64,85.9,none,explicit
goal,scene_0018,directional,text_only,pi05,tokens,0,False,,320,True,True,73,True,True,True,akita_black_bowl_1,True,plate_1,True,0.0136,,,,,plane,,,84d6631863c0a0bf,5bdd709eb1a14094,bbbd3c7cf6cdd86d,64,86.2,none,explicit
goal,scene_0018,directional,text_only,pi05,tokens,1,False,,320,True,True,108,True,True,True,akita_black_bowl_1,True,plate_1,True,0.0161,,,,,plane,,,84d6631863c0a0bf,805961e86a3db093,e09fe13387b14f9e,64,86.8,none,explicit
goal,scene_0018,directional,text_only,pi05,tokens,2,False,,320,True,True,108,True,True,True,akita_black_bowl_1,True,plate_1,True,0.014,,,,,plane,,,84d6631863c0a0bf,d327f7e43a30dae7,fdbf59bfb9dbff44,64,87.7,none,explicit
goal,scene_0018,directional,text_only,pi05,tokens,3,False,,320,True,True,75,True,True,True,akita_black_bowl_1,True,plate_1,True,0.0075,,,,,plane,,,84d6631863c0a0bf,8d1d6100b91df23d,6a9447e30cac3938,64,87.8,none,explicit
goal,scene_0018,directional,text_only,pi05,tokens,4,False,,320,True,True,70,True,True,True,akita_black_bowl_1,True,plate_1,True,0.0069,,,,,plane,,,84d6631863c0a0bf,26fcb4f45049dd8f,dd84c9b5010454ef,64,87.1,none,explicit
goal,scene_0018,directional,text_only,pi05,tokens,5,False,,320,True,True,72,True,True,True,akita_black_bowl_1,True,plate_1,True,0.0087,,,,,plane,,,84d6631863c0a0bf,87b044dd049d45f0,323373c953d09929,64,88.6,none,explicit
goal,scene_0018,directional,text_only,pi05,tokens,6,False,,320,True,True,74,True,True,True,akita_black_bowl_1,True,plate_1,True,0.0129,,,,,plane,,,84d6631863c0a0bf,0c3b2133d348d081,de4760e8cf832e56,64,87.8,none,explicit
goal,scene_0018,directional,text_only,pi05,tokens,7,False,,320,True,True,73,True,True,True,akita_black_bowl_1,True,plate_1,True,0.0102,,,,,plane,,,84d6631863c0a0bf,a0932568866ad750,0ef7b542f9a3bad2,64,87.3,none,explicit
goal,scene_0018,directional,text_only,pi05,tokens,8,False,,320,True,True,83,True,True,True,akita_black_bowl_1,True,plate_1,True,0.0193,,,,,plane,,,84d6631863c0a0bf,a4103389eef4c77f,cce39d0ec107e953,64,87.4,none,explicit
goal,scene_0018,directional,text_only,pi05,tokens,9,False,,320,True,True,120,True,True,True,akita_black_bowl_1,True,plate_1,True,0.0156,,,,,plane,,,84d6631863c0a0bf,e402109a981ed126,4cb49ca52cd15554,64,87.7,none,explicit
goal,scene_0018,directional,text_only,pi05,tokens,10,False,,320,True,True,83,True,True,True,akita_black_bowl_1,True,plate_1,True,0.013,,,,,plane,,,84d6631863c0a0bf,25fc0d496a75241b,87a776b51b9d32dd,64,86.0,none,explicit
goal,scene_0018,directional,text_only,pi05,tokens,11,False,,320,True,True,77,True,True,True,akita_black_bowl_1,True,plate_1,True,0.0055,,,,,plane,,,84d6631863c0a0bf,d3ccfa292d2d1baf,a36159abdccef46d,64,86.1,none,explicit
goal,scene_0018,directional,text_only,pi05,tokens,12,False,,320,True,True,73,True,True,True,akita_black_bowl_1,True,plate_1,True,0.0061,,,,,plane,,,84d6631863c0a0bf,cd0f12c4908dfa72,1266d68c9f4f5ff0,64,86.7,none,explicit
goal,scene_0018,directional,text_only,pi05,tokens,13,False,,320,True,True,87,True,True,True,akita_black_bowl_1,True,plate_1,True,0.0099,,,,,plane,,,84d6631863c0a0bf,b45c3291e635829f,010546a6fbce3ead,64,87.6,none,explicit
goal,scene_0019,directional,text_only,pi05,tokens,0,False,,320,False,False,,True,True,True,akita_black_bowl_1,True,plate_1,False,0.012,,,,,plane,,,92995d25f4429307,8206c8df2f03f7df,2aa719b4d8102ce1,64,87.4,none,explicit
goal,scene_0019,directional,text_only,pi05,tokens,1,False,,320,False,False,,True,True,True,akita_black_bowl_1,True,plate_1,False,0.0056,,,,,plane,,,92995d25f4429307,00e6c75916cfec44,2c9bf28b961e79a9,64,86.8,none,explicit
goal,scene_0019,directional,text_only,pi05,tokens,2,False,,320,False,False,,True,True,True,akita_black_bowl_1,True,plate_1,False,0.0073,,,,,plane,,,92995d25f4429307,0d3db5c1b8841ed0,4eb42c7e712714eb,64,86.1,none,explicit
goal,scene_0019,directional,text_only,pi05,tokens,3,False,,320,False,False,,True,True,True,akita_black_bowl_1,True,plate_1,False,0.0076,,,,,plane,,,92995d25f4429307,28d018ccad24777d,dacc769f61c11be4,64,87.6,none,explicit
goal,scene_0019,directional,text_only,pi05,tokens,4,False,,320,False,False,,True,True,True,akita_black_bowl_1,True,plate_1,False,0.0046,,,,,plane,,,92995d25f4429307,8cf07d4982aee77b,45d02598fb7345df,64,88.3,none,explicit
goal,scene_0019,directional,text_only,pi05,tokens,5,False,,320,False,False,,True,True,True,akita_black_bowl_1,True,plate_1,False,0.0075,,,,,plane,,,92995d25f4429307,814dc128743e4b8e,7f617fc722b991ba,64,88.1,none,explicit
goal,scene_0019,directional,text_only,pi05,tokens,6,False,,320,False,False,,True,True,True,akita_black_bowl_1,True,plate_1,False,0.0074,,,,,plane,,,92995d25f4429307,2c107836ce3fd676,0a19757fadffdf49,64,88.0,none,explicit
goal,scene_0019,directional,text_only,pi05,tokens,7,False,,320,False,False,,True,True,True,akita_black_bowl_1,True,plate_1,False,0.0104,,,,,plane,,,92995d25f4429307,738d1c8027b92ff9,2c02e7d06d318127,64,89.6,none,explicit
goal,scene_0019,directional,text_only,pi05,tokens,8,False,,320,False,False,,True,True,True,akita_black_bowl_1,True,plate_1,False,0.0055,,,,,plane,,,92995d25f4429307,094d13c36fb9ed9a,9ae50705c4a8d83c,64,88.1,none,explicit
goal,scene_0019,directional,text_only,pi05,tokens,9,False,,320,False,False,,True,True,True,akita_black_bowl_1,True,plate_1,False,0.0091,,,,,plane,,,92995d25f4429307,fa44c96f69cfc040,7238799b973d7335,64,87.7,none,explicit
goal,scene_0019,directional,text_only,pi05,tokens,10,False,,320,False,False,,True,True,True,akita_black_bowl_1,True,plate_1,False,0.0078,,,,,plane,,,92995d25f4429307,a4e54f7fc2082692,c4f41e1e57646bfe,64,88.3,none,explicit
goal,scene_0019,directional,text_only,pi05,tokens,11,False,,320,False,False,,True,True,True,akita_black_bowl_1,True,plate_1,False,0.0076,,,,,plane,,,92995d25f4429307,d5b7fee00576dcdf,445edba422652898,64,88.1,none,explicit
goal,scene_0019,directional,text_only,pi05,tokens,12,False,,320,False,False,,True,True,True,akita_black_bowl_1,True,plate_1,False,0.0096,,,,,plane,,,92995d25f4429307,bb948fd01a8575e5,3a46105d928a1412,64,88.2,none,explicit
goal,scene_0019,directional,text_only,pi05,tokens,13,False,,320,False,False,,True,True,True,akita_black_bowl_1,True,plate_1,False,0.0078,,,,,plane,,,92995d25f4429307,3a2ebff01c2528db,9c4202fdbf4bdf7e,64,88.5,none,explicit
goal,scene_0020,directional,text_only,pi05,tokens,0,False,,320,False,False,,True,True,True,cream_cheese_1,True,akita_black_bowl_1,False,0.0003,,,,,plane,,,a8f01758dbd9daa8,7ac5909d8438ffb4,58e5e9217ba1b210,64,86.1,none,explicit
goal,scene_0020,directional,text_only,pi05,tokens,1,False,,320,False,False,,True,True,True,cream_cheese_1,True,akita_black_bowl_1,False,0.0175,,,,,plane,,,a8f01758dbd9daa8,eaf4a6019b463db5,036cc2fa61f0c126,64,85.8,none,explicit
goal,scene_0020,directional,text_only,pi05,tokens,2,False,,320,True,True,90,True,True,True,cream_cheese_1,True,akita_black_bowl_2,True,0.0009,,,,,plane,,,a8f01758dbd9daa8,8fe3954ae37c7da6,1ff5d0ef8ed40fe6,64,86.4,none,explicit
goal,scene_0020,directional,text_only,pi05,tokens,3,False,,320,False,False,,True,True,True,cream_cheese_1,True,akita_black_bowl_1,False,0.003,,,,,plane,,,a8f01758dbd9daa8,86d977231450744a,a68d6b66627dc568,64,86.6,none,explicit
goal,scene_0020,directional,text_only,pi05,tokens,4,False,,320,True,True,99,True,True,True,cream_cheese_1,True,akita_black_bowl_2,True,0.0189,,,,,plane,,,a8f01758dbd9daa8,8ed91ef9d2373dfe,91c6ff63f9615664,64,85.6,none,explicit
goal,scene_0020,directional,text_only,pi05,tokens,5,False,,320,False,False,,True,True,True,cream_cheese_1,True,akita_black_bowl_1,False,0.0006,,,,,plane,,,a8f01758dbd9daa8,7b47fab1cf3350fc,7d4756ca126c1ff4,64,86.0,none,explicit
goal,scene_0020,directional,text_only,pi05,tokens,6,False,,320,False,False,,True,True,True,cream_cheese_1,True,akita_black_bowl_1,False,0.0009,,,,,plane,,,a8f01758dbd9daa8,cd4edbf327bf2960,1abc012612036030,64,85.7,none,explicit
goal,scene_0020,directional,text_only,pi05,tokens,7,False,,320,False,False,,True,True,True,cream_cheese_1,True,akita_black_bowl_1,False,0.0154,,,,,plane,,,a8f01758dbd9daa8,494bf900d83a4bfc,c4b2d2be828223c7,64,86.5,none,explicit
goal,scene_0020,directional,text_only,pi05,tokens,8,False,,320,False,False,,True,True,True,cream_cheese_1,True,akita_black_bowl_1,False,0.0019,,,,,plane,,,a8f01758dbd9daa8,754d79bea72b2769,d52abe7f9a2baf63,64,87.9,none,explicit
goal,scene_0020,directional,text_only,pi05,tokens,9,False,,320,False,False,,True,True,True,cream_cheese_1,True,akita_black_bowl_1,False,0.0017,,,,,plane,,,a8f01758dbd9daa8,c32dbbd5e823ba41,294c296d80496c9d,64,88.9,none,explicit
goal,scene_0020,directional,text_only,pi05,tokens,10,False,,320,False,False,,True,True,True,cream_cheese_1,True,akita_black_bowl_1,False,0.0074,,,,,plane,,,a8f01758dbd9daa8,f46ff90c5e59b2c9,1abfa6b135ac8f0e,64,85.9,none,explicit
goal,scene_0020,directional,text_only,pi05,tokens,11,False,,320,False,False,,True,True,True,cream_cheese_1,True,akita_black_bowl_1,False,0.0003,,,,,plane,,,a8f01758dbd9daa8,fa4a33da1de706b4,8603ed47538607a5,64,86.6,none,explicit
goal,scene_0020,directional,text_only,pi05,tokens,12,False,,320,False,False,,True,True,True,cream_cheese_1,True,akita_black_bowl_1,False,0.0009,,,,,plane,,,a8f01758dbd9daa8,8c134f6e23b25ac4,24ad3aee3538e639,64,86.6,none,explicit
goal,scene_0020,directional,text_only,pi05,tokens,13,False,,320,True,True,98,True,True,True,cream_cheese_1,True,akita_black_bowl_2,True,0.0133,,,,,plane,,,a8f01758dbd9daa8,b1c8af2889494311,b3d1d29168da7a02,64,87.2,none,explicit
goal,scene_0021,directional,text_only,pi05,tokens,0,False,,320,False,False,,True,True,True,cream_cheese_1,True,akita_black_bowl_3,False,0.019,,,,,plane,,,e3cb3683e5a07308,2bb1ac41c4e25e13,514a76a971ef5066,64,87.2,none,explicit
goal,scene_0021,directional,text_only,pi05,tokens,1,False,,320,False,False,,True,True,True,cream_cheese_1,True,akita_black_bowl_3,False,0.0118,,,,,plane,,,e3cb3683e5a07308,3d21a801eac047ce,d1284e5ae60fdb04,64,86.4,none,explicit
goal,scene_0021,directional,text_only,pi05,tokens,2,False,,320,False,False,,True,True,True,cream_cheese_1,True,akita_black_bowl_3,False,0.015,,,,,plane,,,e3cb3683e5a07308,01e498634514d0e8,394aa3376e048947,64,86.3,none,explicit
goal,scene_0021,directional,text_only,pi05,tokens,3,False,,320,False,False,,True,True,True,cream_cheese_1,True,akita_black_bowl_3,False,0.0302,,,,,plane,,,e3cb3683e5a07308,71c72fe639583303,3313a72be5e9f76d,64,87.2,none,explicit
goal,scene_0021,directional,text_only,pi05,tokens,4,False,,320,False,False,,True,True,True,cream_cheese_1,True,akita_black_bowl_3,False,0.0364,,,,,plane,,,e3cb3683e5a07308,25ff21c9969bd826,c03607e39bf185fe,64,87.8,none,explicit
goal,scene_0021,directional,text_only,pi05,tokens,5,False,,320,False,False,,True,True,True,cream_cheese_1,True,akita_black_bowl_3,False,0.036,,,,,plane,,,e3cb3683e5a07308,3352f2f29dafd84f,fdd97e987b740a2d,64,96.6,none,explicit
goal,scene_0021,directional,text_only,pi05,tokens,6,False,,320,False,False,,True,True,True,cream_cheese_1,True,akita_black_bowl_3,False,0.0081,,,,,plane,,,e3cb3683e5a07308,7f23c6f25f9db203,7af55af16631d279,64,87.5,none,explicit
goal,scene_0021,directional,text_only,pi05,tokens,7,False,,320,False,False,,True,True,True,cream_cheese_1,True,akita_black_bowl_3,False,0.0213,,,,,plane,,,e3cb3683e5a07308,0f4efafd67a09ffd,d47178eeca3411b6,64,87.1,none,explicit
goal,scene_0021,directional,text_only,pi05,tokens,8,False,,320,False,False,,True,True,True,cream_cheese_1,True,akita_black_bowl_3,False,0.0003,,,,,plane,,,e3cb3683e5a07308,c789e7e6fdee41ee,020325f044724f0c,64,87.1,none,explicit
goal,scene_0021,directional,text_only,pi05,tokens,9,False,,320,False,False,,True,True,True,cream_cheese_1,True,akita_black_bowl_3,False,0.0113,,,,,plane,,,e3cb3683e5a07308,bfbb2cbc9b08859d,33fbc27d38f4ebbe,64,86.8,none,explicit
goal,scene_0021,directional,text_only,pi05,tokens,10,False,,320,False,False,,True,True,True,cream_cheese_1,True,akita_black_bowl_3,False,0.041,,,,,plane,,,e3cb3683e5a07308,f08d2b72b4f32787,61d437ab826883c3,64,86.0,none,explicit
goal,scene_0021,directional,text_only,pi05,tokens,11,False,,320,False,False,,True,True,True,cream_cheese_1,True,akita_black_bowl_3,False,0.0273,,,,,plane,,,e3cb3683e5a07308,3abbb72384684083,cfda4ddbf4753189,64,86.8,none,explicit
goal,scene_0021,directional,text_only,pi05,tokens,12,False,,320,False,False,,True,True,True,cream_cheese_1,True,akita_black_bowl_3,False,0.0375,,,,,plane,,,e3cb3683e5a07308,764cc0f2ff213bd7,06e40e3b3a79a764,64,86.0,none,explicit
goal,scene_0021,directional,text_only,pi05,tokens,13,False,,320,False,False,,True,True,True,cream_cheese_1,True,akita_black_bowl_3,False,0.0258,,,,,plane,,,e3cb3683e5a07308,376e9cf926470e08,8346de54ab1798f8,64,86.1,none,explicit
goal,scene_0022,directional,text_only,pi05,tokens,0,False,,320,False,False,,True,True,True,cream_cheese_1,True,akita_black_bowl_1,False,0.0048,,,,,plane,,,1de5a212ed6b3b62,d2390760d7af2ee5,5e1bccc5a556dfab,64,88.0,none,explicit
goal,scene_0022,directional,text_only,pi05,tokens,1,False,,320,False,False,,True,True,True,cream_cheese_1,True,akita_black_bowl_1,False,0.0124,,,,,plane,,,1de5a212ed6b3b62,3ed83f9a5605ba71,50486d40032f6231,64,86.2,none,explicit
goal,scene_0022,directional,text_only,pi05,tokens,2,False,,320,False,False,,True,True,True,cream_cheese_1,True,akita_black_bowl_1,False,0.0084,,,,,plane,,,1de5a212ed6b3b62,d79e5b362e07909f,4ec5128a515746a5,64,85.9,none,explicit
goal,scene_0022,directional,text_only,pi05,tokens,3,False,,320,False,False,,True,True,True,cream_cheese_1,True,akita_black_bowl_1,False,0.0085,,,,,plane,,,1de5a212ed6b3b62,2660ddc00c273cf9,54d8679e0d284bed,64,86.5,none,explicit
goal,scene_0022,directional,text_only,pi05,tokens,4,False,,320,False,False,,True,True,True,cream_cheese_1,True,akita_black_bowl_1,False,0.0007,,,,,plane,,,1de5a212ed6b3b62,e85c1aa36564d2eb,6a1fe6736f2adc92,64,86.3,none,explicit
goal,scene_0022,directional,text_only,pi05,tokens,5,False,,320,False,False,,True,True,True,cream_cheese_1,True,akita_black_bowl_1,False,0.0045,,,,,plane,,,1de5a212ed6b3b62,6cce0232d2d560fd,38ce819ed1c09813,64,85.9,none,explicit
goal,scene_0022,directional,text_only,pi05,tokens,6,False,,320,False,False,,True,True,True,cream_cheese_1,True,akita_black_bowl_1,False,0.0057,,,,,plane,,,1de5a212ed6b3b62,b1ff866d3fe1992e,70aac6228544d223,64,86.3,none,explicit
goal,scene_0022,directional,text_only,pi05,tokens,7,False,,320,False,False,,True,True,True,cream_cheese_1,True,akita_black_bowl_1,False,0.0017,,,,,plane,,,1de5a212ed6b3b62,66fa75b797c54a5a,4b6aa0f23c95c07a,64,87.7,none,explicit
goal,scene_0022,directional,text_only,pi05,tokens,8,False,,320,False,False,,True,True,True,cream_cheese_1,True,akita_black_bowl_1,False,0.0035,,,,,plane,,,1de5a212ed6b3b62,7eda4861107c176c,ae6acdda843e8977,64,87.7,none,explicit
goal,scene_0022,directional,text_only,pi05,tokens,9,False,,320,False,False,,True,True,True,cream_cheese_1,True,akita_black_bowl_1,False,0.0008,,,,,plane,,,1de5a212ed6b3b62,1bcb6624573983a5,df892fe72c95609d,64,85.7,none,explicit
goal,scene_0022,directional,text_only,pi05,tokens,10,False,,320,False,False,,True,True,True,cream_cheese_1,True,akita_black_bowl_1,False,0.001,,,,,plane,,,1de5a212ed6b3b62,eb4127778c256143,d3b99edca767b52b,64,87.2,none,explicit
goal,scene_0022,directional,text_only,pi05,tokens,11,False,,320,False,False,,True,True,True,cream_cheese_1,True,akita_black_bowl_1,False,0.0028,,,,,plane,,,1de5a212ed6b3b62,5fdb2c5b86ead6fe,ab5ac46037151136,64,87.2,none,explicit
goal,scene_0022,directional,text_only,pi05,tokens,12,False,,320,False,False,,True,True,True,cream_cheese_1,True,akita_black_bowl_1,False,0.0111,,,,,plane,,,1de5a212ed6b3b62,39061af2bfd2e8d4,c7eb34935794a7ba,64,86.9,none,explicit
goal,scene_0022,directional,text_only,pi05,tokens,13,False,,320,False,False,,True,True,True,cream_cheese_1,True,akita_black_bowl_1,False,0.0115,,,,,plane,,,1de5a212ed6b3b62,242001f7d51d30c7,919dffbb6b65f73d,64,86.7,none,explicit
goal,scene_0023,directional,text_only,pi05,tokens,0,False,,320,True,True,153,True,True,True,akita_black_bowl_1,True,plate_2,True,0.0163,,,,,plane,,,7c87d3955149614d,e722e7a7822ef26c,260689223def8c6f,64,87.4,none,explicit
goal,scene_0023,directional,text_only,pi05,tokens,1,False,,320,False,False,,True,True,True,akita_black_bowl_1,True,plate_2,True,0.0311,,,,,plane,,,7c87d3955149614d,43aaff48bc39c1c4,15453d89b69334f3,64,87.0,none,explicit
goal,scene_0023,directional,text_only,pi05,tokens,2,False,,320,False,True,88,True,True,True,akita_black_bowl_1,True,plate_2,True,0.0272,,,,,plane,,,7c87d3955149614d,d67db45a9b569f40,12bdf2dfeb417af2,64,85.5,none,explicit
goal,scene_0023,directional,text_only,pi05,tokens,3,False,,320,True,True,89,True,True,True,akita_black_bowl_1,True,plate_2,True,0.0159,,,,,plane,,,7c87d3955149614d,9d8ef75c595456b3,a465947d4081dc6b,64,85.2,none,explicit
goal,scene_0023,directional,text_only,pi05,tokens,4,False,,320,True,True,194,True,True,True,akita_black_bowl_1,True,plate_2,True,0.0165,,,,,plane,,,7c87d3955149614d,fc82563d98e92d72,ef227fff0b05ed18,64,87.0,none,explicit
goal,scene_0023,directional,text_only,pi05,tokens,5,False,,320,True,True,282,True,True,True,akita_black_bowl_1,True,plate_2,True,0.0132,,,,,plane,,,7c87d3955149614d,833ec5af4e6b698a,53542426951aeaa9,64,86.2,none,explicit
goal,scene_0023,directional,text_only,pi05,tokens,6,False,,320,False,False,,True,True,True,akita_black_bowl_1,True,plate_2,True,0.0386,,,,,plane,,,7c87d3955149614d,18a5802acc28e538,7fab63ed6d8af63a,64,86.7,none,explicit
goal,scene_0023,directional,text_only,pi05,tokens,7,False,,320,False,False,,True,True,True,akita_black_bowl_1,True,plate_2,True,0.0351,,,,,plane,,,7c87d3955149614d,eeed78b26050ab21,47acb8a0de186576,64,86.2,none,explicit
goal,scene_0023,directional,text_only,pi05,tokens,8,False,,320,False,False,,True,True,True,akita_black_bowl_1,True,plate_2,True,0.0396,,,,,plane,,,7c87d3955149614d,74c1cff993837240,121b0c41bcda4473,64,85.7,none,explicit
goal,scene_0023,directional,text_only,pi05,tokens,9,False,,320,False,False,,True,True,True,akita_black_bowl_1,True,plate_2,True,0.0343,,,,,plane,,,7c87d3955149614d,466c6dc22f54a837,995f1c83abc99753,64,87.6,none,explicit
goal,scene_0023,directional,text_only,pi05,tokens,10,False,,320,False,False,,True,True,True,akita_black_bowl_1,True,plate_2,True,0.0314,,,,,plane,,,7c87d3955149614d,8a2e475069994fb5,4edd1617cb35f83d,64,87.2,none,explicit
goal,scene_0023,directional,text_only,pi05,tokens,11,False,,320,True,True,89,True,True,True,akita_black_bowl_1,True,plate_2,True,0.0047,,,,,plane,,,7c87d3955149614d,ad5b82e052c12ab8,b336f74928bd83e0,64,86.2,none,explicit
goal,scene_0023,directional,text_only,pi05,tokens,12,False,,320,True,True,90,True,True,True,akita_black_bowl_1,True,plate_2,True,0.0229,,,,,plane,,,7c87d3955149614d,ec008dd3551c410e,94361d262b794491,64,87.6,none,explicit
goal,scene_0023,directional,text_only,pi05,tokens,13,False,,320,False,False,,True,True,True,akita_black_bowl_1,True,plate_2,True,0.0287,,,,,plane,,,7c87d3955149614d,70f023e59d2f6567,ccce38ab566dec98,64,88.0,none,explicit
goal,scene_0024,directional,text_only,pi05,tokens,0,False,,320,False,False,,True,True,True,cream_cheese_1,True,akita_black_bowl_1,False,0.0125,,,,,plane,,,36587bf5d38ae872,28b466905526bdcb,1c56cfb4d8cb7ffe,64,86.5,none,explicit
goal,scene_0024,directional,text_only,pi05,tokens,1,False,,320,False,False,,True,True,True,cream_cheese_1,True,akita_black_bowl_1,False,0.0168,,,,,plane,,,36587bf5d38ae872,a828ac1e54a546f8,61a5515864acf2d8,64,85.5,none,explicit
goal,scene_0024,directional,text_only,pi05,tokens,2,False,,320,False,False,,True,True,True,cream_cheese_1,True,akita_black_bowl_1,False,0.018,,,,,plane,,,36587bf5d38ae872,10c293ec1bbefe61,f409d76f0307d025,64,87.3,none,explicit
goal,scene_0024,directional,text_only,pi05,tokens,3,False,,320,False,False,,True,True,True,cream_cheese_1,True,akita_black_bowl_1,False,0.0118,,,,,plane,,,36587bf5d38ae872,c67775d3aef81ee1,b7ae69883dd35c9f,64,87.3,none,explicit
goal,scene_0024,directional,text_only,pi05,tokens,4,False,,320,False,False,,True,True,True,cream_cheese_1,True,akita_black_bowl_1,False,0.0122,,,,,plane,,,36587bf5d38ae872,3941dca31978653a,180104aba18f7961,64,88.3,none,explicit
goal,scene_0024,directional,text_only,pi05,tokens,5,False,,320,False,False,,True,True,True,cream_cheese_1,True,akita_black_bowl_1,False,0.0174,,,,,plane,,,36587bf5d38ae872,3c33f27359394dd5,25104c56174fc5ef,64,87.5,none,explicit
goal,scene_0024,directional,text_only,pi05,tokens,6,False,,320,False,False,,True,True,True,cream_cheese_1,True,akita_black_bowl_1,False,0.0162,,,,,plane,,,36587bf5d38ae872,934fe1351a318d92,7babc70a50bfe93d,64,87.6,none,explicit
goal,scene_0024,directional,text_only,pi05,tokens,7,False,,320,False,False,,True,True,True,cream_cheese_1,True,akita_black_bowl_1,False,0.0167,,,,,plane,,,36587bf5d38ae872,3460da5a2ed72f51,485e8cee8a32aeb7,64,88.2,none,explicit
goal,scene_0024,directional,text_only,pi05,tokens,8,False,,320,False,False,,True,True,True,cream_cheese_1,True,akita_black_bowl_1,False,0.024,,,,,plane,,,36587bf5d38ae872,726f8cc3db51c11f,26bd5227d52d049e,64,86.7,none,explicit
goal,scene_0024,directional,text_only,pi05,tokens,9,False,,320,False,False,,True,True,True,cream_cheese_1,True,akita_black_bowl_1,False,0.0096,,,,,plane,,,36587bf5d38ae872,e8d5190d3668858d,46b8227429038a22,64,86.1,none,explicit
goal,scene_0024,directional,text_only,pi05,tokens,10,False,,320,False,False,,True,True,True,cream_cheese_1,True,akita_black_bowl_1,False,0.0029,,,,,plane,,,36587bf5d38ae872,8902407aa189d772,8b3ed191d668a6ca,64,87.8,none,explicit
goal,scene_0024,directional,text_only,pi05,tokens,11,False,,320,False,False,,True,True,True,cream_cheese_1,True,akita_black_bowl_1,False,0.0201,,,,,plane,,,36587bf5d38ae872,6dd8d186294be612,c6798352fbd6d26a,64,88.6,none,explicit
goal,scene_0024,directional,text_only,pi05,tokens,12,False,,320,False,False,,True,True,True,cream_cheese_1,True,akita_black_bowl_1,False,0.0009,,,,,plane,,,36587bf5d38ae872,df14dea7d03e88d6,2f359b356df29263,64,86.8,none,explicit
goal,scene_0024,directional,text_only,pi05,tokens,13,False,,320,False,False,,True,True,True,cream_cheese_1,True,akita_black_bowl_1,False,0.0151,,,,,plane,,,36587bf5d38ae872,a0dba5c2f88cd5fa,12e6e87d9e5d6e68,64,87.5,none,explicit
goal,scene_0025,directional,text_only,pi05,tokens,0,False,,320,False,False,,True,True,True,akita_black_bowl_1,True,plate_1,False,0.0047,,,,,plane,,,027f37f8891d24e6,fe8dbea0a2603fbb,5f72b87bfced95fd,64,86.9,none,explicit
goal,scene_0025,directional,text_only,pi05,tokens,1,False,,320,False,False,,True,True,True,akita_black_bowl_1,True,plate_1,False,0.0024,,,,,plane,,,027f37f8891d24e6,6afcfff3bd4ccca1,7d04b432cb641c58,64,87.7,none,explicit
goal,scene_0025,directional,text_only,pi05,tokens,2,False,,320,False,False,,True,True,True,akita_black_bowl_1,True,plate_1,False,0.0074,,,,,plane,,,027f37f8891d24e6,a47383c0a29ee033,3ace9726a32ea1e6,64,87.9,none,explicit
goal,scene_0025,directional,text_only,pi05,tokens,3,False,,320,False,False,,True,True,True,akita_black_bowl_1,True,plate_1,False,0.0088,,,,,plane,,,027f37f8891d24e6,167ba61cec27fb55,a54d0704bad92713,64,87.2,none,explicit
goal,scene_0025,directional,text_only,pi05,tokens,4,False,,320,False,False,,True,True,True,akita_black_bowl_1,True,plate_1,False,0.0086,,,,,plane,,,027f37f8891d24e6,879776f1c73b8726,63f0f0d69a7449c3,64,87.7,none,explicit
goal,scene_0025,directional,text_only,pi05,tokens,5,False,,320,False,False,,True,True,True,akita_black_bowl_1,True,plate_1,False,0.0066,,,,,plane,,,027f37f8891d24e6,aec3be30259f75d4,d82f92a52bea04ce,64,88.8,none,explicit
goal,scene_0025,directional,text_only,pi05,tokens,6,False,,320,False,False,,True,True,True,akita_black_bowl_1,True,plate_1,False,0.0027,,,,,plane,,,027f37f8891d24e6,4da4fe2f462591d2,c3750e44e217941c,64,87.2,none,explicit
goal,scene_0025,directional,text_only,pi05,tokens,7,False,,320,False,False,,True,True,True,akita_black_bowl_1,True,plate_1,False,0.0067,,,,,plane,,,027f37f8891d24e6,35e5f59e03905b0d,b7129ffb2e93748d,64,86.9,none,explicit
goal,scene_0025,directional,text_only,pi05,tokens,8,False,,320,False,False,,True,True,True,akita_black_bowl_1,True,plate_1,False,0.0062,,,,,plane,,,027f37f8891d24e6,5835d674252fa07c,9d3d861079837e92,64,86.3,none,explicit
goal,scene_0025,directional,text_only,pi05,tokens,9,False,,320,False,False,,True,True,True,akita_black_bowl_1,True,plate_1,False,0.0081,,,,,plane,,,027f37f8891d24e6,371a68cef8051001,c6bfe17f1c06844e,64,88.2,none,explicit
goal,scene_0025,directional,text_only,pi05,tokens,10,False,,320,False,False,,True,True,True,akita_black_bowl_1,True,plate_1,False,0.0045,,,,,plane,,,027f37f8891d24e6,f3d31c0352f3621d,de3a4f5b4d2b4905,64,88.8,none,explicit
goal,scene_0025,directional,text_only,pi05,tokens,11,False,,320,False,False,,True,True,True,akita_black_bowl_1,True,plate_1,False,0.0074,,,,,plane,,,027f37f8891d24e6,86b43436ca69b668,fb875520ac23e648,64,88.7,none,explicit
goal,scene_0025,directional,text_only,pi05,tokens,12,False,,320,False,False,,True,True,True,akita_black_bowl_1,True,plate_1,False,0.015,,,,,plane,,,027f37f8891d24e6,a4d654fc5b242cbb,531a41f9b82bd947,64,87.0,none,explicit
goal,scene_0025,directional,text_only,pi05,tokens,13,False,,320,False,False,,True,True,True,akita_black_bowl_1,True,plate_1,False,0.0131,,,,,plane,,,027f37f8891d24e6,2d9d2f3fce563fc5,597bc3b4ac908585,64,88.0,none,explicit
goal,scene_0026,both,text_only,pi05,tokens,0,False,,320,False,False,,True,True,True,akita_black_bowl_1,True,plate_1,False,0.0098,,,,,plane,,,5ffa2d92d0ac4eda,532433ae9436568b,42ef3d7900f4c4e0,64,86.7,none,explicit
goal,scene_0026,both,text_only,pi05,tokens,1,False,,320,False,False,,True,True,True,akita_black_bowl_1,True,plate_1,False,0.022,,,,,plane,,,5ffa2d92d0ac4eda,ec7619f806527e6c,4e4bbcd9f0dea5cf,64,87.2,none,explicit
goal,scene_0026,both,text_only,pi05,tokens,2,False,,320,False,False,,True,True,True,akita_black_bowl_1,True,plate_1,False,0.0047,,,,,plane,,,5ffa2d92d0ac4eda,eef9dad05b071bac,a7156ee7913d33d0,64,86.8,none,explicit
goal,scene_0026,both,text_only,pi05,tokens,3,False,,320,False,False,,True,True,True,akita_black_bowl_1,True,plate_1,False,0.0152,,,,,plane,,,5ffa2d92d0ac4eda,dd6ad1b62d6922e6,6e2a36e2ed1b0ed8,64,86.6,none,explicit
goal,scene_0026,both,text_only,pi05,tokens,4,False,,320,False,False,,True,True,True,akita_black_bowl_1,True,plate_1,False,0.0027,,,,,plane,,,5ffa2d92d0ac4eda,0c17d2a0f919b912,39e92fad1a5f5d70,64,86.9,none,explicit
goal,scene_0026,both,text_only,pi05,tokens,5,False,,320,False,False,,True,True,True,akita_black_bowl_1,True,plate_1,False,0.0206,,,,,plane,,,5ffa2d92d0ac4eda,a93e324885044360,1db7288f742958ef,64,87.0,none,explicit
goal,scene_0026,both,text_only,pi05,tokens,6,False,,320,False,False,,True,True,True,akita_black_bowl_1,True,plate_1,False,0.0135,,,,,plane,,,5ffa2d92d0ac4eda,f92bf8723ca6d46a,5e923a5cab3a3140,64,86.2,none,explicit
goal,scene_0026,both,text_only,pi05,tokens,7,False,,320,False,False,,True,True,True,akita_black_bowl_1,True,plate_1,False,0.0126,,,,,plane,,,5ffa2d92d0ac4eda,1d26987cc18aa021,4f402ea913943f71,64,86.8,none,explicit
goal,scene_0026,both,text_only,pi05,tokens,8,False,,320,False,False,,True,True,True,akita_black_bowl_1,True,plate_1,False,0.0188,,,,,plane,,,5ffa2d92d0ac4eda,d9824791c7f5cd49,28b1dd73a6bb1e97,64,86.1,none,explicit
goal,scene_0026,both,text_only,pi05,tokens,9,False,,320,False,False,,True,True,True,akita_black_bowl_1,True,plate_1,False,0.0207,,,,,plane,,,5ffa2d92d0ac4eda,1322aed3e0137ee4,f67a924ef849f6f5,64,86.0,none,explicit
goal,scene_0026,both,text_only,pi05,tokens,10,False,,320,False,False,,True,True,True,akita_black_bowl_1,True,plate_1,False,0.0023,,,,,plane,,,5ffa2d92d0ac4eda,a7588bde47391d49,dd959b4f4ab413c8,64,87.5,none,explicit
goal,scene_0026,both,text_only,pi05,tokens,11,False,,320,False,False,,True,True,True,akita_black_bowl_1,True,plate_1,False,0.0077,,,,,plane,,,5ffa2d92d0ac4eda,fa48ffe715e328f6,b5f49e0da79937fd,64,85.8,none,explicit
goal,scene_0026,both,text_only,pi05,tokens,12,False,,320,False,False,,True,True,True,akita_black_bowl_1,True,plate_1,False,0.0084,,,,,plane,,,5ffa2d92d0ac4eda,e973114ca469f62c,f2f410fcd2530ca9,64,85.5,none,explicit
goal,scene_0026,both,text_only,pi05,tokens,13,False,,320,False,False,,True,True,True,akita_black_bowl_1,True,plate_1,False,0.0119,,,,,plane,,,5ffa2d92d0ac4eda,dd9f9c62a431f95e,4f33c3b02d1a0276,64,86.5,none,explicit
goal,scene_0027,both,text_only,pi05,tokens,0,False,,320,False,False,,True,True,True,akita_black_bowl_1,True,plate_1,False,0.0053,,,,,plane,,,0fb2fe53ffb358f0,1042dd61bde91990,6cc53969dac679cc,64,87.5,none,explicit
goal,scene_0027,both,text_only,pi05,tokens,1,False,,320,False,False,,True,True,True,akita_black_bowl_1,True,plate_1,False,0.0073,,,,,plane,,,0fb2fe53ffb358f0,182a9cdc6f3e0edc,085f6a34d0d563b8,64,86.1,none,explicit
goal,scene_0027,both,text_only,pi05,tokens,2,False,,320,False,False,,True,True,True,akita_black_bowl_1,True,plate_1,False,0.0028,,,,,plane,,,0fb2fe53ffb358f0,f7d64fb2beff591d,6d4dc014da7386f6,64,87.1,none,explicit
goal,scene_0027,both,text_only,pi05,tokens,3,False,,320,False,False,,True,True,True,akita_black_bowl_1,True,plate_1,False,0.0076,,,,,plane,,,0fb2fe53ffb358f0,4a413d73d548f894,eca31657e6fcacde,64,87.1,none,explicit
goal,scene_0027,both,text_only,pi05,tokens,4,False,,320,False,False,,True,True,True,akita_black_bowl_1,True,plate_1,False,0.007,,,,,plane,,,0fb2fe53ffb358f0,83b53bedfbd6675a,121a17f27a5c707c,64,86.9,none,explicit
goal,scene_0027,both,text_only,pi05,tokens,5,False,,320,False,False,,True,True,True,akita_black_bowl_1,True,plate_1,False,0.0093,,,,,plane,,,0fb2fe53ffb358f0,39005c7115d295e0,86384ab3e0a68664,64,86.7,none,explicit
goal,scene_0027,both,text_only,pi05,tokens,6,False,,320,False,False,,True,True,True,akita_black_bowl_1,True,plate_1,False,0.0065,,,,,plane,,,0fb2fe53ffb358f0,d243f33dd98c5bf9,98c1949d5d7a3b0d,64,86.5,none,explicit
goal,scene_0027,both,text_only,pi05,tokens,7,False,,320,False,False,,True,True,True,akita_black_bowl_1,True,plate_1,False,0.004,,,,,plane,,,0fb2fe53ffb358f0,4307b14e9425770f,15c30ae28f9592ab,64,86.6,none,explicit
goal,scene_0027,both,text_only,pi05,tokens,8,False,,320,False,False,,True,True,True,akita_black_bowl_1,True,plate_1,False,0.0095,,,,,plane,,,0fb2fe53ffb358f0,f2166ba7d86768ce,6c3ab0be5d06608f,64,86.0,none,explicit
goal,scene_0027,both,text_only,pi05,tokens,9,False,,320,False,False,,True,True,True,akita_black_bowl_1,True,plate_1,False,0.0065,,,,,plane,,,0fb2fe53ffb358f0,3facfd6c2217babb,52755645c88e6db2,64,87.8,none,explicit
goal,scene_0027,both,text_only,pi05,tokens,10,False,,320,False,False,,True,True,True,akita_black_bowl_1,True,plate_1,False,0.0065,,,,,plane,,,0fb2fe53ffb358f0,e18ba1bb6125f31c,d2b9cb61eba37f12,64,86.6,none,explicit
goal,scene_0027,both,text_only,pi05,tokens,11,False,,320,False,False,,True,True,True,akita_black_bowl_1,True,plate_1,False,0.013,,,,,plane,,,0fb2fe53ffb358f0,ae341170e94ff26b,65e213177d1073bc,64,85.3,none,explicit
goal,scene_0027,both,text_only,pi05,tokens,12,False,,320,False,False,,True,True,True,akita_black_bowl_1,True,plate_1,False,0.0066,,,,,plane,,,0fb2fe53ffb358f0,b7f0ef4ea288a002,da6f7115fc0ac4cc,64,86.5,none,explicit
goal,scene_0027,both,text_only,pi05,tokens,13,False,,320,False,False,,True,True,True,akita_black_bowl_1,True,plate_1,False,0.0067,,,,,plane,,,0fb2fe53ffb358f0,f4f6733e18b18276,7bba95598895e905,64,86.4,none,explicit
goal,scene_0028,both,text_only,pi05,tokens,0,False,,320,False,False,,True,True,True,akita_black_bowl_1,True,plate_1,False,0.009,,,,,plane,,,c53df11f6d3c9ced,c06d8eaaa6c2142a,d7bc6a12568fd446,64,88.1,none,explicit
goal,scene_0028,both,text_only,pi05,tokens,1,False,,320,False,False,,True,True,True,akita_black_bowl_1,True,plate_1,False,0.0058,,,,,plane,,,c53df11f6d3c9ced,143fdf6169f716d5,957086f89785c329,64,86.9,none,explicit
goal,scene_0028,both,text_only,pi05,tokens,2,False,,320,False,False,,True,True,True,akita_black_bowl_1,True,plate_1,False,0.0107,,,,,plane,,,c53df11f6d3c9ced,6a8452351a2892cf,fd2142ff8e027e50,64,86.9,none,explicit
goal,scene_0028,both,text_only,pi05,tokens,3,False,,320,False,False,,True,True,True,akita_black_bowl_1,True,plate_1,False,0.0068,,,,,plane,,,c53df11f6d3c9ced,82d67b9d57e007fa,a0847a4818d8b4c5,64,87.5,none,explicit
goal,scene_0028,both,text_only,pi05,tokens,4,False,,320,False,False,,True,True,True,akita_black_bowl_1,True,plate_1,False,0.0098,,,,,plane,,,c53df11f6d3c9ced,513f536195296716,c7485b72e35b9148,64,86.6,none,explicit
goal,scene_0028,both,text_only,pi05,tokens,5,False,,320,False,False,,True,True,True,akita_black_bowl_1,True,plate_1,False,0.0107,,,,,plane,,,c53df11f6d3c9ced,176a298be05ee2ef,a8583e8afae51405,64,86.7,none,explicit
goal,scene_0028,both,text_only,pi05,tokens,6,False,,320,False,False,,True,True,True,akita_black_bowl_1,True,plate_1,False,0.0097,,,,,plane,,,c53df11f6d3c9ced,6491f072af512bd2,808afe2ceae33379,64,86.8,none,explicit
goal,scene_0028,both,text_only,pi05,tokens,7,False,,320,False,False,,True,True,True,akita_black_bowl_1,True,plate_1,False,0.0074,,,,,plane,,,c53df11f6d3c9ced,e950c26f70ebb3ff,f1989c98e0f2b52e,64,86.9,none,explicit
goal,scene_0028,both,text_only,pi05,tokens,8,False,,320,False,False,,True,True,True,akita_black_bowl_1,True,plate_1,False,0.0074,,,,,plane,,,c53df11f6d3c9ced,df092669f9404191,31834373f53ce3c4,64,87.9,none,explicit
goal,scene_0028,both,text_only,pi05,tokens,9,False,,320,False,False,,True,True,True,akita_black_bowl_1,True,plate_1,False,0.0005,,,,,plane,,,c53df11f6d3c9ced,134d228b0aa42b9e,cfdabc8ca34b579e,64,87.5,none,explicit
goal,scene_0028,both,text_only,pi05,tokens,10,False,,320,False,False,,True,True,True,akita_black_bowl_1,True,plate_1,False,0.0117,,,,,plane,,,c53df11f6d3c9ced,bfa74523520c705a,eadc9d9d551d80dd,64,86.7,none,explicit
goal,scene_0028,both,text_only,pi05,tokens,11,False,,320,False,False,,True,True,True,akita_black_bowl_1,True,plate_1,False,0.0066,,,,,plane,,,c53df11f6d3c9ced,dcd7076fff4bcf1f,6b5bc7aa2ed02d27,64,86.6,none,explicit
goal,scene_0028,both,text_only,pi05,tokens,12,False,,320,False,False,,True,True,True,akita_black_bowl_1,True,plate_1,False,0.0117,,,,,plane,,,c53df11f6d3c9ced,1943e8037fc78c4c,aa00316be426d865,64,87.6,none,explicit
goal,scene_0028,both,text_only,pi05,tokens,13,False,,320,False,False,,True,True,True,akita_black_bowl_1,True,plate_1,False,0.0076,,,,,plane,,,c53df11f6d3c9ced,335554f9f0220816,c5d15bab9ed15fde,64,86.9,none,explicit
goal,scene_0029,both,text_only,pi05,tokens,0,False,,320,False,False,,True,True,True,cream_cheese_2,False,,False,0.1659,,,,,plane,,,0f55347ce35c94f9,819a36fa3363285a,fea2c8f6f9b660a5,64,87.0,none,explicit
goal,scene_0029,both,text_only,pi05,tokens,1,False,,320,False,False,,True,True,True,cream_cheese_2,False,,False,0.1318,,,,,plane,,,0f55347ce35c94f9,1046492869747c52,208b5f590dc11081,64,88.9,none,explicit
goal,scene_0029,both,text_only,pi05,tokens,2,False,,320,True,True,107,True,True,True,cream_cheese_1,True,akita_black_bowl_1,True,0.001,,,,,plane,,,0f55347ce35c94f9,340f0e03d8c5ac2e,9e7d6c159e628067,64,88.5,none,explicit
goal,scene_0029,both,text_only,pi05,tokens,3,False,,320,False,False,,True,True,True,cream_cheese_2,False,,False,0.1364,,,,,plane,,,0f55347ce35c94f9,37a9961ce7ebda6c,b6aaac1ef03fb9de,64,89.7,none,explicit
goal,scene_0029,both,text_only,pi05,tokens,4,False,,320,True,True,102,True,True,True,cream_cheese_1,True,akita_black_bowl_1,True,0.0177,,,,,plane,,,0f55347ce35c94f9,ddaab7ce13d56746,e669daa04439bafa,64,88.8,none,explicit
goal,scene_0029,both,text_only,pi05,tokens,5,False,,320,False,False,,True,True,True,cream_cheese_2,False,,False,0.1512,,,,,plane,,,0f55347ce35c94f9,d04da59b2155313b,f9acd85d71882da5,64,88.7,none,explicit
goal,scene_0029,both,text_only,pi05,tokens,6,False,,320,True,True,107,True,True,True,cream_cheese_1,True,akita_black_bowl_1,True,0.0125,,,,,plane,,,0f55347ce35c94f9,5998059115c98f72,7ee1818c14c02c2a,64,88.0,none,explicit
goal,scene_0029,both,text_only,pi05,tokens,7,False,,320,False,False,,True,True,True,cream_cheese_2,False,akita_black_bowl_1,True,0.0229,,,,,plane,,,0f55347ce35c94f9,d15142eb491f0ec3,0ff8c4c811635e21,64,87.8,none,explicit
goal,scene_0029,both,text_only,pi05,tokens,8,False,,320,False,False,,True,True,True,cream_cheese_2,False,,False,0.1294,,,,,plane,,,0f55347ce35c94f9,674bfb853f49e1d5,842d2f6492e051d8,64,87.0,none,explicit
goal,scene_0029,both,text_only,pi05,tokens,9,False,,320,False,False,,True,True,True,cream_cheese_2,False,,False,0.1855,,,,,plane,,,0f55347ce35c94f9,0c07cb979e3b6f20,5c2ef36cc38291e5,64,86.6,none,explicit
goal,scene_0029,both,text_only,pi05,tokens,10,False,,320,True,True,118,True,True,True,cream_cheese_1,True,akita_black_bowl_1,True,0.0106,,,,,plane,,,0f55347ce35c94f9,1e6309cfecb2060f,59050ca5caedd07c,64,86.7,none,explicit
goal,scene_0029,both,text_only,pi05,tokens,11,False,,320,False,False,,True,True,True,cream_cheese_2,False,,False,0.1349,,,,,plane,,,0f55347ce35c94f9,a8ea0aeb2ef3a1bb,3e9eea66da34f4f8,64,87.8,none,explicit
goal,scene_0029,both,text_only,pi05,tokens,12,False,,320,True,True,256,True,True,True,cream_cheese_2,False,akita_black_bowl_1,True,0.0746,,,,,plane,,,0f55347ce35c94f9,33c70f200af575e3,02035cac8cd79588,64,88.3,none,explicit
goal,scene_0029,both,text_only,pi05,tokens,13,False,,320,False,False,,True,True,True,cream_cheese_2,False,,False,0.1368,,,,,plane,,,0f55347ce35c94f9,6e14d929a8574c28,683a7002d56c9854,64,87.9,none,explicit
goal,scene_0030,both,text_only,pi05,tokens,0,False,,320,False,False,,True,True,True,cream_cheese_1,True,akita_black_bowl_1,False,0.0012,,,,,plane,,,33bdd956db104343,559b53111e677f4e,2842ad5b45f47671,64,86.6,none,explicit
goal,scene_0030,both,text_only,pi05,tokens,1,False,,320,False,False,,True,True,True,cream_cheese_1,True,akita_black_bowl_1,False,0.0018,,,,,plane,,,33bdd956db104343,313a625dcef0b53d,0e021fda468f7bdc,64,87.1,none,explicit
goal,scene_0030,both,text_only,pi05,tokens,2,False,,320,False,False,,True,True,True,cream_cheese_1,True,akita_black_bowl_1,False,0.0022,,,,,plane,,,33bdd956db104343,ad8202352fe0788f,d3832b62381ea993,64,87.3,none,explicit
goal,scene_0030,both,text_only,pi05,tokens,3,False,,320,False,False,,True,True,True,cream_cheese_1,True,akita_black_bowl_1,False,0.001,,,,,plane,,,33bdd956db104343,271ac03d6a7e61ae,b72354c2e1e60534,64,86.1,none,explicit
goal,scene_0030,both,text_only,pi05,tokens,4,False,,320,False,False,,True,True,True,cream_cheese_1,True,akita_black_bowl_1,False,0.0007,,,,,plane,,,33bdd956db104343,31b6a7353f04216f,15596ccc08e0bf4f,64,87.2,none,explicit
goal,scene_0030,both,text_only,pi05,tokens,5,False,,320,False,False,,True,True,True,cream_cheese_1,True,akita_black_bowl_1,False,0.0111,,,,,plane,,,33bdd956db104343,a2b04b45460943ea,651b9529ae10148f,64,86.6,none,explicit
goal,scene_0030,both,text_only,pi05,tokens,6,False,,320,False,False,,True,True,True,cream_cheese_1,True,akita_black_bowl_1,False,0.0084,,,,,plane,,,33bdd956db104343,2af27ba3cbc248e9,db13782df2fcb1f1,64,86.3,none,explicit
goal,scene_0030,both,text_only,pi05,tokens,7,False,,320,False,False,,True,True,True,cream_cheese_1,True,akita_black_bowl_1,False,0.0011,,,,,plane,,,33bdd956db104343,615f7f9c4e2627ac,115c46758a3b7962,64,86.0,none,explicit
goal,scene_0030,both,text_only,pi05,tokens,8,False,,320,False,False,,True,True,True,cream_cheese_1,True,akita_black_bowl_1,False,0.0112,,,,,plane,,,33bdd956db104343,e1cf3e4c610b0720,056dea6d0b5677da,64,86.7,none,explicit
goal,scene_0030,both,text_only,pi05,tokens,9,False,,320,False,False,,True,True,True,cream_cheese_1,True,akita_black_bowl_1,False,0.0064,,,,,plane,,,33bdd956db104343,4c7868c339b55d82,15316c1444e91891,64,86.1,none,explicit
goal,scene_0030,both,text_only,pi05,tokens,10,False,,320,False,False,,True,True,True,cream_cheese_1,True,akita_black_bowl_1,False,0.0091,,,,,plane,,,33bdd956db104343,ba70234064cb26e6,a3cd4c29e1828079,64,85.3,none,explicit
goal,scene_0030,both,text_only,pi05,tokens,11,False,,320,False,False,,True,True,True,cream_cheese_1,True,akita_black_bowl_1,False,0.0013,,,,,plane,,,33bdd956db104343,5e49fc4902636857,c9394f51ce7ebf4f,64,86.3,none,explicit
goal,scene_0030,both,text_only,pi05,tokens,12,False,,320,False,False,,True,True,True,cream_cheese_1,True,akita_black_bowl_1,False,0.0166,,,,,plane,,,33bdd956db104343,f254b275d7faf9ca,b69d7146f7407a41,64,85.5,none,explicit
goal,scene_0030,both,text_only,pi05,tokens,13,False,,320,False,False,,True,True,True,cream_cheese_1,True,akita_black_bowl_1,False,0.0113,,,,,plane,,,33bdd956db104343,21a5cf363a112c76,c571eac973720d3e,64,87.2,none,explicit
goal,scene_0031,both,text_only,pi05,tokens,0,False,,320,False,False,,True,True,True,cream_cheese_1,True,akita_black_bowl_1,False,0.0035,,,,,plane,,,5c841e6a34970cf2,8a4a1badf3c64e11,fd035253e0abbfee,64,86.5,none,explicit
goal,scene_0031,both,text_only,pi05,tokens,1,False,,320,False,False,,True,True,True,cream_cheese_1,True,akita_black_bowl_1,False,0.001,,,,,plane,,,5c841e6a34970cf2,7fc421f7ad0c1f3c,23c3b84ef7fa5b7c,64,87.0,none,explicit
goal,scene_0031,both,text_only,pi05,tokens,2,False,,320,False,False,,True,True,True,cream_cheese_1,True,akita_black_bowl_1,False,0.0109,,,,,plane,,,5c841e6a34970cf2,4d426d96d5aeed87,38c1d7d7938eb837,64,86.3,none,explicit
goal,scene_0031,both,text_only,pi05,tokens,3,False,,320,False,False,,True,True,True,cream_cheese_1,True,akita_black_bowl_1,False,0.0011,,,,,plane,,,5c841e6a34970cf2,2b888e5874a0a9cb,38c0853cd29f4ca4,64,86.6,none,explicit
goal,scene_0031,both,text_only,pi05,tokens,4,False,,320,False,False,,True,True,True,cream_cheese_1,True,akita_black_bowl_1,False,0.0013,,,,,plane,,,5c841e6a34970cf2,cb10528b521a38d0,44755507d92e465f,64,85.8,none,explicit
goal,scene_0031,both,text_only,pi05,tokens,5,False,,320,False,False,,True,True,True,cream_cheese_1,True,akita_black_bowl_1,False,0.0082,,,,,plane,,,5c841e6a34970cf2,5671ac3b03181ff2,dab33e36607f48cb,64,86.7,none,explicit
goal,scene_0031,both,text_only,pi05,tokens,6,False,,320,False,False,,True,True,True,cream_cheese_1,True,akita_black_bowl_1,False,0.0006,,,,,plane,,,5c841e6a34970cf2,ff4c7a963def66af,eb6d18c3c9316524,64,85.5,none,explicit
goal,scene_0031,both,text_only,pi05,tokens,7,False,,320,False,False,,True,True,True,cream_cheese_1,True,akita_black_bowl_1,False,0.0085,,,,,plane,,,5c841e6a34970cf2,25750a70f0def199,695eb0e9ae26e8a3,64,87.8,none,explicit
goal,scene_0031,both,text_only,pi05,tokens,8,False,,320,False,False,,True,True,True,cream_cheese_1,True,akita_black_bowl_1,False,0.0104,,,,,plane,,,5c841e6a34970cf2,e6b21c81f27fdffb,0b79216fcb3fca8e,64,88.1,none,explicit
goal,scene_0031,both,text_only,pi05,tokens,9,False,,320,False,False,,True,True,True,cream_cheese_1,True,akita_black_bowl_1,False,0.0017,,,,,plane,,,5c841e6a34970cf2,e6c8fb97023a5654,5d80a3d0e97fa175,64,88.9,none,explicit
goal,scene_0031,both,text_only,pi05,tokens,10,False,,320,False,False,,True,True,True,cream_cheese_1,True,akita_black_bowl_1,False,0.0009,,,,,plane,,,5c841e6a34970cf2,5102fbf32abcd6da,895b23eb0dbe812f,64,89.5,none,explicit
goal,scene_0031,both,text_only,pi05,tokens,11,False,,320,False,False,,True,True,True,cream_cheese_1,True,akita_black_bowl_1,False,0.0016,,,,,plane,,,5c841e6a34970cf2,305052e66d8ea356,452587840b6305b0,64,87.3,none,explicit
goal,scene_0031,both,text_only,pi05,tokens,12,False,,320,False,False,,True,True,True,cream_cheese_1,True,akita_black_bowl_1,False,0.0061,,,,,plane,,,5c841e6a34970cf2,1b82266fc6631fe9,bc726887c031c1f2,64,87.1,none,explicit
goal,scene_0031,both,text_only,pi05,tokens,13,False,,320,False,False,,True,True,True,cream_cheese_1,True,akita_black_bowl_1,False,0.0186,,,,,plane,,,5c841e6a34970cf2,1e561ae313143fc3,d4b45710fe3cbcb6,64,85.8,none,explicit
goal,scene_0032,both,text_only,pi05,tokens,0,False,,320,True,True,76,True,True,True,akita_black_bowl_1,True,plate_1,True,0.0129,,,,,plane,,,3c1789b92a9a175a,4912b27515d55057,2cfe1ff76940c424,64,88.0,none,explicit
goal,scene_0032,both,text_only,pi05,tokens,1,False,,320,True,True,73,True,True,True,akita_black_bowl_1,True,plate_1,True,0.0039,,,,,plane,,,3c1789b92a9a175a,6e26da5001423ccf,c89830be52f01911,64,87.7,none,explicit
goal,scene_0032,both,text_only,pi05,tokens,2,False,,320,True,True,79,True,True,True,akita_black_bowl_1,True,plate_1,True,0.0112,,,,,plane,,,3c1789b92a9a175a,f22149b80d7d3c96,d3dde2ad664b29be,64,86.7,none,explicit
goal,scene_0032,both,text_only,pi05,tokens,3,False,,320,True,True,76,True,True,True,akita_black_bowl_1,True,plate_1,True,0.0064,,,,,plane,,,3c1789b92a9a175a,6262f2e1fccd59e9,a4462ec42364de19,64,86.5,none,explicit
goal,scene_0032,both,text_only,pi05,tokens,4,False,,320,True,True,78,True,True,True,akita_black_bowl_1,True,plate_1,True,0.002,,,,,plane,,,3c1789b92a9a175a,49c01f6f1aba68ba,e4f6d23cb520851d,64,87.1,none,explicit
goal,scene_0032,both,text_only,pi05,tokens,5,False,,320,True,True,73,True,True,True,akita_black_bowl_1,True,plate_1,True,0.0047,,,,,plane,,,3c1789b92a9a175a,7f0a946cfe0bbd15,59ffc20f564b2616,64,89.7,none,explicit
goal,scene_0032,both,text_only,pi05,tokens,6,False,,320,True,True,72,True,True,True,akita_black_bowl_1,True,plate_1,True,0.007,,,,,plane,,,3c1789b92a9a175a,e918f448be8aa559,3eb19e2eaaa797b7,64,90.2,none,explicit
goal,scene_0032,both,text_only,pi05,tokens,7,False,,320,True,True,77,True,True,True,akita_black_bowl_1,True,plate_1,True,0.008,,,,,plane,,,3c1789b92a9a175a,5ce7c357cba7c061,e29f3d989cf927e2,64,88.5,none,explicit
goal,scene_0032,both,text_only,pi05,tokens,8,False,,320,True,True,79,True,True,True,akita_black_bowl_1,True,plate_1,True,0.0064,,,,,plane,,,3c1789b92a9a175a,1f32e3a93b7d8a74,e30fd70d1d1651db,64,91.4,none,explicit
goal,scene_0032,both,text_only,pi05,tokens,9,False,,320,True,True,78,True,True,True,akita_black_bowl_1,True,plate_1,True,0.0035,,,,,plane,,,3c1789b92a9a175a,c661df74cdef2db6,d1a2d62024e5c6f7,64,89.5,none,explicit
goal,scene_0032,both,text_only,pi05,tokens,10,False,,320,True,True,81,True,True,True,akita_black_bowl_1,True,plate_1,True,0.0084,,,,,plane,,,3c1789b92a9a175a,9b27c97d82d3bc2f,aca9c6a693fb7754,64,91.7,none,explicit
goal,scene_0032,both,text_only,pi05,tokens,11,False,,320,True,True,80,True,True,True,akita_black_bowl_1,True,plate_1,True,0.0035,,,,,plane,,,3c1789b92a9a175a,7d8a8745176f7944,ac86bb723c340c07,64,90.4,none,explicit
goal,scene_0032,both,text_only,pi05,tokens,12,False,,320,True,True,80,True,True,True,akita_black_bowl_1,True,plate_1,True,0.0083,,,,,plane,,,3c1789b92a9a175a,54b99b2c2a566951,175a110f5da96db4,64,90.1,none,explicit
goal,scene_0032,both,text_only,pi05,tokens,13,False,,320,True,True,80,True,True,True,akita_black_bowl_1,True,plate_1,True,0.001,,,,,plane,,,3c1789b92a9a175a,3a6dd34c3adfb249,691567a2d90ed686,64,88.9,none,explicit
goal,scene_0033,both,text_only,pi05,tokens,0,False,,320,False,False,,True,True,True,cream_cheese_1,True,akita_black_bowl_1,False,0.0009,,,,,plane,,,279ab1a55a89305e,39457d18ff95ae09,d0f7ffde1e252938,64,90.3,none,explicit
goal,scene_0033,both,text_only,pi05,tokens,1,False,,320,False,False,,True,True,True,cream_cheese_1,True,akita_black_bowl_1,False,0.0095,,,,,plane,,,279ab1a55a89305e,a4a96c62c286a1b6,5884095461685aa1,64,90.8,none,explicit
goal,scene_0033,both,text_only,pi05,tokens,2,False,,320,False,False,,True,True,True,cream_cheese_1,True,akita_black_bowl_1,False,0.0006,,,,,plane,,,279ab1a55a89305e,bb9eaf1a88dad5a5,4a45d1d578b9482f,64,91.0,none,explicit
goal,scene_0033,both,text_only,pi05,tokens,3,False,,320,False,False,,True,True,True,cream_cheese_1,True,akita_black_bowl_1,False,0.0008,,,,,plane,,,279ab1a55a89305e,6df2354b799c50a1,ab9241704fdbd9a1,64,90.6,none,explicit
goal,scene_0033,both,text_only,pi05,tokens,4,False,,320,False,False,,True,True,True,cream_cheese_1,True,akita_black_bowl_1,False,0.0131,,,,,plane,,,279ab1a55a89305e,6742b41e66baddb1,f80c090e270bc2cc,64,90.6,none,explicit
goal,scene_0033,both,text_only,pi05,tokens,5,False,,320,False,False,,True,True,True,cream_cheese_1,True,akita_black_bowl_1,False,0.002,,,,,plane,,,279ab1a55a89305e,12e54b484d12c567,7734e6075029de0f,64,89.8,none,explicit
goal,scene_0033,both,text_only,pi05,tokens,6,False,,320,False,False,,True,True,True,cream_cheese_1,True,akita_black_bowl_1,False,0.0005,,,,,plane,,,279ab1a55a89305e,2731bf8d55daf6ba,4ea5aa6af2e56791,64,91.2,none,explicit
goal,scene_0033,both,text_only,pi05,tokens,7,False,,320,False,False,,True,True,True,cream_cheese_1,True,akita_black_bowl_1,False,0.0019,,,,,plane,,,279ab1a55a89305e,e2b6a1d549b3bc27,7d5eb92f67fe4fc1,64,90.6,none,explicit
goal,scene_0033,both,text_only,pi05,tokens,8,False,,320,False,False,,True,True,True,cream_cheese_1,True,akita_black_bowl_1,False,0.0018,,,,,plane,,,279ab1a55a89305e,0e0bd5201b93380d,49df39b90caa8bba,64,90.1,none,explicit
goal,scene_0033,both,text_only,pi05,tokens,9,False,,320,False,False,,True,True,True,cream_cheese_1,True,akita_black_bowl_1,False,0.0006,,,,,plane,,,279ab1a55a89305e,5282fbbce725639f,9fd85e4f9a5ef308,64,89.6,none,explicit
goal,scene_0033,both,text_only,pi05,tokens,10,False,,320,False,False,,True,True,True,cream_cheese_1,True,,False,0.1231,,,,,plane,,,279ab1a55a89305e,fffc42194a13e28f,5d2e7437c231825e,64,90.8,none,explicit
goal,scene_0033,both,text_only,pi05,tokens,11,False,,320,False,False,,True,True,True,cream_cheese_1,True,akita_black_bowl_1,False,0.0035,,,,,plane,,,279ab1a55a89305e,a2b6776d34c4696c,d99854ce19a2a6e6,64,91.0,none,explicit
goal,scene_0033,both,text_only,pi05,tokens,12,False,,320,False,False,,True,True,True,cream_cheese_1,True,akita_black_bowl_1,False,0.0097,,,,,plane,,,279ab1a55a89305e,842191476ed2ccf4,b9f9cc7b222f8fc2,64,90.7,none,explicit
goal,scene_0033,both,text_only,pi05,tokens,13,False,,320,False,False,,True,True,True,cream_cheese_1,True,akita_black_bowl_1,False,0.0098,,,,,plane,,,279ab1a55a89305e,5466a706e89a6dae,d5d1171054fa4cb5,64,92.0,none,explicit
goal,scene_0034,both,text_only,pi05,tokens,0,False,,320,True,True,71,True,True,True,akita_black_bowl_1,True,plate_1,True,0.0174,,,,,plane,,,f5a16e4edc475053,1cd54106525c5214,a5ff9f14dc8fd75e,64,86.7,none,explicit
goal,scene_0034,both,text_only,pi05,tokens,1,False,,320,True,True,70,True,True,True,akita_black_bowl_1,True,plate_1,True,0.0107,,,,,plane,,,f5a16e4edc475053,36c80b20546fea94,7321c183c6e232a0,64,87.0,none,explicit
goal,scene_0034,both,text_only,pi05,tokens,2,False,,320,True,True,70,True,True,True,akita_black_bowl_1,True,plate_1,True,0.0099,,,,,plane,,,f5a16e4edc475053,1f15126f24073d98,5dc51d737a6ddfaf,64,87.9,none,explicit
goal,scene_0034,both,text_only,pi05,tokens,3,False,,320,True,True,68,True,True,True,akita_black_bowl_1,True,plate_1,True,0.022,,,,,plane,,,f5a16e4edc475053,11b891a297273ae3,e0200c6acf2f4139,64,88.7,none,explicit
goal,scene_0034,both,text_only,pi05,tokens,4,False,,320,True,True,68,True,True,True,akita_black_bowl_1,True,plate_1,True,0.016,,,,,plane,,,f5a16e4edc475053,5f5fc00d0c2806c3,bd8f886c0d8d4498,64,88.0,none,explicit
goal,scene_0034,both,text_only,pi05,tokens,5,False,,320,False,True,69,True,True,True,akita_black_bowl_1,True,plate_1,True,0.0415,,,,,plane,,,f5a16e4edc475053,2984aa4b65be4e5a,784f87b6aa5ffacb,64,87.6,none,explicit
goal,scene_0034,both,text_only,pi05,tokens,6,False,,320,False,True,68,True,True,True,akita_black_bowl_1,True,plate_1,True,0.0317,,,,,plane,,,f5a16e4edc475053,54927ec39f4c94ad,eb506e935fa64dab,64,86.7,none,explicit
goal,scene_0034,both,text_only,pi05,tokens,7,False,,320,False,False,,True,True,True,akita_black_bowl_1,True,plate_1,True,0.0478,,,,,plane,,,f5a16e4edc475053,b0f7708bb139be2f,ee75812f93808709,64,87.1,none,explicit
goal,scene_0034,both,text_only,pi05,tokens,8,False,,320,False,False,,True,True,True,akita_black_bowl_1,True,plate_1,True,0.037,,,,,plane,,,f5a16e4edc475053,5336b0b4cc69feda,922ab202bbbe1081,64,87.7,none,explicit
goal,scene_0034,both,text_only,pi05,tokens,9,False,,320,True,True,72,True,True,True,akita_black_bowl_1,True,plate_1,True,0.0186,,,,,plane,,,f5a16e4edc475053,f1c6d54e8c25c195,5036f3ec77fb8e49,64,86.9,none,explicit
goal,scene_0034,both,text_only,pi05,tokens,10,False,,320,True,True,72,True,True,True,akita_black_bowl_1,True,plate_1,True,0.0178,,,,,plane,,,f5a16e4edc475053,ca29946d615d44c9,56a3c27f9889198e,64,87.0,none,explicit
goal,scene_0034,both,text_only,pi05,tokens,11,False,,320,True,True,72,True,True,True,akita_black_bowl_1,True,plate_1,True,0.0137,,,,,plane,,,f5a16e4edc475053,6ebf6b4a38ca70cb,bd05d5c21a118a20,64,87.0,none,explicit
goal,scene_0034,both,text_only,pi05,tokens,12,False,,320,True,True,76,True,True,True,akita_black_bowl_1,True,plate_1,True,0.0184,,,,,plane,,,f5a16e4edc475053,886cc32abce23512,048dd71d793a9f1c,64,87.5,none,explicit
goal,scene_0034,both,text_only,pi05,tokens,13,False,,320,True,True,108,True,True,True,akita_black_bowl_1,True,plate_1,True,0.0156,,,,,plane,,,f5a16e4edc475053,5c523b0921960496,d8bb244e50dcc9dd,64,86.5,none,explicit
goal,scene_0035,both,text_only,pi05,tokens,0,False,,320,False,False,,True,True,True,cream_cheese_1,True,akita_black_bowl_1,False,0.0005,,,,,plane,,,35e3cc72bfbf4e00,b8d54a72cfd88b3d,a30ecb405aef490c,64,86.8,none,explicit
goal,scene_0035,both,text_only,pi05,tokens,1,False,,320,False,False,,True,True,True,cream_cheese_1,True,akita_black_bowl_1,False,0.0035,,,,,plane,,,35e3cc72bfbf4e00,95f0fc0b7c3c133e,18a61bcd2b4b0f92,64,86.9,none,explicit
goal,scene_0035,both,text_only,pi05,tokens,2,False,,320,False,False,,True,True,True,cream_cheese_1,True,akita_black_bowl_1,False,0.0017,,,,,plane,,,35e3cc72bfbf4e00,a0aa0743d1bffb47,6eae33b2b3c00471,64,88.4,none,explicit
goal,scene_0035,both,text_only,pi05,tokens,3,False,,320,False,False,,True,True,True,cream_cheese_1,True,akita_black_bowl_1,False,0.0015,,,,,plane,,,35e3cc72bfbf4e00,4087ce977866f70a,0c309475f26e6a7d,64,85.9,none,explicit
goal,scene_0035,both,text_only,pi05,tokens,4,False,,320,False,False,,True,True,True,cream_cheese_1,True,akita_black_bowl_1,False,0.0022,,,,,plane,,,35e3cc72bfbf4e00,425594bca4e45284,e9626cd464ea41b2,64,89.8,none,explicit
goal,scene_0035,both,text_only,pi05,tokens,5,False,,320,False,False,,True,True,True,cream_cheese_1,True,akita_black_bowl_1,False,0.0035,,,,,plane,,,35e3cc72bfbf4e00,0630c12292b19be2,6f7c90db19f18507,64,86.5,none,explicit
goal,scene_0035,both,text_only,pi05,tokens,6,False,,320,False,False,,True,True,True,cream_cheese_1,True,akita_black_bowl_1,False,0.0154,,,,,plane,,,35e3cc72bfbf4e00,c95cf9b525c49612,284e546c7b306853,64,86.3,none,explicit
goal,scene_0035,both,text_only,pi05,tokens,7,False,,320,False,False,,True,True,True,cream_cheese_1,True,akita_black_bowl_1,False,0.0155,,,,,plane,,,35e3cc72bfbf4e00,809469e5301ca2a1,646676898a6af9c8,64,87.0,none,explicit
goal,scene_0035,both,text_only,pi05,tokens,8,False,,320,False,False,,True,True,True,cream_cheese_1,True,akita_black_bowl_1,False,0.0182,,,,,plane,,,35e3cc72bfbf4e00,f7c54c71fa89fc33,95b0b5e697408c50,64,86.2,none,explicit
goal,scene_0035,both,text_only,pi05,tokens,9,False,,320,False,False,,True,True,True,cream_cheese_1,True,akita_black_bowl_1,False,0.0069,,,,,plane,,,35e3cc72bfbf4e00,54adcc03a8706dd6,8988581963b7c90b,64,85.6,none,explicit
goal,scene_0035,both,text_only,pi05,tokens,10,False,,320,False,False,,True,True,True,cream_cheese_1,True,akita_black_bowl_1,False,0.0113,,,,,plane,,,35e3cc72bfbf4e00,a7f95ccec3822928,3d3e2919dc8fe984,64,87.1,none,explicit
goal,scene_0035,both,text_only,pi05,tokens,11,False,,320,False,False,,True,True,True,cream_cheese_1,True,akita_black_bowl_1,False,0.0103,,,,,plane,,,35e3cc72bfbf4e00,553a0d13248d5e54,dd0661852b3f32ad,64,86.5,none,explicit
goal,scene_0035,both,text_only,pi05,tokens,12,False,,320,False,False,,True,True,True,cream_cheese_1,True,akita_black_bowl_1,False,0.0082,,,,,plane,,,35e3cc72bfbf4e00,fbdfaf516b98e16c,f65fc524ca6b1f27,64,86.8,none,explicit
goal,scene_0035,both,text_only,pi05,tokens,13,False,,320,False,False,,True,True,True,cream_cheese_1,True,akita_black_bowl_1,False,0.0008,,,,,plane,,,35e3cc72bfbf4e00,86e7305e32e49650,a81546a1ef30232d,64,86.6,none,explicit
goal,scene_0036,both,text_only,pi05,tokens,0,False,,320,False,False,,True,True,True,akita_black_bowl_1,True,plate_1,False,0.0109,,,,,plane,,,6e37e267bebdecbd,913930ce124c3134,be16ca278bb792dc,64,85.9,none,explicit
goal,scene_0036,both,text_only,pi05,tokens,1,False,,320,False,False,,True,True,True,akita_black_bowl_1,True,plate_1,False,0.0025,,,,,plane,,,6e37e267bebdecbd,5fae39294aa21638,a362175afa7706d2,64,87.6,none,explicit
goal,scene_0036,both,text_only,pi05,tokens,2,False,,320,False,False,,True,True,True,akita_black_bowl_1,True,plate_1,False,0.0085,,,,,plane,,,6e37e267bebdecbd,5d4622e7d82c0439,38ea7f10635c4ab8,64,87.1,none,explicit
goal,scene_0036,both,text_only,pi05,tokens,3,False,,320,False,False,,True,True,True,akita_black_bowl_1,True,plate_1,False,0.0092,,,,,plane,,,6e37e267bebdecbd,7b99e1c09a0c6c89,6255ccb2ea76a319,64,86.9,none,explicit
goal,scene_0036,both,text_only,pi05,tokens,4,False,,320,False,False,,True,True,True,akita_black_bowl_1,True,plate_1,False,0.01,,,,,plane,,,6e37e267bebdecbd,0f8931f31c72a32f,bb2a42ac9ea9e098,64,86.8,none,explicit
goal,scene_0036,both,text_only,pi05,tokens,5,False,,320,False,False,,True,True,True,akita_black_bowl_1,True,plate_1,False,0.0077,,,,,plane,,,6e37e267bebdecbd,4351e3231d9a41f3,23c9619e66a9a924,64,86.8,none,explicit
goal,scene_0036,both,text_only,pi05,tokens,6,False,,320,False,False,,True,True,True,akita_black_bowl_1,True,plate_1,False,0.0065,,,,,plane,,,6e37e267bebdecbd,f0d7b83078fbfc8b,261f365b6555a6ac,64,86.9,none,explicit
goal,scene_0036,both,text_only,pi05,tokens,7,False,,320,False,False,,True,True,True,akita_black_bowl_1,True,plate_1,False,0.0027,,,,,plane,,,6e37e267bebdecbd,bb977f2b9750dcf4,474e2ddd872bf4c6,64,87.0,none,explicit
goal,scene_0036,both,text_only,pi05,tokens,8,False,,320,False,False,,True,True,True,akita_black_bowl_1,True,plate_1,False,0.0085,,,,,plane,,,6e37e267bebdecbd,7be51c421d529a06,de61e26140d82ebb,64,87.5,none,explicit
goal,scene_0036,both,text_only,pi05,tokens,9,False,,320,False,False,,True,True,True,akita_black_bowl_1,True,plate_1,False,0.0086,,,,,plane,,,6e37e267bebdecbd,d0b10e25f4eeffa9,c8248726258dcef2,64,86.8,none,explicit
goal,scene_0036,both,text_only,pi05,tokens,10,False,,320,False,False,,True,True,True,akita_black_bowl_1,True,plate_1,False,0.0063,,,,,plane,,,6e37e267bebdecbd,a8566a4bbd3d0512,90b814870cae5d46,64,87.1,none,explicit
goal,scene_0036,both,text_only,pi05,tokens,11,False,,320,False,False,,True,True,True,akita_black_bowl_1,True,plate_1,False,0.012,,,,,plane,,,6e37e267bebdecbd,8ce1c12a700987a5,9e72ae80f60eb289,64,86.6,none,explicit
goal,scene_0036,both,text_only,pi05,tokens,12,False,,320,False,False,,True,True,True,akita_black_bowl_1,True,plate_1,False,0.0119,,,,,plane,,,6e37e267bebdecbd,336f2d0e15c6e310,9788a1af08a04a59,64,86.6,none,explicit
goal,scene_0036,both,text_only,pi05,tokens,13,False,,320,False,False,,True,True,True,akita_black_bowl_1,True,plate_1,False,0.0067,,,,,plane,,,6e37e267bebdecbd,4ac439bb10bd9fc9,d933ff39931a7ea7,64,86.6,none,explicit
goal,scene_0037,both,text_only,pi05,tokens,0,False,,320,True,True,87,True,True,True,cream_cheese_1,True,akita_black_bowl_1,True,0.0079,,,,,plane,,,c011c00afc56a04f,d783ef7dcfefde98,64cdce0bda429a3f,64,86.6,none,explicit
goal,scene_0037,both,text_only,pi05,tokens,1,False,,320,True,True,125,True,True,True,cream_cheese_1,True,akita_black_bowl_1,True,0.0016,,,,,plane,,,c011c00afc56a04f,f0d3d9f77a1b2ac8,738282dabc091faf,64,86.3,none,explicit
goal,scene_0037,both,text_only,pi05,tokens,2,False,,320,True,True,114,True,True,True,cream_cheese_1,True,akita_black_bowl_1,True,0.0061,,,,,plane,,,c011c00afc56a04f,283fd77d91fc1653,a75e1f71b1023313,64,86.2,none,explicit
goal,scene_0037,both,text_only,pi05,tokens,3,False,,320,True,True,87,True,True,True,cream_cheese_1,True,akita_black_bowl_1,True,0.001,,,,,plane,,,c011c00afc56a04f,5a2c049ec8fae07e,3e1323bace7a2d5e,64,85.6,none,explicit
goal,scene_0037,both,text_only,pi05,tokens,4,False,,320,True,True,92,True,True,True,cream_cheese_1,True,akita_black_bowl_1,True,0.0038,,,,,plane,,,c011c00afc56a04f,e42e15888d72682f,b1de8b4a9a7a0e0f,64,86.6,none,explicit
goal,scene_0037,both,text_only,pi05,tokens,5,False,,320,True,True,92,True,True,True,cream_cheese_1,True,akita_black_bowl_1,True,0.0146,,,,,plane,,,c011c00afc56a04f,012fb5f7e366455f,1d0e799ee2bffd1d,64,85.7,none,explicit
goal,scene_0037,both,text_only,pi05,tokens,6,False,,320,True,True,92,True,True,True,cream_cheese_1,True,akita_black_bowl_1,True,0.0107,,,,,plane,,,c011c00afc56a04f,300f7b8a340c8d4f,7a8331feb66c46ab,64,86.1,none,explicit
goal,scene_0037,both,text_only,pi05,tokens,7,False,,320,True,True,91,True,True,True,cream_cheese_1,True,akita_black_bowl_1,True,0.0154,,,,,plane,,,c011c00afc56a04f,7e6f38d042e83be4,0d7098ba5d411878,64,86.4,none,explicit
goal,scene_0037,both,text_only,pi05,tokens,8,False,,320,False,True,100,True,True,True,cream_cheese_1,True,akita_black_bowl_1,True,0.0319,,,,,plane,,,c011c00afc56a04f,837a214d938bf614,cdd35eb26e8ed81c,64,87.9,none,explicit
goal,scene_0037,both,text_only,pi05,tokens,9,False,,320,True,True,97,True,True,True,cream_cheese_1,True,akita_black_bowl_1,True,0.0074,,,,,plane,,,c011c00afc56a04f,e621d48ef4decca6,3e8ca89e1c93cf72,64,87.9,none,explicit
goal,scene_0037,both,text_only,pi05,tokens,10,False,,320,True,True,99,True,True,True,cream_cheese_2,False,akita_black_bowl_1,True,0.0705,,,,,plane,,,c011c00afc56a04f,df85a6a0b7606551,5181e7f143271b9b,64,88.6,none,explicit
goal,scene_0037,both,text_only,pi05,tokens,11,False,,320,True,True,92,True,True,True,cream_cheese_1,True,akita_black_bowl_1,True,0.0052,,,,,plane,,,c011c00afc56a04f,59d8f979e8e2acac,74c39a0b4af6a5d0,64,88.3,none,explicit
goal,scene_0037,both,text_only,pi05,tokens,12,False,,320,True,True,94,True,True,True,cream_cheese_1,True,akita_black_bowl_1,True,0.0174,,,,,plane,,,c011c00afc56a04f,81276b82d92d4c1c,090c2419bd18ff38,64,86.6,none,explicit
goal,scene_0037,both,text_only,pi05,tokens,13,False,,320,True,True,95,True,True,True,cream_cheese_1,True,akita_black_bowl_1,True,0.0015,,,,,plane,,,c011c00afc56a04f,51531f0a6119e3d8,f7fc0c65034f1987,64,86.5,none,explicit
