suite,dir,tier,condition,policy,sketch_route,rollout_idx,skipped,skip_reason,n_steps,success_final,success_sustained,first_success_step,grasp_success_flag,grasped_any,lifted,grasped_instance,correct_instance_grasped,nearest_destination,correct_destination,terminal_dist_xy,sketch_referent_object,sketch_referent_destination,sketch_fidelity_object,sketch_fidelity_destination,deproject,z_pick,z_place,init_state_hash,init_warmstart_hash,final_state_hash,n_infer_calls,infer_ms_mean,pi05_sketch_mode,prompt_type
spatial,scene_0000,control,auto,sketchvla_input_overlay,swap,0,False,,240,True,True,101,True,True,True,akita_black_bowl_1,True,plate_1,True,0.0081,akita_black_bowl_2,plate_1,False,True,,,,f07199b0dd672c7b,3d4f359a615c2b16,8ba1dfd8009c2da2,48,639.5,,ambiguous
spatial,scene_0000,control,auto,sketchvla_input_overlay,swap,1,False,,240,True,True,83,True,True,True,akita_black_bowl_1,True,plate_1,True,0.0106,akita_black_bowl_2,plate_1,False,True,,,,f07199b0dd672c7b,cd77fbb1b3ef6b0c,bd38a861364d174a,48,967.4,,ambiguous
spatial,scene_0000,control,auto,sketchvla_input_overlay,swap,2,False,,240,True,True,84,True,True,True,akita_black_bowl_1,True,plate_1,True,0.0263,akita_black_bowl_2,plate_1,False,True,,,,f07199b0dd672c7b,fd65a5b10fc8139e,3f0c0c4bd3030d3e,48,960.3,,ambiguous
spatial,scene_0000,control,auto,sketchvla_input_overlay,swap,3,False,,240,True,True,107,True,True,True,akita_black_bowl_1,True,plate_1,True,0.0074,akita_black_bowl_2,plate_1,False,True,,,,f07199b0dd672c7b,0787dd7a892bc382,4e690761d56be1be,48,969.7,,ambiguous
spatial,scene_0000,control,auto,sketchvla_input_overlay,swap,4,False,,240,False,True,75,True,True,True,akita_black_bowl_1,True,plate_1,True,0.0196,akita_black_bowl_2,plate_1,False,True,,,,f07199b0dd672c7b,909c090dad35074f,25855a615acddc6e,48,969.1,,ambiguous
spatial,scene_0000,control,auto,sketchvla_input_overlay,swap,5,False,,240,True,True,77,True,True,True,akita_black_bowl_1,True,plate_1,True,0.0037,akita_black_bowl_2,plate_1,False,True,,,,f07199b0dd672c7b,1fee5b97dabaa9a4,cbbc2743375dc327,48,970.0,,ambiguous
spatial,scene_0000,control,auto,sketchvla_input_overlay,swap,6,False,,240,True,True,80,True,True,True,akita_black_bowl_1,True,plate_1,True,0.0055,akita_black_bowl_2,plate_1,False,True,,,,f07199b0dd672c7b,879eb80e25600097,6434e6e2418040a2,48,974.4,,ambiguous
spatial,scene_0000,control,auto,sketchvla_input_overlay,swap,7,False,,240,True,True,78,True,True,True,akita_black_bowl_1,True,plate_1,True,0.0169,akita_black_bowl_2,plate_1,False,True,,,,f07199b0dd672c7b,d33159e86403f025,9836b59e97e74576,48,971.2,,ambiguous
spatial,scene_0000,control,auto,sketchvla_input_overlay,swap,8,False,,240,False,True,73,True,True,True,akita_black_bowl_1,True,plate_1,True,0.0133,akita_black_bowl_2,plate_1,False,True,,,,f07199b0dd672c7b,6eed2364740ff5ed,839add081d716420,48,964.4,,ambiguous
spatial,scene_0000,control,auto,sketchvla_input_overlay,swap,9,False,,240,True,True,73,True,True,True,akita_black_bowl_1,True,plate_1,True,0.0085,akita_black_bowl_2,plate_1,False,True,,,,f07199b0dd672c7b,f03f9cd9c1871651,31ae4efd39fa8a84,48,983.7,,ambiguous
spatial,scene_0000,control,auto,sketchvla_input_overlay,swap,10,False,,240,True,True,79,True,True,True,akita_black_bowl_1,True,plate_1,True,0.0122,akita_black_bowl_2,plate_1,False,True,,,,f07199b0dd672c7b,d846542bf0417bf0,f74ead3f94c53748,48,965.1,,ambiguous
spatial,scene_0000,control,auto,sketchvla_input_overlay,swap,11,False,,240,True,True,77,True,True,True,akita_black_bowl_1,True,plate_1,True,0.0209,akita_black_bowl_2,plate_1,False,True,,,,f07199b0dd672c7b,969cbd423b349e2a,0de9e506ccd8ce97,48,976.2,,ambiguous
spatial,scene_0000,control,auto,sketchvla_input_overlay,swap,12,False,,240,False,True,91,True,True,True,akita_black_bowl_1,True,plate_1,True,0.0463,akita_black_bowl_2,plate_1,False,True,,,,f07199b0dd672c7b,5e49e28ee468bb8b,183da153dec76562,48,958.5,,ambiguous
spatial,scene_0000,control,auto,sketchvla_input_overlay,swap,13,False,,240,False,False,,True,True,True,plate_1,False,plate_1,True,0.0,akita_black_bowl_2,plate_1,False,True,,,,f07199b0dd672c7b,961e73ebe4299fec,a27075f800a10981,48,980.3,,ambiguous
spatial,scene_0001,control,auto,sketchvla_input_overlay,swap,0,False,,240,True,True,90,True,True,True,akita_black_bowl_1,True,plate_1,True,0.0109,akita_black_bowl_2,plate_1,False,True,,,,08a66c7918f503d9,ae0d80dd5e3cf979,e156dfba0f27bd7e,48,653.1,,ambiguous
spatial,scene_0001,control,auto,sketchvla_input_overlay,swap,1,False,,240,True,True,82,True,True,True,akita_black_bowl_1,True,plate_1,True,0.0051,akita_black_bowl_2,plate_1,False,True,,,,08a66c7918f503d9,63be502b3f672788,077c7574ecfc5be5,48,969.0,,ambiguous
spatial,scene_0001,control,auto,sketchvla_input_overlay,swap,2,False,,240,True,True,96,True,True,True,akita_black_bowl_1,True,plate_1,True,0.0076,akita_black_bowl_2,plate_1,False,True,,,,08a66c7918f503d9,245e47a891529634,a792b92274f28326,48,959.9,,ambiguous
spatial,scene_0001,control,auto,sketchvla_input_overlay,swap,3,False,,240,True,True,87,True,True,True,akita_black_bowl_1,True,plate_1,True,0.0149,akita_black_bowl_2,plate_1,False,True,,,,08a66c7918f503d9,009f09051fbd321c,43c09e78787201bb,48,970.1,,ambiguous
spatial,scene_0001,control,auto,sketchvla_input_overlay,swap,4,False,,240,True,True,92,True,True,True,akita_black_bowl_1,True,plate_1,True,0.0213,akita_black_bowl_2,plate_1,False,True,,,,08a66c7918f503d9,5b82b89618ad7f2a,83879cf5728e6898,48,974.8,,ambiguous
spatial,scene_0001,control,auto,sketchvla_input_overlay,swap,5,False,,240,True,True,97,True,True,True,akita_black_bowl_1,True,plate_1,True,0.0045,akita_black_bowl_2,plate_1,False,True,,,,08a66c7918f503d9,2fdec33b9d85d97b,a2824aea047601d5,48,968.9,,ambiguous
spatial,scene_0001,control,auto,sketchvla_input_overlay,swap,6,False,,240,True,True,95,True,True,True,akita_black_bowl_1,True,plate_1,True,0.0201,akita_black_bowl_2,plate_1,False,True,,,,08a66c7918f503d9,3fbaeee88c926fc6,283edeae46c19bd2,48,976.7,,ambiguous
spatial,scene_0001,control,auto,sketchvla_input_overlay,swap,7,False,,240,True,True,95,True,True,True,akita_black_bowl_1,True,plate_1,True,0.0141,akita_black_bowl_2,plate_1,False,True,,,,08a66c7918f503d9,7d10f581d7b79df0,1179dbb2adc6a5de,48,971.7,,ambiguous
spatial,scene_0001,control,auto,sketchvla_input_overlay,swap,8,False,,240,True,True,102,True,True,True,akita_black_bowl_1,True,plate_1,True,0.0085,akita_black_bowl_2,plate_1,False,True,,,,08a66c7918f503d9,ca120acf48882ae1,ba056fdc2ec7c571,48,968.5,,ambiguous
spatial,scene_0001,control,auto,sketchvla_input_overlay,swap,9,False,,240,True,True,89,True,True,True,akita_black_bowl_1,True,plate_1,True,0.011,akita_black_bowl_2,plate_1,False,True,,,,08a66c7918f503d9,64d5946f99ab86aa,a8ab2d6983c3346a,48,984.8,,ambiguous
spatial,scene_0001,control,auto,sketchvla_input_overlay,swap,10,False,,240,True,True,98,True,True,True,akita_black_bowl_1,True,plate_1,True,0.0149,akita_black_bowl_2,plate_1,False,True,,,,08a66c7918f503d9,30057ede4116c983,9d01550459c3fc55,48,970.1,,ambiguous
spatial,scene_0001,control,auto,sketchvla_input_overlay,swap,11,False,,240,False,True,85,True,True,True,akita_black_bowl_1,True,plate_1,True,0.0291,akita_black_bowl_2,plate_1,False,True,,,,08a66c7918f503d9,d7e2878645131f0e,6f70e4ea7f5cefb6,48,974.8,,ambiguous
spatial,scene_0001,control,auto,sketchvla_input_overlay,swap,12,False,,240,True,True,90,True,True,True,akita_black_bowl_1,True,plate_1,True,0.0089,akita_black_bowl_2,plate_1,False,True,,,,08a66c7918f503d9,1690ac576543349a,e1ed95e834af47db,48,959.0,,ambiguous
spatial,scene_0001,control,auto,sketchvla_input_overlay,swap,13,False,,240,True,True,94,True,True,True,akita_black_bowl_1,True,plate_1,True,0.0165,akita_black_bowl_2,plate_1,False,True,,,,08a66c7918f503d9,9605ae6c5428d1e1,760966e98e389d71,48,969.6,,ambiguous
spatial,scene_0002,control,auto,sketchvla_input_overlay,swap,0,False,,240,True,True,191,True,True,True,glazed_rim_porcelain_ramekin_1,False,plate_1,True,0.0781,akita_black_bowl_2,plate_1,False,True,,,,92c3ce3e58d6fcd4,d4daa6aaa6f75e32,d76ba5aea7bbb4c6,48,719.9,,ambiguous
spatial,scene_0002,control,auto,sketchvla_input_overlay,swap,1,False,,240,False,False,,True,True,True,akita_black_bowl_2,False,plate_1,True,0.0064,akita_black_bowl_2,plate_1,True,True,,,,92c3ce3e58d6fcd4,2d91eb89690fa07a,4b358f98aa26d9fa,48,978.3,,ambiguous
spatial,scene_0002,control,auto,sketchvla_input_overlay,swap,2,False,,240,True,True,98,True,True,True,akita_black_bowl_1,True,plate_1,True,0.0137,akita_black_bowl_2,plate_1,False,True,,,,92c3ce3e58d6fcd4,9b983cfec8cc83c8,dc0fb382b2dfa6ba,48,965.2,,ambiguous
spatial,scene_0002,control,auto,sketchvla_input_overlay,swap,3,False,,240,False,False,,True,True,True,cookies_1,False,plate_1,True,0.0013,akita_black_bowl_2,plate_1,False,True,,,,92c3ce3e58d6fcd4,38d98f72e1d440b2,b00cd8b69be3b9f7,48,979.8,,ambiguous
spatial,scene_0002,control,auto,sketchvla_input_overlay,swap,4,False,,240,False,False,,True,True,True,cookies_1,False,plate_1,True,0.0189,akita_black_bowl_2,plate_1,False,True,,,,92c3ce3e58d6fcd4,226b5ea7eca98646,33f2ab9140486344,48,973.6,,ambiguous
spatial,scene_0002,control,auto,sketchvla_input_overlay,swap,5,False,,240,False,False,,True,False,False,,False,,False,0.2625,akita_black_bowl_2,plate_1,,,,,,92c3ce3e58d6fcd4,72b1345c7b19d2ea,126945faf72fdaa3,48,981.1,,ambiguous
spatial,scene_0002,control,auto,sketchvla_input_overlay,swap,6,False,,240,False,False,,True,True,True,akita_black_bowl_2,False,plate_1,True,0.0053,akita_black_bowl_2,plate_1,True,True,,,,92c3ce3e58d6fcd4,18532498c2873e18,cd06c4fb69f86210,48,980.4,,ambiguous
spatial,scene_0002,control,auto,sketchvla_input_overlay,swap,7,False,,240,False,False,,True,True,True,glazed_rim_porcelain_ramekin_1,False,,False,0.1597,akita_black_bowl_2,plate_1,False,,,,,92c3ce3e58d6fcd4,04c1658dde5175bf,cb1f4b7740364a52,48,983.8,,ambiguous
spatial,scene_0002,control,auto,sketchvla_input_overlay,swap,8,False,,240,False,False,,True,True,True,akita_black_bowl_2,False,plate_1,True,0.0085,akita_black_bowl_2,plate_1,True,True,,,,92c3ce3e58d6fcd4,eae27d4a6ad3d60d,5d946c3b3c7bae50,48,971.9,,ambiguous
spatial,scene_0002,control,auto,sketchvla_input_overlay,swap,9,False,,240,False,False,,True,True,True,glazed_rim_porcelain_ramekin_1,False,plate_1,True,0.0301,akita_black_bowl_2,plate_1,False,True,,,,92c3ce3e58d6fcd4,4d957711220b12d8,87bba664c5d14d02,48,989.8,,ambiguous
spatial,scene_0002,control,auto,sketchvla_input_overlay,swap,10,False,,240,False,False,,True,True,True,akita_black_bowl_2,False,plate_1,True,0.0067,akita_black_bowl_2,plate_1,True,True,,,,92c3ce3e58d6fcd4,def63ef195998e9f,43705710d88a7503,48,977.9,,ambiguous
spatial,scene_0002,control,auto,sketchvla_input_overlay,swap,11,False,,240,True,True,154,True,True,True,glazed_rim_porcelain_ramekin_1,False,,False,0.1082,akita_black_bowl_2,plate_1,False,,,,,92c3ce3e58d6fcd4,2841d51b5425d448,d208c89e71c5de60,48,973.4,,ambiguous
spatial,scene_0002,control,auto,sketchvla_input_overlay,swap,12,False,,240,False,False,,True,True,True,akita_black_bowl_2,False,plate_1,True,0.0011,akita_black_bowl_2,plate_1,True,True,,,,92c3ce3e58d6fcd4,abc8d696390cbd0a,6753e209ba8fc6d0,48,968.1,,ambiguous
spatial,scene_0002,control,auto,sketchvla_input_overlay,swap,13,False,,240,False,False,,True,True,True,glazed_rim_porcelain_ramekin_1,False,plate_1,True,0.0084,akita_black_bowl_2,plate_1,False,True,,,,92c3ce3e58d6fcd4,d21e6715db7bc87e,89556ee03ce1e0ad,48,945.9,,ambiguous
spatial,scene_0003,control,auto,sketchvla_input_overlay,swap,0,False,,240,True,True,101,True,True,True,akita_black_bowl_1,True,plate_1,True,0.0285,akita_black_bowl_2,plate_1,False,True,,,,3266883a85de4ab2,6c3a81d305b9d04b,e1a178402e059cb6,48,705.6,,ambiguous
spatial,scene_0003,control,auto,sketchvla_input_overlay,swap,1,False,,240,False,False,,True,True,True,akita_black_bowl_2,False,plate_1,True,0.0037,akita_black_bowl_2,plate_1,True,True,,,,3266883a85de4ab2,2c9cd9d4147e71d9,4bb851ced0bfdffb,48,966.6,,ambiguous
spatial,scene_0003,control,auto,sketchvla_input_overlay,swap,2,False,,240,False,False,,True,False,False,,False,,False,0.2666,akita_black_bowl_2,plate_1,,,,,,3266883a85de4ab2,bb6518d480598869,45b351ba2ed91e2e,48,969.9,,ambiguous
spatial,scene_0003,control,auto,sketchvla_input_overlay,swap,3,False,,240,True,True,123,True,True,True,akita_black_bowl_1,True,plate_1,True,0.0073,akita_black_bowl_2,plate_1,False,True,,,,3266883a85de4ab2,ba60b85551bcf285,ca94330ff5e6f7a2,48,974.3,,ambiguous
spatial,scene_0003,control,auto,sketchvla_input_overlay,swap,4,False,,240,True,True,157,True,True,True,akita_black_bowl_1,True,plate_1,True,0.0103,akita_black_bowl_2,plate_1,False,True,,,,3266883a85de4ab2,c0d81461904f4289,d6fd7001384744a9,48,973.8,,ambiguous
spatial,scene_0003,control,auto,sketchvla_input_overlay,swap,5,False,,240,True,True,117,True,True,True,akita_black_bowl_1,True,plate_1,True,0.0091,akita_black_bowl_2,plate_1,False,True,,,,3266883a85de4ab2,3753d66bfcfe7e9f,d2b8d706228073c1,48,982.2,,ambiguous
spatial,scene_0003,control,auto,sketchvla_input_overlay,swap,6,False,,240,True,True,179,True,True,True,akita_black_bowl_1,True,plate_1,True,0.0164,akita_black_bowl_2,plate_1,False,True,,,,3266883a85de4ab2,ea3081a1ce37b546,40e9696cb29dfce3,48,973.8,,ambiguous
spatial,scene_0003,control,auto,sketchvla_input_overlay,swap,7,False,,240,True,True,103,True,True,True,akita_black_bowl_1,True,plate_1,True,0.0123,akita_black_bowl_2,plate_1,False,True,,,,3266883a85de4ab2,8a2f4cbe95a7bc01,f48bfe3f4e0ff076,48,977.8,,ambiguous
spatial,scene_0003,control,auto,sketchvla_input_overlay,swap,8,False,,240,True,True,111,True,True,True,akita_black_bowl_1,True,plate_1,True,0.0144,akita_black_bowl_2,plate_1,False,True,,,,3266883a85de4ab2,55fbdebafebb03fe,e0b5807d364095d1,48,971.6,,ambiguous
spatial,scene_0003,control,auto,sketchvla_input_overlay,swap,9,False,,240,False,False,,True,True,True,akita_black_bowl_2,False,plate_1,True,0.0127,akita_black_bowl_2,plate_1,True,True,,,,3266883a85de4ab2,2f3b8d7dacaaf579,6f638fca1f13d215,48,986.6,,ambiguous
spatial,scene_0003,control,auto,sketchvla_input_overlay,swap,10,False,,240,True,True,106,True,True,True,akita_black_bowl_1,True,plate_1,True,0.0091,akita_black_bowl_2,plate_1,False,True,,,,3266883a85de4ab2,fc0d3e232b7bc930,5a54e2804e665986,48,977.2,,ambiguous
spatial,scene_0003,control,auto,sketchvla_input_overlay,swap,11,False,,240,True,True,104,True,True,True,akita_black_bowl_1,True,plate_1,True,0.0076,akita_black_bowl_2,plate_1,False,True,,,,3266883a85de4ab2,44b30440d35c25b3,ca6c0e35fcbcdd2c,48,975.5,,ambiguous
spatial,scene_0003,control,auto,sketchvla_input_overlay,swap,12,False,,240,True,True,104,True,True,True,akita_black_bowl_1,True,plate_1,True,0.0142,akita_black_bowl_2,plate_1,False,True,,,,3266883a85de4ab2,bad844e46318cf89,80645c4e6ce983a3,48,961.3,,ambiguous
spatial,scene_0003,control,auto,sketchvla_input_overlay,swap,13,False,,240,True,True,117,True,True,True,akita_black_bowl_1,True,plate_1,True,0.0145,akita_black_bowl_2,plate_1,False,True,,,,3266883a85de4ab2,e20cfca67d4854dc,7dd066b82d3e517b,48,976.0,,ambiguous
spatial,scene_0004,referential,auto,sketchvla_input_overlay,swap,0,False,,240,True,True,74,True,True,True,akita_black_bowl_1,True,plate_1,True,0.0115,akita_black_bowl_2,plate_1,False,True,,,,ae82ae1fd0a4a35a,fcdf3978c4f3fb14,7584d3267a599369,48,832.4,,ambiguous
spatial,scene_0004,referential,auto,sketchvla_input_overlay,swap,1,False,,240,True,True,80,True,True,True,akita_black_bowl_1,True,plate_1,True,0.0123,akita_black_bowl_2,plate_1,False,True,,,,ae82ae1fd0a4a35a,b5796d69403fa95e,fec3f595ca0d1742,48,949.8,,ambiguous
spatial,scene_0004,referential,auto,sketchvla_input_overlay,swap,2,False,,240,True,True,73,True,True,True,akita_black_bowl_1,True,plate_1,True,0.0076,akita_black_bowl_2,plate_1,False,True,,,,ae82ae1fd0a4a35a,bde3ca8a7af85b96,b80e1e850799a8da,48,956.2,,ambiguous
spatial,scene_0004,referential,auto,sketchvla_input_overlay,swap,3,False,,240,True,True,77,True,True,True,akita_black_bowl_1,True,plate_1,True,0.0141,akita_black_bowl_2,plate_1,False,True,,,,ae82ae1fd0a4a35a,5209ba0414a47002,9cec6612403c56c1,48,958.4,,ambiguous
spatial,scene_0004,referential,auto,sketchvla_input_overlay,swap,4,False,,240,True,True,72,True,True,True,akita_black_bowl_1,True,plate_1,True,0.0142,akita_black_bowl_2,plate_1,False,True,,,,ae82ae1fd0a4a35a,47127c5e6c96b6fa,a7882b538fc617d4,48,944.4,,ambiguous
spatial,scene_0004,referential,auto,sketchvla_input_overlay,swap,5,False,,240,True,True,71,True,True,True,akita_black_bowl_1,True,plate_1,True,0.0154,akita_black_bowl_2,plate_1,False,True,,,,ae82ae1fd0a4a35a,962bea509f98bd5d,f86fa9e86db909b7,48,951.7,,ambiguous
spatial,scene_0004,referential,auto,sketchvla_input_overlay,swap,6,False,,240,False,True,77,True,True,True,akita_black_bowl_1,True,plate_1,True,0.0394,akita_black_bowl_2,plate_1,False,True,,,,ae82ae1fd0a4a35a,e6e156f8fbaa9048,8a2be45f11b4ec79,48,949.8,,ambiguous
spatial,scene_0004,referential,auto,sketchvla_input_overlay,swap,7,False,,240,True,True,81,True,True,True,akita_black_bowl_1,True,plate_1,True,0.0156,akita_black_bowl_2,plate_1,False,True,,,,ae82ae1fd0a4a35a,3106b7d4de2c41b2,95ee34fc175ba559,48,962.5,,ambiguous
spatial,scene_0004,referential,auto,sketchvla_input_overlay,swap,8,False,,240,False,False,,True,True,True,akita_black_bowl_1,True,plate_1,True,0.0367,akita_black_bowl_2,plate_1,False,True,,,,ae82ae1fd0a4a35a,a7315d7d723d7c41,fde80f4aa42b7a04,48,950.7,,ambiguous
spatial,scene_0004,referential,auto,sketchvla_input_overlay,swap,9,False,,240,True,True,74,True,True,True,akita_black_bowl_1,True,plate_1,True,0.0149,akita_black_bowl_2,plate_1,False,True,,,,ae82ae1fd0a4a35a,72b221ba5817d999,85e39a069264487d,48,968.0,,ambiguous
spatial,scene_0004,referential,auto,sketchvla_input_overlay,swap,10,False,,240,True,True,77,True,True,True,akita_black_bowl_1,True,plate_1,True,0.0037,akita_black_bowl_2,plate_1,False,True,,,,ae82ae1fd0a4a35a,2da62b8fc8b50b16,367a922c9243143c,48,978.3,,ambiguous
spatial,scene_0004,referential,auto,sketchvla_input_overlay,swap,11,False,,240,True,True,79,True,True,True,akita_black_bowl_1,True,plate_1,True,0.0059,akita_black_bowl_2,plate_1,False,True,,,,ae82ae1fd0a4a35a,d699806ad3027525,83dd699755d7e54d,48,941.6,,ambiguous
spatial,scene_0004,referential,auto,sketchvla_input_overlay,swap,12,False,,240,True,True,82,True,True,True,akita_black_bowl_1,True,plate_1,True,0.0067,akita_black_bowl_2,plate_1,False,True,,,,ae82ae1fd0a4a35a,1a7442e6e72ca037,7a4da82662d396ed,48,948.3,,ambiguous
spatial,scene_0004,referential,auto,sketchvla_input_overlay,swap,13,False,,240,False,True,81,True,True,True,akita_black_bowl_1,True,plate_1,True,0.0343,akita_black_bowl_2,plate_1,False,True,,,,ae82ae1fd0a4a35a,db50d41e8c6d6401,08ed3d151a085019,48,891.5,,ambiguous
spatial,scene_0005,referential,auto,sketchvla_input_overlay,swap,0,False,,240,False,False,,True,False,False,,False,,False,0.2315,akita_black_bowl_2,plate_1,,,,,,6caf6cebff970c05,259feafda87a6e70,2bc269a536872e2f,48,897.1,,ambiguous
spatial,scene_0005,referential,auto,sketchvla_input_overlay,swap,1,False,,240,False,False,,True,True,True,cookies_1,False,,False,0.1661,akita_black_bowl_2,plate_1,False,,,,,6caf6cebff970c05,b444d4124b700e10,9ef7fc44c93d4383,48,928.4,,ambiguous
spatial,scene_0005,referential,auto,sketchvla_input_overlay,swap,2,False,,240,False,False,,True,False,False,,False,,False,0.2319,akita_black_bowl_2,plate_1,,,,,,6caf6cebff970c05,1584215e05004364,912382e083c50a47,48,933.7,,ambiguous
spatial,scene_0005,referential,auto,sketchvla_input_overlay,swap,3,False,,240,True,True,91,True,True,True,akita_black_bowl_1,True,plate_1,True,0.0099,akita_black_bowl_2,plate_1,False,True,,,,6caf6cebff970c05,2996a822b734e1b4,05cba293955f9093,48,941.2,,ambiguous
spatial,scene_0005,referential,auto,sketchvla_input_overlay,swap,4,False,,240,True,True,98,True,True,True,akita_black_bowl_1,True,plate_1,True,0.0169,akita_black_bowl_2,plate_1,False,True,,,,6caf6cebff970c05,3ba000b9e379b3d2,70a1d2629d7267fa,48,917.6,,ambiguous
spatial,scene_0005,referential,auto,sketchvla_input_overlay,swap,5,False,,240,False,True,103,True,True,True,akita_black_bowl_1,True,plate_1,True,0.034,akita_black_bowl_2,plate_1,False,True,,,,6caf6cebff970c05,0ec22512b1790841,1f7e4b006e3f6bac,48,934.0,,ambiguous
spatial,scene_0005,referential,auto,sketchvla_input_overlay,swap,6,False,,240,True,True,139,True,True,True,akita_black_bowl_1,True,plate_1,True,0.0068,akita_black_bowl_2,plate_1,False,True,,,,6caf6cebff970c05,ed314f18a5e8ce37,69da082b1d4bf8b0,48,954.1,,ambiguous
spatial,scene_0005,referential,auto,sketchvla_input_overlay,swap,7,False,,240,True,True,95,True,True,True,akita_black_bowl_1,True,plate_1,True,0.0112,akita_black_bowl_2,plate_1,False,True,,,,6caf6cebff970c05,95f93828c12d1754,2d23f457da48347d,48,931.9,,ambiguous
spatial,scene_0005,referential,auto,sketchvla_input_overlay,swap,8,False,,240,False,True,90,True,True,True,akita_black_bowl_1,True,plate_1,True,0.0274,akita_black_bowl_2,plate_1,False,True,,,,6caf6cebff970c05,31c2593f41576948,5343e0d76a968cf5,48,922.9,,ambiguous
spatial,scene_0005,referential,auto,sketchvla_input_overlay,swap,9,False,,240,True,True,97,True,True,True,akita_black_bowl_1,True,plate_1,True,0.0192,akita_black_bowl_2,plate_1,False,True,,,,6caf6cebff970c05,8bfab7ec6f30ba22,e0f18d0ede9f8ed3,48,928.3,,ambiguous
spatial,scene_0005,referential,auto,sketchvla_input_overlay,swap,10,False,,240,True,True,97,True,True,True,akita_black_bowl_1,True,plate_1,True,0.0012,akita_black_bowl_2,plate_1,False,True,,,,6caf6cebff970c05,43466552c7b45bab,35b5d22b5b193865,48,931.7,,ambiguous
spatial,scene_0005,referential,auto,sketchvla_input_overlay,swap,11,False,,240,False,False,,True,False,False,,False,,False,0.2315,akita_black_bowl_2,plate_1,,,,,,6caf6cebff970c05,cb1dc84783672acf,f715020c918f27d4,48,931.6,,ambiguous
spatial,scene_0005,referential,auto,sketchvla_input_overlay,swap,12,False,,240,True,True,152,True,True,True,akita_black_bowl_1,True,plate_1,True,0.0086,akita_black_bowl_2,plate_1,False,True,,,,6caf6cebff970c05,d36ce97e31e20b7d,fe13a6772e0c270e,48,924.9,,ambiguous
spatial,scene_0005,referential,auto,sketchvla_input_overlay,swap,13,False,,240,False,False,,True,False,False,,False,,False,0.2377,akita_black_bowl_2,plate_1,,,,,,6caf6cebff970c05,48562425798787f5,b76179928fc64e43,48,834.6,,ambiguous
spatial,scene_0006,referential,auto,sketchvla_input_overlay,swap,0,False,,240,False,False,,True,True,True,cookies_1,False,,False,0.172,akita_black_bowl_2,plate_1,False,,,,,142d7f6c44738d65,0282fff2989b6e64,329581b0a72d1503,48,841.1,,ambiguous
spatial,scene_0006,referential,auto,sketchvla_input_overlay,swap,1,False,,240,False,False,,True,True,True,cookies_1,False,plate_1,True,0.0223,akita_black_bowl_2,plate_1,False,True,,,,142d7f6c44738d65,07d8985605aa6579,c0ebb46ab3b413a5,48,958.6,,ambiguous
spatial,scene_0006,referential,auto,sketchvla_input_overlay,swap,2,False,,240,False,False,,True,True,True,akita_black_bowl_3,False,plate_1,True,0.0092,akita_black_bowl_2,plate_1,False,True,,,,142d7f6c44738d65,60009f6836545e96,5ddaef6ad76a2512,48,962.3,,ambiguous
spatial,scene_0006,referential,auto,sketchvla_input_overlay,swap,3,False,,240,False,False,,True,True,True,akita_black_bowl_3,False,plate_1,True,0.0127,akita_black_bowl_2,plate_1,False,True,,,,142d7f6c44738d65,6727306ee428918d,e5d83e0f5a9f300f,48,969.9,,ambiguous
spatial,scene_0006,referential,auto,sketchvla_input_overlay,swap,4,False,,240,False,False,,True,True,True,akita_black_bowl_3,False,plate_1,True,0.0177,akita_black_bowl_2,plate_1,False,True,,,,142d7f6c44738d65,14df608ae27e1940,2158a7fb48a67c14,48,961.7,,ambiguous
spatial,scene_0006,referential,auto,sketchvla_input_overlay,swap,5,False,,240,False,False,,True,True,True,akita_black_bowl_3,False,plate_1,True,0.0187,akita_black_bowl_2,plate_1,False,True,,,,142d7f6c44738d65,6f1bd6a503b1c9c6,167707cdc38bdd50,48,965.9,,ambiguous
spatial,scene_0006,referential,auto,sketchvla_input_overlay,swap,6,False,,240,False,False,,True,True,True,akita_black_bowl_3,False,plate_1,True,0.0038,akita_black_bowl_2,plate_1,False,True,,,,142d7f6c44738d65,2569263ea4765e6c,dfdacfe4347c6d09,48,963.3,,ambiguous
spatial,scene_0006,referential,auto,sketchvla_input_overlay,swap,7,False,,240,False,False,,True,True,True,akita_black_bowl_3,False,plate_1,True,0.0187,akita_black_bowl_2,plate_1,False,True,,,,142d7f6c44738d65,9aba8e7e876111eb,1a50a40509a8e749,48,958.6,,ambiguous
spatial,scene_0006,referential,auto,sketchvla_input_overlay,swap,8,False,,240,False,False,,True,True,True,akita_black_bowl_3,False,plate_1,True,0.0157,akita_black_bowl_2,plate_1,False,True,,,,142d7f6c44738d65,9b3b5fd276b16ab5,9ab12842697fcd54,48,967.3,,ambiguous
spatial,scene_0006,referential,auto,sketchvla_input_overlay,swap,9,False,,240,False,False,,True,True,True,akita_black_bowl_3,False,plate_1,True,0.0077,akita_black_bowl_2,plate_1,False,True,,,,142d7f6c44738d65,f4afab4dd9fb64a6,3e1a07146c17677f,48,961.2,,ambiguous
spatial,scene_0006,referential,auto,sketchvla_input_overlay,swap,10,False,,240,False,False,,True,True,True,akita_black_bowl_3,False,plate_1,True,0.0081,akita_black_bowl_2,plate_1,False,True,,,,142d7f6c44738d65,59370775c7cdd689,2919e48fb2f17b25,48,959.4,,ambiguous
spatial,scene_0006,referential,auto,sketchvla_input_overlay,swap,11,False,,240,False,False,,True,True,True,akita_black_bowl_3,False,plate_1,True,0.012,akita_black_bowl_2,plate_1,False,True,,,,142d7f6c44738d65,6fb6be31bd9b818a,8b8f8663a925f813,48,945.8,,ambiguous
spatial,scene_0006,referential,auto,sketchvla_input_overlay,swap,12,False,,240,False,False,,True,True,True,akita_black_bowl_3,False,plate_1,True,0.0175,akita_black_bowl_2,plate_1,False,True,,,,142d7f6c44738d65,3d29d39146eaf8a1,a12aed7fcd04e83e,48,961.9,,ambiguous
spatial,scene_0006,referential,auto,sketchvla_input_overlay,swap,13,False,,240,False,False,,True,True,True,akita_black_bowl_3,False,plate_1,True,0.0029,akita_black_bowl_2,plate_1,False,True,,,,142d7f6c44738d65,ea666ec7604f73f1,1ea0499ba1c208ca,48,970.1,,ambiguous
spatial,scene_0007,referential,auto,sketchvla_input_overlay,swap,0,False,,240,False,False,,True,True,True,akita_black_bowl_1,True,plate_1,True,0.0281,akita_black_bowl_2,plate_1,False,True,,,,39e2b6db965f7d61,ea87499fc9bf6c6b,c4abc56d137d98af,48,907.8,,ambiguous
spatial,scene_0007,referential,auto,sketchvla_input_overlay,swap,1,False,,240,False,False,,True,True,True,akita_black_bowl_2,False,plate_1,True,0.0002,akita_black_bowl_2,plate_1,True,True,,,,39e2b6db965f7d61,411bade1bd6f84d0,cf2c0b0046d994b5,48,924.0,,ambiguous
spatial,scene_0007,referential,auto,sketchvla_input_overlay,swap,2,False,,240,True,True,139,True,True,True,akita_black_bowl_1,True,plate_1,True,0.0094,akita_black_bowl_2,plate_1,False,True,,,,39e2b6db965f7d61,fad5ee371c567bd5,fd368a8509255f9f,48,930.0,,ambiguous
spatial,scene_0007,referential,auto,sketchvla_input_overlay,swap,3,False,,240,False,False,,True,False,False,,False,,False,0.2738,akita_black_bowl_2,plate_1,,,,,,39e2b6db965f7d61,8ac5369088285861,b890f52416f02bc6,48,947.3,,ambiguous
spatial,scene_0007,referential,auto,sketchvla_input_overlay,swap,4,False,,240,False,False,,True,True,True,akita_black_bowl_1,True,,False,0.1034,akita_black_bowl_2,plate_1,False,,,,,39e2b6db965f7d61,6fc8861b54314528,f8efa7a61baea767,48,928.0,,ambiguous
spatial,scene_0007,referential,auto,sketchvla_input_overlay,swap,5,False,,240,False,False,,True,True,True,akita_black_bowl_4,False,plate_1,True,0.0188,akita_black_bowl_2,plate_1,False,True,,,,39e2b6db965f7d61,f3871f67bd15bc95,797564e179bb6060,48,942.8,,ambiguous
spatial,scene_0007,referential,auto,sketchvla_input_overlay,swap,6,False,,240,False,False,,True,False,False,,False,,False,0.2815,akita_black_bowl_2,plate_1,,,,,,39e2b6db965f7d61,9cb7380525899c01,1a69f2f064e055e7,48,939.6,,ambiguous
spatial,scene_0007,referential,auto,sketchvla_input_overlay,swap,7,False,,240,False,False,,True,False,False,,False,,False,0.2777,akita_black_bowl_2,plate_1,,,,,,39e2b6db965f7d61,c0c225051c11258c,a78439d6f290adb9,48,940.0,,ambiguous
spatial,scene_0007,referential,auto,sketchvla_input_overlay,swap,8,False,,240,False,False,,True,False,False,,False,,False,0.2796,akita_black_bowl_2,plate_1,,,,,,39e2b6db965f7d61,e065b98e8c1b49a4,26d3a7c4b1690262,48,938.2,,ambiguous
spatial,scene_0007,referential,auto,sketchvla_input_overlay,swap,9,False,,240,False,False,,True,False,False,,False,,False,0.2792,akita_black_bowl_2,plate_1,,,,,,39e2b6db965f7d61,449283b57a83fe0a,ede24a00abeb8f42,48,949.6,,ambiguous
spatial,scene_0007,referential,auto,sketchvla_input_overlay,swap,10,False,,240,False,False,,True,False,False,,False,,False,0.2835,akita_black_bowl_2,plate_1,,,,,,39e2b6db965f7d61,8c016954e0c212b6,021bade8209e871c,48,943.6,,ambiguous
spatial,scene_0007,referential,auto,sketchvla_input_overlay,swap,11,False,,240,False,False,,True,True,True,cookies_1,False,plate_1,True,0.078,akita_black_bowl_2,plate_1,False,True,,,,39e2b6db965f7d61,148b8ed39860693c,475694318d17f7d3,48,921.3,,ambiguous
spatial,scene_0007,referential,auto,sketchvla_input_overlay,swap,12,False,,240,False,False,,True,False,False,,False,,False,0.2791,akita_black_bowl_2,plate_1,,,,,,39e2b6db965f7d61,2f91663e90534a0f,70d53dec2d926bc0,48,937.5,,ambiguous
spatial,scene_0007,referential,auto,sketchvla_input_overlay,swap,13,False,,240,False,False,,True,False,False,,False,,False,0.279,akita_black_bowl_2,plate_1,,,,,,39e2b6db965f7d61,16c417caf7b052bb,84830c4a92919d2c,48,906.3,,ambiguous
spatial,scene_0008,referential,auto,sketchvla_input_overlay,swap,0,False,,240,True,True,75,True,True,True,akita_black_bowl_1,True,plate_1,True,0.0201,akita_black_bowl_2,plate_1,False,True,,,,90b15abb710803a8,67e5d1acfc056e36,fbe775f497a87e25,48,952.3,,ambiguous
spatial,scene_0008,referential,auto,sketchvla_input_overlay,swap,1,False,,240,True,True,73,True,True,True,akita_black_bowl_1,True,plate_1,True,0.0053,akita_black_bowl_2,plate_1,False,True,,,,90b15abb710803a8,4907ea6ea3111029,4b34fadeee669c9e,48,947.9,,ambiguous
spatial,scene_0008,referential,auto,sketchvla_input_overlay,swap,2,False,,240,True,True,74,True,True,True,akita_black_bowl_1,True,plate_1,True,0.0092,akita_black_bowl_2,plate_1,False,True,,,,90b15abb710803a8,bd0de08f084593bb,048449b0b6d8e9b6,48,957.4,,ambiguous
spatial,scene_0008,referential,auto,sketchvla_input_overlay,swap,3,False,,240,True,True,79,True,True,True,akita_black_bowl_1,True,plate_1,True,0.0206,akita_black_bowl_2,plate_1,False,True,,,,90b15abb710803a8,2c3757dc041ed89d,f158a6ab38129b3f,48,952.1,,ambiguous
spatial,scene_0008,referential,auto,sketchvla_input_overlay,swap,4,False,,240,True,True,76,True,True,True,akita_black_bowl_1,True,plate_1,True,0.0028,akita_black_bowl_2,plate_1,False,True,,,,90b15abb710803a8,34cf7ec30ace6883,f47096cbb4d27d8e,48,958.2,,ambiguous
spatial,scene_0008,referential,auto,sketchvla_input_overlay,swap,5,False,,240,True,True,86,True,True,True,akita_black_bowl_1,True,plate_1,True,0.0088,akita_black_bowl_2,plate_1,False,True,,,,90b15abb710803a8,2c1849853752a495,256c3982d88d14eb,48,966.9,,ambiguous
spatial,scene_0008,referential,auto,sketchvla_input_overlay,swap,6,False,,240,True,True,73,True,True,True,akita_black_bowl_1,True,plate_1,True,0.0115,akita_black_bowl_2,plate_1,False,True,,,,90b15abb710803a8,797b63c996f67318,71750a675b8f5f01,48,955.4,,ambiguous
spatial,scene_0008,referential,auto,sketchvla_input_overlay,swap,7,False,,240,True,True,79,True,True,True,akita_black_bowl_1,True,plate_1,True,0.0023,akita_black_bowl_2,plate_1,False,True,,,,90b15abb710803a8,123f36ae38a04b39,00d6040e1f8f015b,48,954.1,,ambiguous
spatial,scene_0008,referential,auto,sketchvla_input_overlay,swap,8,False,,240,True,True,83,True,True,True,akita_black_bowl_1,True,plate_1,True,0.012,akita_black_bowl_2,plate_1,False,True,,,,90b15abb710803a8,f74623223810d309,5ff329bbfe90faec,48,950.4,,ambiguous
spatial,scene_0008,referential,auto,sketchvla_input_overlay,swap,9,False,,240,True,True,73,True,True,True,akita_black_bowl_1,True,plate_1,True,0.013,akita_black_bowl_2,plate_1,False,True,,,,90b15abb710803a8,043f209a172c75dc,a23ae656f5dc6390,48,961.5,,ambiguous
spatial,scene_0008,referential,auto,sketchvla_input_overlay,swap,10,False,,240,True,True,81,True,True,True,akita_black_bowl_1,True,plate_1,True,0.008,akita_black_bowl_2,plate_1,False,True,,,,90b15abb710803a8,f8591c46bb713192,4598aaf7e752cba3,48,957.5,,ambiguous
spatial,scene_0008,referential,auto,sketchvla_input_overlay,swap,11,False,,240,True,True,79,True,True,True,akita_black_bowl_1,True,plate_1,True,0.0105,akita_black_bowl_2,plate_1,False,True,,,,90b15abb710803a8,32b1b7f4051694d2,d6279690810ba618,48,950.4,,ambiguous
spatial,scene_0008,referential,auto,sketchvla_input_overlay,swap,12,False,,240,False,False,,True,True,True,akita_black_bowl_1,True,,False,0.1003,akita_black_bowl_2,plate_1,False,,,,,90b15abb710803a8,a67d7eccff39503d,bdb5b697ea65f36d,48,955.5,,ambiguous
spatial,scene_0008,referential,auto,sketchvla_input_overlay,swap,13,False,,240,True,True,80,True,True,True,akita_black_bowl_1,True,plate_1,True,0.0066,akita_black_bowl_2,plate_1,False,True,,,,90b15abb710803a8,a697dc88525e4c42,2541b3b01e5b6b0e,48,917.1,,ambiguous
spatial,scene_0009,referential,auto,sketchvla_input_overlay,swap,0,False,,240,True,True,86,True,True,True,akita_black_bowl_2,False,,False,0.1825,akita_black_bowl_2,plate_1,True,,,,,0ac7382ee6da0a67,b1211d36d5011f23,d6195c6b710f5421,48,873.3,,ambiguous
spatial,scene_0009,referential,auto,sketchvla_input_overlay,swap,1,False,,240,False,True,84,True,True,True,akita_black_bowl_1,True,plate_1,True,0.0451,akita_black_bowl_2,plate_1,False,True,,,,0ac7382ee6da0a67,3b12118d3cda00b0,ff59a868766dcebb,48,906.4,,ambiguous
spatial,scene_0009,referential,auto,sketchvla_input_overlay,swap,2,False,,240,True,True,89,True,True,True,akita_black_bowl_1,True,plate_1,True,0.0174,akita_black_bowl_2,plate_1,False,True,,,,0ac7382ee6da0a67,3fe1e4ddc4eca4be,80acd13176d793d3,48,917.2,,ambiguous
spatial,scene_0009,referential,auto,sketchvla_input_overlay,swap,3,False,,240,True,True,91,True,True,True,akita_black_bowl_1,True,plate_1,True,0.0104,akita_black_bowl_2,plate_1,False,True,,,,0ac7382ee6da0a67,6575dd6a9bd74f59,90db5fc4387ca431,48,935.0,,ambiguous
spatial,scene_0009,referential,auto,sketchvla_input_overlay,swap,4,False,,240,True,True,84,True,True,True,akita_black_bowl_1,True,plate_1,True,0.0087,akita_black_bowl_2,plate_1,False,True,,,,0ac7382ee6da0a67,50311f6b7b21ec43,30b92af50ea5d147,48,927.2,,ambiguous
spatial,scene_0009,referential,auto,sketchvla_input_overlay,swap,5,False,,240,False,True,87,True,True,True,akita_black_bowl_1,True,plate_1,True,0.0293,akita_black_bowl_2,plate_1,False,True,,,,0ac7382ee6da0a67,e01448eab73bd167,2abdcbb7e2072776,48,923.5,,ambiguous
spatial,scene_0009,referential,auto,sketchvla_input_overlay,swap,6,False,,240,True,True,93,True,True,True,akita_black_bowl_1,True,plate_1,True,0.0131,akita_black_bowl_2,plate_1,False,True,,,,0ac7382ee6da0a67,03332952c0120af7,533ce1fe2c1ae7b6,48,918.3,,ambiguous
spatial,scene_0009,referential,auto,sketchvla_input_overlay,swap,7,False,,240,False,True,90,True,True,True,akita_black_bowl_1,True,plate_1,True,0.0333,akita_black_bowl_2,plate_1,False,True,,,,0ac7382ee6da0a67,258eb7eb5119bba1,d9ea9b429c9a1184,48,920.6,,ambiguous
spatial,scene_0009,referential,auto,sketchvla_input_overlay,swap,8,False,,240,True,True,94,True,True,True,akita_black_bowl_1,True,plate_1,True,0.0156,akita_black_bowl_2,plate_1,False,True,,,,0ac7382ee6da0a67,1f6d7ddfb9b6a0b3,88f1cf0c2e42f103,48,924.7,,ambiguous
spatial,scene_0009,referential,auto,sketchvla_input_overlay,swap,9,False,,240,True,True,93,True,True,True,akita_black_bowl_1,True,plate_1,True,0.0139,akita_black_bowl_2,plate_1,False,True,,,,0ac7382ee6da0a67,2393833ddd3b127b,ebf3a18bdbd7c9c8,48,931.6,,ambiguous
spatial,scene_0009,referential,auto,sketchvla_input_overlay,swap,10,False,,240,True,True,87,True,True,True,akita_black_bowl_1,True,plate_1,True,0.006,akita_black_bowl_2,plate_1,False,True,,,,0ac7382ee6da0a67,e25013232bcbe7dd,e1e96ac1d0fd90f4,48,924.2,,ambiguous
spatial,scene_0009,referential,auto,sketchvla_input_overlay,swap,11,False,,240,True,True,84,True,True,True,akita_black_bowl_1,True,plate_1,True,0.0131,akita_black_bowl_2,plate_1,False,True,,,,0ac7382ee6da0a67,7e708083616a3cf4,aff60c1618b9f52f,48,918.9,,ambiguous
spatial,scene_0009,referential,auto,sketchvla_input_overlay,swap,12,False,,240,True,True,83,True,True,True,akita_black_bowl_1,True,plate_1,True,0.0073,akita_black_bowl_2,plate_1,False,True,,,,0ac7382ee6da0a67,e4617ce565168b40,68c721d70c14ab88,48,925.5,,ambiguous
spatial,scene_0009,referential,auto,sketchvla_input_overlay,swap,13,False,,240,False,True,86,True,True,True,akita_black_bowl_1,True,plate_1,True,0.026,akita_black_bowl_2,plate_1,False,True,,,,0ac7382ee6da0a67,e82d989874a18fd8,4f0f4f400910ff0f,48,948.8,,ambiguous
spatial,scene_0010,referential,auto,sketchvla_input_overlay,swap,0,False,,240,False,False,,True,True,True,akita_black_bowl_3,False,plate_1,True,0.0052,akita_black_bowl_2,plate_1,False,True,,,,722dbd0dd5d0a92a,e615ed8d9a373d9c,ca612062bab38432,48,909.2,,ambiguous
spatial,scene_0010,referential,auto,sketchvla_input_overlay,swap,1,False,,240,False,False,,True,True,True,akita_black_bowl_3,False,plate_1,True,0.0193,akita_black_bowl_2,plate_1,False,True,,,,722dbd0dd5d0a92a,9dbde868c1d882ff,77ba6399573c2819,48,954.2,,ambiguous
spatial,scene_0010,referential,auto,sketchvla_input_overlay,swap,2,False,,240,False,False,,True,True,True,akita_black_bowl_3,False,plate_1,True,0.0105,akita_black_bowl_2,plate_1,False,True,,,,722dbd0dd5d0a92a,2e7980c9c58757ed,991773a794f37336,48,955.8,,ambiguous
spatial,scene_0010,referential,auto,sketchvla_input_overlay,swap,3,False,,240,False,False,,True,True,True,akita_black_bowl_3,False,plate_1,True,0.0047,akita_black_bowl_2,plate_1,False,True,,,,722dbd0dd5d0a92a,d8ff4cfae05599ad,ad26b5155dc8b762,48,955.2,,ambiguous
spatial,scene_0010,referential,auto,sketchvla_input_overlay,swap,4,False,,240,False,False,,True,True,True,akita_black_bowl_3,False,plate_1,True,0.0148,akita_black_bowl_2,plate_1,False,True,,,,722dbd0dd5d0a92a,6ba2b0987ccb10f1,86bc33de83002540,48,965.2,,ambiguous
spatial,scene_0010,referential,auto,sketchvla_input_overlay,swap,5,False,,240,False,False,,True,True,True,akita_black_bowl_3,False,plate_1,True,0.0186,akita_black_bowl_2,plate_1,False,True,,,,722dbd0dd5d0a92a,40b4f5030c2fae81,b95d2a24d5e9a84c,48,963.1,,ambiguous
spatial,scene_0010,referential,auto,sketchvla_input_overlay,swap,6,False,,240,False,False,,True,True,True,akita_black_bowl_3,False,plate_1,True,0.0144,akita_black_bowl_2,plate_1,False,True,,,,722dbd0dd5d0a92a,6b97ac84892e25df,30037cd9a51630bf,48,962.9,,ambiguous
spatial,scene_0010,referential,auto,sketchvla_input_overlay,swap,7,False,,240,False,False,,True,True,True,akita_black_bowl_3,False,plate_1,True,0.0116,akita_black_bowl_2,plate_1,False,True,,,,722dbd0dd5d0a92a,d53c97db7f275a21,a4808ddfa90de619,48,958.1,,ambiguous
spatial,scene_0010,referential,auto,sketchvla_input_overlay,swap,8,False,,240,False,False,,True,True,True,akita_black_bowl_3,False,plate_1,True,0.0134,akita_black_bowl_2,plate_1,False,True,,,,722dbd0dd5d0a92a,a221398b329e7c60,fac62b352037181b,48,959.5,,ambiguous
spatial,scene_0010,referential,auto,sketchvla_input_overlay,swap,9,False,,240,False,False,,True,True,True,akita_black_bowl_3,False,plate_1,True,0.0104,akita_black_bowl_2,plate_1,False,True,,,,722dbd0dd5d0a92a,322a672418e8c374,ebfc1f7493e8a3ba,48,964.5,,ambiguous
spatial,scene_0010,referential,auto,sketchvla_input_overlay,swap,10,False,,240,False,False,,True,True,True,akita_black_bowl_3,False,plate_1,True,0.0117,akita_black_bowl_2,plate_1,False,True,,,,722dbd0dd5d0a92a,d56225bb7b06c2fa,920839f116b898a8,48,964.6,,ambiguous
spatial,scene_0010,referential,auto,sketchvla_input_overlay,swap,11,False,,240,False,False,,True,True,True,akita_black_bowl_3,False,plate_1,True,0.0163,akita_black_bowl_2,plate_1,False,True,,,,722dbd0dd5d0a92a,af9218ad4b83f762,5ba55c105382e2af,48,954.5,,ambiguous
spatial,scene_0010,referential,auto,sketchvla_input_overlay,swap,12,False,,240,False,False,,True,True,True,akita_black_bowl_3,False,plate_1,True,0.0172,akita_black_bowl_2,plate_1,False,True,,,,722dbd0dd5d0a92a,b00050145ba6b719,330eb0dbed0381c5,48,956.1,,ambiguous
spatial,scene_0010,referential,auto,sketchvla_input_overlay,swap,13,False,,240,False,False,,True,True,True,akita_black_bowl_3,False,plate_1,True,0.0071,akita_black_bowl_2,plate_1,False,True,,,,722dbd0dd5d0a92a,d245d09d350f5b7d,df6c900a0e3eeab7,48,980.0,,ambiguous
spatial,scene_0011,referential,auto,sketchvla_input_overlay,swap,0,False,,240,False,False,,True,True,True,akita_black_bowl_4,False,plate_1,True,0.0092,akita_black_bowl_2,plate_1,False,True,,,,0732edc788d5a360,4c234ebce327284b,142c4571ea2a5f32,48,944.4,,ambiguous
spatial,scene_0011,referential,auto,sketchvla_input_overlay,swap,1,False,,240,False,False,,True,False,False,,False,,False,0.2992,akita_black_bowl_2,plate_1,,,,,,0732edc788d5a360,6d702c831f4e57c7,05d21405382e3c6a,48,921.7,,ambiguous
spatial,scene_0011,referential,auto,sketchvla_input_overlay,swap,2,False,,240,False,False,,True,True,True,cookies_1,False,plate_1,True,0.0169,akita_black_bowl_2,plate_1,False,True,,,,0732edc788d5a360,2b04c1447c2b9df9,72a1b2d8711fbe00,48,928.1,,ambiguous
spatial,scene_0011,referential,auto,sketchvla_input_overlay,swap,3,False,,240,False,False,,True,True,True,akita_black_bowl_4,False,plate_1,True,0.0222,akita_black_bowl_2,plate_1,False,True,,,,0732edc788d5a360,fb0745be76ba8ccc,ece70f291fed06c6,48,935.0,,ambiguous
spatial,scene_0011,referential,auto,sketchvla_input_overlay,swap,4,False,,240,False,False,,True,True,True,cookies_1,False,plate_1,True,0.0023,akita_black_bowl_2,plate_1,False,True,,,,0732edc788d5a360,64f9a8ff88f05ffb,9a405a4a2d162130,48,939.1,,ambiguous
spatial,scene_0011,referential,auto,sketchvla_input_overlay,swap,5,False,,240,False,False,,True,True,True,cookies_1,False,,False,0.1727,akita_black_bowl_2,plate_1,False,,,,,0732edc788d5a360,d266952a09c87207,051e25dd75909791,48,935.4,,ambiguous
spatial,scene_0011,referential,auto,sketchvla_input_overlay,swap,6,False,,240,False,False,,True,False,False,,False,,False,0.2819,akita_black_bowl_2,plate_1,,,,,,0732edc788d5a360,48facc896449e5fe,d0990ecd0296a813,48,938.6,,ambiguous
spatial,scene_0011,referential,auto,sketchvla_input_overlay,swap,7,False,,240,False,False,,True,False,False,,False,,False,0.2923,akita_black_bowl_2,plate_1,,,,,,0732edc788d5a360,957927bfc3376b4d,6b201e362ce44654,48,932.8,,ambiguous
spatial,scene_0011,referential,auto,sketchvla_input_overlay,swap,8,False,,240,False,False,,True,True,True,cookies_1,False,plate_1,True,0.0301,akita_black_bowl_2,plate_1,False,True,,,,0732edc788d5a360,8cf98bb1546121f3,d73767fa1e16a0ec,48,940.2,,ambiguous
spatial,scene_0011,referential,auto,sketchvla_input_overlay,swap,9,False,,240,False,False,,True,True,True,cookies_1,False,plate_1,True,0.0159,akita_black_bowl_2,plate_1,False,True,,,,0732edc788d5a360,5efd07aa4d536ce5,b18e01e781b4a894,48,931.5,,ambiguous
spatial,scene_0011,referential,auto,sketchvla_input_overlay,swap,10,False,,240,False,False,,True,True,True,akita_black_bowl_4,False,plate_1,True,0.0046,akita_black_bowl_2,plate_1,False,True,,,,0732edc788d5a360,782bc2dac18662e9,fba4487002d710d9,48,942.3,,ambiguous
spatial,scene_0011,referential,auto,sketchvla_input_overlay,swap,11,False,,240,False,False,,True,True,True,cookies_1,False,,False,0.1119,akita_black_bowl_2,plate_1,False,,,,,0732edc788d5a360,8404a1757be0bc0f,28f1eca4e56ed2a8,48,929.1,,ambiguous
spatial,scene_0011,referential,auto,sketchvla_input_overlay,swap,12,False,,240,False,False,,True,True,True,akita_black_bowl_4,False,plate_1,True,0.0021,akita_black_bowl_2,plate_1,False,True,,,,0732edc788d5a360,db567911c2cecd7c,798af82f41d38c87,48,926.4,,ambiguous
spatial,scene_0011,referential,auto,sketchvla_input_overlay,swap,13,False,,240,False,False,,True,True,True,cookies_1,False,plate_1,True,0.0077,akita_black_bowl_2,plate_1,False,True,,,,0732edc788d5a360,13557a8526795570,4d8fe453fbb23176,48,915.9,,ambiguous
spatial,scene_0012,referential,auto,sketchvla_input_overlay,swap,0,False,,240,True,True,78,True,True,True,akita_black_bowl_1,True,plate_1,True,0.0096,akita_black_bowl_2,plate_1,False,True,,,,697bd5f85fc89900,aee2d45c191538f2,57c555f40a3e3fb6,48,934.0,,ambiguous
spatial,scene_0012,referential,auto,sketchvla_input_overlay,swap,1,False,,240,True,True,72,True,True,True,akita_black_bowl_1,True,plate_1,True,0.0132,akita_black_bowl_2,plate_1,False,True,,,,697bd5f85fc89900,a97775eba64e7e2f,5d429562cb923ef2,48,960.3,,ambiguous
spatial,scene_0012,referential,auto,sketchvla_input_overlay,swap,2,False,,240,True,True,81,True,True,True,akita_black_bowl_1,True,plate_1,True,0.0215,akita_black_bowl_2,plate_1,False,True,,,,697bd5f85fc89900,e2bea40413a61b1d,0a39004805d339bd,48,940.4,,ambiguous
spatial,scene_0012,referential,auto,sketchvla_input_overlay,swap,3,False,,240,True,True,81,True,True,True,akita_black_bowl_1,True,plate_1,True,0.007,akita_black_bowl_2,plate_1,False,True,,,,697bd5f85fc89900,f1e4916a4cca5671,9f0ef6e725c076b8,48,951.6,,ambiguous
spatial,scene_0012,referential,auto,sketchvla_input_overlay,swap,4,False,,240,True,True,95,True,True,True,akita_black_bowl_1,True,plate_1,True,0.0144,akita_black_bowl_2,plate_1,False,True,,,,697bd5f85fc89900,aa73ec3aec2472be,d0ee15b1ec4d61ed,48,950.8,,ambiguous
spatial,scene_0012,referential,auto,sketchvla_input_overlay,swap,5,False,,240,True,True,82,True,True,True,akita_black_bowl_1,True,plate_1,True,0.0103,akita_black_bowl_2,plate_1,False,True,,,,697bd5f85fc89900,362e02967fd8920b,35c8759cbdc66ad7,48,978.3,,ambiguous
spatial,scene_0012,referential,auto,sketchvla_input_overlay,swap,6,False,,240,True,True,75,True,True,True,akita_black_bowl_1,True,plate_1,True,0.0156,akita_black_bowl_2,plate_1,False,True,,,,697bd5f85fc89900,210bb50e96402f31,e2549febbd704452,48,982.0,,ambiguous
spatial,scene_0012,referential,auto,sketchvla_input_overlay,swap,7,False,,240,True,True,79,True,True,True,akita_black_bowl_1,True,plate_1,True,0.0231,akita_black_bowl_2,plate_1,False,True,,,,697bd5f85fc89900,5e986c80fb6997e8,e22448f53b4affbc,48,972.0,,ambiguous
spatial,scene_0012,referential,auto,sketchvla_input_overlay,swap,8,False,,240,True,True,81,True,True,True,akita_black_bowl_1,True,plate_1,True,0.0166,akita_black_bowl_2,plate_1,False,True,,,,697bd5f85fc89900,44ad277379456894,60dd5c71e8463ad0,48,975.7,,ambiguous
spatial,scene_0012,referential,auto,sketchvla_input_overlay,swap,9,False,,240,True,True,87,True,True,True,akita_black_bowl_1,True,plate_1,True,0.0197,akita_black_bowl_2,plate_1,False,True,,,,697bd5f85fc89900,6b038bbe70cacf56,c41c13ff3af34abe,48,972.2,,ambiguous
spatial,scene_0012,referential,auto,sketchvla_input_overlay,swap,10,False,,240,True,True,81,True,True,True,akita_black_bowl_1,True,plate_1,True,0.0085,akita_black_bowl_2,plate_1,False,True,,,,697bd5f85fc89900,78ece1970d7125b2,a0e6a575abd6b19a,48,982.6,,ambiguous
spatial,scene_0012,referential,auto,sketchvla_input_overlay,swap,11,False,,240,True,True,80,True,True,True,akita_black_bowl_1,True,plate_1,True,0.0069,akita_black_bowl_2,plate_1,False,True,,,,697bd5f85fc89900,900937566059e1ad,fe7379afb88bdf20,48,972.9,,ambiguous
spatial,scene_0012,referential,auto,sketchvla_input_overlay,swap,12,False,,240,True,True,78,True,True,True,akita_black_bowl_1,True,plate_1,True,0.006,akita_black_bowl_2,plate_1,False,True,,,,697bd5f85fc89900,80606bf7be93feb6,3d54fc15fabfccee,48,979.3,,ambiguous
spatial,scene_0012,referential,auto,sketchvla_input_overlay,swap,13,False,,240,True,True,73,True,True,True,akita_black_bowl_1,True,plate_1,True,0.0062,akita_black_bowl_2,plate_1,False,True,,,,697bd5f85fc89900,86738eadfdf1da18,a912aea21e34cf7e,48,977.3,,ambiguous
spatial,scene_0013,referential,auto,sketchvla_input_overlay,swap,0,False,,240,True,True,193,True,True,True,akita_black_bowl_1,True,plate_1,True,0.0227,akita_black_bowl_2,plate_1,False,True,,,,652adb2bb6f35367,36f08188017f48df,8d07dddd79c62ae8,48,960.4,,ambiguous
spatial,scene_0013,referential,auto,sketchvla_input_overlay,swap,1,False,,240,True,True,90,True,True,True,akita_black_bowl_1,True,plate_1,True,0.0134,akita_black_bowl_2,plate_1,False,True,,,,652adb2bb6f35367,10c106c07c7b1ced,a074dde313fc2624,48,949.5,,ambiguous
spatial,scene_0013,referential,auto,sketchvla_input_overlay,swap,2,False,,240,True,True,99,True,True,True,akita_black_bowl_1,True,plate_1,True,0.0084,akita_black_bowl_2,plate_1,False,True,,,,652adb2bb6f35367,3c68d6fe829cf3c6,20c505f2abcc0feb,48,938.0,,ambiguous
spatial,scene_0013,referential,auto,sketchvla_input_overlay,swap,3,False,,240,False,True,87,True,True,True,akita_black_bowl_1,True,plate_1,True,0.0283,akita_black_bowl_2,plate_1,False,True,,,,652adb2bb6f35367,c3e98009287613f1,6dfa17c23cc46a24,48,937.4,,ambiguous
spatial,scene_0013,referential,auto,sketchvla_input_overlay,swap,4,False,,240,False,False,,True,True,True,akita_black_bowl_2,False,plate_1,True,0.0187,akita_black_bowl_2,plate_1,True,True,,,,652adb2bb6f35367,8fbe09ddb5baeb8e,7616a0defc8d6f0e,48,939.0,,ambiguous
spatial,scene_0013,referential,auto,sketchvla_input_overlay,swap,5,False,,240,False,False,,True,True,True,akita_black_bowl_1,True,plate_1,True,0.0636,akita_black_bowl_2,plate_1,False,True,,,,652adb2bb6f35367,dd65bbedc14067c8,fad3b2efd18b9d80,48,963.0,,ambiguous
spatial,scene_0013,referential,auto,sketchvla_input_overlay,swap,6,False,,240,True,True,88,True,True,True,akita_black_bowl_1,True,plate_1,True,0.016,akita_black_bowl_2,plate_1,False,True,,,,652adb2bb6f35367,40c6365b5a9ac839,59f21a4c7551459b,48,967.8,,ambiguous
spatial,scene_0013,referential,auto,sketchvla_input_overlay,swap,7,False,,240,True,True,103,True,True,True,akita_black_bowl_1,True,plate_1,True,0.0079,akita_black_bowl_2,plate_1,False,True,,,,652adb2bb6f35367,0f762b221bd38f4f,43a37381bc846fb6,48,958.2,,ambiguous
spatial,scene_0013,referential,auto,sketchvla_input_overlay,swap,8,False,,240,True,True,103,True,True,True,akita_black_bowl_1,True,plate_1,True,0.0024,akita_black_bowl_2,plate_1,False,True,,,,652adb2bb6f35367,c59af4bfa62fd3f0,bcdbaca1dc3ea30a,48,963.1,,ambiguous
spatial,scene_0013,referential,auto,sketchvla_input_overlay,swap,9,False,,240,True,True,96,True,True,True,akita_black_bowl_1,True,plate_1,True,0.0168,akita_black_bowl_2,plate_1,False,True,,,,652adb2bb6f35367,ebfd79d8b8b81e22,49ff4de33a5a18fc,48,968.2,,ambiguous
spatial,scene_0013,referential,auto,sketchvla_input_overlay,swap,10,False,,240,True,True,96,True,True,True,akita_black_bowl_1,True,plate_1,True,0.0045,akita_black_bowl_2,plate_1,False,True,,,,652adb2bb6f35367,2bf3aa61f283518b,f273e639bbc8386f,48,967.0,,ambiguous
spatial,scene_0013,referential,auto,sketchvla_input_overlay,swap,11,False,,240,True,True,94,True,True,True,akita_black_bowl_1,True,plate_1,True,0.0123,akita_black_bowl_2,plate_1,False,True,,,,652adb2bb6f35367,725a37fedf9205f1,4e5bb47735d11c0b,48,961.9,,ambiguous
spatial,scene_0013,referential,auto,sketchvla_input_overlay,swap,12,False,,240,False,False,,True,True,True,akita_black_bowl_1,True,,False,0.1482,akita_black_bowl_2,plate_1,False,,,,,652adb2bb6f35367,3df2e90bb1d504ef,9e58841a9da01661,48,969.2,,ambiguous
spatial,scene_0013,referential,auto,sketchvla_input_overlay,swap,13,False,,240,False,False,,True,False,False,,False,,False,0.1777,akita_black_bowl_2,plate_1,,,,,,652adb2bb6f35367,8c9737cc466410fa,76a8813ad60257f6,48,944.6,,ambiguous
spatial,scene_0014,referential,auto,sketchvla_input_overlay,swap,0,False,,240,False,False,,True,True,True,akita_black_bowl_3,False,,False,0.1023,akita_black_bowl_2,plate_1,False,,,,,421625ab9ff4bb51,27e93f005d5397c8,a4889eb411477699,48,992.6,,ambiguous
spatial,scene_0014,referential,auto,sketchvla_input_overlay,swap,1,False,,240,False,False,,True,False,False,,False,,False,0.1998,akita_black_bowl_2,plate_1,,,,,,421625ab9ff4bb51,ec1d57a92ae31653,0b8fbe5b1a364a30,48,962.4,,ambiguous
spatial,scene_0014,referential,auto,sketchvla_input_overlay,swap,2,False,,240,False,False,,True,True,True,akita_black_bowl_2,False,plate_1,True,0.0185,akita_black_bowl_2,plate_1,True,True,,,,421625ab9ff4bb51,ce880c451bfa18ae,50670001a82bd4fa,48,954.9,,ambiguous
spatial,scene_0014,referential,auto,sketchvla_input_overlay,swap,3,False,,240,False,False,,True,False,False,,False,,False,0.2429,akita_black_bowl_2,plate_1,,,,,,421625ab9ff4bb51,5f83a140041340a6,e5cbac2817c0189e,48,956.2,,ambiguous
spatial,scene_0014,referential,auto,sketchvla_input_overlay,swap,4,False,,240,False,False,,True,True,True,akita_black_bowl_2,False,plate_1,True,0.0097,akita_black_bowl_2,plate_1,True,True,,,,421625ab9ff4bb51,cb5a8ab32959970f,e66101f573c31457,48,959.8,,ambiguous
spatial,scene_0014,referential,auto,sketchvla_input_overlay,swap,5,False,,240,False,False,,True,True,True,akita_black_bowl_3,False,plate_1,True,0.0235,akita_black_bowl_2,plate_1,False,True,,,,421625ab9ff4bb51,835b098a7b02354b,cd6a20c623c98819,48,989.0,,ambiguous
spatial,scene_0014,referential,auto,sketchvla_input_overlay,swap,6,False,,240,False,False,,True,True,True,akita_black_bowl_2,False,plate_1,True,0.0162,akita_black_bowl_2,plate_1,True,True,,,,421625ab9ff4bb51,2205ebe4c6ebf6a6,6f943da407cf16c1,48,988.4,,ambiguous
spatial,scene_0014,referential,auto,sketchvla_input_overlay,swap,7,False,,240,False,False,,True,True,True,akita_black_bowl_2,False,plate_1,True,0.039,akita_black_bowl_2,plate_1,True,True,,,,421625ab9ff4bb51,cb48bc93981be420,8e7ff72647df4dfd,48,985.9,,ambiguous
spatial,scene_0014,referential,auto,sketchvla_input_overlay,swap,8,False,,240,False,False,,True,True,True,akita_black_bowl_2,False,plate_1,True,0.0085,akita_black_bowl_2,plate_1,True,True,,,,421625ab9ff4bb51,280d94c76a6b88f2,e461dcba42877cda,48,990.2,,ambiguous
spatial,scene_0014,referential,auto,sketchvla_input_overlay,swap,9,False,,240,False,False,,True,True,True,akita_black_bowl_2,False,plate_1,True,0.012,akita_black_bowl_2,plate_1,True,True,,,,421625ab9ff4bb51,48200a07419d47cf,882c35b73ff8cc4d,48,989.0,,ambiguous
spatial,scene_0014,referential,auto,sketchvla_input_overlay,swap,10,False,,240,False,False,,True,True,True,akita_black_bowl_2,False,plate_1,True,0.0136,akita_black_bowl_2,plate_1,True,True,,,,421625ab9ff4bb51,e77abada85be4267,d042c23067ee425e,48,990.7,,ambiguous
spatial,scene_0014,referential,auto,sketchvla_input_overlay,swap,11,False,,240,False,False,,True,True,True,akita_black_bowl_2,False,plate_1,True,0.0141,akita_black_bowl_2,plate_1,True,True,,,,421625ab9ff4bb51,bace9c32285f04bc,a88c85d47e13ad45,48,993.7,,ambiguous
spatial,scene_0014,referential,auto,sketchvla_input_overlay,swap,12,False,,240,False,False,,True,True,True,akita_black_bowl_2,False,plate_1,True,0.012,akita_black_bowl_2,plate_1,True,True,,,,421625ab9ff4bb51,e8c498525472e0ea,a0e7c65fa42dec99,48,989.4,,ambiguous
spatial,scene_0014,referential,auto,sketchvla_input_overlay,swap,13,False,,240,False,False,,True,True,True,akita_black_bowl_2,False,plate_1,True,0.0045,akita_black_bowl_2,plate_1,True,True,,,,421625ab9ff4bb51,6d846f50ee2f5800,f77a830fa7aa3cdf,48,945.2,,ambiguous
spatial,scene_0015,referential,auto,sketchvla_input_overlay,swap,0,False,,240,True,True,109,True,True,True,akita_black_bowl_1,True,plate_1,True,0.0104,akita_black_bowl_2,plate_1,False,True,,,,b0bc4188b573076e,29bc93f5c2e78e9d,11b15dab467f8c16,48,843.6,,ambiguous
spatial,scene_0015,referential,auto,sketchvla_input_overlay,swap,1,False,,240,False,False,,True,True,True,akita_black_bowl_4,False,plate_1,True,0.0203,akita_black_bowl_2,plate_1,False,True,,,,b0bc4188b573076e,9681a80911fe129e,cfc88418d6611831,48,945.2,,ambiguous
spatial,scene_0015,referential,auto,sketchvla_input_overlay,swap,2,False,,240,False,False,,True,True,True,akita_black_bowl_1,True,plate_1,True,0.0303,akita_black_bowl_2,plate_1,False,True,,,,b0bc4188b573076e,39f51ae17510ae5d,4db7408685aeb480,48,934.7,,ambiguous
spatial,scene_0015,referential,auto,sketchvla_input_overlay,swap,3,False,,240,False,False,,True,True,True,akita_black_bowl_4,False,plate_1,True,0.0133,akita_black_bowl_2,plate_1,False,True,,,,b0bc4188b573076e,9e8d006227be0ff2,419cebb326676489,48,934.3,,ambiguous
spatial,scene_0015,referential,auto,sketchvla_input_overlay,swap,4,False,,240,False,False,,True,True,True,akita_black_bowl_2,False,plate_1,True,0.0072,akita_black_bowl_2,plate_1,True,True,,,,b0bc4188b573076e,9a9a49f947b31bc7,5448f67ef26060ed,48,936.0,,ambiguous
spatial,scene_0015,referential,auto,sketchvla_input_overlay,swap,5,False,,240,False,False,,True,False,False,,False,,False,0.2954,akita_black_bowl_2,plate_1,,,,,,b0bc4188b573076e,7c8c614891580bbf,eb6133930423fd02,48,961.5,,ambiguous
spatial,scene_0015,referential,auto,sketchvla_input_overlay,swap,6,False,,240,False,False,,True,True,True,cookies_1,False,plate_1,True,0.0153,akita_black_bowl_2,plate_1,False,True,,,,b0bc4188b573076e,ebafcc3c19f27106,31794e0c41e4a438,48,962.4,,ambiguous
spatial,scene_0015,referential,auto,sketchvla_input_overlay,swap,7,False,,240,True,True,149,True,True,True,akita_black_bowl_1,True,plate_1,True,0.0178,akita_black_bowl_2,plate_1,False,True,,,,b0bc4188b573076e,7ca34baa11dfdbb3,4bbf1a77a2ba6372,48,955.6,,ambiguous
spatial,scene_0015,referential,auto,sketchvla_input_overlay,swap,8,False,,240,False,False,,True,True,True,akita_black_bowl_2,False,plate_1,True,0.018,akita_black_bowl_2,plate_1,True,True,,,,b0bc4188b573076e,71d7d9cea5166006,63e818ec1075dcc2,48,947.7,,ambiguous
spatial,scene_0015,referential,auto,sketchvla_input_overlay,swap,9,False,,240,False,False,,True,False,False,,False,,False,0.2963,akita_black_bowl_2,plate_1,,,,,,b0bc4188b573076e,0c9fe62bd055e3a6,35cafb5a55e9e51c,48,970.4,,ambiguous
spatial,scene_0015,referential,auto,sketchvla_input_overlay,swap,10,False,,240,True,True,185,True,True,True,akita_black_bowl_1,True,plate_1,True,0.0244,akita_black_bowl_2,plate_1,False,True,,,,b0bc4188b573076e,9b9314bd4c238ca5,7539196eb1d4c015,48,957.9,,ambiguous
spatial,scene_0015,referential,auto,sketchvla_input_overlay,swap,11,False,,240,False,False,,True,True,True,akita_black_bowl_1,True,plate_1,True,0.0407,akita_black_bowl_2,plate_1,False,True,,,,b0bc4188b573076e,91a655e10434f25c,85aeb9f2074c16e4,48,962.2,,ambiguous
spatial,scene_0015,referential,auto,sketchvla_input_overlay,swap,12,False,,240,False,False,,True,True,True,akita_black_bowl_4,False,plate_1,True,0.0094,akita_black_bowl_2,plate_1,False,True,,,,b0bc4188b573076e,ec51f101e2d7508b,8678b3f032d8ce6c,48,964.3,,ambiguous
spatial,scene_0015,referential,auto,sketchvla_input_overlay,swap,13,False,,240,False,False,,True,True,True,akita_black_bowl_4,False,plate_1,True,0.0076,akita_black_bowl_2,plate_1,False,True,,,,b0bc4188b573076e,2ea387192938692f,81792d5c7e069fdf,48,948.1,,ambiguous
spatial,scene_0016,directional,auto,sketchvla_input_overlay,swap,0,False,,240,False,False,,True,True,True,akita_black_bowl_1,True,plate_1,False,0.0462,akita_black_bowl_2,plate_2,False,False,,,,13e70576ca74efab,4f90f24d0349af96,dee2ef96888f0df6,48,910.8,,ambiguous
spatial,scene_0016,directional,auto,sketchvla_input_overlay,swap,1,False,,240,False,False,,True,True,True,akita_black_bowl_1,True,,False,0.0973,akita_black_bowl_2,plate_2,False,,,,,13e70576ca74efab,895d82e1daa37b6b,451b8af783df3116,48,953.3,,ambiguous
spatial,scene_0016,directional,auto,sketchvla_input_overlay,swap,2,False,,240,False,False,,True,False,False,,False,,False,0.0994,akita_black_bowl_2,plate_2,,,,,,13e70576ca74efab,ca809de44f35370c,74190c46ba163e80,48,957.1,,ambiguous
spatial,scene_0016,directional,auto,sketchvla_input_overlay,swap,3,False,,240,False,False,,True,True,True,akita_black_bowl_1,True,plate_1,False,0.0272,akita_black_bowl_2,plate_2,False,False,,,,13e70576ca74efab,4ea6eca3f0662704,562188bee3cfcf5d,48,945.0,,ambiguous
spatial,scene_0016,directional,auto,sketchvla_input_overlay,swap,4,False,,240,False,False,,True,True,True,akita_black_bowl_1,True,plate_1,False,0.0095,akita_black_bowl_2,plate_2,False,False,,,,13e70576ca74efab,f8931738dc24c748,15855c4895f22230,48,958.0,,ambiguous
spatial,scene_0016,directional,auto,sketchvla_input_overlay,swap,5,False,,240,False,False,,True,True,True,akita_black_bowl_1,True,,False,0.1005,akita_black_bowl_2,plate_2,False,,,,,13e70576ca74efab,d6ac1009dbc4cb52,36d52586bbb4419d,48,980.0,,ambiguous
spatial,scene_0016,directional,auto,sketchvla_input_overlay,swap,6,False,,240,False,False,,True,False,False,,False,,False,0.0863,akita_black_bowl_2,plate_2,,,,,,13e70576ca74efab,8aca62aa4a55c2f0,8aa2444f8a4e1213,48,987.0,,ambiguous
spatial,scene_0016,directional,auto,sketchvla_input_overlay,swap,7,False,,240,False,False,,True,False,False,,False,,False,0.0866,akita_black_bowl_2,plate_2,,,,,,13e70576ca74efab,cdf6ef8ab2cd259a,74ab527376c21a08,48,983.5,,ambiguous
spatial,scene_0016,directional,auto,sketchvla_input_overlay,swap,8,False,,240,False,False,,True,False,False,,False,plate_1,False,0.0338,akita_black_bowl_2,plate_2,,False,,,,13e70576ca74efab,9350373d38fedaeb,9a7072b37dc51345,48,981.4,,ambiguous
spatial,scene_0016,directional,auto,sketchvla_input_overlay,swap,9,False,,240,False,False,,True,True,True,akita_black_bowl_1,True,plate_1,False,0.0036,akita_black_bowl_2,plate_2,False,False,,,,13e70576ca74efab,406e2bbbfa826ceb,264b2586c765d259,48,986.8,,ambiguous
spatial,scene_0016,directional,auto,sketchvla_input_overlay,swap,10,False,,240,False,False,,True,False,False,,False,,False,0.082,akita_black_bowl_2,plate_2,,,,,,13e70576ca74efab,dc14b8e4d07265b7,ed43f8941898906d,48,990.3,,ambiguous
spatial,scene_0016,directional,auto,sketchvla_input_overlay,swap,11,False,,240,False,False,,True,True,True,akita_black_bowl_1,True,plate_1,False,0.0186,akita_black_bowl_2,plate_2,False,False,,,,13e70576ca74efab,f777bb6b3ed05f87,9a887c62ee380289,48,993.2,,ambiguous
spatial,scene_0016,directional,auto,sketchvla_input_overlay,swap,12,False,,240,False,False,,True,True,True,akita_black_bowl_1,True,plate_1,False,0.0168,akita_black_bowl_2,plate_2,False,False,,,,13e70576ca74efab,acd568176d0b3ee1,14c0aa3b8c287400,48,985.3,,ambiguous
spatial,scene_0016,directional,auto,sketchvla_input_overlay,swap,13,False,,240,False,False,,True,False,False,,False,,False,0.0839,akita_black_bowl_2,plate_2,,,,,,13e70576ca74efab,1073edc713891252,705070fc7bddcdd2,48,931.5,,ambiguous
spatial,scene_0017,directional,auto,sketchvla_input_overlay,swap,0,False,,240,True,True,87,True,True,True,akita_black_bowl_1,True,plate_2,True,0.0073,akita_black_bowl_2,plate_2,False,True,,,,17055259d2569f54,6663ed54b732ac7d,5ec21409630f9f82,48,956.7,,ambiguous
spatial,scene_0017,directional,auto,sketchvla_input_overlay,swap,1,False,,240,True,True,88,True,True,True,akita_black_bowl_1,True,plate_2,True,0.0098,akita_black_bowl_2,plate_2,False,True,,,,17055259d2569f54,cd9dafa5c747f79f,8fdc9437f7f3ae4c,48,951.7,,ambiguous
spatial,scene_0017,directional,auto,sketchvla_input_overlay,swap,2,False,,240,True,True,101,True,True,True,akita_black_bowl_1,True,plate_2,True,0.0095,akita_black_bowl_2,plate_2,False,True,,,,17055259d2569f54,54bbe74b88041ddc,54b16de4dbc072bc,48,942.7,,ambiguous
spatial,scene_0017,directional,auto,sketchvla_input_overlay,swap,3,False,,240,True,True,96,True,True,True,akita_black_bowl_1,True,plate_2,True,0.0085,akita_black_bowl_2,plate_2,False,True,,,,17055259d2569f54,6e1868d078045731,85477cb2be077dc1,48,924.0,,ambiguous
spatial,scene_0017,directional,auto,sketchvla_input_overlay,swap,4,False,,240,True,True,108,True,True,True,akita_black_bowl_1,True,plate_2,True,0.0155,akita_black_bowl_2,plate_2,False,True,,,,17055259d2569f54,e046c34666adbf7f,d42af373023f637a,48,932.4,,ambiguous
spatial,scene_0017,directional,auto,sketchvla_input_overlay,swap,5,False,,240,True,True,120,True,True,True,akita_black_bowl_1,True,plate_2,True,0.0057,akita_black_bowl_2,plate_2,False,True,,,,17055259d2569f54,36d2262f7c8de28c,d0e3ff5503693b70,48,946.0,,ambiguous
spatial,scene_0017,directional,auto,sketchvla_input_overlay,swap,6,False,,240,True,True,111,True,True,True,akita_black_bowl_1,True,plate_2,True,0.0098,akita_black_bowl_2,plate_2,False,True,,,,17055259d2569f54,39344251247df516,faf2ab363b3eb78b,48,963.7,,ambiguous
spatial,scene_0017,directional,auto,sketchvla_input_overlay,swap,7,False,,240,True,True,116,True,True,True,akita_black_bowl_1,True,plate_2,True,0.0094,akita_black_bowl_2,plate_2,False,True,,,,17055259d2569f54,eee77629ebf03754,5c807fe3fcc5b159,48,955.4,,ambiguous
spatial,scene_0017,directional,auto,sketchvla_input_overlay,swap,8,False,,240,True,True,83,True,True,True,akita_black_bowl_1,True,plate_2,True,0.011,akita_black_bowl_2,plate_2,False,True,,,,17055259d2569f54,7fd0e0d22eda6f47,9f6f66caa2285a0c,48,966.3,,ambiguous
spatial,scene_0017,directional,auto,sketchvla_input_overlay,swap,9,False,,240,True,True,118,True,True,True,akita_black_bowl_1,True,plate_2,True,0.012,akita_black_bowl_2,plate_2,False,True,,,,17055259d2569f54,c5f4ae61fb1d13ad,75985b4a89d740e3,48,957.7,,ambiguous
spatial,scene_0017,directional,auto,sketchvla_input_overlay,swap,10,False,,240,True,True,108,True,True,True,akita_black_bowl_1,True,plate_2,True,0.0078,akita_black_bowl_2,plate_2,False,True,,,,17055259d2569f54,75885b6f6feb9968,c7092b859b22ef25,48,961.3,,ambiguous
spatial,scene_0017,directional,auto,sketchvla_input_overlay,swap,11,False,,240,False,True,105,True,True,True,akita_black_bowl_1,True,plate_2,True,0.0183,akita_black_bowl_2,plate_2,False,True,,,,17055259d2569f54,e864c3161f14c1dc,135632e30e6f8b48,48,958.9,,ambiguous
spatial,scene_0017,directional,auto,sketchvla_input_overlay,swap,12,False,,240,True,True,101,True,True,True,akita_black_bowl_1,True,plate_2,True,0.0073,akita_black_bowl_2,plate_2,False,True,,,,17055259d2569f54,4db8d3b7c4def554,63877732e4331bc0,48,974.0,,ambiguous
spatial,scene_0017,directional,auto,sketchvla_input_overlay,swap,13,False,,240,False,False,,True,True,True,akita_black_bowl_1,True,,False,0.1051,akita_black_bowl_2,plate_2,False,,,,,17055259d2569f54,a2543ca7218f11ec,8098edf7148a9013,48,830.2,,ambiguous
spatial,scene_0018,directional,auto,sketchvla_input_overlay,swap,0,False,,240,False,False,,True,False,False,,False,,False,0.2233,akita_black_bowl_2,plate_1,,,,,,7041c5bf821b2f75,511cb1c9eca09cbc,1cad64bad10d63db,48,866.5,,ambiguous
spatial,scene_0018,directional,auto,sketchvla_input_overlay,swap,1,False,,240,True,True,108,True,True,True,akita_black_bowl_1,True,plate_1,True,0.0117,akita_black_bowl_2,plate_1,False,True,,,,7041c5bf821b2f75,83fb02f488e8ff38,df9b77ffbcffae6f,48,959.8,,ambiguous
spatial,scene_0018,directional,auto,sketchvla_input_overlay,swap,2,False,,240,False,False,,True,True,True,akita_black_bowl_2,False,plate_1,True,0.027,akita_black_bowl_2,plate_1,True,True,,,,7041c5bf821b2f75,00a54cf0defc9a76,d0dba5e58e805742,48,960.1,,ambiguous
spatial,scene_0018,directional,auto,sketchvla_input_overlay,swap,3,False,,240,False,False,,True,False,False,,False,,False,0.2102,akita_black_bowl_2,plate_1,,,,,,7041c5bf821b2f75,67b03ee2d405a045,9304468280709495,48,961.4,,ambiguous
spatial,scene_0018,directional,auto,sketchvla_input_overlay,swap,4,False,,240,False,False,,True,False,False,,False,,False,0.2051,akita_black_bowl_2,plate_1,,,,,,7041c5bf821b2f75,0b11547c20ba5ce3,402cd912bc7f4ca8,48,966.7,,ambiguous
spatial,scene_0018,directional,auto,sketchvla_input_overlay,swap,5,False,,240,False,False,,True,True,True,plate_2,False,plate_2,False,0.0,akita_black_bowl_2,plate_1,False,False,,,,7041c5bf821b2f75,1eaa703f49c7d72b,12b0c49d38f24472,48,988.4,,ambiguous
spatial,scene_0018,directional,auto,sketchvla_input_overlay,swap,6,False,,240,False,False,,True,False,False,,False,,False,0.2119,akita_black_bowl_2,plate_1,,,,,,7041c5bf821b2f75,0a698080cbc0da58,6f20fbb51d9984fc,48,991.5,,ambiguous
spatial,scene_0018,directional,auto,sketchvla_input_overlay,swap,7,False,,240,False,False,,True,True,True,plate_2,False,plate_2,False,0.0,akita_black_bowl_2,plate_1,False,False,,,,7041c5bf821b2f75,77a3e68e4ecc14bd,c6d9e4661dff0036,48,994.2,,ambiguous
spatial,scene_0018,directional,auto,sketchvla_input_overlay,swap,8,False,,240,False,False,,True,False,False,,False,,False,0.1981,akita_black_bowl_2,plate_1,,,,,,7041c5bf821b2f75,3f90a734fbaf211a,497e4f9763efa3a5,48,997.6,,ambiguous
spatial,scene_0018,directional,auto,sketchvla_input_overlay,swap,9,False,,240,False,False,,True,True,True,plate_2,False,plate_2,False,0.0,akita_black_bowl_2,plate_1,False,False,,,,7041c5bf821b2f75,a851afbdb2ebb207,772a4cd886f5a4ea,48,1007.3,,ambiguous
spatial,scene_0018,directional,auto,sketchvla_input_overlay,swap,10,False,,240,False,False,,True,True,True,plate_1,False,plate_1,True,0.0,akita_black_bowl_2,plate_1,False,True,,,,7041c5bf821b2f75,b0714b215eed5bc6,f69b26073f9e80fe,48,1000.0,,ambiguous
spatial,scene_0018,directional,auto,sketchvla_input_overlay,swap,11,False,,240,False,False,,True,True,True,akita_black_bowl_2,False,plate_1,True,0.0086,akita_black_bowl_2,plate_1,True,True,,,,7041c5bf821b2f75,76d427c132d7cb17,923b9298924d702f,48,996.9,,ambiguous
spatial,scene_0018,directional,auto,sketchvla_input_overlay,swap,12,False,,240,False,False,,True,True,True,glazed_rim_porcelain_ramekin_1,False,,False,0.1428,akita_black_bowl_2,plate_1,False,,,,,7041c5bf821b2f75,4844da831abfa297,02956ebf1278ee93,48,989.3,,ambiguous
spatial,scene_0018,directional,auto,sketchvla_input_overlay,swap,13,False,,240,False,False,,True,True,True,akita_black_bowl_2,False,plate_1,True,0.0114,akita_black_bowl_2,plate_1,True,True,,,,7041c5bf821b2f75,84d136b357eb0e75,cb4a0b3c4f001660,48,1001.0,,ambiguous
spatial,scene_0019,directional,auto,sketchvla_input_overlay,swap,0,False,,240,False,False,,True,False,False,,False,,False,0.1863,akita_black_bowl_2,plate_2,,,,,,56a96811a69b0ee4,4a29fcd098f30e6d,be7071849350835a,48,960.7,,ambiguous
spatial,scene_0019,directional,auto,sketchvla_input_overlay,swap,1,False,,240,False,False,,True,True,True,akita_black_bowl_1,True,plate_3,False,0.0134,akita_black_bowl_2,plate_2,False,False,,,,56a96811a69b0ee4,d5930ebd37c17622,dded798567bc9022,48,945.9,,ambiguous
spatial,scene_0019,directional,auto,sketchvla_input_overlay,swap,2,False,,240,False,False,,True,True,True,akita_black_bowl_1,True,plate_3,False,0.0136,akita_black_bowl_2,plate_2,False,False,,,,56a96811a69b0ee4,891c9642b4aa4cd4,1141100f24a7d7b5,48,932.8,,ambiguous
spatial,scene_0019,directional,auto,sketchvla_input_overlay,swap,3,False,,240,False,False,,True,True,True,akita_black_bowl_2,False,plate_3,False,0.0098,akita_black_bowl_2,plate_2,True,False,,,,56a96811a69b0ee4,d5fdd11d77cdf10e,7852b64603907094,48,942.2,,ambiguous
spatial,scene_0019,directional,auto,sketchvla_input_overlay,swap,4,False,,240,False,False,,True,True,True,akita_black_bowl_1,True,plate_3,False,0.0336,akita_black_bowl_2,plate_2,False,False,,,,56a96811a69b0ee4,73f34055b497ef27,ee4040fbe024c52e,48,942.1,,ambiguous
spatial,scene_0019,directional,auto,sketchvla_input_overlay,swap,5,False,,240,False,False,,True,True,True,akita_black_bowl_2,False,plate_3,False,0.0069,akita_black_bowl_2,plate_2,True,False,,,,56a96811a69b0ee4,8a6d824076035e63,68eb97555c66bd9d,48,953.7,,ambiguous
spatial,scene_0019,directional,auto,sketchvla_input_overlay,swap,6,False,,240,False,False,,True,True,True,akita_black_bowl_1,True,plate_3,False,0.0225,akita_black_bowl_2,plate_2,False,False,,,,56a96811a69b0ee4,8c32c8efed330524,3caf7356da51b019,48,971.9,,ambiguous
spatial,scene_0019,directional,auto,sketchvla_input_overlay,swap,7,False,,240,False,False,,True,True,True,akita_black_bowl_2,False,plate_3,False,0.0082,akita_black_bowl_2,plate_2,True,False,,,,56a96811a69b0ee4,3a1d018761251d59,3f8166f0100f4b53,48,960.4,,ambiguous
spatial,scene_0019,directional,auto,sketchvla_input_overlay,swap,8,False,,240,False,False,,True,True,True,akita_black_bowl_2,False,plate_3,False,0.0115,akita_black_bowl_2,plate_2,True,False,,,,56a96811a69b0ee4,0825ecc70a52e7e4,016ad715a5215d30,48,972.5,,ambiguous
spatial,scene_0019,directional,auto,sketchvla_input_overlay,swap,9,False,,240,False,False,,True,True,True,akita_black_bowl_2,False,plate_3,False,0.0546,akita_black_bowl_2,plate_2,True,False,,,,56a96811a69b0ee4,0105f0507b49e7e6,904ac18657c8042c,48,961.9,,ambiguous
spatial,scene_0019,directional,auto,sketchvla_input_overlay,swap,10,False,,240,False,False,,True,True,True,akita_black_bowl_2,False,plate_3,False,0.0079,akita_black_bowl_2,plate_2,True,False,,,,56a96811a69b0ee4,8b2bdb86dc6fb418,3758e0aaa525884d,48,972.2,,ambiguous
spatial,scene_0019,directional,auto,sketchvla_input_overlay,swap,11,False,,240,False,False,,True,True,True,akita_black_bowl_2,False,,False,0.1031,akita_black_bowl_2,plate_2,True,,,,,56a96811a69b0ee4,1ac66318178ed8f3,7d59c705ce607096,48,949.9,,ambiguous
spatial,scene_0019,directional,auto,sketchvla_input_overlay,swap,12,False,,240,False,False,,True,True,True,akita_black_bowl_2,False,plate_3,False,0.0312,akita_black_bowl_2,plate_2,True,False,,,,56a96811a69b0ee4,3b2ad4678b9cb62f,6c579bbbbd369644,48,954.2,,ambiguous
spatial,scene_0019,directional,auto,sketchvla_input_overlay,swap,13,False,,240,False,False,,True,True,True,akita_black_bowl_2,False,plate_3,False,0.0209,akita_black_bowl_2,plate_2,True,False,,,,56a96811a69b0ee4,e3f36e440594768d,73997a648b5e12f5,48,903.0,,ambiguous
spatial,scene_0020,directional,auto,sketchvla_input_overlay,swap,0,False,,240,True,True,73,True,True,True,akita_black_bowl_1,True,plate_1,True,0.0136,akita_black_bowl_2,plate_1,False,True,,,,bc092c3a45f91352,806bb43fc3d92657,f354dfe3786d1242,48,962.1,,ambiguous
spatial,scene_0020,directional,auto,sketchvla_input_overlay,swap,1,False,,240,True,True,227,True,True,True,akita_black_bowl_1,True,plate_1,True,0.0093,akita_black_bowl_2,plate_1,False,True,,,,bc092c3a45f91352,48502c4e0701acbf,f2b766eeb7b0b72e,48,954.8,,ambiguous
spatial,scene_0020,directional,auto,sketchvla_input_overlay,swap,2,False,,240,True,True,82,True,True,True,akita_black_bowl_1,True,plate_1,True,0.0058,akita_black_bowl_2,plate_1,False,True,,,,bc092c3a45f91352,5be88749aa55b007,4fad06c30c8ad5f8,48,947.1,,ambiguous
spatial,scene_0020,directional,auto,sketchvla_input_overlay,swap,3,False,,240,True,True,111,True,True,True,akita_black_bowl_1,True,plate_1,True,0.018,akita_black_bowl_2,plate_1,False,True,,,,bc092c3a45f91352,bb749ad879849189,cac2b792abbc82ff,48,953.9,,ambiguous
spatial,scene_0020,directional,auto,sketchvla_input_overlay,swap,4,False,,240,True,True,79,True,True,True,akita_black_bowl_1,True,plate_1,True,0.0164,akita_black_bowl_2,plate_1,False,True,,,,bc092c3a45f91352,085bc086428041fb,78eec7700e1c5a1f,48,973.7,,ambiguous
spatial,scene_0020,directional,auto,sketchvla_input_overlay,swap,5,False,,240,True,True,78,True,True,True,akita_black_bowl_1,True,plate_1,True,0.0026,akita_black_bowl_2,plate_1,False,True,,,,bc092c3a45f91352,6b52c95cd45ad960,6627a31bfd80dbf6,48,977.7,,ambiguous
spatial,scene_0020,directional,auto,sketchvla_input_overlay,swap,6,False,,240,True,True,78,True,True,True,akita_black_bowl_1,True,plate_1,True,0.0189,akita_black_bowl_2,plate_1,False,True,,,,bc092c3a45f91352,2bf12ee3adc78b72,e7422a1c7470ed9f,48,975.3,,ambiguous
spatial,scene_0020,directional,auto,sketchvla_input_overlay,swap,7,False,,240,True,True,102,True,True,True,akita_black_bowl_1,True,plate_1,True,0.0077,akita_black_bowl_2,plate_1,False,True,,,,bc092c3a45f91352,89753d686ddf40c3,299e58c7ac7ba470,48,990.2,,ambiguous
spatial,scene_0020,directional,auto,sketchvla_input_overlay,swap,8,False,,240,True,True,84,True,True,True,akita_black_bowl_1,True,plate_1,True,0.0185,akita_black_bowl_2,plate_1,False,True,,,,bc092c3a45f91352,a49c743ddadeb1af,e21ed93b524f23a9,48,995.9,,ambiguous
spatial,scene_0020,directional,auto,sketchvla_input_overlay,swap,9,False,,240,True,True,117,True,True,True,akita_black_bowl_1,True,plate_1,True,0.0198,akita_black_bowl_2,plate_1,False,True,,,,bc092c3a45f91352,5ad2b257c6a279d2,8a867b19f3aefdc7,48,983.0,,ambiguous
spatial,scene_0020,directional,auto,sketchvla_input_overlay,swap,10,False,,240,True,True,81,True,True,True,akita_black_bowl_1,True,plate_1,True,0.0052,akita_black_bowl_2,plate_1,False,True,,,,bc092c3a45f91352,4f572eb7dec3836e,08346513cfad89c4,48,971.3,,ambiguous
spatial,scene_0020,directional,auto,sketchvla_input_overlay,swap,11,False,,240,False,True,74,True,True,True,akita_black_bowl_1,True,plate_1,True,0.0453,akita_black_bowl_2,plate_1,False,True,,,,bc092c3a45f91352,cf68b9625939abd9,034b0564239054c2,48,984.7,,ambiguous
spatial,scene_0020,directional,auto,sketchvla_input_overlay,swap,12,False,,240,True,True,87,True,True,True,akita_black_bowl_1,True,plate_1,True,0.0157,akita_black_bowl_2,plate_1,False,True,,,,bc092c3a45f91352,c020de2c7d97b87b,7a14d24764779435,48,993.4,,ambiguous
spatial,scene_0020,directional,auto,sketchvla_input_overlay,swap,13,False,,240,True,True,81,True,True,True,akita_black_bowl_1,True,plate_1,True,0.0108,akita_black_bowl_2,plate_1,False,True,,,,bc092c3a45f91352,518366fdf008c176,774a9c64a08f0f4d,48,937.7,,ambiguous
spatial,scene_0021,directional,auto,sketchvla_input_overlay,swap,0,False,,240,False,False,,True,True,True,akita_black_bowl_1,True,plate_1,False,0.0216,akita_black_bowl_2,plate_2,False,False,,,,575102c75eef60d5,7c5bedfabd3328eb,e201c0cbad56e80c,48,914.6,,ambiguous
spatial,scene_0021,directional,auto,sketchvla_input_overlay,swap,1,False,,240,False,False,,True,True,True,akita_black_bowl_1,True,plate_1,False,0.0184,akita_black_bowl_2,plate_2,False,False,,,,575102c75eef60d5,f4dd1b57bab56b6b,dc9d1e7f5a401f22,48,936.1,,ambiguous
spatial,scene_0021,directional,auto,sketchvla_input_overlay,swap,2,False,,240,False,False,,True,True,True,akita_black_bowl_1,True,plate_1,False,0.0206,akita_black_bowl_2,plate_2,False,False,,,,575102c75eef60d5,7d6acf209b52f9c8,ae4dc46f4dd12441,48,942.8,,ambiguous
spatial,scene_0021,directional,auto,sketchvla_input_overlay,swap,3,False,,240,False,False,,True,True,True,akita_black_bowl_1,True,,False,0.2205,akita_black_bowl_2,plate_2,False,,,,,575102c75eef60d5,5b07d10d2a9631f5,c63d4a5521ad872f,48,942.0,,ambiguous
spatial,scene_0021,directional,auto,sketchvla_input_overlay,swap,4,False,,240,False,False,,True,True,True,akita_black_bowl_1,True,plate_1,False,0.0081,akita_black_bowl_2,plate_2,False,False,,,,575102c75eef60d5,ea23ad0ad2352b75,4ce6564802bd39a2,48,960.1,,ambiguous
spatial,scene_0021,directional,auto,sketchvla_input_overlay,swap,5,False,,240,False,False,,True,True,True,akita_black_bowl_1,True,plate_1,False,0.0337,akita_black_bowl_2,plate_2,False,False,,,,575102c75eef60d5,7c5996899844fbe5,8c70946c8bb9020e,48,969.3,,ambiguous
spatial,scene_0021,directional,auto,sketchvla_input_overlay,swap,6,False,,240,False,False,,True,True,True,akita_black_bowl_1,True,plate_1,False,0.0213,akita_black_bowl_2,plate_2,False,False,,,,575102c75eef60d5,3f64ade6dadfac9c,6b047c1fc584698b,48,973.6,,ambiguous
spatial,scene_0021,directional,auto,sketchvla_input_overlay,swap,7,False,,240,False,False,,True,True,True,akita_black_bowl_1,True,plate_1,False,0.0074,akita_black_bowl_2,plate_2,False,False,,,,575102c75eef60d5,fe50df5833e3ef0a,69625074dda28833,48,959.8,,ambiguous
spatial,scene_0021,directional,auto,sketchvla_input_overlay,swap,8,False,,240,False,False,,True,True,True,akita_black_bowl_1,True,plate_1,False,0.021,akita_black_bowl_2,plate_2,False,False,,,,575102c75eef60d5,0777bce097604402,8739ec03311b059a,48,972.1,,ambiguous
spatial,scene_0021,directional,auto,sketchvla_input_overlay,swap,9,False,,240,False,False,,True,True,True,akita_black_bowl_1,True,plate_1,False,0.021,akita_black_bowl_2,plate_2,False,False,,,,575102c75eef60d5,3f439c35eb25abea,3c1bec9efd587863,48,971.1,,ambiguous
spatial,scene_0021,directional,auto,sketchvla_input_overlay,swap,10,False,,240,False,False,,True,True,True,akita_black_bowl_1,True,plate_1,False,0.0111,akita_black_bowl_2,plate_2,False,False,,,,575102c75eef60d5,1356a9730b127b8d,1d8d3e8d1b13fa5a,48,971.8,,ambiguous
spatial,scene_0021,directional,auto,sketchvla_input_overlay,swap,11,False,,240,False,False,,True,True,True,akita_black_bowl_1,True,plate_1,False,0.0105,akita_black_bowl_2,plate_2,False,False,,,,575102c75eef60d5,f57f4f5525a841ae,33fc7bb60ebd299a,48,974.2,,ambiguous
spatial,scene_0021,directional,auto,sketchvla_input_overlay,swap,12,False,,240,False,False,,True,True,True,akita_black_bowl_1,True,plate_1,False,0.0035,akita_black_bowl_2,plate_2,False,False,,,,575102c75eef60d5,d9c404a61eff2d26,864d90c5f398f1e0,48,967.0,,ambiguous
spatial,scene_0021,directional,auto,sketchvla_input_overlay,swap,13,False,,240,False,False,,True,True,True,akita_black_bowl_1,True,plate_1,False,0.0169,akita_black_bowl_2,plate_2,False,False,,,,575102c75eef60d5,22772957aed6e3a3,3a2900a97cad4bea,48,983.5,,ambiguous
spatial,scene_0022,directional,auto,sketchvla_input_overlay,swap,0,False,,240,False,False,,True,True,True,akita_black_bowl_1,True,plate_1,False,0.0174,akita_black_bowl_2,plate_2,False,False,,,,024abe15484d02fd,ce1ecf92e6ff4d2a,903db7ed8f8ccda6,48,940.7,,ambiguous
spatial,scene_0022,directional,auto,sketchvla_input_overlay,swap,1,False,,240,False,False,,True,True,True,akita_black_bowl_1,True,plate_1,False,0.0083,akita_black_bowl_2,plate_2,False,False,,,,024abe15484d02fd,3d614fc180427f55,954e85006c32cd09,48,958.5,,ambiguous
spatial,scene_0022,directional,auto,sketchvla_input_overlay,swap,2,False,,240,False,False,,True,True,True,akita_black_bowl_1,True,plate_1,False,0.0137,akita_black_bowl_2,plate_2,False,False,,,,024abe15484d02fd,11a346efdee16ab8,02918b7d836fb017,48,960.4,,ambiguous
spatial,scene_0022,directional,auto,sketchvla_input_overlay,swap,3,False,,240,False,False,,True,True,True,akita_black_bowl_1,True,plate_1,False,0.0119,akita_black_bowl_2,plate_2,False,False,,,,024abe15484d02fd,c18288870cd88b08,c5e7c4a5e7050582,48,947.1,,ambiguous
spatial,scene_0022,directional,auto,sketchvla_input_overlay,swap,4,False,,240,False,False,,True,True,True,akita_black_bowl_1,True,plate_1,False,0.0023,akita_black_bowl_2,plate_2,False,False,,,,024abe15484d02fd,92468fb9d3694351,1a8ce8152fa4e6c6,48,970.6,,ambiguous
spatial,scene_0022,directional,auto,sketchvla_input_overlay,swap,5,False,,240,False,False,,True,True,True,akita_black_bowl_1,True,plate_1,False,0.0119,akita_black_bowl_2,plate_2,False,False,,,,024abe15484d02fd,88804067f811630e,ac7a361a44fd990e,48,983.6,,ambiguous
spatial,scene_0022,directional,auto,sketchvla_input_overlay,swap,6,False,,240,False,False,,True,True,True,akita_black_bowl_1,True,plate_1,False,0.0087,akita_black_bowl_2,plate_2,False,False,,,,024abe15484d02fd,6b1f2fb4b12ddcce,89a95134ef476eae,48,988.6,,ambiguous
spatial,scene_0022,directional,auto,sketchvla_input_overlay,swap,7,False,,240,False,False,,True,True,True,akita_black_bowl_1,True,plate_1,False,0.0062,akita_black_bowl_2,plate_2,False,False,,,,024abe15484d02fd,696d1f94faa34a85,d45024ba37280162,48,979.2,,ambiguous
spatial,scene_0022,directional,auto,sketchvla_input_overlay,swap,8,False,,240,False,False,,True,True,True,akita_black_bowl_1,True,plate_1,False,0.0121,akita_black_bowl_2,plate_2,False,False,,,,024abe15484d02fd,6c8fed2fb21201c3,4d1cd843fdf441a9,48,981.2,,ambiguous
spatial,scene_0022,directional,auto,sketchvla_input_overlay,swap,9,False,,240,False,False,,True,True,True,akita_black_bowl_1,True,plate_1,False,0.0075,akita_black_bowl_2,plate_2,False,False,,,,024abe15484d02fd,3e291c542d41b1df,85c780636f3ec9f0,48,982.0,,ambiguous
spatial,scene_0022,directional,auto,sketchvla_input_overlay,swap,10,False,,240,False,False,,True,True,True,akita_black_bowl_1,True,plate_1,False,0.0117,akita_black_bowl_2,plate_2,False,False,,,,024abe15484d02fd,808194a77ceec0d1,f11c342248caf498,48,994.0,,ambiguous
spatial,scene_0022,directional,auto,sketchvla_input_overlay,swap,11,False,,240,False,False,,True,True,True,akita_black_bowl_1,True,plate_1,False,0.0135,akita_black_bowl_2,plate_2,False,False,,,,024abe15484d02fd,f448b7fcc676f3b7,5efd964c0669908b,48,1000.0,,ambiguous
spatial,scene_0022,directional,auto,sketchvla_input_overlay,swap,12,False,,240,False,False,,True,True,True,akita_black_bowl_1,True,plate_1,False,0.005,akita_black_bowl_2,plate_2,False,False,,,,024abe15484d02fd,a1bc6683a6cac3d3,1027d350dc22427b,48,981.0,,ambiguous
spatial,scene_0022,directional,auto,sketchvla_input_overlay,swap,13,False,,240,False,False,,True,True,True,akita_black_bowl_1,True,plate_1,False,0.0109,akita_black_bowl_2,plate_2,False,False,,,,024abe15484d02fd,5144f60eacac844a,8c41cf0fe046624a,48,994.8,,ambiguous
spatial,scene_0023,directional,auto,sketchvla_input_overlay,swap,0,False,,240,False,False,,True,True,True,akita_black_bowl_1,True,,False,0.1318,akita_black_bowl_2,plate_2,False,,,,,7fb05c3ea62898ee,fc2f8efd2f63e1b5,4891c0c119648cd4,48,919.0,,ambiguous
spatial,scene_0023,directional,auto,sketchvla_input_overlay,swap,1,False,,240,False,False,,True,True,True,akita_black_bowl_1,True,plate_3,False,0.0107,akita_black_bowl_2,plate_2,False,False,,,,7fb05c3ea62898ee,35010d85100f1ebe,59bd931a66c2e6ae,48,933.3,,ambiguous
spatial,scene_0023,directional,auto,sketchvla_input_overlay,swap,2,False,,240,False,False,,True,True,True,akita_black_bowl_1,True,plate_3,False,0.0063,akita_black_bowl_2,plate_2,False,False,,,,7fb05c3ea62898ee,4d483a2db43a39fc,bef394f60111bdd2,48,931.7,,ambiguous
spatial,scene_0023,directional,auto,sketchvla_input_overlay,swap,3,False,,240,False,False,,True,True,True,akita_black_bowl_1,True,plate_3,False,0.0157,akita_black_bowl_2,plate_2,False,False,,,,7fb05c3ea62898ee,9b85ca5bcfae1bb4,c2841f262c94ecee,48,938.0,,ambiguous
spatial,scene_0023,directional,auto,sketchvla_input_overlay,swap,4,False,,240,False,False,,True,True,True,akita_black_bowl_1,True,plate_3,False,0.0094,akita_black_bowl_2,plate_2,False,False,,,,7fb05c3ea62898ee,d6f871cf0d2ae858,623d37dd35a671b7,48,953.0,,ambiguous
spatial,scene_0023,directional,auto,sketchvla_input_overlay,swap,5,False,,240,False,False,,True,True,True,akita_black_bowl_1,True,,False,0.0857,akita_black_bowl_2,plate_2,False,,,,,7fb05c3ea62898ee,2d6001b32f308491,5d4f7dae273bb4d6,48,951.0,,ambiguous
spatial,scene_0023,directional,auto,sketchvla_input_overlay,swap,6,False,,240,False,False,,True,True,True,akita_black_bowl_1,True,plate_3,False,0.0074,akita_black_bowl_2,plate_2,False,False,,,,7fb05c3ea62898ee,49ac7be0cd5fe1ec,3a17fb2f4ff4408d,48,963.9,,ambiguous
spatial,scene_0023,directional,auto,sketchvla_input_overlay,swap,7,False,,240,False,False,,True,True,True,akita_black_bowl_2,False,plate_3,False,0.011,akita_black_bowl_2,plate_2,True,False,,,,7fb05c3ea62898ee,12f2055f740a456a,ecd5c0e1c56110d8,48,954.9,,ambiguous
spatial,scene_0023,directional,auto,sketchvla_input_overlay,swap,8,False,,240,False,False,,True,True,True,akita_black_bowl_1,True,plate_3,False,0.0241,akita_black_bowl_2,plate_2,False,False,,,,7fb05c3ea62898ee,63f247db22a4c2e9,7fb1093c7eb85703,48,974.2,,ambiguous
spatial,scene_0023,directional,auto,sketchvla_input_overlay,swap,9,False,,240,False,False,,True,True,True,plate_2,False,plate_2,True,0.0,akita_black_bowl_2,plate_2,False,True,,,,7fb05c3ea62898ee,03ed7e7c509118d8,6c658b9485fd748a,48,982.1,,ambiguous
spatial,scene_0023,directional,auto,sketchvla_input_overlay,swap,10,False,,240,False,False,,True,True,True,akita_black_bowl_1,True,plate_3,False,0.0203,akita_black_bowl_2,plate_2,False,False,,,,7fb05c3ea62898ee,622c19baefa00b44,a611627a452231f2,48,977.3,,ambiguous
spatial,scene_0023,directional,auto,sketchvla_input_overlay,swap,11,False,,240,False,False,,True,True,True,akita_black_bowl_1,True,plate_3,False,0.0216,akita_black_bowl_2,plate_2,False,False,,,,7fb05c3ea62898ee,b45719f429b93404,28e801e12a92f98c,48,976.2,,ambiguous
spatial,scene_0023,directional,auto,sketchvla_input_overlay,swap,12,False,,240,False,False,,True,True,True,akita_black_bowl_1,True,plate_3,False,0.0074,akita_black_bowl_2,plate_2,False,False,,,,7fb05c3ea62898ee,b6a1b2422984b359,263ebe5944b0e7a0,48,972.4,,ambiguous
spatial,scene_0023,directional,auto,sketchvla_input_overlay,swap,13,False,,240,False,False,,True,True,True,akita_black_bowl_1,True,plate_3,False,0.0403,akita_black_bowl_2,plate_2,False,False,,,,7fb05c3ea62898ee,d6251760198d6a33,bb50ec7c16061a5a,48,929.4,,ambiguous
spatial,scene_0024,directional,auto,sketchvla_input_overlay,swap,0,False,,240,True,True,73,True,True,True,akita_black_bowl_1,True,plate_1,True,0.0154,akita_black_bowl_2,plate_1,False,True,,,,7aade9b812f80b68,f87b2e1207ba51cb,54bb29429f486cc8,48,878.6,,ambiguous
spatial,scene_0024,directional,auto,sketchvla_input_overlay,swap,1,False,,240,True,True,88,True,True,True,akita_black_bowl_1,True,plate_1,True,0.0073,akita_black_bowl_2,plate_1,False,True,,,,7aade9b812f80b68,44977d40ea662da0,82920ba41cad86e7,48,959.4,,ambiguous
spatial,scene_0024,directional,auto,sketchvla_input_overlay,swap,2,False,,240,True,True,73,True,True,True,akita_black_bowl_1,True,plate_1,True,0.0155,akita_black_bowl_2,plate_1,False,True,,,,7aade9b812f80b68,59fef3f45ac8a814,992f05c9933d76ca,48,957.8,,ambiguous
spatial,scene_0024,directional,auto,sketchvla_input_overlay,swap,3,False,,240,True,True,69,True,True,True,akita_black_bowl_1,True,plate_1,True,0.0116,akita_black_bowl_2,plate_1,False,True,,,,7aade9b812f80b68,1129aaac252a701e,45cd8c73126c8a6a,48,957.1,,ambiguous
spatial,scene_0024,directional,auto,sketchvla_input_overlay,swap,4,False,,240,True,True,80,True,True,True,akita_black_bowl_1,True,plate_1,True,0.0227,akita_black_bowl_2,plate_1,False,True,,,,7aade9b812f80b68,21e750a147c01f44,9f89df767b14310e,48,962.0,,ambiguous
spatial,scene_0024,directional,auto,sketchvla_input_overlay,swap,5,False,,240,True,True,90,True,True,True,akita_black_bowl_1,True,plate_1,True,0.0165,akita_black_bowl_2,plate_1,False,True,,,,7aade9b812f80b68,57e196cf23d00aa5,020cb19f99c35c7f,48,956.5,,ambiguous
spatial,scene_0024,directional,auto,sketchvla_input_overlay,swap,6,False,,240,True,True,77,True,True,True,akita_black_bowl_1,True,plate_1,True,0.0054,akita_black_bowl_2,plate_1,False,True,,,,7aade9b812f80b68,cf61306ca69733e8,c2365338e387e279,48,967.4,,ambiguous
spatial,scene_0024,directional,auto,sketchvla_input_overlay,swap,7,False,,240,False,True,81,True,True,True,akita_black_bowl_1,True,plate_1,True,0.0443,akita_black_bowl_2,plate_1,False,True,,,,7aade9b812f80b68,62c174b00c269c57,96f5c11bb4387cdc,48,968.4,,ambiguous
spatial,scene_0024,directional,auto,sketchvla_input_overlay,swap,8,False,,240,True,True,76,True,True,True,akita_black_bowl_1,True,plate_1,True,0.0111,akita_black_bowl_2,plate_1,False,True,,,,7aade9b812f80b68,25ad73fb462571ff,fe73c4cd05a7b4ba,48,962.1,,ambiguous
spatial,scene_0024,directional,auto,sketchvla_input_overlay,swap,9,False,,240,True,True,75,True,True,True,akita_black_bowl_1,True,plate_1,True,0.0134,akita_black_bowl_2,plate_1,False,True,,,,7aade9b812f80b68,6f449127924ce781,b27c104d131cff15,48,954.6,,ambiguous
spatial,scene_0024,directional,auto,sketchvla_input_overlay,swap,10,False,,240,True,True,80,True,True,True,akita_black_bowl_1,True,plate_1,True,0.0032,akita_black_bowl_2,plate_1,False,True,,,,7aade9b812f80b68,d4f6298bd10a387b,590f14e8c19ea192,48,954.7,,ambiguous
spatial,scene_0024,directional,auto,sketchvla_input_overlay,swap,11,False,,240,True,True,80,True,True,True,akita_black_bowl_1,True,plate_1,True,0.0118,akita_black_bowl_2,plate_1,False,True,,,,7aade9b812f80b68,90f777f7c451c720,8bfdc3b3a0ac6813,48,959.2,,ambiguous
spatial,scene_0024,directional,auto,sketchvla_input_overlay,swap,12,False,,240,True,True,83,True,True,True,akita_black_bowl_1,True,plate_1,True,0.0048,akita_black_bowl_2,plate_1,False,True,,,,7aade9b812f80b68,103f57b79f0de58e,df2fdf8c91b5881b,48,951.9,,ambiguous
spatial,scene_0024,directional,auto,sketchvla_input_overlay,swap,13,False,,240,True,True,77,True,True,True,akita_black_bowl_1,True,plate_1,True,0.0076,akita_black_bowl_2,plate_1,False,True,,,,7aade9b812f80b68,2976384a2ff9d050,d64d04855490912f,48,968.0,,ambiguous
spatial,scene_0025,both,auto,sketchvla_input_overlay,swap,0,False,,240,False,False,,True,False,False,,False,,False,0.1091,akita_black_bowl_2,plate_2,,,,,,6b097b570d4d79aa,4a9aeff088d644ff,4d69537c73bc2b30,48,927.6,,ambiguous
spatial,scene_0025,both,auto,sketchvla_input_overlay,swap,1,False,,240,False,False,,True,True,True,akita_black_bowl_1,True,plate_1,False,0.0012,akita_black_bowl_2,plate_2,False,False,,,,6b097b570d4d79aa,fa1a001277a60de9,075f58e3d572e99d,48,940.5,,ambiguous
spatial,scene_0025,both,auto,sketchvla_input_overlay,swap,2,False,,240,False,False,,True,True,True,akita_black_bowl_1,True,plate_1,False,0.0122,akita_black_bowl_2,plate_2,False,False,,,,6b097b570d4d79aa,c0265cb979ccdb21,da5d0919d96c8a0f,48,929.7,,ambiguous
spatial,scene_0025,both,auto,sketchvla_input_overlay,swap,3,False,,240,False,False,,True,False,False,,False,,False,0.1491,akita_black_bowl_2,plate_2,,,,,,6b097b570d4d79aa,926ecee1143fdafd,8b381fc92eaf1db1,48,949.7,,ambiguous
spatial,scene_0025,both,auto,sketchvla_input_overlay,swap,4,False,,240,False,False,,True,True,True,akita_black_bowl_1,True,plate_1,False,0.0148,akita_black_bowl_2,plate_2,False,False,,,,6b097b570d4d79aa,49e94c551f2d9025,85d9d75f3a98345a,48,945.4,,ambiguous
spatial,scene_0025,both,auto,sketchvla_input_overlay,swap,5,False,,240,False,False,,True,True,True,akita_black_bowl_1,True,plate_1,False,0.0074,akita_black_bowl_2,plate_2,False,False,,,,6b097b570d4d79aa,5af34a90f8322eb7,3a1277af670e6dfd,48,940.2,,ambiguous
spatial,scene_0025,both,auto,sketchvla_input_overlay,swap,6,False,,240,False,False,,True,True,True,akita_black_bowl_1,True,plate_1,False,0.0034,akita_black_bowl_2,plate_2,False,False,,,,6b097b570d4d79aa,a8a445069a62e261,2f0db57803219f0e,48,937.5,,ambiguous
spatial,scene_0025,both,auto,sketchvla_input_overlay,swap,7,False,,240,False,False,,True,True,True,akita_black_bowl_1,True,plate_1,False,0.0191,akita_black_bowl_2,plate_2,False,False,,,,6b097b570d4d79aa,8f831becb6802c7e,21d8e763741cc9ed,48,956.5,,ambiguous
spatial,scene_0025,both,auto,sketchvla_input_overlay,swap,8,False,,240,False,False,,True,True,True,akita_black_bowl_1,True,plate_1,False,0.0242,akita_black_bowl_2,plate_2,False,False,,,,6b097b570d4d79aa,b1d33b54d04d5b58,71179d2b64136d62,48,943.9,,ambiguous
spatial,scene_0025,both,auto,sketchvla_input_overlay,swap,9,False,,240,False,False,,True,True,True,akita_black_bowl_1,True,plate_1,False,0.0132,akita_black_bowl_2,plate_2,False,False,,,,6b097b570d4d79aa,e2b9ad5eaa23bfc0,a25c4ad6a9a2aa31,48,949.6,,ambiguous
spatial,scene_0025,both,auto,sketchvla_input_overlay,swap,10,False,,240,False,False,,True,True,True,akita_black_bowl_1,True,plate_1,False,0.0197,akita_black_bowl_2,plate_2,False,False,,,,6b097b570d4d79aa,e8f28f38df5c5ef0,641f1e28521ff917,48,941.8,,ambiguous
spatial,scene_0025,both,auto,sketchvla_input_overlay,swap,11,False,,240,False,False,,True,True,True,akita_black_bowl_1,True,plate_1,False,0.0115,akita_black_bowl_2,plate_2,False,False,,,,6b097b570d4d79aa,55f9538597c4a171,66f5e3f87e290cbf,48,949.5,,ambiguous
spatial,scene_0025,both,auto,sketchvla_input_overlay,swap,12,False,,240,False,False,,True,True,True,akita_black_bowl_1,True,plate_1,False,0.0104,akita_black_bowl_2,plate_2,False,False,,,,6b097b570d4d79aa,d5c98507fa5e1f05,f8e04d6a8eb859f7,48,927.3,,ambiguous
spatial,scene_0025,both,auto,sketchvla_input_overlay,swap,13,False,,240,False,False,,True,True,True,akita_black_bowl_1,True,plate_1,False,0.006,akita_black_bowl_2,plate_2,False,False,,,,6b097b570d4d79aa,7602004b59e343df,242168983f1ad9da,48,915.6,,ambiguous
spatial,scene_0026,both,auto,sketchvla_input_overlay,swap,0,False,,240,False,False,,True,False,False,,False,,False,0.1515,akita_black_bowl_2,plate_2,,,,,,e1d24c1fe9fb50bd,6aabd5626006573c,78bc9c6107bce71d,48,967.4,,ambiguous
spatial,scene_0026,both,auto,sketchvla_input_overlay,swap,1,False,,240,False,False,,True,True,True,cookies_1,False,,False,0.1924,akita_black_bowl_2,plate_2,False,,,,,e1d24c1fe9fb50bd,8cb13252d02cf724,1d9e0e5f63f76e3c,48,932.7,,ambiguous
spatial,scene_0026,both,auto,sketchvla_input_overlay,swap,2,False,,240,False,False,,True,False,False,,False,,False,0.1515,akita_black_bowl_2,plate_2,,,,,,e1d24c1fe9fb50bd,f8d5c590f55b7fdb,ead0d5f11a371f0d,48,924.3,,ambiguous
spatial,scene_0026,both,auto,sketchvla_input_overlay,swap,3,False,,240,False,False,,True,False,False,,False,,False,0.1515,akita_black_bowl_2,plate_2,,,,,,e1d24c1fe9fb50bd,a84708dc56a15cce,37aa6c4607a4f9ab,48,931.1,,ambiguous
spatial,scene_0026,both,auto,sketchvla_input_overlay,swap,4,False,,240,False,False,,True,True,True,akita_black_bowl_1,True,plate_1,False,0.0206,akita_black_bowl_2,plate_2,False,False,,,,e1d24c1fe9fb50bd,c2f7e7bb0fc3841a,02f91f08d643c43c,48,929.5,,ambiguous
spatial,scene_0026,both,auto,sketchvla_input_overlay,swap,5,False,,240,False,False,,True,True,True,akita_black_bowl_1,True,plate_1,False,0.0183,akita_black_bowl_2,plate_2,False,False,,,,e1d24c1fe9fb50bd,b668b29e605ab371,337a07de0397474a,48,927.5,,ambiguous
spatial,scene_0026,both,auto,sketchvla_input_overlay,swap,6,False,,240,False,False,,True,True,True,akita_black_bowl_1,True,plate_1,False,0.0073,akita_black_bowl_2,plate_2,False,False,,,,e1d24c1fe9fb50bd,75f7b2996015a9b8,7ecaa8f782c39f33,48,941.3,,ambiguous
spatial,scene_0026,both,auto,sketchvla_input_overlay,swap,7,False,,240,False,False,,True,False,False,,False,,False,0.1515,akita_black_bowl_2,plate_2,,,,,,e1d24c1fe9fb50bd,4a85ca06ce89068e,70371689395bead4,48,940.4,,ambiguous
spatial,scene_0026,both,auto,sketchvla_input_overlay,swap,8,False,,240,False,False,,True,True,True,akita_black_bowl_1,True,plate_1,False,0.0225,akita_black_bowl_2,plate_2,False,False,,,,e1d24c1fe9fb50bd,841c8b7c15b22165,523577f27db88d10,48,929.5,,ambiguous
spatial,scene_0026,both,auto,sketchvla_input_overlay,swap,9,False,,240,False,False,,True,True,True,akita_black_bowl_1,True,plate_1,False,0.0132,akita_black_bowl_2,plate_2,False,False,,,,e1d24c1fe9fb50bd,f73b5f7a76acf94e,a68753e95ba8c5fb,48,930.2,,ambiguous
spatial,scene_0026,both,auto,sketchvla_input_overlay,swap,10,False,,240,False,False,,True,True,True,akita_black_bowl_1,True,plate_1,False,0.0347,akita_black_bowl_2,plate_2,False,False,,,,e1d24c1fe9fb50bd,001f23d0e3a1832c,5c67afc82cd149d5,48,926.4,,ambiguous
spatial,scene_0026,both,auto,sketchvla_input_overlay,swap,11,False,,240,False,False,,True,True,True,akita_black_bowl_1,True,plate_1,False,0.0111,akita_black_bowl_2,plate_2,False,False,,,,e1d24c1fe9fb50bd,d3505b56ae1cc228,953c69ccbac59294,48,944.0,,ambiguous
spatial,scene_0026,both,auto,sketchvla_input_overlay,swap,12,False,,240,False,False,,True,False,False,,False,,False,0.1515,akita_black_bowl_2,plate_2,,,,,,e1d24c1fe9fb50bd,04da738c1af0b103,f904853527ee6c37,48,931.8,,ambiguous
spatial,scene_0026,both,auto,sketchvla_input_overlay,swap,13,False,,240,False,False,,True,True,True,akita_black_bowl_3,False,plate_1,False,0.016,akita_black_bowl_2,plate_2,False,False,,,,e1d24c1fe9fb50bd,ad6016ad3a65330d,7eb97f1507a30d47,48,867.7,,ambiguous
spatial,scene_0027,both,auto,sketchvla_input_overlay,swap,0,False,,240,False,False,,True,True,True,akita_black_bowl_3,False,plate_1,True,0.0077,akita_black_bowl_2,plate_1,False,True,,,,3565890febe5894f,0b085fbb9b33cf32,27c76ec2fc2cd89e,48,824.7,,ambiguous
spatial,scene_0027,both,auto,sketchvla_input_overlay,swap,1,False,,240,False,False,,True,True,True,akita_black_bowl_3,False,plate_1,True,0.0104,akita_black_bowl_2,plate_1,False,True,,,,3565890febe5894f,2217a23f7e3f3e0f,aeedf0d568c6a149,48,940.8,,ambiguous
spatial,scene_0027,both,auto,sketchvla_input_overlay,swap,2,False,,240,False,False,,True,True,True,akita_black_bowl_3,False,plate_1,True,0.0155,akita_black_bowl_2,plate_1,False,True,,,,3565890febe5894f,d4535fee0eadd335,602d9970771f4162,48,931.2,,ambiguous
spatial,scene_0027,both,auto,sketchvla_input_overlay,swap,3,False,,240,False,False,,True,True,True,akita_black_bowl_3,False,plate_1,True,0.0113,akita_black_bowl_2,plate_1,False,True,,,,3565890febe5894f,ff41c1b0d4a7f3af,d2beb57b3357dfec,48,933.5,,ambiguous
spatial,scene_0027,both,auto,sketchvla_input_overlay,swap,4,False,,240,False,False,,True,True,True,akita_black_bowl_3,False,plate_1,True,0.006,akita_black_bowl_2,plate_1,False,True,,,,3565890febe5894f,9e648254cd5372af,7ddf3bf15098f486,48,936.3,,ambiguous
spatial,scene_0027,both,auto,sketchvla_input_overlay,swap,5,False,,240,False,False,,True,True,True,akita_black_bowl_3,False,plate_1,True,0.0104,akita_black_bowl_2,plate_1,False,True,,,,3565890febe5894f,76286967f3a92f49,e8001a32b7bc42a4,48,943.0,,ambiguous
spatial,scene_0027,both,auto,sketchvla_input_overlay,swap,6,False,,240,False,False,,True,True,True,akita_black_bowl_3,False,plate_1,True,0.0051,akita_black_bowl_2,plate_1,False,True,,,,3565890febe5894f,62c121ddee63fa30,5b2c115eb41cd108,48,951.3,,ambiguous
spatial,scene_0027,both,auto,sketchvla_input_overlay,swap,7,False,,240,False,False,,True,True,True,akita_black_bowl_3,False,plate_1,True,0.015,akita_black_bowl_2,plate_1,False,True,,,,3565890febe5894f,edcb8895e4676b75,4351ab4338398b4e,48,952.6,,ambiguous
spatial,scene_0027,both,auto,sketchvla_input_overlay,swap,8,False,,240,False,False,,True,True,True,akita_black_bowl_3,False,plate_1,True,0.023,akita_black_bowl_2,plate_1,False,True,,,,3565890febe5894f,d352f309678a612e,d1f30d9f9b04139b,48,939.7,,ambiguous
spatial,scene_0027,both,auto,sketchvla_input_overlay,swap,9,False,,240,False,False,,True,True,True,akita_black_bowl_3,False,plate_1,True,0.0093,akita_black_bowl_2,plate_1,False,True,,,,3565890febe5894f,f1bfbff30271c05b,71d6a74f9d5745d6,48,913.3,,ambiguous
spatial,scene_0027,both,auto,sketchvla_input_overlay,swap,10,False,,240,False,False,,True,True,True,akita_black_bowl_3,False,plate_1,True,0.016,akita_black_bowl_2,plate_1,False,True,,,,3565890febe5894f,2546e8a9eb511f2b,ba317d54970620b7,48,930.9,,ambiguous
spatial,scene_0027,both,auto,sketchvla_input_overlay,swap,11,False,,240,False,False,,True,True,True,akita_black_bowl_3,False,plate_1,True,0.0217,akita_black_bowl_2,plate_1,False,True,,,,3565890febe5894f,4e3c61375994e8df,6a4f35143e1efed7,48,937.0,,ambiguous
spatial,scene_0027,both,auto,sketchvla_input_overlay,swap,12,False,,240,False,False,,True,True,True,akita_black_bowl_3,False,plate_1,True,0.0149,akita_black_bowl_2,plate_1,False,True,,,,3565890febe5894f,316cb90a76145076,0a30aff6c0a75ec4,48,925.5,,ambiguous
spatial,scene_0027,both,auto,sketchvla_input_overlay,swap,13,False,,240,False,False,,True,True,True,akita_black_bowl_3,False,plate_1,True,0.0126,akita_black_bowl_2,plate_1,False,True,,,,3565890febe5894f,851378e09f38d6cc,093ed908bfd9029f,48,957.1,,ambiguous
spatial,scene_0028,both,auto,sketchvla_input_overlay,swap,0,False,,240,False,False,,True,True,True,akita_black_bowl_1,True,plate_1,False,0.0576,akita_black_bowl_2,plate_2,False,False,,,,0ffc9c772a303dbb,18e79e8336adcbb6,fa4555cfc13a41ac,48,883.6,,ambiguous
spatial,scene_0028,both,auto,sketchvla_input_overlay,swap,1,False,,240,False,False,,True,False,False,,False,,False,0.2711,akita_black_bowl_2,plate_2,,,,,,0ffc9c772a303dbb,834e4fa9b05e29a2,c014ec78ea7ef3e6,48,932.6,,ambiguous
spatial,scene_0028,both,auto,sketchvla_input_overlay,swap,2,False,,240,False,False,,True,True,True,akita_black_bowl_3,False,plate_1,False,0.0104,akita_black_bowl_2,plate_2,False,False,,,,0ffc9c772a303dbb,02168cde4c923cc5,bb9900a6a742a393,48,923.8,,ambiguous
spatial,scene_0028,both,auto,sketchvla_input_overlay,swap,3,False,,240,False,False,,True,True,True,akita_black_bowl_4,False,,False,0.1379,akita_black_bowl_2,plate_2,False,,,,,0ffc9c772a303dbb,8b2307bbf4325588,4366143a68b2f841,48,924.3,,ambiguous
spatial,scene_0028,both,auto,sketchvla_input_overlay,swap,4,False,,240,False,False,,True,False,False,,False,,False,0.2826,akita_black_bowl_2,plate_2,,,,,,0ffc9c772a303dbb,5cfd67cf358bb7b2,0ca450d49148fb0c,48,929.1,,ambiguous
spatial,scene_0028,both,auto,sketchvla_input_overlay,swap,5,False,,240,False,False,,True,False,False,,False,,False,0.2766,akita_black_bowl_2,plate_2,,,,,,0ffc9c772a303dbb,48f2b64f9e745287,74acf6ae6053bdb9,48,936.4,,ambiguous
spatial,scene_0028,both,auto,sketchvla_input_overlay,swap,6,False,,240,False,False,,True,True,True,akita_black_bowl_4,False,plate_1,False,0.0101,akita_black_bowl_2,plate_2,False,False,,,,0ffc9c772a303dbb,a35a51fccfeeb5ed,bb9c0989cbeda4de,48,937.1,,ambiguous
spatial,scene_0028,both,auto,sketchvla_input_overlay,swap,7,False,,240,False,False,,True,False,False,,False,,False,0.2653,akita_black_bowl_2,plate_2,,,,,,0ffc9c772a303dbb,f7cd46e21e268c88,4164cc9bbb167e36,48,942.7,,ambiguous
spatial,scene_0028,both,auto,sketchvla_input_overlay,swap,8,False,,240,False,False,,True,False,False,,False,,False,0.2724,akita_black_bowl_2,plate_2,,,,,,0ffc9c772a303dbb,78ed9c07aff5e9e3,7541b64c68c53827,48,932.2,,ambiguous
spatial,scene_0028,both,auto,sketchvla_input_overlay,swap,9,False,,240,False,False,,True,False,False,,False,,False,0.279,akita_black_bowl_2,plate_2,,,,,,0ffc9c772a303dbb,f88c00840e788085,829cb8d5040bf429,48,932.3,,ambiguous
spatial,scene_0028,both,auto,sketchvla_input_overlay,swap,10,False,,240,False,False,,True,True,True,akita_black_bowl_3,False,plate_1,False,0.0153,akita_black_bowl_2,plate_2,False,False,,,,0ffc9c772a303dbb,0322c3ab9b483087,f4242dbba0a458ea,48,901.7,,ambiguous
spatial,scene_0028,both,auto,sketchvla_input_overlay,swap,11,False,,240,False,False,,True,False,False,,False,,False,0.2694,akita_black_bowl_2,plate_2,,,,,,0ffc9c772a303dbb,8ce7fdf5609dff84,192c3c83722ef952,48,934.8,,ambiguous
spatial,scene_0028,both,auto,sketchvla_input_overlay,swap,12,False,,240,False,False,,True,False,False,,False,,False,0.294,akita_black_bowl_2,plate_2,,,,,,0ffc9c772a303dbb,f794c839c5e89d44,bd2546c53381e924,48,912.6,,ambiguous
spatial,scene_0028,both,auto,sketchvla_input_overlay,swap,13,False,,240,False,False,,True,True,True,akita_black_bowl_4,False,plate_1,False,0.0016,akita_black_bowl_2,plate_2,False,False,,,,0ffc9c772a303dbb,00e579d4b692a714,5bce15c7f88fa528,48,849.7,,ambiguous
spatial,scene_0029,both,auto,sketchvla_input_overlay,swap,0,False,,240,False,False,,True,True,True,akita_black_bowl_3,False,plate_1,True,0.0317,akita_black_bowl_2,plate_1,False,True,,,,88f5f9de3dd4150b,66b6ac24522167d6,b2f32357e4f4d8b2,48,951.7,,ambiguous
spatial,scene_0029,both,auto,sketchvla_input_overlay,swap,1,False,,240,False,False,,True,False,False,,False,,False,0.1191,akita_black_bowl_2,plate_1,,,,,,88f5f9de3dd4150b,3c400096ef552b63,380641cca7abf0a3,48,941.2,,ambiguous
spatial,scene_0029,both,auto,sketchvla_input_overlay,swap,2,False,,240,False,False,,True,False,False,,False,,False,0.1121,akita_black_bowl_2,plate_1,,,,,,88f5f9de3dd4150b,212b9a139f69aea2,8c9667b396215cb9,48,938.5,,ambiguous
spatial,scene_0029,both,auto,sketchvla_input_overlay,swap,3,False,,240,False,False,,True,False,False,,False,,False,0.1122,akita_black_bowl_2,plate_1,,,,,,88f5f9de3dd4150b,6f027cabd62e7223,39a8da6c10065bc4,48,947.0,,ambiguous
spatial,scene_0029,both,auto,sketchvla_input_overlay,swap,4,False,,240,False,False,,True,False,False,,False,,False,0.1122,akita_black_bowl_2,plate_1,,,,,,88f5f9de3dd4150b,101f64970349e00d,87c4fce35644fe16,48,942.9,,ambiguous
spatial,scene_0029,both,auto,sketchvla_input_overlay,swap,5,False,,240,False,False,,True,False,False,,False,,False,0.1108,akita_black_bowl_2,plate_1,,,,,,88f5f9de3dd4150b,57039b9cbb036dba,d7e7e3a120ab06e5,48,947.9,,ambiguous
spatial,scene_0029,both,auto,sketchvla_input_overlay,swap,6,False,,240,False,False,,True,False,False,,False,,False,0.1133,akita_black_bowl_2,plate_1,,,,,,88f5f9de3dd4150b,fa0b4c89f0150595,82e322a922e69898,48,933.4,,ambiguous
spatial,scene_0029,both,auto,sketchvla_input_overlay,swap,7,False,,240,False,False,,True,True,True,plate_1,False,plate_1,True,0.0,akita_black_bowl_2,plate_1,False,True,,,,88f5f9de3dd4150b,dfc6011f348ffd0e,4b55f904449ed8cf,48,955.1,,ambiguous
spatial,scene_0029,both,auto,sketchvla_input_overlay,swap,8,False,,240,False,False,,True,False,False,,False,,False,0.1122,akita_black_bowl_2,plate_1,,,,,,88f5f9de3dd4150b,e7f439db7ee2369e,ff391f81b80c465c,48,933.8,,ambiguous
spatial,scene_0029,both,auto,sketchvla_input_overlay,swap,9,False,,240,False,False,,True,False,False,,False,,False,0.1122,akita_black_bowl_2,plate_1,,,,,,88f5f9de3dd4150b,ac96f2e80dc64cea,a31dea7470ade7f7,48,944.4,,ambiguous
spatial,scene_0029,both,auto,sketchvla_input_overlay,swap,10,False,,240,False,False,,True,False,False,,False,,False,0.1121,akita_black_bowl_2,plate_1,,,,,,88f5f9de3dd4150b,3ed7cdf3e6840b20,f800c1082373973c,48,946.5,,ambiguous
spatial,scene_0029,both,auto,sketchvla_input_overlay,swap,11,False,,240,False,False,,True,False,False,,False,,False,0.1122,akita_black_bowl_2,plate_1,,,,,,88f5f9de3dd4150b,100e638e50434a1b,49d70a3b350d2ca3,48,937.9,,ambiguous
spatial,scene_0029,both,auto,sketchvla_input_overlay,swap,12,False,,240,False,False,,True,False,False,,False,,False,0.1122,akita_black_bowl_2,plate_1,,,,,,88f5f9de3dd4150b,9dbb5c2b4ca85849,2561fcce0dbb886a,48,930.0,,ambiguous
spatial,scene_0029,both,auto,sketchvla_input_overlay,swap,13,False,,240,False,False,,True,False,False,,False,,False,0.1581,akita_black_bowl_2,plate_1,,,,,,88f5f9de3dd4150b,658ff3fb60e6db6a,fa3a8fa212040c5f,48,795.9,,ambiguous
spatial,scene_0030,both,auto,sketchvla_input_overlay,swap,0,False,,240,True,True,93,True,True,True,akita_black_bowl_1,True,plate_2,True,0.0144,akita_black_bowl_2,plate_2,False,True,,,,df70aab991cb1ec2,38e264410ad69981,99bc0be94011b95a,48,790.5,,ambiguous
spatial,scene_0030,both,auto,sketchvla_input_overlay,swap,1,False,,240,False,True,212,True,True,True,akita_black_bowl_1,True,plate_2,True,0.0709,akita_black_bowl_2,plate_2,False,True,,,,df70aab991cb1ec2,d1bb49c187b13e87,2468d39155968093,48,930.3,,ambiguous
spatial,scene_0030,both,auto,sketchvla_input_overlay,swap,2,False,,240,True,True,98,True,True,True,akita_black_bowl_1,True,plate_2,True,0.0126,akita_black_bowl_2,plate_2,False,True,,,,df70aab991cb1ec2,9f9767922e42d997,172b143a068cd6fa,48,921.4,,ambiguous
spatial,scene_0030,both,auto,sketchvla_input_overlay,swap,3,False,,240,False,False,,True,True,True,akita_black_bowl_1,True,plate_2,True,0.028,akita_black_bowl_2,plate_2,False,True,,,,df70aab991cb1ec2,7b52916e3dc85b10,4efd04ec2428c162,48,921.1,,ambiguous
spatial,scene_0030,both,auto,sketchvla_input_overlay,swap,4,False,,240,True,True,90,True,True,True,akita_black_bowl_1,True,plate_2,True,0.0115,akita_black_bowl_2,plate_2,False,True,,,,df70aab991cb1ec2,560010a4a0349626,4bf233be7691d08d,48,919.1,,ambiguous
spatial,scene_0030,both,auto,sketchvla_input_overlay,swap,5,False,,240,True,True,117,True,True,True,akita_black_bowl_1,True,plate_2,True,0.0101,akita_black_bowl_2,plate_2,False,True,,,,df70aab991cb1ec2,a5f0f4f70cee250f,502bba48b70f6af0,48,919.3,,ambiguous
spatial,scene_0030,both,auto,sketchvla_input_overlay,swap,6,False,,240,False,True,89,True,True,True,akita_black_bowl_1,True,plate_1,False,0.0664,akita_black_bowl_2,plate_2,False,False,,,,df70aab991cb1ec2,4e3f884a69dbb7e7,1d897d20e1f8ef4e,48,932.1,,ambiguous
spatial,scene_0030,both,auto,sketchvla_input_overlay,swap,7,False,,240,True,True,88,True,True,True,akita_black_bowl_1,True,plate_2,True,0.0206,akita_black_bowl_2,plate_2,False,True,,,,df70aab991cb1ec2,6fd07c0e6ed3eede,982f6ae4de762576,48,938.0,,ambiguous
spatial,scene_0030,both,auto,sketchvla_input_overlay,swap,8,False,,240,False,False,,True,True,True,akita_black_bowl_1,True,plate_2,True,0.0786,akita_black_bowl_2,plate_2,False,True,,,,df70aab991cb1ec2,417a628faa6fc0e1,693c3f445a8fd6a9,48,920.1,,ambiguous
spatial,scene_0030,both,auto,sketchvla_input_overlay,swap,9,False,,240,False,False,,True,True,True,akita_black_bowl_2,False,plate_2,True,0.0288,akita_black_bowl_2,plate_2,True,True,,,,df70aab991cb1ec2,df8488c05e28bbbb,5918a791bbe418a0,48,939.1,,ambiguous
spatial,scene_0030,both,auto,sketchvla_input_overlay,swap,10,False,,240,True,True,86,True,True,True,akita_black_bowl_1,True,plate_2,True,0.0256,akita_black_bowl_2,plate_2,False,True,,,,df70aab991cb1ec2,1622def998a88708,0c742fa8cb3a155d,48,925.0,,ambiguous
spatial,scene_0030,both,auto,sketchvla_input_overlay,swap,11,False,,240,False,True,128,True,True,True,akita_black_bowl_1,True,plate_2,True,0.0363,akita_black_bowl_2,plate_2,False,True,,,,df70aab991cb1ec2,1ef1b5fdc5827790,00383ca572519860,48,905.9,,ambiguous
spatial,scene_0030,both,auto,sketchvla_input_overlay,swap,12,False,,240,False,False,,True,True,True,akita_black_bowl_2,False,,False,0.0887,akita_black_bowl_2,plate_2,True,,,,,df70aab991cb1ec2,91f8c7b45443d1bc,c3ab6ceff36f925d,48,924.9,,ambiguous
spatial,scene_0030,both,auto,sketchvla_input_overlay,swap,13,False,,240,True,True,85,True,True,True,akita_black_bowl_1,True,plate_2,True,0.0097,akita_black_bowl_2,plate_2,False,True,,,,df70aab991cb1ec2,21bb578fa19eb8b7,c149a4fe2e4a928e,48,881.8,,ambiguous
spatial,scene_0031,both,auto,sketchvla_input_overlay,swap,0,False,,240,False,False,,True,True,True,akita_black_bowl_2,False,plate_1,False,0.0127,akita_black_bowl_2,plate_3,True,False,,,,94a624a93a266e1c,a86bc263c42fce5e,8fb50d39fdca9767,48,939.3,,ambiguous
spatial,scene_0031,both,auto,sketchvla_input_overlay,swap,1,False,,240,False,False,,True,True,True,akita_black_bowl_2,False,plate_1,False,0.0077,akita_black_bowl_2,plate_3,True,False,,,,94a624a93a266e1c,fab87d455c621449,256d54789b0bc6e5,48,938.0,,ambiguous
spatial,scene_0031,both,auto,sketchvla_input_overlay,swap,2,False,,240,False,False,,True,True,True,akita_black_bowl_2,False,plate_1,False,0.0242,akita_black_bowl_2,plate_3,True,False,,,,94a624a93a266e1c,425726cd8557c774,a92a65af3bca0843,48,938.8,,ambiguous
spatial,scene_0031,both,auto,sketchvla_input_overlay,swap,3,False,,240,False,False,,True,True,True,akita_black_bowl_2,False,plate_1,False,0.0133,akita_black_bowl_2,plate_3,True,False,,,,94a624a93a266e1c,0b8dd48713274e40,a10f403e1b12523d,48,946.6,,ambiguous
spatial,scene_0031,both,auto,sketchvla_input_overlay,swap,4,False,,240,False,False,,True,True,True,akita_black_bowl_2,False,plate_1,False,0.0147,akita_black_bowl_2,plate_3,True,False,,,,94a624a93a266e1c,aba8b18fa6d6e9a5,cf014dccf3426c05,48,942.9,,ambiguous
spatial,scene_0031,both,auto,sketchvla_input_overlay,swap,5,False,,240,False,False,,True,True,True,akita_black_bowl_2,False,plate_1,False,0.0065,akita_black_bowl_2,plate_3,True,False,,,,94a624a93a266e1c,bde1989c92b46f52,b5de2a16a6069bb6,48,949.4,,ambiguous
spatial,scene_0031,both,auto,sketchvla_input_overlay,swap,6,False,,240,False,False,,True,True,True,akita_black_bowl_2,False,plate_1,False,0.0082,akita_black_bowl_2,plate_3,True,False,,,,94a624a93a266e1c,d0fa7b0a6f96b5b3,d8e550d423cf9df2,48,939.0,,ambiguous
spatial,scene_0031,both,auto,sketchvla_input_overlay,swap,7,False,,240,False,False,,True,True,True,akita_black_bowl_2,False,plate_1,False,0.0109,akita_black_bowl_2,plate_3,True,False,,,,94a624a93a266e1c,778cd2329305c8fd,4dfe2f8df60bff5c,48,942.8,,ambiguous
spatial,scene_0031,both,auto,sketchvla_input_overlay,swap,8,False,,240,False,False,,True,True,True,akita_black_bowl_2,False,plate_1,False,0.0134,akita_black_bowl_2,plate_3,True,False,,,,94a624a93a266e1c,337f708de8137bc0,2cb573b2e61d9134,48,927.1,,ambiguous
spatial,scene_0031,both,auto,sketchvla_input_overlay,swap,9,False,,240,False,False,,True,True,True,akita_black_bowl_2,False,plate_1,False,0.0266,akita_black_bowl_2,plate_3,True,False,,,,94a624a93a266e1c,7e60d059cf88f4d3,7c468193a8643f17,48,940.4,,ambiguous
spatial,scene_0031,both,auto,sketchvla_input_overlay,swap,10,False,,240,False,False,,True,True,True,akita_black_bowl_2,False,plate_1,False,0.0278,akita_black_bowl_2,plate_3,True,False,,,,94a624a93a266e1c,9d2986a532306304,260caa5ecb194d7d,48,951.5,,ambiguous
spatial,scene_0031,both,auto,sketchvla_input_overlay,swap,11,False,,240,False,False,,True,True,True,akita_black_bowl_2,False,plate_1,False,0.0147,akita_black_bowl_2,plate_3,True,False,,,,94a624a93a266e1c,cdf4bacddb28897e,64547823d40db2c4,48,938.1,,ambiguous
spatial,scene_0031,both,auto,sketchvla_input_overlay,swap,12,False,,240,False,False,,True,True,True,akita_black_bowl_2,False,,False,0.2032,akita_black_bowl_2,plate_3,True,,,,,94a624a93a266e1c,90ea1fe9514b7bfb,d45837be674bb430,48,940.5,,ambiguous
spatial,scene_0031,both,auto,sketchvla_input_overlay,swap,13,False,,240,False,False,,True,True,True,akita_black_bowl_2,False,plate_1,False,0.0077,akita_black_bowl_2,plate_3,True,False,,,,94a624a93a266e1c,a0e654cc9e577a76,7ae9741bd08566c3,48,724.0,,ambiguous
spatial,scene_0032,both,auto,sketchvla_input_overlay,swap,0,False,,240,False,False,,True,True,True,akita_black_bowl_1,True,plate_1,False,0.0182,akita_black_bowl_2,plate_2,False,False,,,,ca1c5b89eab9c5f7,307e7843405c8864,73a289e3425732ec,48,919.6,,ambiguous
spatial,scene_0032,both,auto,sketchvla_input_overlay,swap,1,False,,240,False,False,,True,True,True,akita_black_bowl_3,False,plate_1,False,0.0037,akita_black_bowl_2,plate_2,False,False,,,,ca1c5b89eab9c5f7,eeff48def5faf66b,7fa9a64d3b0969a3,48,908.4,,ambiguous
spatial,scene_0032,both,auto,sketchvla_input_overlay,swap,2,False,,240,False,False,,True,True,True,akita_black_bowl_1,True,plate_1,False,0.0133,akita_black_bowl_2,plate_2,False,False,,,,ca1c5b89eab9c5f7,5d8576f8fc10cbda,7dda4175975b4a6a,48,921.6,,ambiguous
spatial,scene_0032,both,auto,sketchvla_input_overlay,swap,3,False,,240,False,False,,True,True,True,akita_black_bowl_3,False,plate_1,False,0.003,akita_black_bowl_2,plate_2,False,False,,,,ca1c5b89eab9c5f7,265981d93c43f04d,c1da9995dcf2fcc8,48,923.0,,ambiguous
spatial,scene_0032,both,auto,sketchvla_input_overlay,swap,4,False,,240,False,False,,True,True,True,akita_black_bowl_3,False,plate_1,False,0.0073,akita_black_bowl_2,plate_2,False,False,,,,ca1c5b89eab9c5f7,026a98445db2176d,ead101fca3bb65e8,48,921.0,,ambiguous
spatial,scene_0032,both,auto,sketchvla_input_overlay,swap,5,False,,240,False,False,,True,True,True,akita_black_bowl_3,False,plate_1,False,0.0068,akita_black_bowl_2,plate_2,False,False,,,,ca1c5b89eab9c5f7,07e0acfccc2c5be4,9bd952909035236f,48,925.4,,ambiguous
spatial,scene_0032,both,auto,sketchvla_input_overlay,swap,6,False,,240,False,False,,True,True,True,akita_black_bowl_1,True,plate_1,False,0.0099,akita_black_bowl_2,plate_2,False,False,,,,ca1c5b89eab9c5f7,b2e3d8cb4f666551,a6b970da1bb42dec,48,920.5,,ambiguous
spatial,scene_0032,both,auto,sketchvla_input_overlay,swap,7,False,,240,False,False,,True,True,True,akita_black_bowl_1,True,plate_1,False,0.0201,akita_black_bowl_2,plate_2,False,False,,,,ca1c5b89eab9c5f7,d1c057a86fbe5808,2537502222a605c7,48,920.1,,ambiguous
spatial,scene_0032,both,auto,sketchvla_input_overlay,swap,8,False,,240,False,False,,True,True,True,akita_black_bowl_1,True,plate_1,False,0.0163,akita_black_bowl_2,plate_2,False,False,,,,ca1c5b89eab9c5f7,13d1d2dc09d62c21,8a57737175bec05e,48,917.4,,ambiguous
spatial,scene_0032,both,auto,sketchvla_input_overlay,swap,9,False,,240,False,False,,True,True,True,akita_black_bowl_1,True,plate_1,False,0.019,akita_black_bowl_2,plate_2,False,False,,,,ca1c5b89eab9c5f7,ebf12dccb5b9982c,3e5440658e12caa1,48,924.3,,ambiguous
spatial,scene_0032,both,auto,sketchvla_input_overlay,swap,10,False,,240,False,False,,True,True,True,akita_black_bowl_3,False,plate_1,False,0.006,akita_black_bowl_2,plate_2,False,False,,,,ca1c5b89eab9c5f7,a5e8ee4d05031715,0377e84d80de1342,48,931.0,,ambiguous
spatial,scene_0032,both,auto,sketchvla_input_overlay,swap,11,False,,240,False,False,,True,True,True,akita_black_bowl_1,True,plate_1,False,0.0169,akita_black_bowl_2,plate_2,False,False,,,,ca1c5b89eab9c5f7,971eef4c45e5c5c0,d9c29bac64c164af,48,920.9,,ambiguous
spatial,scene_0032,both,auto,sketchvla_input_overlay,swap,12,False,,240,False,False,,True,True,True,akita_black_bowl_1,True,plate_1,False,0.0158,akita_black_bowl_2,plate_2,False,False,,,,ca1c5b89eab9c5f7,b92331b565cc5404,d2e4170718baabd8,48,914.4,,ambiguous
spatial,scene_0032,both,auto,sketchvla_input_overlay,swap,13,False,,240,False,False,,True,True,True,cookies_1,False,,False,0.1573,akita_black_bowl_2,plate_2,False,,,,,ca1c5b89eab9c5f7,d9a03a65030c21ee,94a715708e12d921,48,721.5,,ambiguous
spatial,scene_0033,both,auto,sketchvla_input_overlay,swap,0,False,,240,False,False,,True,True,True,akita_black_bowl_1,True,plate_1,False,0.0039,akita_black_bowl_2,plate_2,False,False,,,,ffcd8fb43f14f8d5,f73323ee9fa91570,7d45f52cf818c576,48,879.2,,ambiguous
spatial,scene_0033,both,auto,sketchvla_input_overlay,swap,1,False,,240,False,False,,True,True,True,glazed_rim_porcelain_ramekin_1,False,plate_1,False,0.0324,akita_black_bowl_2,plate_2,False,False,,,,ffcd8fb43f14f8d5,8db20df1ac900aed,f6d72fd8e024ff26,48,941.8,,ambiguous
spatial,scene_0033,both,auto,sketchvla_input_overlay,swap,2,False,,240,False,False,,True,True,True,akita_black_bowl_3,False,plate_1,False,0.0113,akita_black_bowl_2,plate_2,False,False,,,,ffcd8fb43f14f8d5,1ac19506011708e1,07c08cef53824549,48,939.3,,ambiguous
spatial,scene_0033,both,auto,sketchvla_input_overlay,swap,3,False,,240,False,False,,True,True,True,akita_black_bowl_3,False,plate_1,False,0.0121,akita_black_bowl_2,plate_2,False,False,,,,ffcd8fb43f14f8d5,5296ba16e2002705,81a0972ed5165bcf,48,937.1,,ambiguous
spatial,scene_0033,both,auto,sketchvla_input_overlay,swap,4,False,,240,False,False,,True,True,True,akita_black_bowl_3,False,plate_1,False,0.0067,akita_black_bowl_2,plate_2,False,False,,,,ffcd8fb43f14f8d5,149958be3a4db4e2,b24f837932c85512,48,926.1,,ambiguous
spatial,scene_0033,both,auto,sketchvla_input_overlay,swap,5,False,,240,False,False,,True,True,True,akita_black_bowl_3,False,plate_1,False,0.0204,akita_black_bowl_2,plate_2,False,False,,,,ffcd8fb43f14f8d5,f0ea2857067d1fe8,c53302e464ab099e,48,941.8,,ambiguous
spatial,scene_0033,both,auto,sketchvla_input_overlay,swap,6,False,,240,False,False,,True,True,True,akita_black_bowl_1,True,plate_1,False,0.0083,akita_black_bowl_2,plate_2,False,False,,,,ffcd8fb43f14f8d5,1bd76b515cf7acf6,d05d23d6c83e5ee3,48,939.7,,ambiguous
spatial,scene_0033,both,auto,sketchvla_input_overlay,swap,7,False,,240,False,False,,True,True,True,akita_black_bowl_3,False,plate_1,False,0.0071,akita_black_bowl_2,plate_2,False,False,,,,ffcd8fb43f14f8d5,ee56a5936f02b98b,8f44c09e6eb42127,48,949.9,,ambiguous
spatial,scene_0033,both,auto,sketchvla_input_overlay,swap,8,False,,240,False,False,,True,True,True,akita_black_bowl_3,False,plate_1,False,0.0087,akita_black_bowl_2,plate_2,False,False,,,,ffcd8fb43f14f8d5,a770de9259e05f5c,adc7e35d3f51dead,48,937.7,,ambiguous
spatial,scene_0033,both,auto,sketchvla_input_overlay,swap,9,False,,240,False,False,,True,True,True,akita_black_bowl_3,False,plate_1,False,0.0115,akita_black_bowl_2,plate_2,False,False,,,,ffcd8fb43f14f8d5,b2a35d4d8055e9b8,7e03b438f5cc4584,48,933.0,,ambiguous
spatial,scene_0033,both,auto,sketchvla_input_overlay,swap,10,False,,240,False,False,,True,True,True,akita_black_bowl_3,False,plate_1,False,0.0121,akita_black_bowl_2,plate_2,False,False,,,,ffcd8fb43f14f8d5,8c38588c90c43284,c0ece4ac80631add,48,933.6,,ambiguous
spatial,scene_0033,both,auto,sketchvla_input_overlay,swap,11,False,,240,False,False,,True,True,True,akita_black_bowl_1,True,plate_1,False,0.0024,akita_black_bowl_2,plate_2,False,False,,,,ffcd8fb43f14f8d5,d0a45e62d9882316,45a88026ecb8c46b,48,933.9,,ambiguous
spatial,scene_0033,both,auto,sketchvla_input_overlay,swap,12,False,,240,False,False,,True,True,True,akita_black_bowl_1,True,plate_1,False,0.0331,akita_black_bowl_2,plate_2,False,False,,,,ffcd8fb43f14f8d5,d0dd0c9a59cf28a0,b181ceb232c608fc,48,929.0,,ambiguous
spatial,scene_0033,both,auto,sketchvla_input_overlay,swap,13,False,,240,False,False,,True,True,True,akita_black_bowl_3,False,plate_1,False,0.0082,akita_black_bowl_2,plate_2,False,False,,,,ffcd8fb43f14f8d5,30e1909fc7e9adaf,ad61439c88242460,48,758.0,,ambiguous
spatial,scene_0034,both,auto,sketchvla_input_overlay,swap,0,False,,240,True,True,92,True,True,True,akita_black_bowl_1,True,plate_1,True,0.0093,akita_black_bowl_2,plate_1,False,True,,,,7953a953c112c358,f5fb8bf5c123167b,2333808e89347458,48,894.9,,ambiguous
spatial,scene_0034,both,auto,sketchvla_input_overlay,swap,1,False,,240,True,True,92,True,True,True,akita_black_bowl_1,True,plate_1,True,0.0177,akita_black_bowl_2,plate_1,False,True,,,,7953a953c112c358,acf0b376fd3bb269,4a7c52dbc4b25250,48,930.8,,ambiguous
spatial,scene_0034,both,auto,sketchvla_input_overlay,swap,2,False,,240,True,True,102,True,True,True,akita_black_bowl_1,True,plate_1,True,0.0123,akita_black_bowl_2,plate_1,False,True,,,,7953a953c112c358,e8b76b3efe4bf0b7,e5f6ab34e5a46b89,48,933.4,,ambiguous
spatial,scene_0034,both,auto,sketchvla_input_overlay,swap,3,False,,240,True,True,135,True,True,True,akita_black_bowl_1,True,plate_1,True,0.0088,akita_black_bowl_2,plate_1,False,True,,,,7953a953c112c358,691df41e79a90276,ea0d31ac4d12ca18,48,930.4,,ambiguous
spatial,scene_0034,both,auto,sketchvla_input_overlay,swap,4,False,,240,True,True,99,True,True,True,akita_black_bowl_1,True,plate_1,True,0.0122,akita_black_bowl_2,plate_1,False,True,,,,7953a953c112c358,60d4205012ca76ce,bc28be805a19f684,48,932.3,,ambiguous
spatial,scene_0034,both,auto,sketchvla_input_overlay,swap,5,False,,240,True,True,91,True,True,True,akita_black_bowl_1,True,plate_1,True,0.0171,akita_black_bowl_2,plate_1,False,True,,,,7953a953c112c358,0e67a173b7a38d5a,2fbe1e149778d77c,48,942.2,,ambiguous
spatial,scene_0034,both,auto,sketchvla_input_overlay,swap,6,False,,240,True,True,92,True,True,True,akita_black_bowl_1,True,plate_1,True,0.0117,akita_black_bowl_2,plate_1,False,True,,,,7953a953c112c358,706291ae5b226a66,809c1089e65e8151,48,938.1,,ambiguous
spatial,scene_0034,both,auto,sketchvla_input_overlay,swap,7,False,,240,True,True,105,True,True,True,akita_black_bowl_1,True,plate_1,True,0.0074,akita_black_bowl_2,plate_1,False,True,,,,7953a953c112c358,752a1287e3c68811,dc9f8e7e2f009faf,48,942.2,,ambiguous
spatial,scene_0034,both,auto,sketchvla_input_overlay,swap,8,False,,240,True,True,93,True,True,True,akita_black_bowl_1,True,plate_1,True,0.0168,akita_black_bowl_2,plate_1,False,True,,,,7953a953c112c358,58369c09412b478d,ae14f97a7bf6bd25,48,933.5,,ambiguous
spatial,scene_0034,both,auto,sketchvla_input_overlay,swap,9,False,,240,True,True,92,True,True,True,akita_black_bowl_1,True,plate_1,True,0.0062,akita_black_bowl_2,plate_1,False,True,,,,7953a953c112c358,3db93556a801b025,2090a2d990fdd5d3,48,918.7,,ambiguous
spatial,scene_0034,both,auto,sketchvla_input_overlay,swap,10,False,,240,True,True,109,True,True,True,akita_black_bowl_1,True,plate_1,True,0.0199,akita_black_bowl_2,plate_1,False,True,,,,7953a953c112c358,750672a9f91ce3dc,125230ae308681e9,48,928.7,,ambiguous
spatial,scene_0034,both,auto,sketchvla_input_overlay,swap,11,False,,240,True,True,93,True,True,True,akita_black_bowl_1,True,plate_1,True,0.0101,akita_black_bowl_2,plate_1,False,True,,,,7953a953c112c358,7a6424f3184124d3,2870b1f3a9db1ba0,48,924.4,,ambiguous
spatial,scene_0034,both,auto,sketchvla_input_overlay,swap,12,False,,240,True,True,105,True,True,True,akita_black_bowl_1,True,plate_1,True,0.0158,akita_black_bowl_2,plate_1,False,True,,,,7953a953c112c358,e55a6a4ba387a063,139500a1841f079d,48,931.2,,ambiguous
spatial,scene_0034,both,auto,sketchvla_input_overlay,swap,13,False,,240,True,True,99,True,True,True,akita_black_bowl_1,True,plate_1,True,0.0081,akita_black_bowl_2,plate_1,False,True,,,,7953a953c112c358,055762f4c939d417,6fdad4efde6dd899,48,717.0,,ambiguous
spatial,scene_0035,both,auto,sketchvla_input_overlay,swap,0,False,,240,False,False,,True,True,True,akita_black_bowl_2,False,,False,0.124,akita_black_bowl_2,plate_3,True,,,,,9d5da14032b281fc,8f484dd61c3e5f71,a4880829297cc123,48,944.1,,ambiguous
spatial,scene_0035,both,auto,sketchvla_input_overlay,swap,1,False,,240,False,False,,True,True,True,akita_black_bowl_2,False,plate_2,False,0.0023,akita_black_bowl_2,plate_3,True,False,,,,9d5da14032b281fc,556e6d89236e9fe1,a486bd955b9125ee,48,937.3,,ambiguous
spatial,scene_0035,both,auto,sketchvla_input_overlay,swap,2,False,,240,False,False,,True,True,True,akita_black_bowl_2,False,plate_2,False,0.0132,akita_black_bowl_2,plate_3,True,False,,,,9d5da14032b281fc,79327e2ab2e6ac81,e4edc5d4cd51c5af,48,930.8,,ambiguous
spatial,scene_0035,both,auto,sketchvla_input_overlay,swap,3,False,,240,False,False,,True,False,False,,False,,False,0.2318,akita_black_bowl_2,plate_3,,,,,,9d5da14032b281fc,fb01723523b920fd,1487c0263c49ff3d,48,940.8,,ambiguous
spatial,scene_0035,both,auto,sketchvla_input_overlay,swap,4,False,,240,False,False,,True,True,True,plate_3,False,plate_3,True,0.0,akita_black_bowl_2,plate_3,False,True,,,,9d5da14032b281fc,baab04d40f18c57b,2d5344bcc6587da3,48,938.1,,ambiguous
spatial,scene_0035,both,auto,sketchvla_input_overlay,swap,5,False,,240,False,False,,True,True,True,plate_3,False,plate_3,True,0.0,akita_black_bowl_2,plate_3,False,True,,,,9d5da14032b281fc,d47c354f330b8dbd,ff66375061a2c41a,48,942.3,,ambiguous
spatial,scene_0035,both,auto,sketchvla_input_overlay,swap,6,False,,240,False,False,,True,True,True,akita_black_bowl_2,False,plate_2,False,0.0224,akita_black_bowl_2,plate_3,True,False,,,,9d5da14032b281fc,bf6f45ca7e15952c,b5a187c2e27e63d5,48,937.4,,ambiguous
spatial,scene_0035,both,auto,sketchvla_input_overlay,swap,7,False,,240,False,False,,True,True,True,akita_black_bowl_2,False,plate_2,False,0.0327,akita_black_bowl_2,plate_3,True,False,,,,9d5da14032b281fc,1047267ad75ce1a8,d4f4993fc8a59d60,48,928.7,,ambiguous
spatial,scene_0035,both,auto,sketchvla_input_overlay,swap,8,False,,240,False,False,,True,True,True,cookies_1,False,plate_2,False,0.0197,akita_black_bowl_2,plate_3,False,False,,,,9d5da14032b281fc,446d24d47568686e,cba7d6a5d130daa7,48,934.7,,ambiguous
spatial,scene_0035,both,auto,sketchvla_input_overlay,swap,9,False,,240,False,False,,True,True,True,akita_black_bowl_2,False,plate_2,False,0.0092,akita_black_bowl_2,plate_3,True,False,,,,9d5da14032b281fc,1128a092a07ae495,5326c9f832f9723d,48,933.8,,ambiguous
spatial,scene_0035,both,auto,sketchvla_input_overlay,swap,10,False,,240,False,False,,True,True,True,akita_black_bowl_2,False,plate_2,False,0.0049,akita_black_bowl_2,plate_3,True,False,,,,9d5da14032b281fc,464d8abc10efabbb,07a1585273df6deb,48,930.7,,ambiguous
spatial,scene_0035,both,auto,sketchvla_input_overlay,swap,11,False,,240,False,False,,True,True,True,akita_black_bowl_2,False,plate_2,False,0.0131,akita_black_bowl_2,plate_3,True,False,,,,9d5da14032b281fc,1f9f3b2a7920862a,7e111eea77279818,48,934.4,,ambiguous
spatial,scene_0035,both,auto,sketchvla_input_overlay,swap,12,False,,240,False,False,,True,True,True,akita_black_bowl_2,False,plate_2,False,0.0093,akita_black_bowl_2,plate_3,True,False,,,,9d5da14032b281fc,c0aac2f6bcd04e6e,0211010d7d258cd6,48,937.6,,ambiguous
spatial,scene_0035,both,auto,sketchvla_input_overlay,swap,13,False,,240,False,False,,True,True,True,cookies_1,False,plate_2,False,0.0209,akita_black_bowl_2,plate_3,False,False,,,,9d5da14032b281fc,5793374b85cabb6d,336dca8e0a7296df,48,650.1,,ambiguous
spatial,scene_0036,both,auto,sketchvla_input_overlay,swap,0,False,,240,False,False,,True,True,True,akita_black_bowl_1,True,plate_1,False,0.0078,akita_black_bowl_2,plate_2,False,False,,,,ba0364614c70bfde,a50589d9bc1da71c,6ed1287acce9364f,48,258.9,,ambiguous
spatial,scene_0036,both,auto,sketchvla_input_overlay,swap,1,False,,240,False,False,,True,True,True,akita_black_bowl_1,True,plate_1,False,0.0132,akita_black_bowl_2,plate_2,False,False,,,,ba0364614c70bfde,b8b48ebef142f74b,d112362ecd5c71ab,48,111.3,,ambiguous
spatial,scene_0036,both,auto,sketchvla_input_overlay,swap,2,False,,240,False,False,,True,True,True,akita_black_bowl_1,True,plate_1,False,0.0087,akita_black_bowl_2,plate_2,False,False,,,,ba0364614c70bfde,c9fd1e8aaec37490,3ad020c15ab2cf5c,48,115.5,,ambiguous
spatial,scene_0036,both,auto,sketchvla_input_overlay,swap,3,False,,240,False,False,,True,True,True,akita_black_bowl_1,True,plate_1,False,0.0065,akita_black_bowl_2,plate_2,False,False,,,,ba0364614c70bfde,dce25714410b4c2c,123b85667b9d5439,48,115.7,,ambiguous
spatial,scene_0036,both,auto,sketchvla_input_overlay,swap,4,False,,240,False,False,,True,True,True,akita_black_bowl_1,True,plate_1,False,0.0142,akita_black_bowl_2,plate_2,False,False,,,,ba0364614c70bfde,a1dc047b7514bc34,796b47557d069af9,48,115.9,,ambiguous
spatial,scene_0036,both,auto,sketchvla_input_overlay,swap,5,False,,240,False,False,,True,True,True,akita_black_bowl_1,True,plate_1,False,0.011,akita_black_bowl_2,plate_2,False,False,,,,ba0364614c70bfde,370a15b3f2c1e205,34d22cb20e887f62,48,114.0,,ambiguous
spatial,scene_0036,both,auto,sketchvla_input_overlay,swap,6,False,,240,False,False,,True,True,True,akita_black_bowl_1,True,plate_1,False,0.0143,akita_black_bowl_2,plate_2,False,False,,,,ba0364614c70bfde,a1730bda1a2faec0,eee69699fe18e451,48,114.6,,ambiguous
spatial,scene_0036,both,auto,sketchvla_input_overlay,swap,7,False,,240,False,False,,True,True,True,akita_black_bowl_2,False,plate_1,False,0.0064,akita_black_bowl_2,plate_2,True,False,,,,ba0364614c70bfde,af43303eccc53e06,31af0639cab8fc9a,48,118.7,,ambiguous
spatial,scene_0036,both,auto,sketchvla_input_overlay,swap,8,False,,240,False,False,,True,True,True,akita_black_bowl_1,True,plate_1,False,0.011,akita_black_bowl_2,plate_2,False,False,,,,ba0364614c70bfde,19b7bd77e0743b0b,6314dbdf02ec3b96,48,115.8,,ambiguous
spatial,scene_0036,both,auto,sketchvla_input_overlay,swap,9,False,,240,False,False,,True,True,True,akita_black_bowl_3,False,plate_1,False,0.0051,akita_black_bowl_2,plate_2,False,False,,,,ba0364614c70bfde,8578545dbcdfab75,15b53a5df34a1c6a,48,113.5,,ambiguous
spatial,scene_0036,both,auto,sketchvla_input_overlay,swap,10,False,,240,False,False,,True,True,True,akita_black_bowl_1,True,plate_1,False,0.0076,akita_black_bowl_2,plate_2,False,False,,,,ba0364614c70bfde,44b790dc4afc60fd,408af4a5f67702af,48,116.5,,ambiguous
spatial,scene_0036,both,auto,sketchvla_input_overlay,swap,11,False,,240,False,False,,True,True,True,akita_black_bowl_1,True,plate_1,False,0.0037,akita_black_bowl_2,plate_2,False,False,,,,ba0364614c70bfde,be1296c5e9060308,0ecdb669773f5a60,48,115.9,,ambiguous
spatial,scene_0036,both,auto,sketchvla_input_overlay,swap,12,False,,240,False,False,,True,True,True,akita_black_bowl_1,True,plate_1,False,0.0119,akita_black_bowl_2,plate_2,False,False,,,,ba0364614c70bfde,b0c647be4c84a481,18539a9f3b16e6f6,48,112.3,,ambiguous
spatial,scene_0036,both,auto,sketchvla_input_overlay,swap,13,False,,240,False,False,,True,True,True,akita_black_bowl_1,True,plate_1,False,0.0094,akita_black_bowl_2,plate_2,False,False,,,,ba0364614c70bfde,c0b2a66c2cafcc1c,c5e700432c40b09e,48,111.8,,ambiguous
