suite,dir,tier,condition,policy,sketch_route,rollout_idx,skipped,skip_reason,n_steps,success_final,success_sustained,first_success_step,grasp_success_flag,grasped_any,lifted,grasped_instance,correct_instance_grasped,nearest_destination,correct_destination,terminal_dist_xy,sketch_referent_object,sketch_referent_destination,sketch_fidelity_object,sketch_fidelity_destination,deproject,z_pick,z_place,init_state_hash,init_warmstart_hash,final_state_hash,n_infer_calls,infer_ms_mean,pi05_sketch_mode,prompt_type
spatial,scene_0000,control,text_only,sketchvla_prompt_conditioned_latent_action,blank,0,False,,240,False,False,,True,True,True,akita_black_bowl_1,True,,False,0.2797,,,,,,,,d1b42b0dcd62c359,cfbb03cf6261e436,965a16ce9be2c4ee,48,1454.5,,explicit
spatial,scene_0000,control,text_only,sketchvla_prompt_conditioned_latent_action,blank,1,False,,240,False,False,,True,True,True,akita_black_bowl_1,True,,False,0.3183,,,,,,,,d1b42b0dcd62c359,afcb8c9506e5db9c,23a6c66724cd5c74,48,896.8,,explicit
spatial,scene_0000,control,text_only,sketchvla_prompt_conditioned_latent_action,blank,2,False,,240,False,False,,True,False,False,,False,,False,0.2599,,,,,,,,d1b42b0dcd62c359,8fea3441501ae1d6,504dc97f0e9a5670,48,905.0,,explicit
spatial,scene_0000,control,text_only,sketchvla_prompt_conditioned_latent_action,blank,3,False,,240,False,False,,True,True,True,akita_black_bowl_1,True,,False,0.2854,,,,,,,,d1b42b0dcd62c359,2859a8f3889d2b57,ebb8499bda3f6086,48,856.4,,explicit
spatial,scene_0000,control,text_only,sketchvla_prompt_conditioned_latent_action,blank,4,False,,240,False,False,,True,True,True,akita_black_bowl_1,True,,False,0.2804,,,,,,,,d1b42b0dcd62c359,dd6d14943a031fe9,9a53ad88224254ad,48,864.9,,explicit
spatial,scene_0000,control,text_only,sketchvla_prompt_conditioned_latent_action,blank,5,False,,240,False,False,,True,True,True,akita_black_bowl_1,True,,False,0.2578,,,,,,,,d1b42b0dcd62c359,8f1edf14b6304719,b44c6f5227e8fc66,48,914.8,,explicit
spatial,scene_0000,control,text_only,sketchvla_prompt_conditioned_latent_action,blank,6,False,,240,False,False,,True,False,False,,False,,False,0.249,,,,,,,,d1b42b0dcd62c359,f0a0568fdba7c910,75a649a1d9f27fdf,48,940.2,,explicit
spatial,scene_0000,control,text_only,sketchvla_prompt_conditioned_latent_action,blank,7,False,,240,False,False,,True,True,True,akita_black_bowl_1,True,,False,0.2941,,,,,,,,d1b42b0dcd62c359,6221e3e5d83d2c36,48a3b5e4a6f631af,48,924.2,,explicit
spatial,scene_0000,control,text_only,sketchvla_prompt_conditioned_latent_action,blank,8,False,,240,False,False,,True,False,False,,False,,False,0.2608,,,,,,,,d1b42b0dcd62c359,97be1ea49f05d41f,aaed14175f90fd0a,48,896.1,,explicit
spatial,scene_0000,control,text_only,sketchvla_prompt_conditioned_latent_action,blank,9,False,,240,False,False,,True,True,True,akita_black_bowl_1,True,,False,0.2671,,,,,,,,d1b42b0dcd62c359,7847e5d5283df5b1,088d69dece9ec8cf,48,902.6,,explicit
spatial,scene_0000,control,text_only,sketchvla_prompt_conditioned_latent_action,blank,10,False,,240,False,False,,True,True,True,akita_black_bowl_1,True,,False,0.2985,,,,,,,,d1b42b0dcd62c359,c26e2cff702824b9,e23e8aeaf83e5606,48,955.3,,explicit
spatial,scene_0000,control,text_only,sketchvla_prompt_conditioned_latent_action,blank,11,False,,240,False,False,,True,True,True,akita_black_bowl_1,True,,False,0.2603,,,,,,,,d1b42b0dcd62c359,436f789eb89d6fb3,72144ca1c0d4eecd,48,911.9,,explicit
spatial,scene_0000,control,text_only,sketchvla_prompt_conditioned_latent_action,blank,12,False,,240,False,False,,True,False,False,,False,,False,0.2533,,,,,,,,d1b42b0dcd62c359,a3a44c2079e8fe9e,2efbedf3878c9632,48,944.9,,explicit
spatial,scene_0000,control,text_only,sketchvla_prompt_conditioned_latent_action,blank,13,False,,240,False,False,,True,True,True,akita_black_bowl_1,True,,False,0.2952,,,,,,,,d1b42b0dcd62c359,511e7d571c080516,06355e03be2bfc3d,48,918.4,,explicit
spatial,scene_0001,control,text_only,sketchvla_prompt_conditioned_latent_action,blank,0,False,,240,False,False,,True,False,False,,False,,False,0.1442,,,,,,,,52a969ecb73b891c,fac78ca28fdacafa,c138f09b987f7a8b,48,1478.6,,explicit
spatial,scene_0001,control,text_only,sketchvla_prompt_conditioned_latent_action,blank,1,False,,240,False,False,,True,False,False,,False,,False,0.1473,,,,,,,,52a969ecb73b891c,9c317cf4cf42ac7e,5218e2d0431397e2,48,916.1,,explicit
spatial,scene_0001,control,text_only,sketchvla_prompt_conditioned_latent_action,blank,2,False,,240,False,False,,True,False,False,,False,,False,0.1512,,,,,,,,52a969ecb73b891c,cbe882858472e127,a1816ef2ac439918,48,914.3,,explicit
spatial,scene_0001,control,text_only,sketchvla_prompt_conditioned_latent_action,blank,3,False,,240,False,False,,True,False,False,,False,,False,0.154,,,,,,,,52a969ecb73b891c,e3fb00c81593d7f9,c41ff31d104e5f7f,48,863.5,,explicit
spatial,scene_0001,control,text_only,sketchvla_prompt_conditioned_latent_action,blank,4,False,,240,False,False,,True,False,False,,False,,False,0.1473,,,,,,,,52a969ecb73b891c,8394c25cc1a918fd,912da4b51879cf0f,48,872.9,,explicit
spatial,scene_0001,control,text_only,sketchvla_prompt_conditioned_latent_action,blank,5,False,,240,False,False,,True,False,False,,False,,False,0.1473,,,,,,,,52a969ecb73b891c,c56a43e7a1eeeb8a,cf55571a9ced17c9,48,923.6,,explicit
spatial,scene_0001,control,text_only,sketchvla_prompt_conditioned_latent_action,blank,6,False,,240,False,False,,True,False,False,,False,,False,0.1473,,,,,,,,52a969ecb73b891c,59f4ec518b9c7ee3,3675029c8b9a54af,48,957.3,,explicit
spatial,scene_0001,control,text_only,sketchvla_prompt_conditioned_latent_action,blank,7,False,,240,False,False,,True,False,False,,False,,False,0.1553,,,,,,,,52a969ecb73b891c,f9ca57aeabf6916c,5bc1a263376e0755,48,933.7,,explicit
spatial,scene_0001,control,text_only,sketchvla_prompt_conditioned_latent_action,blank,8,False,,240,False,False,,True,False,False,,False,,False,0.1554,,,,,,,,52a969ecb73b891c,13163681be16386a,7b78524049f5c813,48,907.6,,explicit
spatial,scene_0001,control,text_only,sketchvla_prompt_conditioned_latent_action,blank,9,False,,240,False,False,,True,False,False,,False,,False,0.1473,,,,,,,,52a969ecb73b891c,e0e57ce55df1b9ce,b61e96b667293ba3,48,916.5,,explicit
spatial,scene_0001,control,text_only,sketchvla_prompt_conditioned_latent_action,blank,10,False,,240,False,False,,True,False,False,,False,,False,0.1473,,,,,,,,52a969ecb73b891c,8e829276a31d420e,bb8dd31ef4de675a,48,963.3,,explicit
spatial,scene_0001,control,text_only,sketchvla_prompt_conditioned_latent_action,blank,11,False,,240,False,False,,True,False,False,,False,,False,0.139,,,,,,,,52a969ecb73b891c,e77fbc4812d3f761,53ff1e20b4143c70,48,918.8,,explicit
spatial,scene_0001,control,text_only,sketchvla_prompt_conditioned_latent_action,blank,12,False,,240,False,False,,True,False,False,,False,,False,0.1473,,,,,,,,52a969ecb73b891c,4b49186ec98ff7d0,6f258be8509fee65,48,946.2,,explicit
spatial,scene_0001,control,text_only,sketchvla_prompt_conditioned_latent_action,blank,13,False,,240,False,False,,True,False,False,,False,,False,0.1473,,,,,,,,52a969ecb73b891c,b2ebe30eeb1d0cac,e5f56b272bff5ccd,48,928.6,,explicit
spatial,scene_0002,control,text_only,sketchvla_prompt_conditioned_latent_action,blank,0,False,,240,False,False,,True,True,True,akita_black_bowl_1,True,,False,0.1781,,,,,,,,d623ad20cb2fe88c,bcaec38e34c4bf39,7625783536ab2ede,48,1442.8,,explicit
spatial,scene_0002,control,text_only,sketchvla_prompt_conditioned_latent_action,blank,1,False,,240,False,False,,True,True,True,akita_black_bowl_1,True,,False,0.1511,,,,,,,,d623ad20cb2fe88c,de12b7f08f930a1b,c8662c1a4828eb1f,48,882.4,,explicit
spatial,scene_0002,control,text_only,sketchvla_prompt_conditioned_latent_action,blank,2,False,,240,False,False,,True,True,True,akita_black_bowl_1,True,,False,0.1414,,,,,,,,d623ad20cb2fe88c,030da27212f6e8d1,a35355b39948481b,48,949.1,,explicit
spatial,scene_0002,control,text_only,sketchvla_prompt_conditioned_latent_action,blank,3,False,,240,False,False,,True,True,True,akita_black_bowl_1,True,,False,0.1925,,,,,,,,d623ad20cb2fe88c,3759e73b37498132,7a9bda19bee393db,48,907.6,,explicit
spatial,scene_0002,control,text_only,sketchvla_prompt_conditioned_latent_action,blank,4,False,,240,False,False,,True,True,True,akita_black_bowl_1,True,,False,0.1843,,,,,,,,d623ad20cb2fe88c,ba075fd78a81730f,78be10d0442ba654,48,904.2,,explicit
spatial,scene_0002,control,text_only,sketchvla_prompt_conditioned_latent_action,blank,5,False,,240,False,False,,True,True,True,akita_black_bowl_1,True,,False,0.1669,,,,,,,,d623ad20cb2fe88c,a0a06014843cb954,5c3d0c4fdc03153c,48,872.4,,explicit
spatial,scene_0002,control,text_only,sketchvla_prompt_conditioned_latent_action,blank,6,False,,240,False,False,,True,True,True,akita_black_bowl_1,True,,False,0.187,,,,,,,,d623ad20cb2fe88c,db70cf392e315a0d,e2fb9a2642f49967,48,961.1,,explicit
spatial,scene_0002,control,text_only,sketchvla_prompt_conditioned_latent_action,blank,7,False,,240,False,False,,True,True,True,akita_black_bowl_1,True,,False,0.1959,,,,,,,,d623ad20cb2fe88c,76013cb6b29c5988,d080eb4f58332ea3,48,948.6,,explicit
spatial,scene_0002,control,text_only,sketchvla_prompt_conditioned_latent_action,blank,8,False,,240,False,False,,True,True,True,akita_black_bowl_1,True,,False,0.1684,,,,,,,,d623ad20cb2fe88c,44fb16e6bd2360fe,06cb6157bac5b25f,48,918.6,,explicit
spatial,scene_0002,control,text_only,sketchvla_prompt_conditioned_latent_action,blank,9,False,,240,False,False,,True,True,True,akita_black_bowl_1,True,,False,0.1519,,,,,,,,d623ad20cb2fe88c,9d63a357c3b63d3d,e396b67e15ef20cf,48,931.9,,explicit
spatial,scene_0002,control,text_only,sketchvla_prompt_conditioned_latent_action,blank,10,False,,240,False,False,,True,True,True,akita_black_bowl_1,True,,False,0.1692,,,,,,,,d623ad20cb2fe88c,e04ec6b4a9665f88,918bab8a529e0e12,48,947.8,,explicit
spatial,scene_0002,control,text_only,sketchvla_prompt_conditioned_latent_action,blank,11,False,,240,False,False,,True,True,True,akita_black_bowl_1,True,,False,0.1852,,,,,,,,d623ad20cb2fe88c,51ce71ca374312d5,f5de4c7d0d56b72a,48,903.0,,explicit
spatial,scene_0002,control,text_only,sketchvla_prompt_conditioned_latent_action,blank,12,False,,240,False,False,,True,True,True,akita_black_bowl_1,True,,False,0.1537,,,,,,,,d623ad20cb2fe88c,f5f2924af909d314,fa6dffb637392564,48,944.1,,explicit
spatial,scene_0002,control,text_only,sketchvla_prompt_conditioned_latent_action,blank,13,False,,240,False,False,,True,True,True,akita_black_bowl_1,True,,False,0.1615,,,,,,,,d623ad20cb2fe88c,855be0e190ec90eb,e3363fbe94aa1a45,48,914.0,,explicit
spatial,scene_0003,control,text_only,sketchvla_prompt_conditioned_latent_action,blank,0,False,,240,False,False,,True,True,True,akita_black_bowl_1,True,,False,0.1115,,,,,,,,48f86918170bf94c,d49357f1eb98e9a0,39e6be64832ee0e8,48,1420.8,,explicit
spatial,scene_0003,control,text_only,sketchvla_prompt_conditioned_latent_action,blank,1,False,,240,False,False,,True,True,True,akita_black_bowl_1,True,,False,0.1193,,,,,,,,48f86918170bf94c,71ec73170bd6e918,83f995720e22d83a,48,875.2,,explicit
spatial,scene_0003,control,text_only,sketchvla_prompt_conditioned_latent_action,blank,2,False,,240,False,False,,True,True,True,akita_black_bowl_1,True,,False,0.1395,,,,,,,,48f86918170bf94c,1c335a60471f81ea,1be31b5441d1c323,48,939.7,,explicit
spatial,scene_0003,control,text_only,sketchvla_prompt_conditioned_latent_action,blank,3,False,,240,False,False,,True,True,True,akita_black_bowl_1,True,,False,0.1271,,,,,,,,48f86918170bf94c,6fb48621c68e1e50,ba0e6aa0b5971dce,48,897.1,,explicit
spatial,scene_0003,control,text_only,sketchvla_prompt_conditioned_latent_action,blank,4,False,,240,False,False,,True,False,False,,False,,False,0.1163,,,,,,,,48f86918170bf94c,105675f1f9e395ce,b1099e7444961b6c,48,884.0,,explicit
spatial,scene_0003,control,text_only,sketchvla_prompt_conditioned_latent_action,blank,5,False,,240,False,False,,True,True,True,akita_black_bowl_1,True,,False,0.1278,,,,,,,,48f86918170bf94c,e43139e05d96a55e,28bcc5610f879c13,48,867.1,,explicit
spatial,scene_0003,control,text_only,sketchvla_prompt_conditioned_latent_action,blank,6,False,,240,False,False,,True,True,True,akita_black_bowl_1,True,,False,0.1479,,,,,,,,48f86918170bf94c,eaa3804c54e26055,d8a49a90b365edb3,48,955.7,,explicit
spatial,scene_0003,control,text_only,sketchvla_prompt_conditioned_latent_action,blank,7,False,,240,False,False,,True,False,False,,False,,False,0.122,,,,,,,,48f86918170bf94c,e5d25975ab05873c,a21418c2230e3324,48,934.3,,explicit
spatial,scene_0003,control,text_only,sketchvla_prompt_conditioned_latent_action,blank,8,False,,240,False,False,,True,True,True,akita_black_bowl_1,True,,False,0.1268,,,,,,,,48f86918170bf94c,f04856704b7d4932,56e8a9c4453dcdc5,48,910.8,,explicit
spatial,scene_0003,control,text_only,sketchvla_prompt_conditioned_latent_action,blank,9,False,,240,False,False,,True,True,True,akita_black_bowl_1,True,,False,0.1229,,,,,,,,48f86918170bf94c,69e1f51d62945720,35085c946af7aed8,48,921.3,,explicit
spatial,scene_0003,control,text_only,sketchvla_prompt_conditioned_latent_action,blank,10,False,,240,False,False,,True,True,True,akita_black_bowl_1,True,,False,0.1382,,,,,,,,48f86918170bf94c,d30dd9138a35bd85,dbd91ea0085611e8,48,939.2,,explicit
spatial,scene_0003,control,text_only,sketchvla_prompt_conditioned_latent_action,blank,11,False,,240,False,False,,True,True,True,akita_black_bowl_1,True,,False,0.148,,,,,,,,48f86918170bf94c,ca6c59ccd2a6ab89,559d86dc9bedf675,48,888.0,,explicit
spatial,scene_0003,control,text_only,sketchvla_prompt_conditioned_latent_action,blank,12,False,,240,False,False,,True,False,False,,False,,False,0.1255,,,,,,,,48f86918170bf94c,7b367390ae6b4df7,95b12a1589b204c6,48,938.0,,explicit
spatial,scene_0003,control,text_only,sketchvla_prompt_conditioned_latent_action,blank,13,False,,240,False,False,,True,True,True,akita_black_bowl_1,True,,False,0.1214,,,,,,,,48f86918170bf94c,f83c719f17cba405,6c779a401f46d601,48,909.8,,explicit
spatial,scene_0004,control,text_only,sketchvla_prompt_conditioned_latent_action,blank,0,False,,240,False,True,110,True,True,True,akita_black_bowl_1,True,plate_1,True,0.0271,,,,,,,,1720ae1e3a2db4e0,fe9149d67c1e3706,02d93228efcf7017,48,1014.2,,explicit
spatial,scene_0004,control,text_only,sketchvla_prompt_conditioned_latent_action,blank,1,False,,240,True,True,86,True,True,True,akita_black_bowl_1,True,plate_1,True,0.0181,,,,,,,,1720ae1e3a2db4e0,157dea0dd400b2d6,5dcbb6bfc4631469,48,489.2,,explicit
spatial,scene_0004,control,text_only,sketchvla_prompt_conditioned_latent_action,blank,2,False,,240,True,True,125,True,True,True,akita_black_bowl_1,True,plate_1,True,0.0214,,,,,,,,1720ae1e3a2db4e0,de8e8716b6474a72,8729cca6cccaf734,48,496.4,,explicit
spatial,scene_0004,control,text_only,sketchvla_prompt_conditioned_latent_action,blank,3,False,,240,True,True,120,True,True,True,akita_black_bowl_1,True,plate_1,True,0.0208,,,,,,,,1720ae1e3a2db4e0,453bd3983f8570ef,92fd4540e51c2f34,48,496.8,,explicit
spatial,scene_0004,control,text_only,sketchvla_prompt_conditioned_latent_action,blank,4,False,,240,True,True,92,True,True,True,akita_black_bowl_1,True,plate_1,True,0.0105,,,,,,,,1720ae1e3a2db4e0,a9f693df91938739,8ff6cab8d0634bef,48,525.7,,explicit
spatial,scene_0004,control,text_only,sketchvla_prompt_conditioned_latent_action,blank,5,False,,240,True,True,96,True,True,True,akita_black_bowl_1,True,plate_1,True,0.0162,,,,,,,,1720ae1e3a2db4e0,306f2dee9d43cedf,ec3fb465b2c31313,48,501.5,,explicit
spatial,scene_0004,control,text_only,sketchvla_prompt_conditioned_latent_action,blank,6,False,,240,True,True,86,True,True,True,akita_black_bowl_1,True,plate_1,True,0.0234,,,,,,,,1720ae1e3a2db4e0,0039fdc8f0bb43b0,a974273dccd7c13d,48,502.9,,explicit
spatial,scene_0004,control,text_only,sketchvla_prompt_conditioned_latent_action,blank,7,False,,240,True,True,91,True,True,True,akita_black_bowl_1,True,plate_1,True,0.0125,,,,,,,,1720ae1e3a2db4e0,ef839155f65877a2,1e8bef4ce44cec9e,48,477.5,,explicit
spatial,scene_0004,control,text_only,sketchvla_prompt_conditioned_latent_action,blank,8,False,,240,True,True,89,True,True,True,akita_black_bowl_1,True,plate_1,True,0.017,,,,,,,,1720ae1e3a2db4e0,28a8dc5cf2da5dcb,26f1d9b5f5fb0b01,48,506.8,,explicit
spatial,scene_0004,control,text_only,sketchvla_prompt_conditioned_latent_action,blank,9,False,,240,True,True,98,True,True,True,akita_black_bowl_1,True,plate_1,True,0.0232,,,,,,,,1720ae1e3a2db4e0,c61342691c440ff3,de6cff5aacca9cc7,48,520.9,,explicit
spatial,scene_0004,control,text_only,sketchvla_prompt_conditioned_latent_action,blank,10,False,,240,True,True,98,True,True,True,akita_black_bowl_1,True,plate_1,True,0.0114,,,,,,,,1720ae1e3a2db4e0,e33821e3246d9094,bcaaf465d026feae,48,494.4,,explicit
spatial,scene_0004,control,text_only,sketchvla_prompt_conditioned_latent_action,blank,11,False,,240,True,True,90,True,True,True,akita_black_bowl_1,True,plate_1,True,0.0186,,,,,,,,1720ae1e3a2db4e0,bf5eff146e8cca27,8420333917106c6b,48,500.8,,explicit
spatial,scene_0004,control,text_only,sketchvla_prompt_conditioned_latent_action,blank,12,False,,240,True,True,96,True,True,True,akita_black_bowl_1,True,plate_1,True,0.0132,,,,,,,,1720ae1e3a2db4e0,c699c0cad058d56f,9d417e933cdff512,48,525.9,,explicit
spatial,scene_0004,control,text_only,sketchvla_prompt_conditioned_latent_action,blank,13,False,,240,True,True,91,True,True,True,akita_black_bowl_1,True,plate_1,True,0.0227,,,,,,,,1720ae1e3a2db4e0,c1bda1ceea2e8cea,1a7e5150404b0616,48,521.2,,explicit
spatial,scene_0005,referential,text_only,sketchvla_prompt_conditioned_latent_action,blank,0,False,,240,False,False,,True,True,True,plate_1,False,plate_1,True,0.0,,,,,,,,f0dc1eb55adde9e8,f6f3499b5b0addd6,d9a987900042f811,48,1353.6,,explicit
spatial,scene_0005,referential,text_only,sketchvla_prompt_conditioned_latent_action,blank,1,False,,240,False,False,,True,False,False,,False,,False,0.2112,,,,,,,,f0dc1eb55adde9e8,ad93cb1083683a8f,6ad7a917c0634ab2,48,905.2,,explicit
spatial,scene_0005,referential,text_only,sketchvla_prompt_conditioned_latent_action,blank,2,False,,240,False,False,,True,False,False,,False,,False,0.2109,,,,,,,,f0dc1eb55adde9e8,8f13510a7777f6d2,62a6578c01d53f8a,48,925.1,,explicit
spatial,scene_0005,referential,text_only,sketchvla_prompt_conditioned_latent_action,blank,3,False,,240,False,False,,True,False,False,,False,,False,0.1969,,,,,,,,f0dc1eb55adde9e8,01298df52e9f4011,2c97ec736b7c5e20,48,889.4,,explicit
spatial,scene_0005,referential,text_only,sketchvla_prompt_conditioned_latent_action,blank,4,False,,240,False,False,,True,True,True,plate_1,False,plate_1,True,0.0,,,,,,,,f0dc1eb55adde9e8,6f5b8f4566b56ef3,e3fb912cd191ca82,48,921.4,,explicit
spatial,scene_0005,referential,text_only,sketchvla_prompt_conditioned_latent_action,blank,5,False,,240,False,False,,True,False,False,,False,,False,0.1988,,,,,,,,f0dc1eb55adde9e8,4a69d2a433ed6f40,d2fe290fb373ce66,48,885.8,,explicit
spatial,scene_0005,referential,text_only,sketchvla_prompt_conditioned_latent_action,blank,6,False,,240,False,False,,True,False,False,,False,,False,0.178,,,,,,,,f0dc1eb55adde9e8,16cdcdc5724b1ed8,00d7b832acd0d133,48,873.0,,explicit
spatial,scene_0005,referential,text_only,sketchvla_prompt_conditioned_latent_action,blank,7,False,,240,False,False,,True,False,False,,False,,False,0.1989,,,,,,,,f0dc1eb55adde9e8,ea190df310150bb4,787d5aa753f89c00,48,923.8,,explicit
spatial,scene_0005,referential,text_only,sketchvla_prompt_conditioned_latent_action,blank,8,False,,240,False,False,,True,False,False,,False,,False,0.2041,,,,,,,,f0dc1eb55adde9e8,4fd29883ec3aee9d,60329d650b1edde2,48,925.0,,explicit
spatial,scene_0005,referential,text_only,sketchvla_prompt_conditioned_latent_action,blank,9,False,,240,False,False,,True,False,False,,False,,False,0.2021,,,,,,,,f0dc1eb55adde9e8,14fda72fe398a774,4de27b0fce3147bb,48,913.2,,explicit
spatial,scene_0005,referential,text_only,sketchvla_prompt_conditioned_latent_action,blank,10,False,,240,False,False,,True,False,False,,False,,False,0.214,,,,,,,,f0dc1eb55adde9e8,abfabfc0b2e3a4c9,3694e8d28225729b,48,893.8,,explicit
spatial,scene_0005,referential,text_only,sketchvla_prompt_conditioned_latent_action,blank,11,False,,240,False,False,,True,False,False,,False,,False,0.2038,,,,,,,,f0dc1eb55adde9e8,df780aa596a916f9,f05ce4d66e0236cd,48,915.1,,explicit
spatial,scene_0005,referential,text_only,sketchvla_prompt_conditioned_latent_action,blank,12,False,,240,False,False,,True,False,False,,False,,False,0.1998,,,,,,,,f0dc1eb55adde9e8,30904c8d8260638c,960ee3eb72282543,48,884.3,,explicit
spatial,scene_0005,referential,text_only,sketchvla_prompt_conditioned_latent_action,blank,13,False,,240,False,False,,True,False,False,,False,,False,0.1994,,,,,,,,f0dc1eb55adde9e8,caf0206260366366,80c6d41ad6c178a3,48,949.7,,explicit
spatial,scene_0006,referential,text_only,sketchvla_prompt_conditioned_latent_action,blank,0,False,,240,False,False,,True,True,True,akita_black_bowl_1,True,,False,0.316,,,,,,,,b1712668a66d84e4,03c3a4ce3bfbd3e3,837a31e2479a401a,48,1272.2,,explicit
spatial,scene_0006,referential,text_only,sketchvla_prompt_conditioned_latent_action,blank,1,False,,240,False,False,,True,True,True,akita_black_bowl_1,True,,False,0.3154,,,,,,,,b1712668a66d84e4,5329037eee0416c2,b13470e42211cc60,48,895.5,,explicit
spatial,scene_0006,referential,text_only,sketchvla_prompt_conditioned_latent_action,blank,2,False,,240,False,False,,True,True,True,akita_black_bowl_1,True,,False,0.3142,,,,,,,,b1712668a66d84e4,d1211576ab40502c,2a92e2ec65b81071,48,906.9,,explicit
spatial,scene_0006,referential,text_only,sketchvla_prompt_conditioned_latent_action,blank,3,False,,240,False,False,,True,True,True,akita_black_bowl_1,True,,False,0.3146,,,,,,,,b1712668a66d84e4,8edf82256f3a38c7,be8c8fb16e1328db,48,868.5,,explicit
spatial,scene_0006,referential,text_only,sketchvla_prompt_conditioned_latent_action,blank,4,False,,240,False,False,,True,True,True,akita_black_bowl_1,True,,False,0.319,,,,,,,,b1712668a66d84e4,79527510c89961ca,75394c051c4c69fa,48,911.9,,explicit
spatial,scene_0006,referential,text_only,sketchvla_prompt_conditioned_latent_action,blank,5,False,,240,False,False,,True,True,True,akita_black_bowl_1,True,,False,0.322,,,,,,,,b1712668a66d84e4,1321b40c30c997d5,4cae828626ab484c,48,875.6,,explicit
spatial,scene_0006,referential,text_only,sketchvla_prompt_conditioned_latent_action,blank,6,False,,240,False,False,,True,False,False,,False,,False,0.293,,,,,,,,b1712668a66d84e4,6b1cd381f190ade2,f130fd0110a12b07,48,860.0,,explicit
spatial,scene_0006,referential,text_only,sketchvla_prompt_conditioned_latent_action,blank,7,False,,240,False,False,,True,True,True,akita_black_bowl_1,True,,False,0.3087,,,,,,,,b1712668a66d84e4,72a92b575a6d8884,a091a13d031348c5,48,906.0,,explicit
spatial,scene_0006,referential,text_only,sketchvla_prompt_conditioned_latent_action,blank,8,False,,240,False,False,,True,True,True,akita_black_bowl_1,True,,False,0.2883,,,,,,,,b1712668a66d84e4,3f417353896beb27,e523da6712169e1d,48,918.5,,explicit
spatial,scene_0006,referential,text_only,sketchvla_prompt_conditioned_latent_action,blank,9,False,,240,False,False,,True,True,True,akita_black_bowl_1,True,,False,0.3183,,,,,,,,b1712668a66d84e4,2d12ac4c89d8a813,194de4f9ec4faeab,48,897.7,,explicit
spatial,scene_0006,referential,text_only,sketchvla_prompt_conditioned_latent_action,blank,10,False,,240,False,False,,True,True,True,akita_black_bowl_1,True,,False,0.3132,,,,,,,,b1712668a66d84e4,92666384fb199aa8,cdf517996c9c7ab2,48,878.5,,explicit
spatial,scene_0006,referential,text_only,sketchvla_prompt_conditioned_latent_action,blank,11,False,,240,False,False,,True,False,False,,False,,False,0.2543,,,,,,,,b1712668a66d84e4,50942281ae00cdb6,3e6ff9e96bbaa461,48,899.0,,explicit
spatial,scene_0006,referential,text_only,sketchvla_prompt_conditioned_latent_action,blank,12,False,,240,False,False,,True,True,True,akita_black_bowl_1,True,,False,0.2973,,,,,,,,b1712668a66d84e4,3fc75af855b0e9a2,25e58bb9eeaefb03,48,866.7,,explicit
spatial,scene_0006,referential,text_only,sketchvla_prompt_conditioned_latent_action,blank,13,False,,240,False,False,,True,True,True,akita_black_bowl_1,True,,False,0.3025,,,,,,,,b1712668a66d84e4,a13763296a73938b,626b84ed3ad43feb,48,933.2,,explicit
spatial,scene_0007,referential,text_only,sketchvla_prompt_conditioned_latent_action,blank,0,False,,240,False,False,,True,True,True,glazed_rim_porcelain_ramekin_1,False,,False,0.2537,,,,,,,,fb0befc59668784e,466b34ff793da988,64c461d2b22b99b5,48,931.1,,explicit
spatial,scene_0007,referential,text_only,sketchvla_prompt_conditioned_latent_action,blank,1,False,,240,False,False,,True,False,False,,False,,False,0.3648,,,,,,,,fb0befc59668784e,609f2b722663f791,4d30df91ce84b982,48,501.2,,explicit
spatial,scene_0007,referential,text_only,sketchvla_prompt_conditioned_latent_action,blank,2,False,,240,False,False,,True,True,True,glazed_rim_porcelain_ramekin_1,False,,False,0.267,,,,,,,,fb0befc59668784e,74674f6e38d0a804,6eda72dfa6311101,48,511.7,,explicit
spatial,scene_0007,referential,text_only,sketchvla_prompt_conditioned_latent_action,blank,3,False,,240,False,False,,True,True,True,akita_black_bowl_2,False,,False,0.2903,,,,,,,,fb0befc59668784e,ab56093f6236ee36,8c44607a18113734,48,495.8,,explicit
spatial,scene_0007,referential,text_only,sketchvla_prompt_conditioned_latent_action,blank,4,False,,240,False,False,,True,False,False,,False,,False,0.3602,,,,,,,,fb0befc59668784e,a52e21446cb1816b,1e35b62b8d2d59e5,48,496.2,,explicit
spatial,scene_0007,referential,text_only,sketchvla_prompt_conditioned_latent_action,blank,5,False,,240,False,False,,True,True,True,glazed_rim_porcelain_ramekin_1,False,,False,0.2577,,,,,,,,fb0befc59668784e,3b80562a603b35b2,80ab67c2da02eb8e,48,509.7,,explicit
spatial,scene_0007,referential,text_only,sketchvla_prompt_conditioned_latent_action,blank,6,False,,240,False,False,,True,False,False,,False,,False,0.3602,,,,,,,,fb0befc59668784e,acd58db51aafeb1a,66f6b9c6547781c6,48,514.8,,explicit
spatial,scene_0007,referential,text_only,sketchvla_prompt_conditioned_latent_action,blank,7,False,,240,False,False,,True,True,True,akita_black_bowl_2,False,,False,0.2592,,,,,,,,fb0befc59668784e,1ab7b3fea43b07d6,5e817632a526bbbb,48,499.5,,explicit
spatial,scene_0007,referential,text_only,sketchvla_prompt_conditioned_latent_action,blank,8,False,,240,False,False,,True,True,True,glazed_rim_porcelain_ramekin_1,False,,False,0.2809,,,,,,,,fb0befc59668784e,dca50019d1907bc3,75d1c65847dce552,48,501.6,,explicit
spatial,scene_0007,referential,text_only,sketchvla_prompt_conditioned_latent_action,blank,9,False,,240,False,False,,True,False,False,,False,,False,0.3602,,,,,,,,fb0befc59668784e,d260c0faa506cc9a,5b64e0e658a575e2,48,493.6,,explicit
spatial,scene_0007,referential,text_only,sketchvla_prompt_conditioned_latent_action,blank,10,False,,240,False,False,,True,False,False,,False,,False,0.3602,,,,,,,,fb0befc59668784e,c57105750effe384,b9c6dd3761a1bbb4,48,484.8,,explicit
spatial,scene_0007,referential,text_only,sketchvla_prompt_conditioned_latent_action,blank,11,False,,240,False,False,,True,True,True,glazed_rim_porcelain_ramekin_1,False,,False,0.2843,,,,,,,,fb0befc59668784e,1f4af66936f7dddf,6e086327dbe943f0,48,483.8,,explicit
spatial,scene_0007,referential,text_only,sketchvla_prompt_conditioned_latent_action,blank,12,False,,240,False,False,,True,False,False,,False,,False,0.3602,,,,,,,,fb0befc59668784e,feab247526258798,e3ac4f8d7dad745e,48,505.4,,explicit
spatial,scene_0007,referential,text_only,sketchvla_prompt_conditioned_latent_action,blank,13,False,,240,False,False,,True,False,False,,False,,False,0.3602,,,,,,,,fb0befc59668784e,620877b1c9ecf0bf,99c61780ad9f3994,48,480.1,,explicit
spatial,scene_0008,referential,text_only,sketchvla_prompt_conditioned_latent_action,blank,0,False,,240,False,False,,True,True,True,akita_black_bowl_1,False,,False,0.3041,,,,,,,,b5bc6f7854e8d826,a0cfb253155c9e01,4b777a90a9b10bb1,48,1195.4,,explicit
spatial,scene_0008,referential,text_only,sketchvla_prompt_conditioned_latent_action,blank,1,False,,240,False,False,,True,True,True,akita_black_bowl_1,False,,False,0.3037,,,,,,,,b5bc6f7854e8d826,cfa6056cd77adc58,9a39a66a1846d15c,48,861.5,,explicit
spatial,scene_0008,referential,text_only,sketchvla_prompt_conditioned_latent_action,blank,2,False,,240,False,False,,True,True,True,akita_black_bowl_1,False,,False,0.2964,,,,,,,,b5bc6f7854e8d826,75a86680718acfb5,407cc3539bc586ea,48,907.8,,explicit
spatial,scene_0008,referential,text_only,sketchvla_prompt_conditioned_latent_action,blank,3,False,,240,False,False,,True,True,True,akita_black_bowl_1,False,,False,0.3178,,,,,,,,b5bc6f7854e8d826,81631906d898e011,c07e33d40cbd51af,48,863.1,,explicit
spatial,scene_0008,referential,text_only,sketchvla_prompt_conditioned_latent_action,blank,4,False,,240,False,False,,True,True,True,akita_black_bowl_1,False,,False,0.3264,,,,,,,,b5bc6f7854e8d826,b974ef56c112d764,5593f01b3a68638d,48,866.7,,explicit
spatial,scene_0008,referential,text_only,sketchvla_prompt_conditioned_latent_action,blank,5,False,,240,False,False,,True,True,True,akita_black_bowl_1,False,,False,0.2832,,,,,,,,b5bc6f7854e8d826,1e22bdaeef9bb70a,bb881ec4aaef8a73,48,872.3,,explicit
spatial,scene_0008,referential,text_only,sketchvla_prompt_conditioned_latent_action,blank,6,False,,240,False,False,,True,True,True,akita_black_bowl_1,False,,False,0.3075,,,,,,,,b5bc6f7854e8d826,91fcb93f9333f17a,b7fa1235ea5e05db,48,870.8,,explicit
spatial,scene_0008,referential,text_only,sketchvla_prompt_conditioned_latent_action,blank,7,False,,240,False,False,,True,True,True,akita_black_bowl_1,False,,False,0.2742,,,,,,,,b5bc6f7854e8d826,afbaec4425a9eca7,bc85802cc5564631,48,877.1,,explicit
spatial,scene_0008,referential,text_only,sketchvla_prompt_conditioned_latent_action,blank,8,False,,240,False,False,,True,True,True,akita_black_bowl_1,False,,False,0.2706,,,,,,,,b5bc6f7854e8d826,3abb59800d9d6036,394633915555b3fc,48,907.4,,explicit
spatial,scene_0008,referential,text_only,sketchvla_prompt_conditioned_latent_action,blank,9,False,,240,False,False,,True,True,True,akita_black_bowl_1,False,,False,0.2542,,,,,,,,b5bc6f7854e8d826,1a15470d767ac1c4,bdb416dd26798408,48,858.8,,explicit
spatial,scene_0008,referential,text_only,sketchvla_prompt_conditioned_latent_action,blank,10,False,,240,False,False,,True,True,True,akita_black_bowl_1,False,,False,0.2957,,,,,,,,b5bc6f7854e8d826,38e7302313f99608,6700725d9722f70a,48,858.1,,explicit
spatial,scene_0008,referential,text_only,sketchvla_prompt_conditioned_latent_action,blank,11,False,,240,False,False,,True,True,True,akita_black_bowl_1,False,,False,0.2923,,,,,,,,b5bc6f7854e8d826,51c721f77520f9fe,b6767c0e533fae28,48,843.5,,explicit
spatial,scene_0008,referential,text_only,sketchvla_prompt_conditioned_latent_action,blank,12,False,,240,False,False,,True,True,True,akita_black_bowl_1,False,,False,0.2836,,,,,,,,b5bc6f7854e8d826,202bccdc04c1a092,00c74e80462c1d07,48,846.0,,explicit
spatial,scene_0008,referential,text_only,sketchvla_prompt_conditioned_latent_action,blank,13,False,,240,False,False,,True,True,True,akita_black_bowl_1,False,,False,0.3681,,,,,,,,b5bc6f7854e8d826,8b33b139ff086193,fa22bc291a64386e,48,890.8,,explicit
spatial,scene_0009,referential,text_only,sketchvla_prompt_conditioned_latent_action,blank,0,False,,240,False,False,,True,False,False,,False,,False,0.2371,,,,,,,,2ab3a665f4a9fe53,18c6128657ed8e01,187c6f9d53c40a25,48,1160.0,,explicit
spatial,scene_0009,referential,text_only,sketchvla_prompt_conditioned_latent_action,blank,1,False,,240,False,False,,True,False,False,,False,,False,0.2196,,,,,,,,2ab3a665f4a9fe53,d0338a958e929ca6,a7f66712f83fb20a,48,884.1,,explicit
spatial,scene_0009,referential,text_only,sketchvla_prompt_conditioned_latent_action,blank,2,False,,240,False,False,,True,True,True,akita_black_bowl_1,False,,False,0.1624,,,,,,,,2ab3a665f4a9fe53,55eac4488832e245,0d5e99e6472b277e,48,923.5,,explicit
spatial,scene_0009,referential,text_only,sketchvla_prompt_conditioned_latent_action,blank,3,False,,240,False,False,,True,False,False,,False,,False,0.2072,,,,,,,,2ab3a665f4a9fe53,d90bcf0157652573,4f07fc6881a3da09,48,889.3,,explicit
spatial,scene_0009,referential,text_only,sketchvla_prompt_conditioned_latent_action,blank,4,False,,240,False,False,,True,False,False,,False,,False,0.212,,,,,,,,2ab3a665f4a9fe53,8babc57608ccf70d,02bd99b8802f4aeb,48,888.4,,explicit
spatial,scene_0009,referential,text_only,sketchvla_prompt_conditioned_latent_action,blank,5,False,,240,False,False,,True,True,True,akita_black_bowl_1,False,,False,0.0998,,,,,,,,2ab3a665f4a9fe53,9ebb7d073adfbbcd,3a8cc91830577ae2,48,876.1,,explicit
spatial,scene_0009,referential,text_only,sketchvla_prompt_conditioned_latent_action,blank,6,False,,240,False,False,,True,True,True,plate_1,False,plate_1,True,0.0,,,,,,,,2ab3a665f4a9fe53,462caecd09cf3547,4b6769d232563c01,48,890.3,,explicit
spatial,scene_0009,referential,text_only,sketchvla_prompt_conditioned_latent_action,blank,7,False,,240,False,False,,True,False,False,,False,,False,0.2618,,,,,,,,2ab3a665f4a9fe53,724e6abc0ac365ad,f8f88ad745c4a683,48,893.3,,explicit
spatial,scene_0009,referential,text_only,sketchvla_prompt_conditioned_latent_action,blank,8,False,,240,False,False,,True,False,False,,False,,False,0.2658,,,,,,,,2ab3a665f4a9fe53,1fdf7de8467e224f,2b4aef0a6cc9e339,48,923.6,,explicit
spatial,scene_0009,referential,text_only,sketchvla_prompt_conditioned_latent_action,blank,9,False,,240,False,False,,True,False,False,,False,,False,0.2564,,,,,,,,2ab3a665f4a9fe53,e3dc29a1b00867d2,dacddb7e262e0004,48,871.0,,explicit
spatial,scene_0009,referential,text_only,sketchvla_prompt_conditioned_latent_action,blank,10,False,,240,False,False,,True,True,True,plate_1,False,plate_1,True,0.0,,,,,,,,2ab3a665f4a9fe53,a9877fc969232d95,89dfd2f9d39c17b0,48,881.8,,explicit
spatial,scene_0009,referential,text_only,sketchvla_prompt_conditioned_latent_action,blank,11,False,,240,False,False,,True,True,True,akita_black_bowl_1,False,,False,0.0998,,,,,,,,2ab3a665f4a9fe53,f01c246f7b284719,5eb6837c8047e41b,48,859.9,,explicit
spatial,scene_0009,referential,text_only,sketchvla_prompt_conditioned_latent_action,blank,12,False,,240,False,False,,True,False,False,,False,,False,0.2363,,,,,,,,2ab3a665f4a9fe53,9fe5017170d839aa,b2096c30b6a014bc,48,863.8,,explicit
spatial,scene_0009,referential,text_only,sketchvla_prompt_conditioned_latent_action,blank,13,False,,240,False,False,,True,True,True,akita_black_bowl_1,False,,False,0.0996,,,,,,,,2ab3a665f4a9fe53,2b640af1e79edd8f,02ff749f2fde413c,48,896.4,,explicit
spatial,scene_0010,referential,text_only,sketchvla_prompt_conditioned_latent_action,blank,0,False,,240,False,False,,True,True,True,akita_black_bowl_1,False,,False,0.2185,,,,,,,,da9b7cfe6a551244,32a381815a164e49,29093f87e230684f,48,1213.6,,explicit
spatial,scene_0010,referential,text_only,sketchvla_prompt_conditioned_latent_action,blank,1,False,,240,False,False,,True,True,True,akita_black_bowl_1,False,,False,0.2131,,,,,,,,da9b7cfe6a551244,a9864b49bc71356d,1f5e6b6023305743,48,893.0,,explicit
spatial,scene_0010,referential,text_only,sketchvla_prompt_conditioned_latent_action,blank,2,False,,240,False,False,,True,True,True,akita_black_bowl_1,False,,False,0.276,,,,,,,,da9b7cfe6a551244,b988d208d4da0693,06fd87360f3a07c3,48,915.5,,explicit
spatial,scene_0010,referential,text_only,sketchvla_prompt_conditioned_latent_action,blank,3,False,,240,False,False,,True,True,True,akita_black_bowl_1,False,,False,0.2046,,,,,,,,da9b7cfe6a551244,8c97f0180e6e43f2,f651d9d5d960baaa,48,877.8,,explicit
spatial,scene_0010,referential,text_only,sketchvla_prompt_conditioned_latent_action,blank,4,False,,240,False,False,,True,True,True,akita_black_bowl_1,False,,False,0.214,,,,,,,,da9b7cfe6a551244,0048c7c06a841c36,fa322173cca13ac6,48,857.9,,explicit
spatial,scene_0010,referential,text_only,sketchvla_prompt_conditioned_latent_action,blank,5,False,,240,False,False,,True,True,True,akita_black_bowl_1,False,,False,0.2124,,,,,,,,da9b7cfe6a551244,090aaad8cc23e2e0,4e959ea07207b739,48,881.0,,explicit
spatial,scene_0010,referential,text_only,sketchvla_prompt_conditioned_latent_action,blank,6,False,,240,False,False,,True,True,True,akita_black_bowl_1,False,,False,0.2281,,,,,,,,da9b7cfe6a551244,00a5eb673780bfa0,d12106bf1807ed71,48,838.5,,explicit
spatial,scene_0010,referential,text_only,sketchvla_prompt_conditioned_latent_action,blank,7,False,,240,False,False,,True,True,True,akita_black_bowl_1,False,,False,0.222,,,,,,,,da9b7cfe6a551244,2f70cd6f8df35a4e,2504624c17e96fb8,48,886.4,,explicit
spatial,scene_0010,referential,text_only,sketchvla_prompt_conditioned_latent_action,blank,8,False,,240,False,False,,True,True,True,akita_black_bowl_1,False,,False,0.2736,,,,,,,,da9b7cfe6a551244,dd5397705f157652,08b51953f6676f1c,48,926.8,,explicit
spatial,scene_0010,referential,text_only,sketchvla_prompt_conditioned_latent_action,blank,9,False,,240,False,False,,True,True,True,akita_black_bowl_1,False,,False,0.1828,,,,,,,,da9b7cfe6a551244,39c221a87f7a9faa,27a31891b5fec5b2,48,864.1,,explicit
spatial,scene_0010,referential,text_only,sketchvla_prompt_conditioned_latent_action,blank,10,False,,240,False,False,,True,True,True,akita_black_bowl_1,False,,False,0.2778,,,,,,,,da9b7cfe6a551244,5d4e582509d7e889,3a864e6c095bed49,48,951.6,,explicit
spatial,scene_0010,referential,text_only,sketchvla_prompt_conditioned_latent_action,blank,11,False,,240,False,False,,True,True,True,akita_black_bowl_1,False,,False,0.261,,,,,,,,da9b7cfe6a551244,310e9fb7cb741927,4115913af63ed181,48,858.6,,explicit
spatial,scene_0010,referential,text_only,sketchvla_prompt_conditioned_latent_action,blank,12,False,,240,False,False,,True,True,True,akita_black_bowl_1,False,,False,0.2064,,,,,,,,da9b7cfe6a551244,92591c7b882ef49c,15687654b48b1d77,48,869.7,,explicit
spatial,scene_0010,referential,text_only,sketchvla_prompt_conditioned_latent_action,blank,13,False,,240,False,False,,True,True,True,akita_black_bowl_1,False,,False,0.2056,,,,,,,,da9b7cfe6a551244,e0ab6619304bcdd2,43521b5e140d1a55,48,886.7,,explicit
spatial,scene_0011,referential,text_only,sketchvla_prompt_conditioned_latent_action,blank,0,False,,240,False,False,,True,False,False,,False,,False,0.2948,,,,,,,,f8634dbe1cf1c475,2708f18322683c06,f500d7cd84575352,48,1157.4,,explicit
spatial,scene_0011,referential,text_only,sketchvla_prompt_conditioned_latent_action,blank,1,False,,240,False,False,,True,False,False,,False,,False,0.3124,,,,,,,,f8634dbe1cf1c475,2b1232701d8ada6c,7a9ba170b495bbd0,48,876.4,,explicit
spatial,scene_0011,referential,text_only,sketchvla_prompt_conditioned_latent_action,blank,2,False,,240,False,False,,True,False,False,,False,,False,0.3177,,,,,,,,f8634dbe1cf1c475,1ae09d8c1e8e91aa,93826a8637ce6937,48,899.3,,explicit
spatial,scene_0011,referential,text_only,sketchvla_prompt_conditioned_latent_action,blank,3,False,,240,False,False,,True,False,False,,False,,False,0.2936,,,,,,,,f8634dbe1cf1c475,84952dfff467c9ce,6f19110c17d91af5,48,874.4,,explicit
spatial,scene_0011,referential,text_only,sketchvla_prompt_conditioned_latent_action,blank,4,False,,240,False,False,,True,False,False,,False,,False,0.2943,,,,,,,,f8634dbe1cf1c475,3deda25879659cb5,362dfe1a741a9584,48,840.4,,explicit
spatial,scene_0011,referential,text_only,sketchvla_prompt_conditioned_latent_action,blank,5,False,,240,False,False,,True,False,False,,False,,False,0.2941,,,,,,,,f8634dbe1cf1c475,6330fd46d3c9a76b,55fee832fa171418,48,872.0,,explicit
spatial,scene_0011,referential,text_only,sketchvla_prompt_conditioned_latent_action,blank,6,False,,240,False,False,,True,False,False,,False,,False,0.2939,,,,,,,,f8634dbe1cf1c475,267df3d71e979239,3debc8db4bbd2df8,48,840.4,,explicit
spatial,scene_0011,referential,text_only,sketchvla_prompt_conditioned_latent_action,blank,7,False,,240,False,False,,True,False,False,,False,,False,0.3016,,,,,,,,f8634dbe1cf1c475,c9d1bb507210480a,9c28d67362a80667,48,874.5,,explicit
spatial,scene_0011,referential,text_only,sketchvla_prompt_conditioned_latent_action,blank,8,False,,240,False,False,,True,False,False,,False,,False,0.2946,,,,,,,,f8634dbe1cf1c475,82a7a920706a2b9f,5d671414b3d9c4cc,48,906.1,,explicit
spatial,scene_0011,referential,text_only,sketchvla_prompt_conditioned_latent_action,blank,9,False,,240,False,False,,True,False,False,,False,,False,0.2939,,,,,,,,f8634dbe1cf1c475,b90fa12166a39a9a,ed90929173ea0d6e,48,862.1,,explicit
spatial,scene_0011,referential,text_only,sketchvla_prompt_conditioned_latent_action,blank,10,False,,240,False,False,,True,False,False,,False,,False,0.294,,,,,,,,f8634dbe1cf1c475,8c3750d9a1df2cb4,d907eba5c1dd73e5,48,934.2,,explicit
spatial,scene_0011,referential,text_only,sketchvla_prompt_conditioned_latent_action,blank,11,False,,240,False,False,,True,False,False,,False,,False,0.2944,,,,,,,,f8634dbe1cf1c475,670c42fa0d16ad04,f1b89a6ba3b5cc51,48,851.1,,explicit
spatial,scene_0011,referential,text_only,sketchvla_prompt_conditioned_latent_action,blank,12,False,,240,False,False,,True,False,False,,False,,False,0.2968,,,,,,,,f8634dbe1cf1c475,45cb503f5162b6b2,d99fefc6dec4641e,48,859.9,,explicit
spatial,scene_0011,referential,text_only,sketchvla_prompt_conditioned_latent_action,blank,13,False,,240,False,False,,True,False,False,,False,,False,0.295,,,,,,,,f8634dbe1cf1c475,a62ebaa1667c0737,41eb5d7d9f580022,48,870.3,,explicit
spatial,scene_0012,referential,text_only,sketchvla_prompt_conditioned_latent_action,blank,0,False,,240,False,False,,True,False,False,,False,,False,0.124,,,,,,,,82492353d93beba8,b38b48c5c4a904ef,4f974147d3089524,48,841.7,,explicit
spatial,scene_0012,referential,text_only,sketchvla_prompt_conditioned_latent_action,blank,1,False,,240,False,False,,True,True,True,akita_black_bowl_2,False,,False,0.1505,,,,,,,,82492353d93beba8,a581f19022e73827,9cc4da4dd03aa278,48,479.2,,explicit
spatial,scene_0012,referential,text_only,sketchvla_prompt_conditioned_latent_action,blank,2,False,,240,False,False,,True,True,True,akita_black_bowl_2,False,,False,0.2405,,,,,,,,82492353d93beba8,2975c056d1c36e1f,915ecb7f3de4e024,48,502.8,,explicit
spatial,scene_0012,referential,text_only,sketchvla_prompt_conditioned_latent_action,blank,3,False,,240,False,False,,True,True,True,akita_black_bowl_2,False,,False,0.1718,,,,,,,,82492353d93beba8,2b3691ecac0cf06e,3cc8103fa6fc4fd3,48,476.2,,explicit
spatial,scene_0012,referential,text_only,sketchvla_prompt_conditioned_latent_action,blank,4,False,,240,False,False,,True,False,False,,False,,False,0.124,,,,,,,,82492353d93beba8,0f37ec346e722ff4,88381f313d324dfe,48,487.2,,explicit
spatial,scene_0012,referential,text_only,sketchvla_prompt_conditioned_latent_action,blank,5,False,,240,False,False,,True,True,True,akita_black_bowl_2,False,,False,0.2204,,,,,,,,82492353d93beba8,b3687bf17cdde94f,deca13c4012c6121,48,507.8,,explicit
spatial,scene_0012,referential,text_only,sketchvla_prompt_conditioned_latent_action,blank,6,False,,240,False,False,,True,True,True,akita_black_bowl_2,False,,False,0.2201,,,,,,,,82492353d93beba8,bdac0065ee887e5a,ca261a7a0cc33141,48,508.1,,explicit
spatial,scene_0012,referential,text_only,sketchvla_prompt_conditioned_latent_action,blank,7,False,,240,False,False,,True,False,False,,False,,False,0.124,,,,,,,,82492353d93beba8,c6a0ed78c31bed58,fdecf134a90eb510,48,491.5,,explicit
spatial,scene_0012,referential,text_only,sketchvla_prompt_conditioned_latent_action,blank,8,False,,240,False,False,,True,False,False,,False,,False,0.124,,,,,,,,82492353d93beba8,1deeb42135a6074b,d6c2180b52ea1642,48,473.5,,explicit
spatial,scene_0012,referential,text_only,sketchvla_prompt_conditioned_latent_action,blank,9,False,,240,False,False,,True,False,False,,False,,False,0.124,,,,,,,,82492353d93beba8,5de2489625b3825a,750ef6c167c3175e,48,492.2,,explicit
spatial,scene_0012,referential,text_only,sketchvla_prompt_conditioned_latent_action,blank,10,False,,240,False,False,,True,True,True,akita_black_bowl_2,False,,False,0.1721,,,,,,,,82492353d93beba8,88f084bd66f157ce,9a9afaaab88e8336,48,485.1,,explicit
spatial,scene_0012,referential,text_only,sketchvla_prompt_conditioned_latent_action,blank,11,False,,240,False,False,,True,True,True,akita_black_bowl_2,False,,False,0.1638,,,,,,,,82492353d93beba8,ea9a7f6cdfcc9d46,df22d0adf815a0ca,48,508.4,,explicit
spatial,scene_0012,referential,text_only,sketchvla_prompt_conditioned_latent_action,blank,12,False,,240,False,False,,True,False,False,,False,,False,0.124,,,,,,,,82492353d93beba8,4f55a66f49b78d8a,d83000e23fd8db40,48,507.8,,explicit
spatial,scene_0012,referential,text_only,sketchvla_prompt_conditioned_latent_action,blank,13,False,,240,False,False,,True,False,False,,False,,False,0.124,,,,,,,,82492353d93beba8,80889f3bc970ac6a,53f4f69966fe9aeb,48,508.0,,explicit
spatial,scene_0013,referential,text_only,sketchvla_prompt_conditioned_latent_action,blank,0,False,,240,False,False,,True,False,False,,False,,False,0.1517,,,,,,,,044dbe92450117a9,db9612eb05e0506c,c4620a7a6cded7bd,48,1189.1,,explicit
spatial,scene_0013,referential,text_only,sketchvla_prompt_conditioned_latent_action,blank,1,False,,240,False,False,,True,False,False,,False,,False,0.1497,,,,,,,,044dbe92450117a9,b14fd6ec6b77bf7c,9ed139c2e1680c97,48,881.2,,explicit
spatial,scene_0013,referential,text_only,sketchvla_prompt_conditioned_latent_action,blank,2,False,,240,False,False,,True,False,False,,False,,False,0.1408,,,,,,,,044dbe92450117a9,6b98df94859390fe,26b1cfe33bfe4bbf,48,884.9,,explicit
spatial,scene_0013,referential,text_only,sketchvla_prompt_conditioned_latent_action,blank,3,False,,240,False,False,,True,False,False,,False,,False,0.1476,,,,,,,,044dbe92450117a9,15d760abae58a3df,4cd14877b6af2366,48,821.1,,explicit
spatial,scene_0013,referential,text_only,sketchvla_prompt_conditioned_latent_action,blank,4,False,,240,False,False,,True,False,False,,False,,False,0.1483,,,,,,,,044dbe92450117a9,291bccd5e2e028df,877a5108dae88d60,48,831.5,,explicit
spatial,scene_0013,referential,text_only,sketchvla_prompt_conditioned_latent_action,blank,5,False,,240,False,False,,True,False,False,,False,,False,0.1606,,,,,,,,044dbe92450117a9,5ccbb71bfa150de3,272d9c15df598165,48,848.1,,explicit
spatial,scene_0013,referential,text_only,sketchvla_prompt_conditioned_latent_action,blank,6,False,,240,False,False,,True,False,False,,False,,False,0.1508,,,,,,,,044dbe92450117a9,26d613081c0ccdb5,7f3cc83d99fa4e07,48,834.5,,explicit
spatial,scene_0013,referential,text_only,sketchvla_prompt_conditioned_latent_action,blank,7,False,,240,False,False,,True,False,False,,False,,False,0.1523,,,,,,,,044dbe92450117a9,ff615fea794b1e8a,6f15d19c693b73ef,48,833.6,,explicit
spatial,scene_0013,referential,text_only,sketchvla_prompt_conditioned_latent_action,blank,8,False,,240,False,False,,True,False,False,,False,,False,0.1535,,,,,,,,044dbe92450117a9,ae9800da74fad13f,af20b6aa6c7d441b,48,862.3,,explicit
spatial,scene_0013,referential,text_only,sketchvla_prompt_conditioned_latent_action,blank,9,False,,240,False,False,,True,False,False,,False,,False,0.151,,,,,,,,044dbe92450117a9,ebc9f13ebab77d1f,93dc3b76485f79bc,48,872.8,,explicit
spatial,scene_0013,referential,text_only,sketchvla_prompt_conditioned_latent_action,blank,10,False,,240,False,False,,True,False,False,,False,,False,0.1517,,,,,,,,044dbe92450117a9,f4f04a847c2af83b,8b9feb1c2118c883,48,925.6,,explicit
spatial,scene_0013,referential,text_only,sketchvla_prompt_conditioned_latent_action,blank,11,False,,240,False,False,,True,False,False,,False,,False,0.1437,,,,,,,,044dbe92450117a9,13d7ebddd3d1ced0,4b37987291d6e936,48,902.4,,explicit
spatial,scene_0013,referential,text_only,sketchvla_prompt_conditioned_latent_action,blank,12,False,,240,False,False,,True,False,False,,False,,False,0.1532,,,,,,,,044dbe92450117a9,ff98f4a7aa0b2265,ac0b986aac01c232,48,854.2,,explicit
spatial,scene_0013,referential,text_only,sketchvla_prompt_conditioned_latent_action,blank,13,False,,240,False,False,,True,False,False,,False,,False,0.1633,,,,,,,,044dbe92450117a9,080664ff4dabd975,250d7f14ca3f6ee6,48,854.2,,explicit
spatial,scene_0014,referential,text_only,sketchvla_prompt_conditioned_latent_action,blank,0,False,,240,False,False,,True,True,True,akita_black_bowl_1,False,plate_1,True,0.0638,,,,,,,,6dcf92f4c3f012da,402d369b9b73b069,35f8bf881e49d019,48,1124.6,,explicit
spatial,scene_0014,referential,text_only,sketchvla_prompt_conditioned_latent_action,blank,1,False,,240,False,False,,True,True,True,akita_black_bowl_1,False,plate_1,True,0.0769,,,,,,,,6dcf92f4c3f012da,9cb6dc8f8983f4c8,c1220c73c85abf0e,48,856.1,,explicit
spatial,scene_0014,referential,text_only,sketchvla_prompt_conditioned_latent_action,blank,2,False,,240,False,False,,True,True,True,akita_black_bowl_1,False,,False,0.0828,,,,,,,,6dcf92f4c3f012da,8baf4a9ff8aafa2e,1430b9c84ad4cbde,48,854.5,,explicit
spatial,scene_0014,referential,text_only,sketchvla_prompt_conditioned_latent_action,blank,3,False,,240,False,False,,True,True,True,akita_black_bowl_1,False,,False,0.0996,,,,,,,,6dcf92f4c3f012da,0582a2374e5e6123,899f7ce5226f5578,48,789.3,,explicit
spatial,scene_0014,referential,text_only,sketchvla_prompt_conditioned_latent_action,blank,4,False,,240,False,False,,True,True,True,akita_black_bowl_1,False,plate_1,True,0.0692,,,,,,,,6dcf92f4c3f012da,c2c75d3a70550542,d6b26897321c1fa0,48,810.1,,explicit
spatial,scene_0014,referential,text_only,sketchvla_prompt_conditioned_latent_action,blank,5,False,,240,False,False,,True,True,True,akita_black_bowl_1,False,plate_1,True,0.0543,,,,,,,,6dcf92f4c3f012da,00120b50914247aa,1a319c1366b748ca,48,823.0,,explicit
spatial,scene_0014,referential,text_only,sketchvla_prompt_conditioned_latent_action,blank,6,False,,240,False,False,,True,True,True,akita_black_bowl_1,False,,False,0.0811,,,,,,,,6dcf92f4c3f012da,d7ef83ef957fe3eb,2846db6724755008,48,802.0,,explicit
spatial,scene_0014,referential,text_only,sketchvla_prompt_conditioned_latent_action,blank,7,False,,240,False,False,,True,True,True,akita_black_bowl_1,False,,False,0.0891,,,,,,,,6dcf92f4c3f012da,e55e9457b784629b,e66e0be8417f6075,48,806.7,,explicit
spatial,scene_0014,referential,text_only,sketchvla_prompt_conditioned_latent_action,blank,8,False,,240,False,False,,True,True,True,akita_black_bowl_1,False,plate_1,True,0.0693,,,,,,,,6dcf92f4c3f012da,751349c4fa1a435e,c51d25fe7841377f,48,841.2,,explicit
spatial,scene_0014,referential,text_only,sketchvla_prompt_conditioned_latent_action,blank,9,False,,240,False,False,,True,True,True,akita_black_bowl_1,False,plate_1,True,0.07,,,,,,,,6dcf92f4c3f012da,fee23b43c900ae43,d22a2c52f185c0a4,48,843.3,,explicit
spatial,scene_0014,referential,text_only,sketchvla_prompt_conditioned_latent_action,blank,10,False,,240,False,False,,True,True,True,akita_black_bowl_1,False,,False,0.111,,,,,,,,6dcf92f4c3f012da,83626582a9fe42c5,278a163c21464b5d,48,895.2,,explicit
spatial,scene_0014,referential,text_only,sketchvla_prompt_conditioned_latent_action,blank,11,False,,240,False,False,,True,True,True,akita_black_bowl_1,False,plate_1,True,0.069,,,,,,,,6dcf92f4c3f012da,a3ef7abc35071b9e,f28b56f7645a655f,48,876.2,,explicit
spatial,scene_0014,referential,text_only,sketchvla_prompt_conditioned_latent_action,blank,12,False,,240,False,False,,True,True,True,akita_black_bowl_1,False,plate_1,True,0.0785,,,,,,,,6dcf92f4c3f012da,a8039d961173fe36,457f4240e72fb45a,48,827.9,,explicit
spatial,scene_0014,referential,text_only,sketchvla_prompt_conditioned_latent_action,blank,13,False,,240,False,False,,True,True,True,akita_black_bowl_1,False,plate_1,True,0.0762,,,,,,,,6dcf92f4c3f012da,d78dfd2d0a7ffc26,8340bf7f4ecf64ac,48,822.9,,explicit
spatial,scene_0015,referential,text_only,sketchvla_prompt_conditioned_latent_action,blank,0,False,,240,False,False,,True,False,False,,False,,False,0.1667,,,,,,,,847d955ddcd8b335,8ef5084d77bb0026,b877578b590d4320,48,845.0,,explicit
spatial,scene_0015,referential,text_only,sketchvla_prompt_conditioned_latent_action,blank,1,False,,240,False,False,,True,False,False,,False,,False,0.1667,,,,,,,,847d955ddcd8b335,b808b1c935f16c81,9df7a21a81f43e76,48,501.4,,explicit
spatial,scene_0015,referential,text_only,sketchvla_prompt_conditioned_latent_action,blank,2,False,,240,False,False,,True,False,False,,False,,False,0.1667,,,,,,,,847d955ddcd8b335,a9353a058ce7d2c2,fddd014e9428c641,48,501.2,,explicit
spatial,scene_0015,referential,text_only,sketchvla_prompt_conditioned_latent_action,blank,3,False,,240,False,False,,True,True,True,akita_black_bowl_3,False,,False,0.3052,,,,,,,,847d955ddcd8b335,27f563be55c8db35,01ab737b15891db5,48,517.1,,explicit
spatial,scene_0015,referential,text_only,sketchvla_prompt_conditioned_latent_action,blank,4,False,,240,False,False,,True,True,True,akita_black_bowl_3,False,,False,0.2919,,,,,,,,847d955ddcd8b335,b5d2ec7af225a8f2,b8018d1112bfa59e,48,491.3,,explicit
spatial,scene_0015,referential,text_only,sketchvla_prompt_conditioned_latent_action,blank,5,False,,240,False,False,,True,False,False,,False,,False,0.1667,,,,,,,,847d955ddcd8b335,cca55c9237efad3d,a09c8d4a60a9f3ec,48,510.9,,explicit
spatial,scene_0015,referential,text_only,sketchvla_prompt_conditioned_latent_action,blank,6,False,,240,False,False,,True,True,True,akita_black_bowl_3,False,,False,0.3005,,,,,,,,847d955ddcd8b335,a5e52f45532cc725,bb862e868fc4bc43,48,494.1,,explicit
spatial,scene_0015,referential,text_only,sketchvla_prompt_conditioned_latent_action,blank,7,False,,240,False,False,,True,False,False,,False,,False,0.1667,,,,,,,,847d955ddcd8b335,19dff540b22c8b44,cd62f845f32c2aaa,48,492.5,,explicit
spatial,scene_0015,referential,text_only,sketchvla_prompt_conditioned_latent_action,blank,8,False,,240,False,False,,True,True,True,akita_black_bowl_3,False,,False,0.2898,,,,,,,,847d955ddcd8b335,37bb7d59c2aba924,c4b1702fb873d276,48,469.0,,explicit
spatial,scene_0015,referential,text_only,sketchvla_prompt_conditioned_latent_action,blank,9,False,,240,False,False,,True,True,True,akita_black_bowl_3,False,,False,0.2922,,,,,,,,847d955ddcd8b335,988a20d92f69d6bc,6122491167a16c25,48,509.3,,explicit
spatial,scene_0015,referential,text_only,sketchvla_prompt_conditioned_latent_action,blank,10,False,,240,False,False,,True,True,True,akita_black_bowl_3,False,,False,0.3013,,,,,,,,847d955ddcd8b335,ebd57220475d8e48,73d8b3eff75dff37,48,496.0,,explicit
spatial,scene_0015,referential,text_only,sketchvla_prompt_conditioned_latent_action,blank,11,False,,240,False,False,,True,True,True,akita_black_bowl_3,False,,False,0.3147,,,,,,,,847d955ddcd8b335,d740198e96af98aa,efa7d4d65855abff,48,502.7,,explicit
spatial,scene_0015,referential,text_only,sketchvla_prompt_conditioned_latent_action,blank,12,False,,240,False,False,,True,True,True,akita_black_bowl_3,False,,False,0.2916,,,,,,,,847d955ddcd8b335,5daf0fe7c244576e,def045f4d8976ea4,48,500.9,,explicit
spatial,scene_0015,referential,text_only,sketchvla_prompt_conditioned_latent_action,blank,13,False,,240,False,False,,True,True,True,akita_black_bowl_3,False,,False,0.3081,,,,,,,,847d955ddcd8b335,f7a76e41c1c20a90,bf0e2f3b3c801199,48,506.0,,explicit
spatial,scene_0016,referential,text_only,sketchvla_prompt_conditioned_latent_action,blank,0,False,,240,False,False,,True,False,False,,False,,False,0.2306,,,,,,,,41430078024def33,84685b892179f63d,0bf1ac749b1b1eb5,48,1133.6,,explicit
spatial,scene_0016,referential,text_only,sketchvla_prompt_conditioned_latent_action,blank,1,False,,240,False,False,,True,False,False,,False,,False,0.2304,,,,,,,,41430078024def33,1bac26589e0b0ff3,8f30b3dd5037bc04,48,807.2,,explicit
spatial,scene_0016,referential,text_only,sketchvla_prompt_conditioned_latent_action,blank,2,False,,240,False,False,,True,False,False,,False,,False,0.2096,,,,,,,,41430078024def33,6f85366f1734e83c,35580e63a2388cd6,48,809.2,,explicit
spatial,scene_0016,referential,text_only,sketchvla_prompt_conditioned_latent_action,blank,3,False,,240,False,False,,True,False,False,,False,,False,0.237,,,,,,,,41430078024def33,946eb37b130ad3fe,c5ce5efb363d8e78,48,820.1,,explicit
spatial,scene_0016,referential,text_only,sketchvla_prompt_conditioned_latent_action,blank,4,False,,240,False,False,,True,False,False,,False,,False,0.2343,,,,,,,,41430078024def33,d564ca166faf1da3,a5865ae1e7e14985,48,799.6,,explicit
spatial,scene_0016,referential,text_only,sketchvla_prompt_conditioned_latent_action,blank,5,False,,240,False,False,,True,False,False,,False,,False,0.2371,,,,,,,,41430078024def33,e4c6c6cad7ee618f,11e239455a35053f,48,799.7,,explicit
spatial,scene_0016,referential,text_only,sketchvla_prompt_conditioned_latent_action,blank,6,False,,240,False,False,,True,False,False,,False,,False,0.227,,,,,,,,41430078024def33,584addee47501165,566b10abb7cfec94,48,787.1,,explicit
spatial,scene_0016,referential,text_only,sketchvla_prompt_conditioned_latent_action,blank,7,False,,240,False,False,,True,False,False,,False,,False,0.228,,,,,,,,41430078024def33,8877d5d03221dd95,d98db607aa593f4d,48,815.7,,explicit
spatial,scene_0016,referential,text_only,sketchvla_prompt_conditioned_latent_action,blank,8,False,,240,False,False,,True,False,False,,False,,False,0.232,,,,,,,,41430078024def33,d0477ebbf29c3e80,14a8e29d435355f2,48,824.8,,explicit
spatial,scene_0016,referential,text_only,sketchvla_prompt_conditioned_latent_action,blank,9,False,,240,False,False,,True,False,False,,False,,False,0.2365,,,,,,,,41430078024def33,07997a7c50017885,8c5e7199f387b01c,48,809.8,,explicit
spatial,scene_0016,referential,text_only,sketchvla_prompt_conditioned_latent_action,blank,10,False,,240,False,False,,True,False,False,,False,,False,0.2379,,,,,,,,41430078024def33,3fd331e47ee829bd,a9f70513c1dc76e7,48,842.3,,explicit
spatial,scene_0016,referential,text_only,sketchvla_prompt_conditioned_latent_action,blank,11,False,,240,False,False,,True,False,False,,False,,False,0.2358,,,,,,,,41430078024def33,8fc08baec55496f3,7a3c0077dff559fd,48,793.7,,explicit
spatial,scene_0016,referential,text_only,sketchvla_prompt_conditioned_latent_action,blank,12,False,,240,False,False,,True,False,False,,False,,False,0.2354,,,,,,,,41430078024def33,ca0be03b34aff9ab,b8ac0e3afd2e5c88,48,823.3,,explicit
spatial,scene_0016,referential,text_only,sketchvla_prompt_conditioned_latent_action,blank,13,False,,240,False,False,,True,True,True,akita_black_bowl_4,False,,False,0.0974,,,,,,,,41430078024def33,1c27a3de504bd7cf,cb7f3d2403df1314,48,841.2,,explicit
spatial,scene_0017,directional,text_only,sketchvla_prompt_conditioned_latent_action,blank,0,False,,240,False,False,,True,False,False,,False,,False,0.2506,,,,,,,,42632e6e82720c09,96421454216746fb,7381c38892752790,48,1214.8,,explicit
spatial,scene_0017,directional,text_only,sketchvla_prompt_conditioned_latent_action,blank,1,False,,240,False,False,,True,True,True,plate_2,False,plate_2,False,0.0,,,,,,,,42632e6e82720c09,8596f35c6c56aa8d,2e046371987c76fc,48,874.8,,explicit
spatial,scene_0017,directional,text_only,sketchvla_prompt_conditioned_latent_action,blank,2,False,,240,False,False,,True,False,False,,False,,False,0.2517,,,,,,,,42632e6e82720c09,8c60625b32536229,2347def89cbc099b,48,870.9,,explicit
spatial,scene_0017,directional,text_only,sketchvla_prompt_conditioned_latent_action,blank,3,False,,240,False,False,,True,False,False,,False,,False,0.2531,,,,,,,,42632e6e82720c09,8f672e6e08760310,6a7dc11f75371341,48,897.4,,explicit
spatial,scene_0017,directional,text_only,sketchvla_prompt_conditioned_latent_action,blank,4,False,,240,False,False,,True,True,True,plate_2,False,plate_2,False,0.0,,,,,,,,42632e6e82720c09,7806359e08a9f80e,eb015d187bef4680,48,861.6,,explicit
spatial,scene_0017,directional,text_only,sketchvla_prompt_conditioned_latent_action,blank,5,False,,240,False,False,,True,True,True,plate_2,False,plate_2,False,0.0,,,,,,,,42632e6e82720c09,0748126ba7295bf0,4c8d1783d14a8565,48,872.7,,explicit
spatial,scene_0017,directional,text_only,sketchvla_prompt_conditioned_latent_action,blank,6,False,,240,False,False,,True,False,False,,False,,False,0.2476,,,,,,,,42632e6e82720c09,c96913c9e8118c29,b3ed805325521d2f,48,856.4,,explicit
spatial,scene_0017,directional,text_only,sketchvla_prompt_conditioned_latent_action,blank,7,False,,240,False,False,,True,False,False,,False,,False,0.2527,,,,,,,,42632e6e82720c09,4448037be05f93d8,8b57ce1d3fb20948,48,880.5,,explicit
spatial,scene_0017,directional,text_only,sketchvla_prompt_conditioned_latent_action,blank,8,False,,240,False,False,,True,False,False,,False,,False,0.2527,,,,,,,,42632e6e82720c09,6fe4c9b4a32eea3f,df065c2b1a3a86e0,48,895.0,,explicit
spatial,scene_0017,directional,text_only,sketchvla_prompt_conditioned_latent_action,blank,9,False,,240,False,False,,True,False,False,,False,,False,0.2527,,,,,,,,42632e6e82720c09,9e63f3e19f2fa61e,1f5710689c13b7c1,48,882.5,,explicit
spatial,scene_0017,directional,text_only,sketchvla_prompt_conditioned_latent_action,blank,10,False,,240,False,False,,True,False,False,,False,,False,0.2491,,,,,,,,42632e6e82720c09,57b8b8aad6867e35,82012af079a99592,48,916.1,,explicit
spatial,scene_0017,directional,text_only,sketchvla_prompt_conditioned_latent_action,blank,11,False,,240,False,False,,True,False,False,,False,,False,0.2527,,,,,,,,42632e6e82720c09,281277b75de1c996,956ce627f2b6f495,48,873.1,,explicit
spatial,scene_0017,directional,text_only,sketchvla_prompt_conditioned_latent_action,blank,12,False,,240,False,False,,True,False,False,,False,,False,0.25,,,,,,,,42632e6e82720c09,9c1c20193703101f,d7c8248036da7bcc,48,909.4,,explicit
spatial,scene_0017,directional,text_only,sketchvla_prompt_conditioned_latent_action,blank,13,False,,240,False,False,,True,False,False,,False,,False,0.2521,,,,,,,,42632e6e82720c09,ff6daaeccf670a3c,e17d1caf3d473f5d,48,910.1,,explicit
spatial,scene_0018,directional,text_only,sketchvla_prompt_conditioned_latent_action,blank,0,False,,240,False,False,,True,False,False,,False,,False,0.1879,,,,,,,,90048b4ce266733f,f22c8005df679751,c4103620f0022c13,48,856.1,,explicit
spatial,scene_0018,directional,text_only,sketchvla_prompt_conditioned_latent_action,blank,1,False,,240,False,False,,True,True,True,akita_black_bowl_1,True,,False,0.0874,,,,,,,,90048b4ce266733f,0f95509fcf589636,ff452dcc9b38adc7,48,508.2,,explicit
spatial,scene_0018,directional,text_only,sketchvla_prompt_conditioned_latent_action,blank,2,False,,240,False,False,,True,True,True,akita_black_bowl_1,True,plate_1,True,0.0773,,,,,,,,90048b4ce266733f,96894a0928d90213,c0baa33d2f34738f,48,509.0,,explicit
spatial,scene_0018,directional,text_only,sketchvla_prompt_conditioned_latent_action,blank,3,False,,240,False,False,,True,True,True,akita_black_bowl_1,True,,False,0.1127,,,,,,,,90048b4ce266733f,972e489d444a877a,d52910e390de97f8,48,531.5,,explicit
spatial,scene_0018,directional,text_only,sketchvla_prompt_conditioned_latent_action,blank,4,False,,240,False,False,,True,True,True,akita_black_bowl_1,True,,False,0.1123,,,,,,,,90048b4ce266733f,74cdccfa50e6aae2,ab4b512a34b99f6f,48,508.5,,explicit
spatial,scene_0018,directional,text_only,sketchvla_prompt_conditioned_latent_action,blank,5,False,,240,False,False,,True,False,False,,False,,False,0.1642,,,,,,,,90048b4ce266733f,ad7ba781de445248,ed6da064f3415409,48,516.8,,explicit
spatial,scene_0018,directional,text_only,sketchvla_prompt_conditioned_latent_action,blank,6,False,,240,False,False,,True,True,True,akita_black_bowl_1,True,plate_1,True,0.0734,,,,,,,,90048b4ce266733f,b557dd76b62d03cf,7cad607604afa181,48,496.2,,explicit
spatial,scene_0018,directional,text_only,sketchvla_prompt_conditioned_latent_action,blank,7,False,,240,False,False,,True,True,True,akita_black_bowl_1,True,,False,0.1425,,,,,,,,90048b4ce266733f,c29eb64b52c5b7cc,1dcd6f6de2264603,48,494.0,,explicit
spatial,scene_0018,directional,text_only,sketchvla_prompt_conditioned_latent_action,blank,8,False,,240,False,False,,True,False,False,,False,,False,0.1814,,,,,,,,90048b4ce266733f,f4ba3cd455104959,673a97efa06f1e01,48,488.7,,explicit
spatial,scene_0018,directional,text_only,sketchvla_prompt_conditioned_latent_action,blank,9,False,,240,False,False,,True,False,False,,False,,False,0.1763,,,,,,,,90048b4ce266733f,4b0dd37f06516696,a9823977b8317260,48,473.1,,explicit
spatial,scene_0018,directional,text_only,sketchvla_prompt_conditioned_latent_action,blank,10,False,,240,True,True,211,True,True,True,akita_black_bowl_1,True,plate_1,True,0.0198,,,,,,,,90048b4ce266733f,01a52fb91d085892,160b459a648d810a,48,499.4,,explicit
spatial,scene_0018,directional,text_only,sketchvla_prompt_conditioned_latent_action,blank,11,False,,240,False,False,,True,False,False,,False,,False,0.164,,,,,,,,90048b4ce266733f,9df9461776f8a292,145b10d9bf621aa5,48,521.4,,explicit
spatial,scene_0018,directional,text_only,sketchvla_prompt_conditioned_latent_action,blank,12,False,,240,False,False,,True,False,False,,False,,False,0.168,,,,,,,,90048b4ce266733f,628cd24b8559c47e,81d327891f95ac06,48,487.5,,explicit
spatial,scene_0018,directional,text_only,sketchvla_prompt_conditioned_latent_action,blank,13,False,,240,False,False,,True,True,True,akita_black_bowl_1,True,plate_1,True,0.032,,,,,,,,90048b4ce266733f,41b734f4fb8d2cd1,7525841af56f6f6b,48,520.3,,explicit
spatial,scene_0019,directional,text_only,sketchvla_prompt_conditioned_latent_action,blank,0,False,,240,False,False,,True,True,True,akita_black_bowl_1,True,plate_1,False,0.0721,,,,,,,,747f2caf4a8aa847,9d9a7d1c1488635c,8b39f08ee0a09a8a,48,912.0,,explicit
spatial,scene_0019,directional,text_only,sketchvla_prompt_conditioned_latent_action,blank,1,False,,240,False,False,,True,True,True,akita_black_bowl_1,True,plate_1,False,0.049,,,,,,,,747f2caf4a8aa847,98bcde81a066ac36,f61e2838066d5a47,48,893.3,,explicit
spatial,scene_0019,directional,text_only,sketchvla_prompt_conditioned_latent_action,blank,2,False,,240,False,False,,True,True,True,akita_black_bowl_1,True,plate_1,False,0.0547,,,,,,,,747f2caf4a8aa847,d630bd88378924f4,8db839da5fe9341c,48,873.4,,explicit
spatial,scene_0019,directional,text_only,sketchvla_prompt_conditioned_latent_action,blank,3,False,,240,False,False,,True,True,True,akita_black_bowl_1,True,plate_1,False,0.0514,,,,,,,,747f2caf4a8aa847,170f15c4b9e2ceba,ea9bd27b11edf854,48,891.6,,explicit
spatial,scene_0019,directional,text_only,sketchvla_prompt_conditioned_latent_action,blank,4,False,,240,False,False,,True,True,True,akita_black_bowl_1,True,plate_1,False,0.0772,,,,,,,,747f2caf4a8aa847,18d20c8dc6973a77,af83a7c8ca28f411,48,821.6,,explicit
spatial,scene_0019,directional,text_only,sketchvla_prompt_conditioned_latent_action,blank,5,False,,240,False,False,,True,True,True,akita_black_bowl_1,True,plate_1,False,0.0465,,,,,,,,747f2caf4a8aa847,677b1c508b312611,aa146d9bb1d98169,48,767.0,,explicit
spatial,scene_0019,directional,text_only,sketchvla_prompt_conditioned_latent_action,blank,6,False,,240,False,False,,True,True,True,akita_black_bowl_1,True,,False,0.0808,,,,,,,,747f2caf4a8aa847,611cfaae298181ac,8e366926c04f047f,48,790.3,,explicit
spatial,scene_0019,directional,text_only,sketchvla_prompt_conditioned_latent_action,blank,7,False,,240,False,False,,True,True,True,akita_black_bowl_1,True,plate_1,False,0.0543,,,,,,,,747f2caf4a8aa847,e7fbe8496e70dbbe,43a159bb918f05db,48,860.3,,explicit
spatial,scene_0019,directional,text_only,sketchvla_prompt_conditioned_latent_action,blank,8,False,,240,False,False,,True,True,True,akita_black_bowl_1,True,plate_1,False,0.0439,,,,,,,,747f2caf4a8aa847,3a102db09a747721,76faaac99a15926e,48,866.2,,explicit
spatial,scene_0019,directional,text_only,sketchvla_prompt_conditioned_latent_action,blank,9,False,,240,False,False,,True,True,True,akita_black_bowl_1,True,plate_1,False,0.0595,,,,,,,,747f2caf4a8aa847,bd2497a20d491100,e454a0b20ed3f535,48,856.2,,explicit
spatial,scene_0019,directional,text_only,sketchvla_prompt_conditioned_latent_action,blank,10,False,,240,False,False,,True,True,True,akita_black_bowl_1,True,plate_1,False,0.0366,,,,,,,,747f2caf4a8aa847,9aab5cdf6d638705,0d9a09b93c2ccb37,48,884.7,,explicit
spatial,scene_0019,directional,text_only,sketchvla_prompt_conditioned_latent_action,blank,11,False,,240,False,False,,True,True,True,akita_black_bowl_1,True,plate_1,False,0.0564,,,,,,,,747f2caf4a8aa847,7b1847f93a30d952,76e35d1cf48dd8c8,48,778.1,,explicit
spatial,scene_0019,directional,text_only,sketchvla_prompt_conditioned_latent_action,blank,12,False,,240,False,False,,True,True,True,akita_black_bowl_1,True,plate_1,False,0.0501,,,,,,,,747f2caf4a8aa847,a7b2026803a21f2d,21c2c9cb8ea662b8,48,801.6,,explicit
spatial,scene_0019,directional,text_only,sketchvla_prompt_conditioned_latent_action,blank,13,False,,240,False,False,,True,True,True,akita_black_bowl_1,True,plate_1,False,0.0438,,,,,,,,747f2caf4a8aa847,49f9bb967bbf2b57,6d75fd1da877e731,48,829.6,,explicit
spatial,scene_0020,directional,text_only,sketchvla_prompt_conditioned_latent_action,blank,0,False,,240,False,False,,True,False,False,,False,,False,0.1235,,,,,,,,15f0f655553d6c25,329d7de94fa24759,8b3fe1825b806a4c,48,916.8,,explicit
spatial,scene_0020,directional,text_only,sketchvla_prompt_conditioned_latent_action,blank,1,False,,240,False,False,,True,True,True,akita_black_bowl_1,True,plate_3,True,0.0649,,,,,,,,15f0f655553d6c25,b7cb024a7f1e57e0,5eeec8e93e1db00e,48,876.9,,explicit
spatial,scene_0020,directional,text_only,sketchvla_prompt_conditioned_latent_action,blank,2,False,,240,False,False,,True,True,True,akita_black_bowl_1,True,,False,0.1376,,,,,,,,15f0f655553d6c25,8055808cc4e3f983,e59996789e306538,48,879.4,,explicit
spatial,scene_0020,directional,text_only,sketchvla_prompt_conditioned_latent_action,blank,3,False,,240,False,False,,True,True,True,akita_black_bowl_1,True,,False,0.151,,,,,,,,15f0f655553d6c25,33d08e846204b0b3,c37d1906c1ebfd9c,48,887.1,,explicit
spatial,scene_0020,directional,text_only,sketchvla_prompt_conditioned_latent_action,blank,4,False,,240,False,False,,True,False,False,,False,,False,0.1236,,,,,,,,15f0f655553d6c25,a15f8066c29399aa,feace6d4f258e171,48,825.4,,explicit
spatial,scene_0020,directional,text_only,sketchvla_prompt_conditioned_latent_action,blank,5,False,,240,False,False,,True,False,False,,False,,False,0.122,,,,,,,,15f0f655553d6c25,270195e5b3528967,3442edd1ec19e4ca,48,774.0,,explicit
spatial,scene_0020,directional,text_only,sketchvla_prompt_conditioned_latent_action,blank,6,False,,240,False,False,,True,False,False,,False,,False,0.115,,,,,,,,15f0f655553d6c25,888e87f7ef8ad40b,d580848ba2aca959,48,794.3,,explicit
spatial,scene_0020,directional,text_only,sketchvla_prompt_conditioned_latent_action,blank,7,False,,240,False,False,,True,False,False,,False,,False,0.1166,,,,,,,,15f0f655553d6c25,48424c906187ae23,0898bc3a8eafb42a,48,869.7,,explicit
spatial,scene_0020,directional,text_only,sketchvla_prompt_conditioned_latent_action,blank,8,False,,240,False,False,,True,True,True,akita_black_bowl_1,True,plate_3,True,0.0742,,,,,,,,15f0f655553d6c25,d603f82ceba556c8,792e50340cf5b360,48,857.8,,explicit
spatial,scene_0020,directional,text_only,sketchvla_prompt_conditioned_latent_action,blank,9,False,,240,False,False,,True,False,False,,False,,False,0.1248,,,,,,,,15f0f655553d6c25,8ceef089d367db5a,fd8183e968d811d6,48,864.2,,explicit
spatial,scene_0020,directional,text_only,sketchvla_prompt_conditioned_latent_action,blank,10,False,,240,False,False,,True,True,True,akita_black_bowl_1,True,,False,0.1469,,,,,,,,15f0f655553d6c25,c6df854405420549,ed294fe14bbd6aa8,48,887.0,,explicit
spatial,scene_0020,directional,text_only,sketchvla_prompt_conditioned_latent_action,blank,11,False,,240,False,False,,True,False,False,,False,,False,0.1329,,,,,,,,15f0f655553d6c25,b2465de87c186a2b,a13f255ebfca6d97,48,784.5,,explicit
spatial,scene_0020,directional,text_only,sketchvla_prompt_conditioned_latent_action,blank,12,False,,240,False,False,,True,False,False,,False,,False,0.1174,,,,,,,,15f0f655553d6c25,1e74c636a94dfab9,b2a262d7a9d20bf7,48,807.0,,explicit
spatial,scene_0020,directional,text_only,sketchvla_prompt_conditioned_latent_action,blank,13,False,,240,False,False,,True,False,False,,False,,False,0.1222,,,,,,,,15f0f655553d6c25,08f8e446fc03399b,efd46a76edeb430e,48,834.9,,explicit
spatial,scene_0021,directional,text_only,sketchvla_prompt_conditioned_latent_action,blank,0,False,,240,False,False,,True,True,True,plate_1,False,plate_1,True,0.0,,,,,,,,4b4c774a4be2986c,7a6f0e6151eb0da4,78462104bfa23deb,48,883.2,,explicit
spatial,scene_0021,directional,text_only,sketchvla_prompt_conditioned_latent_action,blank,1,False,,240,False,False,,True,False,False,,False,,False,0.2437,,,,,,,,4b4c774a4be2986c,553946af6d835ef8,7efb4f9074bc75bb,48,909.7,,explicit
spatial,scene_0021,directional,text_only,sketchvla_prompt_conditioned_latent_action,blank,2,False,,240,False,False,,True,False,False,,False,,False,0.2489,,,,,,,,4b4c774a4be2986c,5cd81248e74a5ad3,cd1d100ac998263d,48,865.4,,explicit
spatial,scene_0021,directional,text_only,sketchvla_prompt_conditioned_latent_action,blank,3,False,,240,False,False,,True,True,True,plate_1,False,plate_1,True,0.0,,,,,,,,4b4c774a4be2986c,b4b277387bb9e5a9,ddb593e0458513be,48,882.0,,explicit
spatial,scene_0021,directional,text_only,sketchvla_prompt_conditioned_latent_action,blank,4,False,,240,False,False,,True,True,True,plate_1,False,plate_1,True,0.0,,,,,,,,4b4c774a4be2986c,e75a8c405ba4a59e,9bc7a417ec2f5662,48,855.4,,explicit
spatial,scene_0021,directional,text_only,sketchvla_prompt_conditioned_latent_action,blank,5,False,,240,False,False,,True,False,False,,False,,False,0.2472,,,,,,,,4b4c774a4be2986c,ff1015676fc0b655,3bbf310a0b561196,48,766.7,,explicit
spatial,scene_0021,directional,text_only,sketchvla_prompt_conditioned_latent_action,blank,6,False,,240,False,False,,True,False,False,,False,,False,0.2472,,,,,,,,4b4c774a4be2986c,832fe365fe1ce875,7a5884ab992cc543,48,776.3,,explicit
spatial,scene_0021,directional,text_only,sketchvla_prompt_conditioned_latent_action,blank,7,False,,240,False,False,,True,True,True,plate_1,False,plate_1,True,0.0,,,,,,,,4b4c774a4be2986c,2c1396beb4ea64ca,3de5c9d5d3e8b036,48,855.0,,explicit
spatial,scene_0021,directional,text_only,sketchvla_prompt_conditioned_latent_action,blank,8,False,,240,False,False,,True,True,True,plate_1,False,plate_1,True,0.0,,,,,,,,4b4c774a4be2986c,6bff01a7a2d0f66f,eb2b61254e63fd6d,48,849.9,,explicit
spatial,scene_0021,directional,text_only,sketchvla_prompt_conditioned_latent_action,blank,9,False,,240,False,False,,True,False,False,,False,,False,0.2397,,,,,,,,4b4c774a4be2986c,14bddb1624535d10,2c74535cf5a58f25,48,839.9,,explicit
spatial,scene_0021,directional,text_only,sketchvla_prompt_conditioned_latent_action,blank,10,False,,240,False,False,,True,False,False,,False,,False,0.2453,,,,,,,,4b4c774a4be2986c,59258faf7901532d,3737fb4b74133d0c,48,899.1,,explicit
spatial,scene_0021,directional,text_only,sketchvla_prompt_conditioned_latent_action,blank,11,False,,240,False,False,,True,False,False,,False,,False,0.2539,,,,,,,,4b4c774a4be2986c,a916d7c46125462d,6867d7ee1358a48f,48,778.1,,explicit
spatial,scene_0021,directional,text_only,sketchvla_prompt_conditioned_latent_action,blank,12,False,,240,False,False,,True,False,False,,False,,False,0.2384,,,,,,,,4b4c774a4be2986c,495065c87da6d97a,66fdc857660bc572,48,794.2,,explicit
spatial,scene_0021,directional,text_only,sketchvla_prompt_conditioned_latent_action,blank,13,False,,240,False,False,,True,False,False,,False,,False,0.243,,,,,,,,4b4c774a4be2986c,821a344458ccc212,578e663c125a1501,48,843.9,,explicit
spatial,scene_0022,directional,text_only,sketchvla_prompt_conditioned_latent_action,blank,0,False,,240,False,False,,True,False,False,,False,,False,0.1332,,,,,,,,294b70e310714e30,87eefcb13fce9f09,13a720c86e6cfcde,48,884.8,,explicit
spatial,scene_0022,directional,text_only,sketchvla_prompt_conditioned_latent_action,blank,1,False,,240,False,False,,True,False,False,,False,,False,0.1404,,,,,,,,294b70e310714e30,81a5d0a91ec4f97a,2c6f7af6e8579079,48,903.4,,explicit
spatial,scene_0022,directional,text_only,sketchvla_prompt_conditioned_latent_action,blank,2,False,,240,False,False,,True,False,False,,False,,False,0.1254,,,,,,,,294b70e310714e30,2847e00948daa4d4,95bef8d9fdac55b4,48,864.6,,explicit
spatial,scene_0022,directional,text_only,sketchvla_prompt_conditioned_latent_action,blank,3,False,,240,False,False,,True,True,True,glazed_rim_porcelain_ramekin_1,False,,False,0.0941,,,,,,,,294b70e310714e30,df58c6b7c9204a6b,1d7750d254445851,48,878.5,,explicit
spatial,scene_0022,directional,text_only,sketchvla_prompt_conditioned_latent_action,blank,4,False,,240,False,False,,True,False,False,,False,,False,0.1294,,,,,,,,294b70e310714e30,daa602b1d1ced81b,eb1ea72df9f908fc,48,852.1,,explicit
spatial,scene_0022,directional,text_only,sketchvla_prompt_conditioned_latent_action,blank,5,False,,240,False,False,,True,False,False,,False,,False,0.1398,,,,,,,,294b70e310714e30,0caf3ab5b78240da,dfd15dba2bd06927,48,756.2,,explicit
spatial,scene_0022,directional,text_only,sketchvla_prompt_conditioned_latent_action,blank,6,False,,240,False,False,,True,False,False,,False,,False,0.127,,,,,,,,294b70e310714e30,080ba4a1ab30b024,cb81edab110a0f6a,48,773.7,,explicit
spatial,scene_0022,directional,text_only,sketchvla_prompt_conditioned_latent_action,blank,7,False,,240,False,False,,True,False,False,,False,,False,0.1346,,,,,,,,294b70e310714e30,fde32295b7007bc6,b2450779c20b5948,48,852.1,,explicit
spatial,scene_0022,directional,text_only,sketchvla_prompt_conditioned_latent_action,blank,8,False,,240,False,False,,True,True,True,glazed_rim_porcelain_ramekin_1,False,,False,0.0804,,,,,,,,294b70e310714e30,4fe8feb90c04ca75,d63902a43546f262,48,836.0,,explicit
spatial,scene_0022,directional,text_only,sketchvla_prompt_conditioned_latent_action,blank,9,False,,240,False,False,,True,False,False,,False,,False,0.1344,,,,,,,,294b70e310714e30,a1bc719f4e311c25,d8672afb39114cc7,48,841.9,,explicit
spatial,scene_0022,directional,text_only,sketchvla_prompt_conditioned_latent_action,blank,10,False,,240,False,False,,True,True,True,glazed_rim_porcelain_ramekin_1,False,,False,0.0974,,,,,,,,294b70e310714e30,e9faf031d0ea1351,1910fd7454d921be,48,894.0,,explicit
spatial,scene_0022,directional,text_only,sketchvla_prompt_conditioned_latent_action,blank,11,False,,240,False,False,,True,False,False,,False,,False,0.1295,,,,,,,,294b70e310714e30,25d81ff306f43d26,b7da29da0b021aa2,48,779.9,,explicit
spatial,scene_0022,directional,text_only,sketchvla_prompt_conditioned_latent_action,blank,12,False,,240,False,False,,True,False,False,,False,,False,0.1365,,,,,,,,294b70e310714e30,0400769bf17aee66,fa7ed870d0893f78,48,798.9,,explicit
spatial,scene_0022,directional,text_only,sketchvla_prompt_conditioned_latent_action,blank,13,False,,240,False,False,,True,False,False,,False,,False,0.1269,,,,,,,,294b70e310714e30,bbfc7fa533d72fd8,b685b9437916a251,48,838.4,,explicit
spatial,scene_0023,directional,text_only,sketchvla_prompt_conditioned_latent_action,blank,0,False,,240,False,False,,True,False,False,,False,,False,0.1233,,,,,,,,a8199a3e753c2770,d62c9f30be395f7c,056ca8f6bddf8e62,48,492.4,,explicit
spatial,scene_0023,directional,text_only,sketchvla_prompt_conditioned_latent_action,blank,1,False,,240,False,False,,True,False,False,,False,,False,0.1233,,,,,,,,a8199a3e753c2770,e3d7fdfe77a9dead,8bfed0929d53fb73,48,498.9,,explicit
spatial,scene_0023,directional,text_only,sketchvla_prompt_conditioned_latent_action,blank,2,False,,240,False,False,,True,False,False,,False,,False,0.1233,,,,,,,,a8199a3e753c2770,6bf5a4c8d2c1c79f,9ffab849aa1e1761,48,509.1,,explicit
spatial,scene_0023,directional,text_only,sketchvla_prompt_conditioned_latent_action,blank,3,False,,240,False,False,,True,False,False,,False,,False,0.1233,,,,,,,,a8199a3e753c2770,c5be6b3153b9245a,47d315ea98053a09,48,495.9,,explicit
spatial,scene_0023,directional,text_only,sketchvla_prompt_conditioned_latent_action,blank,4,False,,240,False,False,,True,False,False,,False,,False,0.1233,,,,,,,,a8199a3e753c2770,f6e1ba17fb218d37,a03eefc8d4c61dcb,48,521.8,,explicit
spatial,scene_0023,directional,text_only,sketchvla_prompt_conditioned_latent_action,blank,5,False,,240,False,False,,True,False,False,,False,,False,0.1233,,,,,,,,a8199a3e753c2770,e06507173d1ed607,ee3c2ff9d424b086,48,492.8,,explicit
spatial,scene_0023,directional,text_only,sketchvla_prompt_conditioned_latent_action,blank,6,False,,240,False,False,,True,False,False,,False,,False,0.1233,,,,,,,,a8199a3e753c2770,e4476b99ac636867,b9252770b16cdcc7,48,517.3,,explicit
spatial,scene_0023,directional,text_only,sketchvla_prompt_conditioned_latent_action,blank,7,False,,240,False,False,,True,False,False,,False,,False,0.1233,,,,,,,,a8199a3e753c2770,ffb41c6668a545eb,a00d5abd0eabc447,48,518.5,,explicit
spatial,scene_0023,directional,text_only,sketchvla_prompt_conditioned_latent_action,blank,8,False,,240,False,False,,True,False,False,,False,,False,0.1233,,,,,,,,a8199a3e753c2770,3a5dde7680c37016,05b8abfacc7a0d53,48,497.6,,explicit
spatial,scene_0023,directional,text_only,sketchvla_prompt_conditioned_latent_action,blank,9,False,,240,False,False,,True,False,False,,False,,False,0.1233,,,,,,,,a8199a3e753c2770,eddedefa13cc5701,77bf43c9cbdd51a8,48,507.6,,explicit
spatial,scene_0023,directional,text_only,sketchvla_prompt_conditioned_latent_action,blank,10,False,,240,False,False,,True,False,False,,False,,False,0.1233,,,,,,,,a8199a3e753c2770,9c786c50f0ae9d9e,c36c72996a7aba09,48,497.7,,explicit
spatial,scene_0023,directional,text_only,sketchvla_prompt_conditioned_latent_action,blank,11,False,,240,False,False,,True,False,False,,False,,False,0.1216,,,,,,,,a8199a3e753c2770,edd74ca4e3d7ea64,e84e2e28e268d463,48,502.7,,explicit
spatial,scene_0023,directional,text_only,sketchvla_prompt_conditioned_latent_action,blank,12,False,,240,False,False,,True,False,False,,False,,False,0.1233,,,,,,,,a8199a3e753c2770,8ea3f13480f1ab68,309c0c3c3ca5c5ef,48,487.2,,explicit
spatial,scene_0023,directional,text_only,sketchvla_prompt_conditioned_latent_action,blank,13,False,,240,False,False,,True,True,True,glazed_rim_porcelain_ramekin_1,False,,False,0.0981,,,,,,,,a8199a3e753c2770,05b4dac96f629034,794917844de833ec,48,496.8,,explicit
spatial,scene_0024,directional,text_only,sketchvla_prompt_conditioned_latent_action,blank,0,False,,240,False,False,,True,True,True,cookies_1,False,,False,0.1252,,,,,,,,9ad1684dfbf5bc6d,97cd72f08434cdf4,415930f205a4a2c9,48,877.4,,explicit
spatial,scene_0024,directional,text_only,sketchvla_prompt_conditioned_latent_action,blank,1,False,,240,False,False,,True,True,True,cookies_1,False,,False,0.2275,,,,,,,,9ad1684dfbf5bc6d,8775d2a8f1e5033b,39c0c23adf003bf2,48,899.9,,explicit
spatial,scene_0024,directional,text_only,sketchvla_prompt_conditioned_latent_action,blank,2,False,,240,False,False,,True,False,False,,False,,False,0.1264,,,,,,,,9ad1684dfbf5bc6d,02ea5d6fba111321,883cb83f06559669,48,869.1,,explicit
spatial,scene_0024,directional,text_only,sketchvla_prompt_conditioned_latent_action,blank,3,False,,240,False,False,,True,False,False,,False,,False,0.1195,,,,,,,,9ad1684dfbf5bc6d,14d835726fb592c0,ec7a38ad7798d366,48,860.2,,explicit
spatial,scene_0024,directional,text_only,sketchvla_prompt_conditioned_latent_action,blank,4,False,,240,False,False,,True,False,False,,False,,False,0.1216,,,,,,,,9ad1684dfbf5bc6d,09a3a37c4a4c935f,3a26c631f3475c7d,48,839.9,,explicit
spatial,scene_0024,directional,text_only,sketchvla_prompt_conditioned_latent_action,blank,5,False,,240,False,False,,True,True,True,plate_1,False,plate_1,False,0.0,,,,,,,,9ad1684dfbf5bc6d,99a9c42674a6bb6e,69783297fdcbe4ae,48,836.8,,explicit
spatial,scene_0024,directional,text_only,sketchvla_prompt_conditioned_latent_action,blank,6,False,,240,False,False,,True,False,False,,False,,False,0.1185,,,,,,,,9ad1684dfbf5bc6d,3d13f24421d85b5f,ed73ea217fab4245,48,824.6,,explicit
spatial,scene_0024,directional,text_only,sketchvla_prompt_conditioned_latent_action,blank,7,False,,240,False,False,,True,False,False,,False,,False,0.1208,,,,,,,,9ad1684dfbf5bc6d,a3cc13b99bc36cd8,25bc53da40329e3d,48,853.7,,explicit
spatial,scene_0024,directional,text_only,sketchvla_prompt_conditioned_latent_action,blank,8,False,,240,False,False,,True,False,False,,False,,False,0.12,,,,,,,,9ad1684dfbf5bc6d,b1a1caacbf11e064,aec6a50ee5b9310d,48,857.6,,explicit
spatial,scene_0024,directional,text_only,sketchvla_prompt_conditioned_latent_action,blank,9,False,,240,False,False,,True,False,False,,False,,False,0.122,,,,,,,,9ad1684dfbf5bc6d,74e8b3c1e7218cc9,3fd5da086ed47e01,48,840.0,,explicit
spatial,scene_0024,directional,text_only,sketchvla_prompt_conditioned_latent_action,blank,10,False,,240,False,False,,True,False,False,,False,,False,0.1221,,,,,,,,9ad1684dfbf5bc6d,4654507b3b3a26c6,6aed0146fb8a1001,48,835.9,,explicit
spatial,scene_0024,directional,text_only,sketchvla_prompt_conditioned_latent_action,blank,11,False,,240,False,False,,True,True,True,plate_3,False,plate_3,True,0.0,,,,,,,,9ad1684dfbf5bc6d,db54a6cae9eff0de,6eac8ece95f1905a,48,821.7,,explicit
spatial,scene_0024,directional,text_only,sketchvla_prompt_conditioned_latent_action,blank,12,False,,240,False,False,,True,False,False,,False,,False,0.124,,,,,,,,9ad1684dfbf5bc6d,991574732397acde,f722814b6b2b0db4,48,804.7,,explicit
spatial,scene_0024,directional,text_only,sketchvla_prompt_conditioned_latent_action,blank,13,False,,240,False,False,,True,False,False,,False,,False,0.1229,,,,,,,,9ad1684dfbf5bc6d,8345492052b746ce,0cb17488874bb8b7,48,796.1,,explicit
spatial,scene_0025,directional,text_only,sketchvla_prompt_conditioned_latent_action,blank,0,False,,240,False,False,,True,True,True,akita_black_bowl_1,True,plate_1,False,0.0268,,,,,,,,950129e7380d5320,d89a9c38ca160e32,933e9b57e442c3a0,48,841.8,,explicit
spatial,scene_0025,directional,text_only,sketchvla_prompt_conditioned_latent_action,blank,1,False,,240,False,False,,True,True,True,akita_black_bowl_1,True,plate_1,False,0.048,,,,,,,,950129e7380d5320,70ab02fd1c21c342,1c3975ed8cfe5d07,48,873.2,,explicit
spatial,scene_0025,directional,text_only,sketchvla_prompt_conditioned_latent_action,blank,2,False,,240,False,False,,True,True,True,akita_black_bowl_1,True,plate_1,False,0.0339,,,,,,,,950129e7380d5320,112346175b29670c,da5b2f101f6b9a9d,48,841.9,,explicit
spatial,scene_0025,directional,text_only,sketchvla_prompt_conditioned_latent_action,blank,3,False,,240,False,False,,True,True,True,akita_black_bowl_1,True,plate_1,False,0.0176,,,,,,,,950129e7380d5320,e6474611b02daa5b,a8107095ee98a39d,48,839.4,,explicit
spatial,scene_0025,directional,text_only,sketchvla_prompt_conditioned_latent_action,blank,4,False,,240,False,False,,True,True,True,akita_black_bowl_1,True,plate_1,False,0.0102,,,,,,,,950129e7380d5320,acdd919d95de7f7e,55199982776bfb33,48,803.2,,explicit
spatial,scene_0025,directional,text_only,sketchvla_prompt_conditioned_latent_action,blank,5,False,,240,False,False,,True,True,True,akita_black_bowl_1,True,plate_1,False,0.0122,,,,,,,,950129e7380d5320,551504fd6082c8f6,a71901e88dbabc70,48,808.2,,explicit
spatial,scene_0025,directional,text_only,sketchvla_prompt_conditioned_latent_action,blank,6,False,,240,False,False,,True,True,True,akita_black_bowl_1,True,plate_1,False,0.0472,,,,,,,,950129e7380d5320,38264a8374af3710,bec277a6ba6664ac,48,786.7,,explicit
spatial,scene_0025,directional,text_only,sketchvla_prompt_conditioned_latent_action,blank,7,False,,240,False,False,,True,True,True,akita_black_bowl_1,True,plate_1,False,0.0373,,,,,,,,950129e7380d5320,b4990806105a3efa,2657b32704888fe9,48,802.7,,explicit
spatial,scene_0025,directional,text_only,sketchvla_prompt_conditioned_latent_action,blank,8,False,,240,False,False,,True,True,True,akita_black_bowl_1,True,plate_1,False,0.0395,,,,,,,,950129e7380d5320,c8cad9488f5bfc04,3cb7743633fda7ad,48,810.3,,explicit
spatial,scene_0025,directional,text_only,sketchvla_prompt_conditioned_latent_action,blank,9,False,,240,False,False,,True,True,True,akita_black_bowl_1,True,plate_1,False,0.0583,,,,,,,,950129e7380d5320,9d56739573a6ed3c,7b6e992366182b4d,48,815.0,,explicit
spatial,scene_0025,directional,text_only,sketchvla_prompt_conditioned_latent_action,blank,10,False,,240,False,False,,True,True,True,akita_black_bowl_1,True,plate_1,False,0.0372,,,,,,,,950129e7380d5320,4be2c065d293a7a5,8cb0c156dc4a48e1,48,801.6,,explicit
spatial,scene_0025,directional,text_only,sketchvla_prompt_conditioned_latent_action,blank,11,False,,240,False,False,,True,True,True,akita_black_bowl_1,True,plate_1,False,0.0353,,,,,,,,950129e7380d5320,6bdadc2941b33817,1cf2305496f42973,48,781.3,,explicit
spatial,scene_0025,directional,text_only,sketchvla_prompt_conditioned_latent_action,blank,12,False,,240,False,False,,True,True,True,akita_black_bowl_1,True,plate_1,False,0.0322,,,,,,,,950129e7380d5320,a293181f8b93a3c8,7966a63f50f134b5,48,750.1,,explicit
spatial,scene_0025,directional,text_only,sketchvla_prompt_conditioned_latent_action,blank,13,False,,240,False,False,,True,True,True,akita_black_bowl_1,True,plate_1,False,0.0687,,,,,,,,950129e7380d5320,7474944a14276f64,0781376fec9b3345,48,769.1,,explicit
spatial,scene_0026,both,text_only,sketchvla_prompt_conditioned_latent_action,blank,0,False,,240,False,False,,True,False,False,,False,,False,0.1612,,,,,,,,2139c737065fe13e,edbff1201190b502,35ee3bbccb2e4ae4,48,499.4,,explicit
spatial,scene_0026,both,text_only,sketchvla_prompt_conditioned_latent_action,blank,1,False,,240,False,False,,True,False,False,,False,,False,0.1612,,,,,,,,2139c737065fe13e,2b2bdae84b9dc438,5e45a1f9962a496f,48,491.8,,explicit
spatial,scene_0026,both,text_only,sketchvla_prompt_conditioned_latent_action,blank,2,False,,240,False,False,,True,False,False,,False,,False,0.1612,,,,,,,,2139c737065fe13e,87ad80c25b074e64,572b3a1a8a893079,48,505.9,,explicit
spatial,scene_0026,both,text_only,sketchvla_prompt_conditioned_latent_action,blank,3,False,,240,False,False,,True,False,False,,False,,False,0.1645,,,,,,,,2139c737065fe13e,0ec8bc28323e3f3e,4f0a6fa763b94a11,48,505.8,,explicit
spatial,scene_0026,both,text_only,sketchvla_prompt_conditioned_latent_action,blank,4,False,,240,False,False,,True,False,False,,False,,False,0.1612,,,,,,,,2139c737065fe13e,32b4cab5205a9521,a95b1a584b36af12,48,523.3,,explicit
spatial,scene_0026,both,text_only,sketchvla_prompt_conditioned_latent_action,blank,5,False,,240,False,False,,True,False,False,,False,,False,0.1403,,,,,,,,2139c737065fe13e,f6be74bbead341f1,ecdba7f4ab80736c,48,501.2,,explicit
spatial,scene_0026,both,text_only,sketchvla_prompt_conditioned_latent_action,blank,6,False,,240,False,False,,True,False,False,,False,,False,0.1612,,,,,,,,2139c737065fe13e,fc14a226077af483,290dbaad18602424,48,514.7,,explicit
spatial,scene_0026,both,text_only,sketchvla_prompt_conditioned_latent_action,blank,7,False,,240,False,False,,True,False,False,,False,,False,0.1612,,,,,,,,2139c737065fe13e,5ae346cb90d4dcb3,02c5ec141196c7ef,48,498.3,,explicit
spatial,scene_0026,both,text_only,sketchvla_prompt_conditioned_latent_action,blank,8,False,,240,False,False,,True,False,False,,False,,False,0.1612,,,,,,,,2139c737065fe13e,3171f489949b8a10,fa6569affe7455e0,48,511.6,,explicit
spatial,scene_0026,both,text_only,sketchvla_prompt_conditioned_latent_action,blank,9,False,,240,False,False,,True,False,False,,False,,False,0.1612,,,,,,,,2139c737065fe13e,28572e7c79b5abf0,eaa263dddaf3bf11,48,512.7,,explicit
spatial,scene_0026,both,text_only,sketchvla_prompt_conditioned_latent_action,blank,10,False,,240,False,False,,True,False,False,,False,,False,0.1612,,,,,,,,2139c737065fe13e,81d3a6c282f28e8c,ab6c687b9da9b7dd,48,489.9,,explicit
spatial,scene_0026,both,text_only,sketchvla_prompt_conditioned_latent_action,blank,11,False,,240,False,False,,True,False,False,,False,,False,0.1612,,,,,,,,2139c737065fe13e,850edeb836b26925,4ba7fee04882b352,48,503.4,,explicit
spatial,scene_0026,both,text_only,sketchvla_prompt_conditioned_latent_action,blank,12,False,,240,False,False,,True,False,False,,False,,False,0.1612,,,,,,,,2139c737065fe13e,ef60a71d032c7a5b,a03d45fba6574669,48,499.8,,explicit
spatial,scene_0026,both,text_only,sketchvla_prompt_conditioned_latent_action,blank,13,False,,240,False,False,,True,False,False,,False,,False,0.1612,,,,,,,,2139c737065fe13e,be15dca6a3665fa6,fbef19db7ab4804d,48,503.6,,explicit
spatial,scene_0027,both,text_only,sketchvla_prompt_conditioned_latent_action,blank,0,False,,240,False,False,,True,False,False,,False,,False,0.1486,,,,,,,,f8a485fea0953861,2ca57145b54576c1,0ba53689810e57ea,48,890.3,,explicit
spatial,scene_0027,both,text_only,sketchvla_prompt_conditioned_latent_action,blank,1,False,,240,False,False,,True,False,False,,False,,False,0.1486,,,,,,,,f8a485fea0953861,494fe745bc98b6bd,a53be3ab93d174cf,48,862.1,,explicit
spatial,scene_0027,both,text_only,sketchvla_prompt_conditioned_latent_action,blank,2,False,,240,False,False,,True,False,False,,False,,False,0.1486,,,,,,,,f8a485fea0953861,5e3b21451e8a0614,fb8733105a65dbc7,48,836.6,,explicit
spatial,scene_0027,both,text_only,sketchvla_prompt_conditioned_latent_action,blank,3,False,,240,False,False,,True,False,False,,False,,False,0.1466,,,,,,,,f8a485fea0953861,05b23d8e836dc67f,9ddd7758559aa538,48,845.2,,explicit
spatial,scene_0027,both,text_only,sketchvla_prompt_conditioned_latent_action,blank,4,False,,240,False,False,,True,False,False,,False,,False,0.1486,,,,,,,,f8a485fea0953861,6db8492df4832d4f,adad3f3ca8d00a7b,48,789.0,,explicit
spatial,scene_0027,both,text_only,sketchvla_prompt_conditioned_latent_action,blank,5,False,,240,False,False,,True,False,False,,False,,False,0.1486,,,,,,,,f8a485fea0953861,ed35d16a9c5c0a7c,1d8a4be602856151,48,818.4,,explicit
spatial,scene_0027,both,text_only,sketchvla_prompt_conditioned_latent_action,blank,6,False,,240,False,False,,True,False,False,,False,,False,0.1486,,,,,,,,f8a485fea0953861,ac9c6fa43e448cb3,76ccb5e8a771113e,48,773.3,,explicit
spatial,scene_0027,both,text_only,sketchvla_prompt_conditioned_latent_action,blank,7,False,,240,False,False,,True,False,False,,False,,False,0.1486,,,,,,,,f8a485fea0953861,5373a6a32a61cb2c,397f3afa84e5df33,48,810.9,,explicit
spatial,scene_0027,both,text_only,sketchvla_prompt_conditioned_latent_action,blank,8,False,,240,False,False,,True,False,False,,False,,False,0.1521,,,,,,,,f8a485fea0953861,b6539e9a1c3d6fb9,91b08be067f3adcc,48,814.4,,explicit
spatial,scene_0027,both,text_only,sketchvla_prompt_conditioned_latent_action,blank,9,False,,240,False,False,,True,False,False,,False,,False,0.1486,,,,,,,,f8a485fea0953861,93cb39133026477e,27300f0beae2e3a5,48,803.2,,explicit
spatial,scene_0027,both,text_only,sketchvla_prompt_conditioned_latent_action,blank,10,False,,240,False,False,,True,False,False,,False,,False,0.1486,,,,,,,,f8a485fea0953861,48268b9302c80f71,f60eb25c72a934fe,48,780.1,,explicit
spatial,scene_0027,both,text_only,sketchvla_prompt_conditioned_latent_action,blank,11,False,,240,False,False,,True,False,False,,False,,False,0.1486,,,,,,,,f8a485fea0953861,c8d39642e5c822c1,4602fa3ba874077e,48,811.0,,explicit
spatial,scene_0027,both,text_only,sketchvla_prompt_conditioned_latent_action,blank,12,False,,240,False,False,,True,False,False,,False,,False,0.1486,,,,,,,,f8a485fea0953861,948ac75e2397bd4e,ec8fdb7d79d24271,48,805.9,,explicit
spatial,scene_0027,both,text_only,sketchvla_prompt_conditioned_latent_action,blank,13,False,,240,False,False,,True,False,False,,False,,False,0.1486,,,,,,,,f8a485fea0953861,d3ef78f043288d84,21353b8399bb2d0f,48,769.7,,explicit
spatial,scene_0028,both,text_only,sketchvla_prompt_conditioned_latent_action,blank,0,False,,240,False,False,,True,False,False,,False,,False,0.1434,,,,,,,,91c3fe477ec8f91f,31d76ac723a8a01f,cb42d09f8a9c287d,48,882.6,,explicit
spatial,scene_0028,both,text_only,sketchvla_prompt_conditioned_latent_action,blank,1,False,,240,False,False,,True,False,False,,False,,False,0.13,,,,,,,,91c3fe477ec8f91f,7089a6fa8d58e1c7,a304cbb40dcaecde,48,850.3,,explicit
spatial,scene_0028,both,text_only,sketchvla_prompt_conditioned_latent_action,blank,2,False,,240,False,False,,True,False,False,,False,,False,0.1434,,,,,,,,91c3fe477ec8f91f,d4cf18487a4fd65a,08f3fe8ae3b62013,48,834.6,,explicit
spatial,scene_0028,both,text_only,sketchvla_prompt_conditioned_latent_action,blank,3,False,,240,False,False,,True,False,False,,False,,False,0.1416,,,,,,,,91c3fe477ec8f91f,37a701e180b991bf,79bee8813044930a,48,832.6,,explicit
spatial,scene_0028,both,text_only,sketchvla_prompt_conditioned_latent_action,blank,4,False,,240,False,False,,True,False,False,,False,,False,0.1434,,,,,,,,91c3fe477ec8f91f,cc7a778d06dc84db,834443fe9466c6f3,48,782.7,,explicit
spatial,scene_0028,both,text_only,sketchvla_prompt_conditioned_latent_action,blank,5,False,,240,False,False,,True,False,False,,False,,False,0.1385,,,,,,,,91c3fe477ec8f91f,798b00b50d7eee94,8af686e14e71afce,48,810.3,,explicit
spatial,scene_0028,both,text_only,sketchvla_prompt_conditioned_latent_action,blank,6,False,,240,False,False,,True,True,True,akita_black_bowl_2,False,,False,0.1327,,,,,,,,91c3fe477ec8f91f,e2ea2dbe2c8729ca,8272595403803836,48,742.2,,explicit
spatial,scene_0028,both,text_only,sketchvla_prompt_conditioned_latent_action,blank,7,False,,240,False,False,,True,True,True,akita_black_bowl_2,False,,False,0.1198,,,,,,,,91c3fe477ec8f91f,9f12ae5f9dccec2e,bcfc7809c1e15f5c,48,784.3,,explicit
spatial,scene_0028,both,text_only,sketchvla_prompt_conditioned_latent_action,blank,8,False,,240,False,False,,True,True,True,akita_black_bowl_2,False,,False,0.1134,,,,,,,,91c3fe477ec8f91f,9e400c2d65a37b21,1e8cb8a20b588afa,48,792.2,,explicit
spatial,scene_0028,both,text_only,sketchvla_prompt_conditioned_latent_action,blank,9,False,,240,False,False,,True,True,True,akita_black_bowl_2,False,,False,0.1382,,,,,,,,91c3fe477ec8f91f,5a6c9879c0910884,47219a74b0bfdd99,48,801.8,,explicit
spatial,scene_0028,both,text_only,sketchvla_prompt_conditioned_latent_action,blank,10,False,,240,False,False,,True,False,False,,False,,False,0.1428,,,,,,,,91c3fe477ec8f91f,fb05cfb3b23a08fd,e3d186e9fe149b6f,48,770.9,,explicit
spatial,scene_0028,both,text_only,sketchvla_prompt_conditioned_latent_action,blank,11,False,,240,False,False,,True,True,True,akita_black_bowl_2,False,,False,0.1123,,,,,,,,91c3fe477ec8f91f,f343b0990f203d7d,4f2169127cda9f33,48,784.0,,explicit
spatial,scene_0028,both,text_only,sketchvla_prompt_conditioned_latent_action,blank,12,False,,240,False,False,,True,True,True,akita_black_bowl_2,False,,False,0.1188,,,,,,,,91c3fe477ec8f91f,73d723ab64aac1ba,fa9d49b4589c795f,48,767.6,,explicit
spatial,scene_0028,both,text_only,sketchvla_prompt_conditioned_latent_action,blank,13,False,,240,False,False,,True,True,True,akita_black_bowl_2,False,,False,0.1354,,,,,,,,91c3fe477ec8f91f,9e0d9948a9750802,be6e61f60ba7bb2c,48,754.1,,explicit
spatial,scene_0029,both,text_only,sketchvla_prompt_conditioned_latent_action,blank,0,False,,240,False,False,,True,True,True,glazed_rim_porcelain_ramekin_1,False,,False,0.1394,,,,,,,,0195be60883fac6e,b12e144c685229da,6f0b99f762603313,48,835.2,,explicit
spatial,scene_0029,both,text_only,sketchvla_prompt_conditioned_latent_action,blank,1,False,,240,False,False,,True,False,False,,False,,False,0.2427,,,,,,,,0195be60883fac6e,afe628df38b84a08,8e5568b013c66e14,48,821.6,,explicit
spatial,scene_0029,both,text_only,sketchvla_prompt_conditioned_latent_action,blank,2,False,,240,False,False,,True,False,False,,False,,False,0.2427,,,,,,,,0195be60883fac6e,601d5cd734695292,dc4b45b9c561b8bf,48,866.8,,explicit
spatial,scene_0029,both,text_only,sketchvla_prompt_conditioned_latent_action,blank,3,False,,240,False,False,,True,True,True,glazed_rim_porcelain_ramekin_1,False,,False,0.1538,,,,,,,,0195be60883fac6e,8ab0c4c9cce2e32f,4c63b414dcf317aa,48,851.6,,explicit
spatial,scene_0029,both,text_only,sketchvla_prompt_conditioned_latent_action,blank,4,False,,240,False,False,,True,False,False,,False,,False,0.2427,,,,,,,,0195be60883fac6e,ef5dc0e261f75ebd,f572d508f4b4c746,48,797.8,,explicit
spatial,scene_0029,both,text_only,sketchvla_prompt_conditioned_latent_action,blank,5,False,,240,False,False,,True,True,True,glazed_rim_porcelain_ramekin_1,False,,False,0.1217,,,,,,,,0195be60883fac6e,806b09129226fd09,1ccc287a0b519167,48,754.9,,explicit
spatial,scene_0029,both,text_only,sketchvla_prompt_conditioned_latent_action,blank,6,False,,240,False,False,,True,True,True,glazed_rim_porcelain_ramekin_1,False,,False,0.138,,,,,,,,0195be60883fac6e,03b12fad7c499dd8,acc88b8fcedee7c4,48,768.7,,explicit
spatial,scene_0029,both,text_only,sketchvla_prompt_conditioned_latent_action,blank,7,False,,240,False,False,,True,True,True,glazed_rim_porcelain_ramekin_1,False,,False,0.1939,,,,,,,,0195be60883fac6e,d230dc2ff05c7861,a9c92bf28543e88e,48,766.5,,explicit
spatial,scene_0029,both,text_only,sketchvla_prompt_conditioned_latent_action,blank,8,False,,240,False,False,,True,True,True,glazed_rim_porcelain_ramekin_1,False,,False,0.1782,,,,,,,,0195be60883fac6e,c6873cd8b1509a47,7d87594633056af0,48,797.2,,explicit
spatial,scene_0029,both,text_only,sketchvla_prompt_conditioned_latent_action,blank,9,False,,240,False,False,,True,False,False,,False,,False,0.2428,,,,,,,,0195be60883fac6e,e7e0763cd586bc3e,ad9cf5d365135e0b,48,843.9,,explicit
spatial,scene_0029,both,text_only,sketchvla_prompt_conditioned_latent_action,blank,10,False,,240,False,False,,True,False,False,,False,,False,0.2427,,,,,,,,0195be60883fac6e,7cd06335200254b6,12f4fc669e6722aa,48,761.4,,explicit
spatial,scene_0029,both,text_only,sketchvla_prompt_conditioned_latent_action,blank,11,False,,240,False,False,,True,False,False,,False,,False,0.2445,,,,,,,,0195be60883fac6e,ee225d35a3341f70,b62c3850485ef175,48,777.8,,explicit
spatial,scene_0029,both,text_only,sketchvla_prompt_conditioned_latent_action,blank,12,False,,240,False,False,,True,False,False,,False,,False,0.2427,,,,,,,,0195be60883fac6e,9b89b8ce94922569,7705a329524494f6,48,737.9,,explicit
spatial,scene_0029,both,text_only,sketchvla_prompt_conditioned_latent_action,blank,13,False,,240,False,False,,True,True,True,glazed_rim_porcelain_ramekin_1,False,,False,0.1079,,,,,,,,0195be60883fac6e,14a7849664b85e16,f9c3fd48e165e530,48,785.1,,explicit
spatial,scene_0030,both,text_only,sketchvla_prompt_conditioned_latent_action,blank,0,False,,240,False,False,,True,False,False,,False,,False,0.1472,,,,,,,,04aa0581369cd708,62ee24c86e5caa30,3204f23c6ec056f6,48,832.5,,explicit
spatial,scene_0030,both,text_only,sketchvla_prompt_conditioned_latent_action,blank,1,False,,240,False,False,,True,False,False,,False,,False,0.1472,,,,,,,,04aa0581369cd708,c34b0f12d0979988,bd2b99683898c5aa,48,808.7,,explicit
spatial,scene_0030,both,text_only,sketchvla_prompt_conditioned_latent_action,blank,2,False,,240,False,False,,True,False,False,,False,,False,0.1472,,,,,,,,04aa0581369cd708,bb38a1fc18c7268f,aa7e841d3c442969,48,850.6,,explicit
spatial,scene_0030,both,text_only,sketchvla_prompt_conditioned_latent_action,blank,3,False,,240,False,False,,True,True,True,akita_black_bowl_3,False,,False,0.0868,,,,,,,,04aa0581369cd708,943454bd78bee983,0633f1adc6b4c998,48,833.9,,explicit
spatial,scene_0030,both,text_only,sketchvla_prompt_conditioned_latent_action,blank,4,False,,240,False,False,,True,False,False,,False,,False,0.1472,,,,,,,,04aa0581369cd708,f29b5451d7df93ac,a39180b47b908029,48,795.7,,explicit
spatial,scene_0030,both,text_only,sketchvla_prompt_conditioned_latent_action,blank,5,False,,240,False,False,,True,False,False,,False,,False,0.1472,,,,,,,,04aa0581369cd708,eb6aa6d9ae6d4b40,529dc36effca45f6,48,758.6,,explicit
spatial,scene_0030,both,text_only,sketchvla_prompt_conditioned_latent_action,blank,6,False,,240,False,False,,True,False,False,,False,,False,0.1472,,,,,,,,04aa0581369cd708,4951bdf11177cf15,b63e30e6693435fa,48,778.4,,explicit
spatial,scene_0030,both,text_only,sketchvla_prompt_conditioned_latent_action,blank,7,False,,240,False,False,,True,False,False,,False,,False,0.1472,,,,,,,,04aa0581369cd708,7f9e6af15a0d00d8,e208db5fe0f4fe22,48,772.9,,explicit
spatial,scene_0030,both,text_only,sketchvla_prompt_conditioned_latent_action,blank,8,False,,240,False,False,,True,False,False,,False,,False,0.1472,,,,,,,,04aa0581369cd708,7370a2f848f54af6,82698216b828403d,48,802.2,,explicit
spatial,scene_0030,both,text_only,sketchvla_prompt_conditioned_latent_action,blank,9,False,,240,False,False,,True,False,False,,False,,False,0.1472,,,,,,,,04aa0581369cd708,581661125cd18b55,3ac7a515be0e7194,48,841.3,,explicit
spatial,scene_0030,both,text_only,sketchvla_prompt_conditioned_latent_action,blank,10,False,,240,False,False,,True,False,False,,False,,False,0.1472,,,,,,,,04aa0581369cd708,4eb24415ad66f44c,4971a38fd2520ea8,48,760.1,,explicit
spatial,scene_0030,both,text_only,sketchvla_prompt_conditioned_latent_action,blank,11,False,,240,False,False,,True,False,False,,False,,False,0.1472,,,,,,,,04aa0581369cd708,1bb09b2fe8072de2,cd95aebde6137579,48,754.5,,explicit
spatial,scene_0030,both,text_only,sketchvla_prompt_conditioned_latent_action,blank,12,False,,240,False,False,,True,False,False,,False,,False,0.1472,,,,,,,,04aa0581369cd708,4559d669e70327bb,3f522b90e721ac96,48,734.3,,explicit
spatial,scene_0030,both,text_only,sketchvla_prompt_conditioned_latent_action,blank,13,False,,240,False,False,,True,True,True,akita_black_bowl_3,False,,False,0.2571,,,,,,,,04aa0581369cd708,adca8bbd24563b32,26e4279e11afd833,48,790.1,,explicit
spatial,scene_0031,both,text_only,sketchvla_prompt_conditioned_latent_action,blank,0,False,,240,False,False,,True,True,True,akita_black_bowl_3,False,plate_2,True,0.0394,,,,,,,,8bc38b2af0044938,cae45d60e76b9a4e,c6f6b04f5f7c6419,48,479.8,,explicit
spatial,scene_0031,both,text_only,sketchvla_prompt_conditioned_latent_action,blank,1,False,,240,False,False,,True,True,True,akita_black_bowl_3,False,plate_2,True,0.0104,,,,,,,,8bc38b2af0044938,6bb32f0d2a41f7d0,a37201e2142ed062,48,504.7,,explicit
spatial,scene_0031,both,text_only,sketchvla_prompt_conditioned_latent_action,blank,2,False,,240,False,False,,True,True,True,akita_black_bowl_3,False,plate_2,True,0.0052,,,,,,,,8bc38b2af0044938,c7ce21c9aca27852,ff9e7066bdf258eb,48,503.9,,explicit
spatial,scene_0031,both,text_only,sketchvla_prompt_conditioned_latent_action,blank,3,False,,240,False,False,,True,False,False,,False,,False,0.2223,,,,,,,,8bc38b2af0044938,b3b831a1ae4f7bf9,cd34025b78454448,48,492.7,,explicit
spatial,scene_0031,both,text_only,sketchvla_prompt_conditioned_latent_action,blank,4,False,,240,False,False,,True,True,True,akita_black_bowl_3,False,plate_2,True,0.0172,,,,,,,,8bc38b2af0044938,fbdebc714845f3bd,11ad408bfaa3e9bf,48,475.2,,explicit
spatial,scene_0031,both,text_only,sketchvla_prompt_conditioned_latent_action,blank,5,False,,240,False,False,,True,True,True,akita_black_bowl_3,False,plate_2,True,0.0294,,,,,,,,8bc38b2af0044938,1521714fb7fc0ee3,4c33f83edd67c435,48,498.2,,explicit
spatial,scene_0031,both,text_only,sketchvla_prompt_conditioned_latent_action,blank,6,False,,240,False,False,,True,True,True,akita_black_bowl_3,False,plate_2,True,0.0119,,,,,,,,8bc38b2af0044938,636bb600227e0b73,d886f71b8d2335a1,48,487.4,,explicit
spatial,scene_0031,both,text_only,sketchvla_prompt_conditioned_latent_action,blank,7,False,,240,False,False,,True,False,False,,False,,False,0.2223,,,,,,,,8bc38b2af0044938,cd08db59b3abc535,4e144037576ab9b1,48,505.6,,explicit
spatial,scene_0031,both,text_only,sketchvla_prompt_conditioned_latent_action,blank,8,False,,240,False,False,,True,False,False,,False,,False,0.2223,,,,,,,,8bc38b2af0044938,ab929642f2c12116,bf12f14e571d3eec,48,500.2,,explicit
spatial,scene_0031,both,text_only,sketchvla_prompt_conditioned_latent_action,blank,9,False,,240,False,False,,True,True,True,akita_black_bowl_3,False,plate_2,True,0.0058,,,,,,,,8bc38b2af0044938,d3ff72945a46a2cf,4bf9d07f7cc427ea,48,490.2,,explicit
spatial,scene_0031,both,text_only,sketchvla_prompt_conditioned_latent_action,blank,10,False,,240,False,False,,True,False,False,,False,,False,0.2223,,,,,,,,8bc38b2af0044938,8599a32178d070ce,9d82c25fb52900ec,48,500.2,,explicit
spatial,scene_0031,both,text_only,sketchvla_prompt_conditioned_latent_action,blank,11,False,,240,False,False,,True,True,True,akita_black_bowl_3,False,,False,0.0853,,,,,,,,8bc38b2af0044938,1a9700641061a329,e4043381a2393ddf,48,491.3,,explicit
spatial,scene_0031,both,text_only,sketchvla_prompt_conditioned_latent_action,blank,12,False,,240,False,False,,True,True,True,akita_black_bowl_3,False,plate_2,True,0.0204,,,,,,,,8bc38b2af0044938,6f9301d9c839747f,b0dde04d44cc1a3c,48,494.8,,explicit
spatial,scene_0031,both,text_only,sketchvla_prompt_conditioned_latent_action,blank,13,False,,240,False,False,,True,True,True,akita_black_bowl_3,False,plate_2,True,0.0261,,,,,,,,8bc38b2af0044938,0221e3b43c25f78c,dbccfe2b3c2040e0,48,475.7,,explicit
spatial,scene_0032,both,text_only,sketchvla_prompt_conditioned_latent_action,blank,0,False,,240,False,False,,True,True,True,akita_black_bowl_2,False,plate_1,True,0.0657,,,,,,,,1ef5d1f411564ab6,822ff463526aa02f,b78cb0b26dcf0f28,48,857.7,,explicit
spatial,scene_0032,both,text_only,sketchvla_prompt_conditioned_latent_action,blank,1,False,,240,False,False,,True,False,False,,False,,False,0.1086,,,,,,,,1ef5d1f411564ab6,c74b39edfeb4807e,19be239759a605da,48,806.6,,explicit
spatial,scene_0032,both,text_only,sketchvla_prompt_conditioned_latent_action,blank,2,False,,240,False,False,,True,True,True,akita_black_bowl_2,False,,False,0.1455,,,,,,,,1ef5d1f411564ab6,ebc87daa52e1bbc8,932b884658987d4e,48,878.0,,explicit
spatial,scene_0032,both,text_only,sketchvla_prompt_conditioned_latent_action,blank,3,False,,240,False,False,,True,False,False,,False,,False,0.1086,,,,,,,,1ef5d1f411564ab6,976574dd8600b30c,2dc8725dfec117e7,48,786.7,,explicit
spatial,scene_0032,both,text_only,sketchvla_prompt_conditioned_latent_action,blank,4,False,,240,False,False,,True,False,False,,False,,False,0.1086,,,,,,,,1ef5d1f411564ab6,a0c38f8d73c52c28,10ec66ca1b20e5c6,48,768.8,,explicit
spatial,scene_0032,both,text_only,sketchvla_prompt_conditioned_latent_action,blank,5,False,,240,False,False,,True,True,True,akita_black_bowl_2,False,,False,0.1329,,,,,,,,1ef5d1f411564ab6,adc961d5abfcbf24,b7e80484734a4063,48,785.9,,explicit
spatial,scene_0032,both,text_only,sketchvla_prompt_conditioned_latent_action,blank,6,False,,240,False,False,,True,True,True,akita_black_bowl_2,False,,False,0.1364,,,,,,,,1ef5d1f411564ab6,dfcf73072d88f2a8,b4f0d58378305d11,48,786.4,,explicit
spatial,scene_0032,both,text_only,sketchvla_prompt_conditioned_latent_action,blank,7,False,,240,False,False,,True,False,False,,False,,False,0.1086,,,,,,,,1ef5d1f411564ab6,9ac9eb7b27348307,303e3e1f9de4bc50,48,773.3,,explicit
spatial,scene_0032,both,text_only,sketchvla_prompt_conditioned_latent_action,blank,8,False,,240,False,False,,True,False,False,,False,,False,0.1086,,,,,,,,1ef5d1f411564ab6,56465104aedf7fe5,ab98036136a24142,48,787.0,,explicit
spatial,scene_0032,both,text_only,sketchvla_prompt_conditioned_latent_action,blank,9,False,,240,False,False,,True,False,False,,False,,False,0.1086,,,,,,,,1ef5d1f411564ab6,afab5270207ed0a9,c275281f144ba277,48,848.8,,explicit
spatial,scene_0032,both,text_only,sketchvla_prompt_conditioned_latent_action,blank,10,False,,240,False,False,,True,False,False,,False,,False,0.1086,,,,,,,,1ef5d1f411564ab6,d14af70dde64d6bd,2438f8aaf455635e,48,778.6,,explicit
spatial,scene_0032,both,text_only,sketchvla_prompt_conditioned_latent_action,blank,11,False,,240,False,False,,True,False,False,,False,,False,0.1086,,,,,,,,1ef5d1f411564ab6,e7fd21d3ce0d4d30,b0c8f60b59f039ff,48,773.0,,explicit
spatial,scene_0032,both,text_only,sketchvla_prompt_conditioned_latent_action,blank,12,False,,240,False,False,,True,False,False,,False,,False,0.1086,,,,,,,,1ef5d1f411564ab6,8fa67822a6640251,007ee33a8177b0be,48,733.9,,explicit
spatial,scene_0032,both,text_only,sketchvla_prompt_conditioned_latent_action,blank,13,False,,240,False,False,,True,False,False,,False,,False,0.1086,,,,,,,,1ef5d1f411564ab6,adc219c941a50aee,c5f3e50cd6e91c73,48,786.4,,explicit
spatial,scene_0033,both,text_only,sketchvla_prompt_conditioned_latent_action,blank,0,False,,240,False,False,,True,True,True,glazed_rim_porcelain_ramekin_2,False,plate_3,True,0.0224,,,,,,,,d150379b3af48570,47069baa57f29fde,cf35f8c566841cd6,48,841.0,,explicit
spatial,scene_0033,both,text_only,sketchvla_prompt_conditioned_latent_action,blank,1,False,,240,False,False,,True,True,True,glazed_rim_porcelain_ramekin_2,False,,False,0.0977,,,,,,,,d150379b3af48570,bedcc4b11aaea5eb,b18fbe2bed49f390,48,819.5,,explicit
spatial,scene_0033,both,text_only,sketchvla_prompt_conditioned_latent_action,blank,2,False,,240,False,False,,True,True,True,glazed_rim_porcelain_ramekin_2,False,,False,0.0984,,,,,,,,d150379b3af48570,5092cbb864851080,a6eff0866402b21e,48,880.4,,explicit
spatial,scene_0033,both,text_only,sketchvla_prompt_conditioned_latent_action,blank,3,False,,240,False,False,,True,True,True,glazed_rim_porcelain_ramekin_2,False,,False,0.0925,,,,,,,,d150379b3af48570,4cbd564922a86fd8,8e88d385196022bf,48,815.1,,explicit
spatial,scene_0033,both,text_only,sketchvla_prompt_conditioned_latent_action,blank,4,False,,240,False,False,,True,True,True,glazed_rim_porcelain_ramekin_2,False,,False,0.0974,,,,,,,,d150379b3af48570,5a7113a8e6a097ec,e471c301d4566343,48,772.6,,explicit
spatial,scene_0033,both,text_only,sketchvla_prompt_conditioned_latent_action,blank,5,False,,240,False,False,,True,True,True,glazed_rim_porcelain_ramekin_2,False,,False,0.0973,,,,,,,,d150379b3af48570,f6546aa8b349f5fb,fdd9f224fd7a9e5b,48,792.9,,explicit
spatial,scene_0033,both,text_only,sketchvla_prompt_conditioned_latent_action,blank,6,False,,240,False,False,,True,False,False,,False,,False,0.2181,,,,,,,,d150379b3af48570,4a92f14fee004b80,1146e685060c6cfa,48,787.5,,explicit
spatial,scene_0033,both,text_only,sketchvla_prompt_conditioned_latent_action,blank,7,False,,240,False,False,,True,True,True,glazed_rim_porcelain_ramekin_2,False,plate_3,True,0.0247,,,,,,,,d150379b3af48570,98dea92d938813fa,678f295fdfb59c73,48,783.1,,explicit
spatial,scene_0033,both,text_only,sketchvla_prompt_conditioned_latent_action,blank,8,False,,240,False,False,,True,True,True,glazed_rim_porcelain_ramekin_2,False,,False,0.0874,,,,,,,,d150379b3af48570,b978616edb3de17e,4ce791d186104a66,48,776.9,,explicit
spatial,scene_0033,both,text_only,sketchvla_prompt_conditioned_latent_action,blank,9,False,,240,False,False,,True,True,True,glazed_rim_porcelain_ramekin_2,False,plate_3,True,0.055,,,,,,,,d150379b3af48570,cf7dc187a7e33fe3,c3b10c24568c12b8,48,838.5,,explicit
spatial,scene_0033,both,text_only,sketchvla_prompt_conditioned_latent_action,blank,10,False,,240,False,False,,True,False,False,,False,,False,0.2181,,,,,,,,d150379b3af48570,90773dc373f823fb,bd16f4b6108e4176,48,782.7,,explicit
spatial,scene_0033,both,text_only,sketchvla_prompt_conditioned_latent_action,blank,11,False,,240,False,False,,True,True,True,glazed_rim_porcelain_ramekin_2,False,plate_3,True,0.0546,,,,,,,,d150379b3af48570,58dbca7ef79e5418,4e4a7723f1366fdf,48,759.4,,explicit
spatial,scene_0033,both,text_only,sketchvla_prompt_conditioned_latent_action,blank,12,False,,240,False,False,,True,True,True,glazed_rim_porcelain_ramekin_2,False,plate_3,True,0.0166,,,,,,,,d150379b3af48570,00b8b6f7902e7e8b,7220196c1c85c9f7,48,736.7,,explicit
spatial,scene_0033,both,text_only,sketchvla_prompt_conditioned_latent_action,blank,13,False,,240,False,False,,True,True,True,glazed_rim_porcelain_ramekin_2,False,,False,0.0847,,,,,,,,d150379b3af48570,ad9b85c99be65f2c,f114d04bed8a62e1,48,789.1,,explicit
spatial,scene_0034,both,text_only,sketchvla_prompt_conditioned_latent_action,blank,0,False,,240,False,False,,True,False,False,,False,,False,0.1178,,,,,,,,bfafef5672990090,5e1590e853a9bc5e,6dd72bff741408ec,48,493.9,,explicit
spatial,scene_0034,both,text_only,sketchvla_prompt_conditioned_latent_action,blank,1,False,,240,False,False,,True,True,True,glazed_rim_porcelain_ramekin_2,False,,False,0.126,,,,,,,,bfafef5672990090,e567f4e9ca57eea7,e7223fc55bcbe7f1,48,498.2,,explicit
spatial,scene_0034,both,text_only,sketchvla_prompt_conditioned_latent_action,blank,2,False,,240,False,False,,True,True,True,glazed_rim_porcelain_ramekin_2,False,,False,0.1026,,,,,,,,bfafef5672990090,07d8cfb8e9673b74,0de59041d4ed0f9e,48,503.3,,explicit
spatial,scene_0034,both,text_only,sketchvla_prompt_conditioned_latent_action,blank,3,False,,240,False,False,,True,False,False,,False,,False,0.1178,,,,,,,,bfafef5672990090,1b14f66251fc23fa,94971c51f5b403aa,48,481.3,,explicit
spatial,scene_0034,both,text_only,sketchvla_prompt_conditioned_latent_action,blank,4,False,,240,False,False,,True,False,False,,False,,False,0.1178,,,,,,,,bfafef5672990090,290e0487f8343b95,ef035370fc7099f8,48,495.7,,explicit
spatial,scene_0034,both,text_only,sketchvla_prompt_conditioned_latent_action,blank,5,False,,240,False,False,,True,True,True,glazed_rim_porcelain_ramekin_2,False,,False,0.1388,,,,,,,,bfafef5672990090,871eacc7c128f05f,23b322b7f87984d9,48,482.6,,explicit
spatial,scene_0034,both,text_only,sketchvla_prompt_conditioned_latent_action,blank,6,False,,240,False,False,,True,True,True,glazed_rim_porcelain_ramekin_2,False,,False,0.1276,,,,,,,,bfafef5672990090,3ea49cb4187dfc14,c7472ccbf7fb04cd,48,501.9,,explicit
spatial,scene_0034,both,text_only,sketchvla_prompt_conditioned_latent_action,blank,7,False,,240,False,False,,True,True,True,glazed_rim_porcelain_ramekin_2,False,,False,0.1229,,,,,,,,bfafef5672990090,adf2e6bd2816c794,373f477efb11dbb0,48,513.5,,explicit
spatial,scene_0034,both,text_only,sketchvla_prompt_conditioned_latent_action,blank,8,False,,240,False,False,,True,True,True,glazed_rim_porcelain_ramekin_2,False,,False,0.1345,,,,,,,,bfafef5672990090,da83bd212b3b6b4c,6c5de5f3b7e94233,48,480.0,,explicit
spatial,scene_0034,both,text_only,sketchvla_prompt_conditioned_latent_action,blank,9,False,,240,False,False,,True,True,True,glazed_rim_porcelain_ramekin_2,False,,False,0.1164,,,,,,,,bfafef5672990090,8f18f01cdd34ca6e,533a4358623df419,48,501.0,,explicit
spatial,scene_0034,both,text_only,sketchvla_prompt_conditioned_latent_action,blank,10,False,,240,False,False,,True,True,True,glazed_rim_porcelain_ramekin_2,False,,False,0.1159,,,,,,,,bfafef5672990090,917f320d6d57f193,3fdcb16fcc6f7dc5,48,488.7,,explicit
spatial,scene_0034,both,text_only,sketchvla_prompt_conditioned_latent_action,blank,11,False,,240,False,False,,True,True,True,glazed_rim_porcelain_ramekin_2,False,,False,0.1133,,,,,,,,bfafef5672990090,517dda09747230cc,0d58cc3d11aa0f38,48,506.3,,explicit
spatial,scene_0034,both,text_only,sketchvla_prompt_conditioned_latent_action,blank,12,False,,240,False,False,,True,True,True,glazed_rim_porcelain_ramekin_2,False,,False,0.1198,,,,,,,,bfafef5672990090,0379c52ab1347e4c,de996473be589566,48,484.6,,explicit
spatial,scene_0034,both,text_only,sketchvla_prompt_conditioned_latent_action,blank,13,False,,240,False,False,,True,True,True,glazed_rim_porcelain_ramekin_2,False,,False,0.1092,,,,,,,,bfafef5672990090,8c0f21016f150edb,84c2acbe42908781,48,478.9,,explicit
spatial,scene_0035,both,text_only,sketchvla_prompt_conditioned_latent_action,blank,0,False,,240,False,False,,True,False,False,,False,,False,0.1454,,,,,,,,7497f3aa3d791c76,c89f1d45a04c572a,e5073531b035250b,48,789.2,,explicit
spatial,scene_0035,both,text_only,sketchvla_prompt_conditioned_latent_action,blank,1,False,,240,False,False,,True,True,True,glazed_rim_porcelain_ramekin_2,False,,False,0.1163,,,,,,,,7497f3aa3d791c76,61d39574e424a680,b56df878a414e460,48,742.9,,explicit
spatial,scene_0035,both,text_only,sketchvla_prompt_conditioned_latent_action,blank,2,False,,240,False,False,,True,False,False,,False,,False,0.1443,,,,,,,,7497f3aa3d791c76,502594a0f1459ad3,b0cf4f18c6803dea,48,774.9,,explicit
spatial,scene_0035,both,text_only,sketchvla_prompt_conditioned_latent_action,blank,3,False,,240,False,False,,True,True,True,glazed_rim_porcelain_ramekin_2,False,,False,0.1596,,,,,,,,7497f3aa3d791c76,78667d3e64d74481,52397675eea65a13,48,749.0,,explicit
spatial,scene_0035,both,text_only,sketchvla_prompt_conditioned_latent_action,blank,4,False,,240,False,False,,True,True,True,glazed_rim_porcelain_ramekin_2,False,,False,0.1126,,,,,,,,7497f3aa3d791c76,4232e56138b12fa5,0248e93e338e36d5,48,753.4,,explicit
spatial,scene_0035,both,text_only,sketchvla_prompt_conditioned_latent_action,blank,5,False,,240,False,False,,True,False,False,,False,,False,0.1454,,,,,,,,7497f3aa3d791c76,8ee56e1f082ac8ef,9956ccbc892b4069,48,649.5,,explicit
spatial,scene_0035,both,text_only,sketchvla_prompt_conditioned_latent_action,blank,6,False,,240,False,False,,True,False,False,,False,,False,0.1433,,,,,,,,7497f3aa3d791c76,37a38fe892ee4d34,4717f50655a580da,48,655.6,,explicit
spatial,scene_0035,both,text_only,sketchvla_prompt_conditioned_latent_action,blank,7,False,,240,False,False,,True,False,False,,False,,False,0.1417,,,,,,,,7497f3aa3d791c76,063f355830b83900,2ce81e6ff64bc147,48,636.3,,explicit
spatial,scene_0035,both,text_only,sketchvla_prompt_conditioned_latent_action,blank,8,False,,240,False,False,,True,False,False,,False,,False,0.1454,,,,,,,,7497f3aa3d791c76,f207d600fa44e98b,a901e9b9d9933ded,48,666.9,,explicit
spatial,scene_0035,both,text_only,sketchvla_prompt_conditioned_latent_action,blank,9,False,,240,False,False,,True,True,True,glazed_rim_porcelain_ramekin_2,False,,False,0.1366,,,,,,,,7497f3aa3d791c76,4d23fea7fdf41216,f0de2ae1bc81f9ae,48,666.5,,explicit
spatial,scene_0035,both,text_only,sketchvla_prompt_conditioned_latent_action,blank,10,False,,240,False,False,,True,True,True,glazed_rim_porcelain_ramekin_2,False,,False,0.1318,,,,,,,,7497f3aa3d791c76,e0646eafdcaca700,630b8481fabed0e5,48,652.4,,explicit
spatial,scene_0035,both,text_only,sketchvla_prompt_conditioned_latent_action,blank,11,False,,240,False,False,,True,False,False,,False,,False,0.1454,,,,,,,,7497f3aa3d791c76,a26aedf4be9949be,d3e63fab2b4251b8,48,650.7,,explicit
spatial,scene_0035,both,text_only,sketchvla_prompt_conditioned_latent_action,blank,12,False,,240,False,False,,True,True,True,glazed_rim_porcelain_ramekin_2,False,,False,0.1655,,,,,,,,7497f3aa3d791c76,ba35a49b8b229425,f6c7b75b8e45f4c5,48,666.3,,explicit
spatial,scene_0035,both,text_only,sketchvla_prompt_conditioned_latent_action,blank,13,False,,240,False,False,,True,False,False,,False,,False,0.1453,,,,,,,,7497f3aa3d791c76,b778360b4868b89c,70038be7db034291,48,653.1,,explicit
spatial,scene_0036,both,text_only,sketchvla_prompt_conditioned_latent_action,blank,0,False,,240,False,False,,True,True,True,plate_3,False,plate_3,False,0.0,,,,,,,,5ddf58cd0fd4545d,9b2cd119d27eecf9,f5e71f57c81dc542,48,778.7,,explicit
spatial,scene_0036,both,text_only,sketchvla_prompt_conditioned_latent_action,blank,1,False,,240,False,False,,True,True,True,plate_3,False,plate_3,False,0.0,,,,,,,,5ddf58cd0fd4545d,747fdce8e9de9c8d,faf05a8ce35ac13d,48,747.4,,explicit
spatial,scene_0036,both,text_only,sketchvla_prompt_conditioned_latent_action,blank,2,False,,240,False,False,,True,True,True,plate_3,False,plate_3,False,0.0,,,,,,,,5ddf58cd0fd4545d,9c7cb257f92dbea8,0f2394570474e9e8,48,769.6,,explicit
spatial,scene_0036,both,text_only,sketchvla_prompt_conditioned_latent_action,blank,3,False,,240,False,False,,True,True,True,plate_3,False,plate_3,False,0.0,,,,,,,,5ddf58cd0fd4545d,5f7a500ebbf4c713,6ccb269e69ba2b6e,48,745.3,,explicit
spatial,scene_0036,both,text_only,sketchvla_prompt_conditioned_latent_action,blank,4,False,,240,False,False,,True,False,False,,False,,False,0.1235,,,,,,,,5ddf58cd0fd4545d,4c16413404eea45f,26c4aea83bad2f0e,48,757.3,,explicit
spatial,scene_0036,both,text_only,sketchvla_prompt_conditioned_latent_action,blank,5,False,,240,False,False,,True,True,True,plate_3,False,plate_3,False,0.0,,,,,,,,5ddf58cd0fd4545d,d947e78d14dc327f,9ae649117efe6425,48,643.1,,explicit
spatial,scene_0036,both,text_only,sketchvla_prompt_conditioned_latent_action,blank,6,False,,240,False,False,,True,False,False,,False,,False,0.1155,,,,,,,,5ddf58cd0fd4545d,3b3730a8aee1f4ce,6ba2627354391a8a,48,662.0,,explicit
spatial,scene_0036,both,text_only,sketchvla_prompt_conditioned_latent_action,blank,7,False,,240,False,False,,True,False,False,,False,,False,0.1277,,,,,,,,5ddf58cd0fd4545d,0fcc3e155649f797,7e636b810be5fddd,48,653.2,,explicit
spatial,scene_0036,both,text_only,sketchvla_prompt_conditioned_latent_action,blank,8,False,,240,False,False,,True,True,True,plate_1,False,plate_1,False,0.0,,,,,,,,5ddf58cd0fd4545d,c2ccf00289524b6f,f6e4597ba0869ddb,48,664.8,,explicit
spatial,scene_0036,both,text_only,sketchvla_prompt_conditioned_latent_action,blank,9,False,,240,False,False,,True,False,False,,False,,False,0.1171,,,,,,,,5ddf58cd0fd4545d,12f4489bceb059d7,eeda19512f0a3284,48,676.7,,explicit
spatial,scene_0036,both,text_only,sketchvla_prompt_conditioned_latent_action,blank,10,False,,240,False,False,,True,False,False,,False,,False,0.1188,,,,,,,,5ddf58cd0fd4545d,70a419028924d7d6,600fc3055335eee1,48,662.9,,explicit
spatial,scene_0036,both,text_only,sketchvla_prompt_conditioned_latent_action,blank,11,False,,240,False,False,,True,False,False,,False,,False,0.1198,,,,,,,,5ddf58cd0fd4545d,d0e34858e104bf41,c45e1614bcb5c94c,48,672.4,,explicit
spatial,scene_0036,both,text_only,sketchvla_prompt_conditioned_latent_action,blank,12,False,,240,False,False,,True,False,False,,False,,False,0.1169,,,,,,,,5ddf58cd0fd4545d,1219769326a6b94b,2537eee397a4bf5e,48,665.7,,explicit
spatial,scene_0036,both,text_only,sketchvla_prompt_conditioned_latent_action,blank,13,False,,240,False,False,,True,True,True,plate_1,False,plate_1,False,0.0,,,,,,,,5ddf58cd0fd4545d,3cb24900fc81b997,49165ed5b800765d,48,675.8,,explicit
spatial,scene_0037,both,text_only,sketchvla_prompt_conditioned_latent_action,blank,0,False,,240,False,False,,True,False,False,,False,,False,0.1171,,,,,,,,8f85ef2e321786bb,135f9312c66cf350,e8bf9c6f786f5507,48,499.6,,explicit
spatial,scene_0037,both,text_only,sketchvla_prompt_conditioned_latent_action,blank,1,False,,240,False,False,,True,False,False,,False,,False,0.1171,,,,,,,,8f85ef2e321786bb,f3f052485e3ec0c5,750dc267163ad43e,48,499.4,,explicit
spatial,scene_0037,both,text_only,sketchvla_prompt_conditioned_latent_action,blank,2,False,,240,False,False,,True,True,True,cookies_2,False,,False,0.1338,,,,,,,,8f85ef2e321786bb,9ffe6230061af120,af417695a21733dd,48,496.5,,explicit
spatial,scene_0037,both,text_only,sketchvla_prompt_conditioned_latent_action,blank,3,False,,240,False,False,,True,False,False,,False,,False,0.1171,,,,,,,,8f85ef2e321786bb,89762b0c339db30e,5e4bf579e9ac2e45,48,466.4,,explicit
spatial,scene_0037,both,text_only,sketchvla_prompt_conditioned_latent_action,blank,4,False,,240,False,False,,True,True,True,cookies_2,False,plate_2,False,0.0757,,,,,,,,8f85ef2e321786bb,1f1ff9376b41f743,81da299629809f13,48,501.2,,explicit
spatial,scene_0037,both,text_only,sketchvla_prompt_conditioned_latent_action,blank,5,False,,240,False,False,,True,False,False,,False,,False,0.1171,,,,,,,,8f85ef2e321786bb,e5d3f39d2023a10e,0737e137207724a7,48,490.8,,explicit
spatial,scene_0037,both,text_only,sketchvla_prompt_conditioned_latent_action,blank,6,False,,240,False,False,,True,True,True,cookies_2,False,,False,0.1472,,,,,,,,8f85ef2e321786bb,938c26efb9dc1cd5,0f90de3f965bd802,48,509.8,,explicit
spatial,scene_0037,both,text_only,sketchvla_prompt_conditioned_latent_action,blank,7,False,,240,False,False,,True,True,True,cookies_2,False,,False,0.113,,,,,,,,8f85ef2e321786bb,c22499d0586f9d26,226d42c3f7641ba6,48,488.9,,explicit
spatial,scene_0037,both,text_only,sketchvla_prompt_conditioned_latent_action,blank,8,False,,240,False,False,,True,False,False,,False,,False,0.1171,,,,,,,,8f85ef2e321786bb,2ca9ca81a06f67b6,43ef4923c0e2bd57,48,490.0,,explicit
spatial,scene_0037,both,text_only,sketchvla_prompt_conditioned_latent_action,blank,9,False,,240,False,False,,True,False,False,,False,,False,0.1171,,,,,,,,8f85ef2e321786bb,48426ff8786dede6,b81e8807a44bb3df,48,502.8,,explicit
spatial,scene_0037,both,text_only,sketchvla_prompt_conditioned_latent_action,blank,10,False,,240,False,False,,True,False,False,,False,,False,0.1171,,,,,,,,8f85ef2e321786bb,c1c842e2bf35d80a,ec14adb5022f7cdd,48,485.2,,explicit
spatial,scene_0037,both,text_only,sketchvla_prompt_conditioned_latent_action,blank,11,False,,240,False,False,,True,True,True,cookies_2,False,,False,0.1028,,,,,,,,8f85ef2e321786bb,01b51a15328317f8,1dff6916cd2311b0,48,493.9,,explicit
spatial,scene_0037,both,text_only,sketchvla_prompt_conditioned_latent_action,blank,12,False,,240,False,False,,True,True,True,glazed_rim_porcelain_ramekin_2,False,,False,0.0934,,,,,,,,8f85ef2e321786bb,72d5cf5a32fa4e05,8d3ff6b636f23765,48,468.9,,explicit
spatial,scene_0037,both,text_only,sketchvla_prompt_conditioned_latent_action,blank,13,False,,240,False,False,,True,False,False,,False,,False,0.1171,,,,,,,,8f85ef2e321786bb,3df668f9c0799988,788896c2a3f0a5f7,48,474.8,,explicit
