suite,dir,tier,condition,policy,sketch_route,rollout_idx,skipped,skip_reason,n_steps,success_final,success_sustained,first_success_step,grasp_success_flag,grasped_any,lifted,grasped_instance,correct_instance_grasped,nearest_destination,correct_destination,terminal_dist_xy,sketch_referent_object,sketch_referent_destination,sketch_fidelity_object,sketch_fidelity_destination,deproject,z_pick,z_place,init_state_hash,init_warmstart_hash,final_state_hash,n_infer_calls,infer_ms_mean,pi05_sketch_mode,prompt_type
spatial,scene_0000,control,text_only,pi05,tokens,0,False,,240,False,False,,True,True,True,akita_black_bowl_1,True,,False,0.2903,,,,,plane,,,d1b42b0dcd62c359,6ca719971eabe548,f759be8f7959b565,48,86.9,none,ambiguous
spatial,scene_0000,control,text_only,pi05,tokens,1,False,,240,False,False,,True,True,True,akita_black_bowl_1,True,,False,0.2835,,,,,plane,,,d1b42b0dcd62c359,1dffe9b4919bafa3,4a69ca0f91b9d1e2,48,87.2,none,ambiguous
spatial,scene_0000,control,text_only,pi05,tokens,2,False,,240,False,False,,True,True,True,akita_black_bowl_1,True,,False,0.2835,,,,,plane,,,d1b42b0dcd62c359,6711079e1776abaa,d4e88137375f7455,48,87.5,none,ambiguous
spatial,scene_0000,control,text_only,pi05,tokens,3,False,,240,False,False,,True,True,True,akita_black_bowl_1,True,,False,0.392,,,,,plane,,,d1b42b0dcd62c359,be0b538b4e1e9bab,ab8a8a0d8e4f9497,48,86.6,none,ambiguous
spatial,scene_0000,control,text_only,pi05,tokens,4,False,,240,False,False,,True,True,True,akita_black_bowl_1,True,,False,0.2773,,,,,plane,,,d1b42b0dcd62c359,92acad47fb801adf,c387b283912329c5,48,87.0,none,ambiguous
spatial,scene_0000,control,text_only,pi05,tokens,5,False,,240,False,False,,True,True,True,akita_black_bowl_1,True,,False,0.3032,,,,,plane,,,d1b42b0dcd62c359,01736ef47183a5e2,0d59f9b5085748c4,48,86.3,none,ambiguous
spatial,scene_0000,control,text_only,pi05,tokens,6,False,,240,False,False,,True,True,True,akita_black_bowl_1,True,,False,0.3001,,,,,plane,,,d1b42b0dcd62c359,f06537bae8bf1f05,616e1773334392f8,48,86.2,none,ambiguous
spatial,scene_0000,control,text_only,pi05,tokens,7,False,,240,False,False,,True,True,True,akita_black_bowl_1,True,,False,0.2848,,,,,plane,,,d1b42b0dcd62c359,dbffa847bb8af8aa,2a8022c130b44c22,48,87.4,none,ambiguous
spatial,scene_0000,control,text_only,pi05,tokens,8,False,,240,False,False,,True,True,True,akita_black_bowl_1,True,,False,0.3021,,,,,plane,,,d1b42b0dcd62c359,182e077da49e127f,50959412884cfccf,48,86.9,none,ambiguous
spatial,scene_0000,control,text_only,pi05,tokens,9,False,,240,False,False,,True,True,True,akita_black_bowl_1,True,,False,0.2837,,,,,plane,,,d1b42b0dcd62c359,63cb92786c7d9fdc,be751c8160ff7acc,48,87.1,none,ambiguous
spatial,scene_0000,control,text_only,pi05,tokens,10,False,,240,False,False,,True,True,True,akita_black_bowl_1,True,,False,0.2881,,,,,plane,,,d1b42b0dcd62c359,b444d0f3f7a23764,9a22f508bd931e14,48,87.4,none,ambiguous
spatial,scene_0000,control,text_only,pi05,tokens,11,False,,240,False,False,,True,True,True,akita_black_bowl_1,True,,False,0.2629,,,,,plane,,,d1b42b0dcd62c359,001303e308010bb7,b4de58046da35a8a,48,86.9,none,ambiguous
spatial,scene_0000,control,text_only,pi05,tokens,12,False,,240,False,False,,True,True,True,akita_black_bowl_1,True,,False,0.2447,,,,,plane,,,d1b42b0dcd62c359,422909858d72a699,c8e7e78639dc496b,48,86.2,none,ambiguous
spatial,scene_0000,control,text_only,pi05,tokens,13,False,,240,False,False,,True,True,True,akita_black_bowl_1,True,,False,0.2742,,,,,plane,,,d1b42b0dcd62c359,62e840864a0aca03,1817d4d69694fc48,48,85.7,none,ambiguous
spatial,scene_0001,control,text_only,pi05,tokens,0,False,,240,False,False,,True,True,True,cookies_1,False,,False,0.1389,,,,,plane,,,52a969ecb73b891c,a8dbc733bc912815,d7aa643c5078e379,48,86.3,none,ambiguous
spatial,scene_0001,control,text_only,pi05,tokens,1,False,,240,False,False,,True,True,True,cookies_1,False,,False,0.1491,,,,,plane,,,52a969ecb73b891c,466befa857d88120,2ae47cd5ba1dddb8,48,87.9,none,ambiguous
spatial,scene_0001,control,text_only,pi05,tokens,2,False,,240,False,False,,True,True,True,cookies_1,False,,False,0.1399,,,,,plane,,,52a969ecb73b891c,2fb49609d1f90833,88848c47e238ed5d,48,87.0,none,ambiguous
spatial,scene_0001,control,text_only,pi05,tokens,3,False,,240,False,False,,True,True,True,cookies_1,False,,False,0.1353,,,,,plane,,,52a969ecb73b891c,c9d187e3670b19b5,43ec5c41d51f2d19,48,87.7,none,ambiguous
spatial,scene_0001,control,text_only,pi05,tokens,4,False,,240,False,False,,True,True,True,cookies_1,False,,False,0.1578,,,,,plane,,,52a969ecb73b891c,5ccf561615db5c9b,e1ce82583ea7fb38,48,87.6,none,ambiguous
spatial,scene_0001,control,text_only,pi05,tokens,5,False,,240,False,False,,True,True,True,cookies_1,False,plate_1,True,0.0086,,,,,plane,,,52a969ecb73b891c,b1986fc8cfbc7af8,35f01d5ee5ecc43d,48,85.9,none,ambiguous
spatial,scene_0001,control,text_only,pi05,tokens,6,False,,240,False,False,,True,True,True,cookies_1,False,,False,0.1353,,,,,plane,,,52a969ecb73b891c,c6028d52c55e0e8e,997f771661f9e0e5,48,85.6,none,ambiguous
spatial,scene_0001,control,text_only,pi05,tokens,7,False,,240,False,False,,True,True,True,cookies_1,False,,False,0.1353,,,,,plane,,,52a969ecb73b891c,1e6ed7bc71d64d22,9521ec6050ec9709,48,86.4,none,ambiguous
spatial,scene_0001,control,text_only,pi05,tokens,8,False,,240,False,False,,True,True,True,cookies_1,False,,False,0.151,,,,,plane,,,52a969ecb73b891c,8adb86d2d621f26a,87bf4d241f4d847b,48,86.7,none,ambiguous
spatial,scene_0001,control,text_only,pi05,tokens,9,False,,240,False,False,,True,True,True,cookies_1,False,,False,0.1508,,,,,plane,,,52a969ecb73b891c,482f10ddf008a99e,b22a3ea2c05220c4,48,87.4,none,ambiguous
spatial,scene_0001,control,text_only,pi05,tokens,10,False,,240,False,False,,True,True,True,cookies_1,False,,False,0.0804,,,,,plane,,,52a969ecb73b891c,54284e6a05868231,fcfd980c896cc0ed,48,86.8,none,ambiguous
spatial,scene_0001,control,text_only,pi05,tokens,11,False,,240,False,False,,True,True,True,cookies_1,False,,False,0.1473,,,,,plane,,,52a969ecb73b891c,a5c478cc0d7ec63f,8ab5493d354e6be5,48,87.0,none,ambiguous
spatial,scene_0001,control,text_only,pi05,tokens,12,False,,240,False,False,,True,True,True,cookies_1,False,,False,0.1365,,,,,plane,,,52a969ecb73b891c,3fce8ccfebfe14e3,a59c419e66a2f39e,48,86.5,none,ambiguous
spatial,scene_0001,control,text_only,pi05,tokens,13,False,,240,False,False,,True,True,True,cookies_1,False,,False,0.1502,,,,,plane,,,52a969ecb73b891c,ef45c54568fc418d,f728ead94850db4c,48,86.7,none,ambiguous
spatial,scene_0002,control,text_only,pi05,tokens,0,False,,240,True,True,149,True,True,True,akita_black_bowl_1,True,plate_1,True,0.0231,,,,,plane,,,d623ad20cb2fe88c,c5f80fbf3fb09647,0f3e6b2f367325cf,48,86.2,none,ambiguous
spatial,scene_0002,control,text_only,pi05,tokens,1,False,,240,False,True,231,True,True,True,akita_black_bowl_1,True,plate_1,True,0.0264,,,,,plane,,,d623ad20cb2fe88c,3e51b2681216e7e4,2158e5ead7035c1f,48,87.0,none,ambiguous
spatial,scene_0002,control,text_only,pi05,tokens,2,False,,240,False,False,,True,True,True,glazed_rim_porcelain_ramekin_1,False,,False,0.3047,,,,,plane,,,d623ad20cb2fe88c,57b86990e02a0cca,ad64d82098e631f3,48,86.0,none,ambiguous
spatial,scene_0002,control,text_only,pi05,tokens,3,False,,240,False,False,,True,True,True,akita_black_bowl_1,True,plate_1,True,0.0651,,,,,plane,,,d623ad20cb2fe88c,4d33a6136839039e,1b117636132d0907,48,87.3,none,ambiguous
spatial,scene_0002,control,text_only,pi05,tokens,4,False,,240,True,True,123,True,True,True,akita_black_bowl_1,True,plate_1,True,0.0218,,,,,plane,,,d623ad20cb2fe88c,11e8069a82d956aa,be6fa17a5672f199,48,87.2,none,ambiguous
spatial,scene_0002,control,text_only,pi05,tokens,5,False,,240,False,False,,True,True,True,glazed_rim_porcelain_ramekin_1,False,,False,0.2963,,,,,plane,,,d623ad20cb2fe88c,daa39c30b221f7f7,a18c8f45637e58bf,48,86.8,none,ambiguous
spatial,scene_0002,control,text_only,pi05,tokens,6,False,,240,False,False,,True,True,True,glazed_rim_porcelain_ramekin_1,False,,False,0.3013,,,,,plane,,,d623ad20cb2fe88c,5a3eb3cbf6129e8f,a7f0b369865df727,48,86.6,none,ambiguous
spatial,scene_0002,control,text_only,pi05,tokens,7,False,,240,False,False,,True,True,True,glazed_rim_porcelain_ramekin_1,False,,False,0.2116,,,,,plane,,,d623ad20cb2fe88c,f542cf37607bdf2c,b32307b6d29e2fca,48,86.7,none,ambiguous
spatial,scene_0002,control,text_only,pi05,tokens,8,False,,240,False,False,,True,True,True,akita_black_bowl_1,True,,False,0.2263,,,,,plane,,,d623ad20cb2fe88c,4aa3671711b288ec,ce67bc40471b50a5,48,86.7,none,ambiguous
spatial,scene_0002,control,text_only,pi05,tokens,9,False,,240,False,False,,True,True,True,glazed_rim_porcelain_ramekin_1,False,,False,0.2742,,,,,plane,,,d623ad20cb2fe88c,5f63fcf80d219a1e,0f4b946b993f4285,48,86.5,none,ambiguous
spatial,scene_0002,control,text_only,pi05,tokens,10,False,,240,True,True,130,True,True,True,akita_black_bowl_1,True,plate_1,True,0.017,,,,,plane,,,d623ad20cb2fe88c,dac58154cffcabc6,5ea3edce8f1cce23,48,86.1,none,ambiguous
spatial,scene_0002,control,text_only,pi05,tokens,11,False,,240,True,True,171,True,True,True,akita_black_bowl_1,True,plate_1,True,0.0198,,,,,plane,,,d623ad20cb2fe88c,cbd35d061bdb7ad0,c6b62e8303d450eb,48,86.5,none,ambiguous
spatial,scene_0002,control,text_only,pi05,tokens,12,False,,240,False,False,,True,True,True,akita_black_bowl_1,True,,False,0.2411,,,,,plane,,,d623ad20cb2fe88c,d95af10a955cb9d0,30d2b6866d4c9e77,48,85.8,none,ambiguous
spatial,scene_0002,control,text_only,pi05,tokens,13,False,,240,False,False,,True,True,True,akita_black_bowl_1,True,plate_1,True,0.0344,,,,,plane,,,d623ad20cb2fe88c,6a2d7e606b6c0a8d,d2f430fbaa1ed59b,48,87.2,none,ambiguous
spatial,scene_0003,control,text_only,pi05,tokens,0,False,,240,False,False,,True,True,True,glazed_rim_porcelain_ramekin_1,False,,False,0.1012,,,,,plane,,,48f86918170bf94c,b9d8631afb3d839b,1fd1953a87b0accf,48,87.3,none,ambiguous
spatial,scene_0003,control,text_only,pi05,tokens,1,False,,240,False,False,,True,True,True,glazed_rim_porcelain_ramekin_1,False,plate_1,True,0.0619,,,,,plane,,,48f86918170bf94c,47c43c63232a2cd9,297b101576d814d3,48,86.7,none,ambiguous
spatial,scene_0003,control,text_only,pi05,tokens,2,False,,240,False,False,,True,False,False,,False,,False,0.1301,,,,,plane,,,48f86918170bf94c,4569efc3e260c228,c2cd02081771706b,48,86.4,none,ambiguous
spatial,scene_0003,control,text_only,pi05,tokens,3,False,,240,False,False,,True,True,True,glazed_rim_porcelain_ramekin_1,False,plate_1,True,0.0592,,,,,plane,,,48f86918170bf94c,161215ee3130b906,f33afaf85707cafe,48,85.7,none,ambiguous
spatial,scene_0003,control,text_only,pi05,tokens,4,False,,240,True,True,151,True,True,True,akita_black_bowl_1,True,plate_1,True,0.009,,,,,plane,,,48f86918170bf94c,4dd898b874b3fc6b,1c4db0929f14ad1b,48,88.9,none,ambiguous
spatial,scene_0003,control,text_only,pi05,tokens,5,False,,240,False,False,,True,True,True,glazed_rim_porcelain_ramekin_1,False,,False,0.1218,,,,,plane,,,48f86918170bf94c,8d99b859515aeb3c,5c6a242a01975761,48,88.6,none,ambiguous
spatial,scene_0003,control,text_only,pi05,tokens,6,False,,240,True,True,107,True,True,True,akita_black_bowl_1,True,plate_1,True,0.0149,,,,,plane,,,48f86918170bf94c,6b354eb317ac490b,79e8080e0d365eee,48,89.6,none,ambiguous
spatial,scene_0003,control,text_only,pi05,tokens,7,False,,240,False,False,,True,True,True,glazed_rim_porcelain_ramekin_1,False,,False,0.0886,,,,,plane,,,48f86918170bf94c,a6cdc0d395710e5e,0a97d7789dcdf147,48,88.9,none,ambiguous
spatial,scene_0003,control,text_only,pi05,tokens,8,False,,240,False,False,,True,True,True,glazed_rim_porcelain_ramekin_1,False,plate_1,True,0.0056,,,,,plane,,,48f86918170bf94c,16cdf952be1b5da0,38f6028f3c3e3519,48,89.8,none,ambiguous
spatial,scene_0003,control,text_only,pi05,tokens,9,False,,240,False,False,,True,True,True,glazed_rim_porcelain_ramekin_1,False,,False,0.1061,,,,,plane,,,48f86918170bf94c,5c2e2bc91dc5fe69,8b9da66d879580d9,48,89.8,none,ambiguous
spatial,scene_0003,control,text_only,pi05,tokens,10,False,,240,False,False,,True,True,True,glazed_rim_porcelain_ramekin_1,False,plate_1,True,0.0651,,,,,plane,,,48f86918170bf94c,ac4dd94552a0d96a,083c1d8dcf7eb2c5,48,87.8,none,ambiguous
spatial,scene_0003,control,text_only,pi05,tokens,11,False,,240,False,False,230,True,True,True,akita_black_bowl_1,True,plate_1,True,0.0142,,,,,plane,,,48f86918170bf94c,7ece62380d8a9ba0,71f5ac8942ad6bd8,48,88.7,none,ambiguous
spatial,scene_0003,control,text_only,pi05,tokens,12,False,,240,False,False,,True,True,True,glazed_rim_porcelain_ramekin_1,False,plate_1,True,0.0313,,,,,plane,,,48f86918170bf94c,bd9b515b0ca791e7,90c3e0c66ee58e40,48,88.9,none,ambiguous
spatial,scene_0003,control,text_only,pi05,tokens,13,False,,240,False,False,,True,True,True,glazed_rim_porcelain_ramekin_1,False,,False,0.0996,,,,,plane,,,48f86918170bf94c,c7c657882812fe97,252cb78adfd4c101,48,86.7,none,ambiguous
spatial,scene_0004,control,text_only,pi05,tokens,0,False,,240,False,False,,True,True,True,glazed_rim_porcelain_ramekin_1,False,plate_1,True,0.0159,,,,,plane,,,1720ae1e3a2db4e0,601746b001029534,bca3cbc13d0ce727,48,87.6,none,ambiguous
spatial,scene_0004,control,text_only,pi05,tokens,1,False,,240,False,False,,True,True,True,glazed_rim_porcelain_ramekin_1,False,plate_1,True,0.0034,,,,,plane,,,1720ae1e3a2db4e0,e15624f0b702e325,aeca843acc1b3fd8,48,86.9,none,ambiguous
spatial,scene_0004,control,text_only,pi05,tokens,2,False,,240,False,False,,True,True,True,glazed_rim_porcelain_ramekin_1,False,plate_1,True,0.0085,,,,,plane,,,1720ae1e3a2db4e0,b8950405f96bb8a0,39dc03d808138cd9,48,86.6,none,ambiguous
spatial,scene_0004,control,text_only,pi05,tokens,3,False,,240,False,False,,True,True,True,glazed_rim_porcelain_ramekin_1,False,plate_1,True,0.0052,,,,,plane,,,1720ae1e3a2db4e0,93307b6064091a9f,380a8b0a3decb1e8,48,88.4,none,ambiguous
spatial,scene_0004,control,text_only,pi05,tokens,4,False,,240,False,False,,True,True,True,glazed_rim_porcelain_ramekin_1,False,plate_1,True,0.0055,,,,,plane,,,1720ae1e3a2db4e0,92f3f025946af5a1,2274a0711f18bad8,48,87.6,none,ambiguous
spatial,scene_0004,control,text_only,pi05,tokens,5,False,,240,False,False,,True,True,True,glazed_rim_porcelain_ramekin_1,False,plate_1,True,0.007,,,,,plane,,,1720ae1e3a2db4e0,28b9f8e28b7a3f76,45ef1c9d144f7049,48,87.8,none,ambiguous
spatial,scene_0004,control,text_only,pi05,tokens,6,False,,240,False,False,,True,True,True,glazed_rim_porcelain_ramekin_1,False,plate_1,True,0.0122,,,,,plane,,,1720ae1e3a2db4e0,500fd4a09532c30d,3d0c0d7af529e300,48,87.3,none,ambiguous
spatial,scene_0004,control,text_only,pi05,tokens,7,False,,240,False,False,,True,True,True,glazed_rim_porcelain_ramekin_1,False,plate_1,True,0.0088,,,,,plane,,,1720ae1e3a2db4e0,28d2a3583f95316a,29e8e4fc7cf584a0,48,88.2,none,ambiguous
spatial,scene_0004,control,text_only,pi05,tokens,8,False,,240,False,False,,True,True,True,glazed_rim_porcelain_ramekin_1,False,plate_1,True,0.0093,,,,,plane,,,1720ae1e3a2db4e0,6ac5b918362867b2,a5ab09962099a8cb,48,88.4,none,ambiguous
spatial,scene_0004,control,text_only,pi05,tokens,9,False,,240,False,False,,True,True,True,glazed_rim_porcelain_ramekin_1,False,plate_1,True,0.0092,,,,,plane,,,1720ae1e3a2db4e0,ffe89e060e8c1b15,93d221249fdf0a85,48,87.3,none,ambiguous
spatial,scene_0004,control,text_only,pi05,tokens,10,False,,240,False,False,,True,True,True,glazed_rim_porcelain_ramekin_1,False,plate_1,True,0.012,,,,,plane,,,1720ae1e3a2db4e0,c44193e36ec91955,e77e7a9665f01755,48,87.9,none,ambiguous
spatial,scene_0004,control,text_only,pi05,tokens,11,False,,240,False,False,,True,True,True,glazed_rim_porcelain_ramekin_1,False,plate_1,True,0.0138,,,,,plane,,,1720ae1e3a2db4e0,731462aaa8c93f3e,8f1334b83460f76b,48,88.1,none,ambiguous
spatial,scene_0004,control,text_only,pi05,tokens,12,False,,240,False,False,,True,True,True,glazed_rim_porcelain_ramekin_1,False,plate_1,True,0.0007,,,,,plane,,,1720ae1e3a2db4e0,4775f6398704f6a1,2360b305fbd69d4f,48,89.2,none,ambiguous
spatial,scene_0004,control,text_only,pi05,tokens,13,False,,240,False,False,,True,True,True,glazed_rim_porcelain_ramekin_1,False,plate_1,True,0.0063,,,,,plane,,,1720ae1e3a2db4e0,595180e20ea4c176,0fe1e8556940c712,48,87.6,none,ambiguous
spatial,scene_0005,referential,text_only,pi05,tokens,0,False,,240,False,False,,True,True,True,plate_1,False,plate_1,True,0.0,,,,,plane,,,f0dc1eb55adde9e8,f6f3499b5b0addd6,da41ccb921223600,48,86.8,none,ambiguous
spatial,scene_0005,referential,text_only,pi05,tokens,1,False,,240,False,False,,True,True,True,cookies_1,False,plate_1,True,0.0051,,,,,plane,,,f0dc1eb55adde9e8,4e61f09c93f0c0f6,ee2b967332d08b6f,48,87.4,none,ambiguous
spatial,scene_0005,referential,text_only,pi05,tokens,2,False,,240,False,False,,True,True,True,cookies_1,False,plate_1,True,0.0411,,,,,plane,,,f0dc1eb55adde9e8,49d6a4c864c8acfe,6c5477e80e2de025,48,87.2,none,ambiguous
spatial,scene_0005,referential,text_only,pi05,tokens,3,False,,240,False,False,,True,True,True,cookies_1,False,plate_1,True,0.0208,,,,,plane,,,f0dc1eb55adde9e8,4cb99fd73b4ba3df,57bef6196d30db23,48,87.0,none,ambiguous
spatial,scene_0005,referential,text_only,pi05,tokens,4,False,,240,False,False,,True,False,False,,False,,False,0.1898,,,,,plane,,,f0dc1eb55adde9e8,4a003288b8447f79,0bb262c031999fd1,48,88.7,none,ambiguous
spatial,scene_0005,referential,text_only,pi05,tokens,5,False,,240,False,False,,True,True,True,cookies_1,False,plate_1,True,0.0117,,,,,plane,,,f0dc1eb55adde9e8,8897cf62d05faa5c,a7c2de74c9f72798,48,87.2,none,ambiguous
spatial,scene_0005,referential,text_only,pi05,tokens,6,False,,240,False,False,,True,False,False,,False,,False,0.2099,,,,,plane,,,f0dc1eb55adde9e8,d54560d7c33179d6,2ed21188407160b9,48,86.9,none,ambiguous
spatial,scene_0005,referential,text_only,pi05,tokens,7,False,,240,False,False,,True,True,True,plate_1,False,plate_1,True,0.0,,,,,plane,,,f0dc1eb55adde9e8,72e6a969d12d1955,4f7c5b33811fa41f,48,87.1,none,ambiguous
spatial,scene_0005,referential,text_only,pi05,tokens,8,False,,240,False,False,,True,True,True,plate_1,False,plate_1,True,0.0,,,,,plane,,,f0dc1eb55adde9e8,6b4d6ade454409a2,8f3ea9cb88dbb5c5,48,87.7,none,ambiguous
spatial,scene_0005,referential,text_only,pi05,tokens,9,False,,240,False,False,,True,True,True,cookies_1,False,plate_1,True,0.0132,,,,,plane,,,f0dc1eb55adde9e8,2b789ec01ec4840c,6e5f6a489c34f10c,48,88.6,none,ambiguous
spatial,scene_0005,referential,text_only,pi05,tokens,10,False,,240,False,False,,True,True,True,cookies_1,False,plate_1,True,0.0054,,,,,plane,,,f0dc1eb55adde9e8,0f4070d6629b3650,f9de687ad286e0a2,48,86.5,none,ambiguous
spatial,scene_0005,referential,text_only,pi05,tokens,11,False,,240,False,False,,True,False,False,,False,,False,0.2262,,,,,plane,,,f0dc1eb55adde9e8,404d21c5b9a822ad,a008aacc7f8f99dd,48,88.0,none,ambiguous
spatial,scene_0005,referential,text_only,pi05,tokens,12,False,,240,False,False,,True,True,True,cookies_1,False,plate_1,True,0.0061,,,,,plane,,,f0dc1eb55adde9e8,3b8153cc88d208cd,c600ba0fbd6c17d2,48,87.6,none,ambiguous
spatial,scene_0005,referential,text_only,pi05,tokens,13,False,,240,False,False,,True,True,True,plate_1,False,plate_1,True,0.0,,,,,plane,,,f0dc1eb55adde9e8,c0061b47956f13a4,ce7f379b4e245d69,48,85.6,none,ambiguous
spatial,scene_0006,referential,text_only,pi05,tokens,0,False,,240,False,False,,True,True,True,akita_black_bowl_2,False,plate_1,True,0.0099,,,,,plane,,,b1712668a66d84e4,4ef10dbc31bbfa0b,396677c6bc5214e4,48,87.2,none,ambiguous
spatial,scene_0006,referential,text_only,pi05,tokens,1,False,,240,False,False,,True,True,True,akita_black_bowl_2,False,plate_1,True,0.0072,,,,,plane,,,b1712668a66d84e4,dabcd12bdc7e8323,b693deac3e00b736,48,87.3,none,ambiguous
spatial,scene_0006,referential,text_only,pi05,tokens,2,False,,240,False,False,,True,True,True,akita_black_bowl_2,False,plate_1,True,0.007,,,,,plane,,,b1712668a66d84e4,395b5eea0253c8c7,9e2e4cb16123e0d4,48,87.9,none,ambiguous
spatial,scene_0006,referential,text_only,pi05,tokens,3,False,,240,False,False,,True,True,True,akita_black_bowl_2,False,plate_1,True,0.0009,,,,,plane,,,b1712668a66d84e4,6ea4c64bf4512c6e,7f9b68c720f5796f,48,87.5,none,ambiguous
spatial,scene_0006,referential,text_only,pi05,tokens,4,False,,240,False,False,,True,True,True,akita_black_bowl_2,False,plate_1,True,0.0074,,,,,plane,,,b1712668a66d84e4,603cd6dd831cc6bb,2992a942570ed3b9,48,87.4,none,ambiguous
spatial,scene_0006,referential,text_only,pi05,tokens,5,False,,240,False,False,,True,True,True,akita_black_bowl_2,False,plate_1,True,0.0067,,,,,plane,,,b1712668a66d84e4,7a4ee0c2558d2f6b,ef84966d1c4fa6e0,48,87.2,none,ambiguous
spatial,scene_0006,referential,text_only,pi05,tokens,6,False,,240,False,False,,True,True,True,akita_black_bowl_2,False,plate_1,True,0.003,,,,,plane,,,b1712668a66d84e4,fc25b605ecb4ae8d,1f56f2702d77ac18,48,86.3,none,ambiguous
spatial,scene_0006,referential,text_only,pi05,tokens,7,False,,240,False,False,,True,True,True,akita_black_bowl_2,False,plate_1,True,0.0093,,,,,plane,,,b1712668a66d84e4,253dd4816ce7369d,3682688f632d9991,48,87.6,none,ambiguous
spatial,scene_0006,referential,text_only,pi05,tokens,8,False,,240,False,False,,True,True,True,akita_black_bowl_2,False,,False,0.2369,,,,,plane,,,b1712668a66d84e4,679363c9468e2d77,bfa985f2957fa38f,48,87.0,none,ambiguous
spatial,scene_0006,referential,text_only,pi05,tokens,9,False,,240,False,False,,True,True,True,akita_black_bowl_2,False,plate_1,True,0.0077,,,,,plane,,,b1712668a66d84e4,bfc0cce328de5fb4,c205db0d4a2972e8,48,87.0,none,ambiguous
spatial,scene_0006,referential,text_only,pi05,tokens,10,False,,240,False,False,,True,True,True,akita_black_bowl_2,False,plate_1,True,0.0052,,,,,plane,,,b1712668a66d84e4,852d75c6a4711ba8,e4edb934a6aa6106,48,89.1,none,ambiguous
spatial,scene_0006,referential,text_only,pi05,tokens,11,False,,240,False,False,,True,True,True,akita_black_bowl_2,False,plate_1,True,0.0418,,,,,plane,,,b1712668a66d84e4,a529fe821cdf0041,5b13d15e340c98c0,48,89.0,none,ambiguous
spatial,scene_0006,referential,text_only,pi05,tokens,12,False,,240,False,False,,True,True,True,akita_black_bowl_2,False,plate_1,True,0.0073,,,,,plane,,,b1712668a66d84e4,11f24321910dc3c8,f408cbc760afc944,48,87.4,none,ambiguous
spatial,scene_0006,referential,text_only,pi05,tokens,13,False,,240,False,False,,True,True,True,akita_black_bowl_2,False,plate_1,True,0.0109,,,,,plane,,,b1712668a66d84e4,241d3c3958b16d4f,0ad052c917177a20,48,87.6,none,ambiguous
spatial,scene_0007,referential,text_only,pi05,tokens,0,False,,240,False,False,,True,True,True,glazed_rim_porcelain_ramekin_1,False,,False,0.3644,,,,,plane,,,fb0befc59668784e,1bc5e0ffe5a2281d,58851d062d74013c,48,87.5,none,ambiguous
spatial,scene_0007,referential,text_only,pi05,tokens,1,False,,240,False,False,,True,True,True,glazed_rim_porcelain_ramekin_1,False,,False,0.2834,,,,,plane,,,fb0befc59668784e,c7148252b6f5c001,4d5d9ce35140c6b4,48,87.0,none,ambiguous
spatial,scene_0007,referential,text_only,pi05,tokens,2,False,,240,False,False,,True,True,True,glazed_rim_porcelain_ramekin_1,False,,False,0.3606,,,,,plane,,,fb0befc59668784e,628f8df8ca3211bd,e67f03570a0d9936,48,87.7,none,ambiguous
spatial,scene_0007,referential,text_only,pi05,tokens,3,False,,240,False,False,,True,True,True,glazed_rim_porcelain_ramekin_1,False,,False,0.393,,,,,plane,,,fb0befc59668784e,77fcffa99e802e30,608014339415078b,48,87.3,none,ambiguous
spatial,scene_0007,referential,text_only,pi05,tokens,4,False,,240,False,False,,True,True,True,glazed_rim_porcelain_ramekin_1,False,,False,0.3587,,,,,plane,,,fb0befc59668784e,52ed76b50b0f773a,2162c0c0b244d0f1,48,86.6,none,ambiguous
spatial,scene_0007,referential,text_only,pi05,tokens,5,False,,240,False,False,,True,True,True,glazed_rim_porcelain_ramekin_1,False,,False,0.3635,,,,,plane,,,fb0befc59668784e,f2c65ed9d8596dc2,05f05ed1c0e20976,48,88.6,none,ambiguous
spatial,scene_0007,referential,text_only,pi05,tokens,6,False,,240,False,False,,True,True,True,glazed_rim_porcelain_ramekin_1,False,,False,0.3532,,,,,plane,,,fb0befc59668784e,419bfed6f23bd42e,cdb504508e10e00a,48,87.8,none,ambiguous
spatial,scene_0007,referential,text_only,pi05,tokens,7,False,,240,False,False,,True,True,True,glazed_rim_porcelain_ramekin_1,False,,False,0.2366,,,,,plane,,,fb0befc59668784e,1ee3e3241fd08c4c,96cb5a5d2954610c,48,88.2,none,ambiguous
spatial,scene_0007,referential,text_only,pi05,tokens,8,False,,240,False,False,,True,True,True,glazed_rim_porcelain_ramekin_1,False,,False,0.3593,,,,,plane,,,fb0befc59668784e,859d544e3c4be044,e2acea2adeceed0b,48,87.9,none,ambiguous
spatial,scene_0007,referential,text_only,pi05,tokens,9,False,,240,False,False,,True,True,True,glazed_rim_porcelain_ramekin_1,False,,False,0.3548,,,,,plane,,,fb0befc59668784e,7de0ee222a452c07,4bbb7e08c10ed15f,48,88.1,none,ambiguous
spatial,scene_0007,referential,text_only,pi05,tokens,10,False,,240,False,False,,True,True,True,glazed_rim_porcelain_ramekin_1,False,,False,0.3576,,,,,plane,,,fb0befc59668784e,79559a7b1e96a551,42118abd589c8f5e,48,86.9,none,ambiguous
spatial,scene_0007,referential,text_only,pi05,tokens,11,False,,240,False,False,,True,True,True,glazed_rim_porcelain_ramekin_1,False,,False,0.3286,,,,,plane,,,fb0befc59668784e,7d7614e1bf58d452,bb1d50581fd2dc7a,48,87.8,none,ambiguous
spatial,scene_0007,referential,text_only,pi05,tokens,12,False,,240,False,False,,True,True,True,glazed_rim_porcelain_ramekin_1,False,,False,0.3644,,,,,plane,,,fb0befc59668784e,73f00e3fe7c4b835,32ef07037df930ad,48,88.0,none,ambiguous
spatial,scene_0007,referential,text_only,pi05,tokens,13,False,,240,False,False,,True,True,True,glazed_rim_porcelain_ramekin_1,False,,False,0.2788,,,,,plane,,,fb0befc59668784e,97e1a8ab88e97c24,d8f38ef47a59c16f,48,86.9,none,ambiguous
spatial,scene_0008,referential,text_only,pi05,tokens,0,False,,240,False,False,,True,True,True,akita_black_bowl_2,True,,False,0.2856,,,,,plane,,,b5bc6f7854e8d826,ca30126df5e0fe7e,b655553e8f9d8c81,48,87.6,none,ambiguous
spatial,scene_0008,referential,text_only,pi05,tokens,1,False,,240,False,False,,True,True,True,akita_black_bowl_2,True,,False,0.308,,,,,plane,,,b5bc6f7854e8d826,1ea6ceb5af6b79ac,5427d5cd15e53a12,48,86.6,none,ambiguous
spatial,scene_0008,referential,text_only,pi05,tokens,2,False,,240,False,False,,True,True,True,akita_black_bowl_2,True,,False,0.2527,,,,,plane,,,b5bc6f7854e8d826,cb4817edcdeb112d,456dc674b4395e1e,48,86.9,none,ambiguous
spatial,scene_0008,referential,text_only,pi05,tokens,3,False,,240,False,False,,True,True,True,akita_black_bowl_2,True,,False,0.2732,,,,,plane,,,b5bc6f7854e8d826,8c8769b07ef4486b,6810801c6f6e24bd,48,87.9,none,ambiguous
spatial,scene_0008,referential,text_only,pi05,tokens,4,False,,240,False,False,,True,True,True,akita_black_bowl_2,True,,False,0.3306,,,,,plane,,,b5bc6f7854e8d826,dc7e48096f35e04d,561360c23bf3cbfb,48,88.0,none,ambiguous
spatial,scene_0008,referential,text_only,pi05,tokens,5,False,,240,False,False,,True,True,True,akita_black_bowl_2,True,,False,0.2805,,,,,plane,,,b5bc6f7854e8d826,f5010e6b569c388e,7cc64bfc10047bd4,48,87.4,none,ambiguous
spatial,scene_0008,referential,text_only,pi05,tokens,6,False,,240,False,False,,True,True,True,akita_black_bowl_2,True,,False,0.3205,,,,,plane,,,b5bc6f7854e8d826,a5dda8fd960abe80,7e93e0859e4cc273,48,88.2,none,ambiguous
spatial,scene_0008,referential,text_only,pi05,tokens,7,False,,240,False,False,,True,True,True,akita_black_bowl_2,True,,False,0.2993,,,,,plane,,,b5bc6f7854e8d826,fa2c0786e9e28263,e442b7eacfd7a664,48,86.4,none,ambiguous
spatial,scene_0008,referential,text_only,pi05,tokens,8,False,,240,False,False,,True,True,True,akita_black_bowl_2,True,,False,0.3008,,,,,plane,,,b5bc6f7854e8d826,09d8e06e67f35d29,478ab8dbd159af11,48,86.6,none,ambiguous
spatial,scene_0008,referential,text_only,pi05,tokens,9,False,,240,False,False,,True,True,True,akita_black_bowl_2,True,,False,0.3023,,,,,plane,,,b5bc6f7854e8d826,7bfb3f926f8efada,950f181840d8d4a5,48,87.7,none,ambiguous
spatial,scene_0008,referential,text_only,pi05,tokens,10,False,,240,False,False,,True,True,True,akita_black_bowl_2,True,,False,0.3156,,,,,plane,,,b5bc6f7854e8d826,c6d4eb57163afa6f,239a62dfde72fe57,48,86.4,none,ambiguous
spatial,scene_0008,referential,text_only,pi05,tokens,11,False,,240,False,False,,True,True,True,akita_black_bowl_2,True,,False,0.3116,,,,,plane,,,b5bc6f7854e8d826,4fd88f61bb3c31fe,597cc68da0adecb2,48,87.4,none,ambiguous
spatial,scene_0008,referential,text_only,pi05,tokens,12,False,,240,False,False,,True,True,True,akita_black_bowl_2,True,,False,0.2503,,,,,plane,,,b5bc6f7854e8d826,8557b5c3e8c3993e,7cd2cc8a21dd7de9,48,87.9,none,ambiguous
spatial,scene_0008,referential,text_only,pi05,tokens,13,False,,240,False,False,,True,True,True,akita_black_bowl_2,True,,False,0.2886,,,,,plane,,,b5bc6f7854e8d826,e06a43624d24a7a1,731146d184416564,48,87.9,none,ambiguous
spatial,scene_0009,referential,text_only,pi05,tokens,0,False,,240,True,True,91,True,True,True,akita_black_bowl_2,True,plate_1,True,0.009,,,,,plane,,,2ab3a665f4a9fe53,18c6128657ed8e01,13756378630090a7,48,96.2,none,ambiguous
spatial,scene_0009,referential,text_only,pi05,tokens,1,False,,240,True,True,84,True,True,True,akita_black_bowl_2,True,plate_1,True,0.0015,,,,,plane,,,2ab3a665f4a9fe53,1fbc029b434d9d98,a5f5a56e6807fb79,48,87.8,none,ambiguous
spatial,scene_0009,referential,text_only,pi05,tokens,2,False,,240,True,True,92,True,True,True,akita_black_bowl_2,True,plate_1,True,0.0145,,,,,plane,,,2ab3a665f4a9fe53,e8e188afe25d371f,07cb074be3c69f0f,48,87.6,none,ambiguous
spatial,scene_0009,referential,text_only,pi05,tokens,3,False,,240,True,True,91,True,True,True,akita_black_bowl_2,True,plate_1,True,0.0015,,,,,plane,,,2ab3a665f4a9fe53,6e3178594e5c8898,a61eb35be19e6a62,48,87.5,none,ambiguous
spatial,scene_0009,referential,text_only,pi05,tokens,4,False,,240,True,True,94,True,True,True,akita_black_bowl_2,True,plate_1,True,0.012,,,,,plane,,,2ab3a665f4a9fe53,07bcd88747439786,078615366e5284f7,48,86.6,none,ambiguous
spatial,scene_0009,referential,text_only,pi05,tokens,5,False,,240,True,True,92,True,True,True,akita_black_bowl_2,True,plate_1,True,0.0113,,,,,plane,,,2ab3a665f4a9fe53,0ac79412d6e7ca98,1d017210cfcf5ecf,48,86.0,none,ambiguous
spatial,scene_0009,referential,text_only,pi05,tokens,6,False,,240,True,True,92,True,True,True,akita_black_bowl_2,True,plate_1,True,0.0069,,,,,plane,,,2ab3a665f4a9fe53,0daf690cd051d908,839d7e0668e4e758,48,86.4,none,ambiguous
spatial,scene_0009,referential,text_only,pi05,tokens,7,False,,240,True,True,88,True,True,True,akita_black_bowl_2,True,plate_1,True,0.0159,,,,,plane,,,2ab3a665f4a9fe53,052bf65ec52ef147,03371e7caff20c35,48,87.1,none,ambiguous
spatial,scene_0009,referential,text_only,pi05,tokens,8,False,,240,True,True,93,True,True,True,akita_black_bowl_2,True,plate_1,True,0.0101,,,,,plane,,,2ab3a665f4a9fe53,8c2510f223628e3d,2c97909d1e32ddaa,48,87.0,none,ambiguous
spatial,scene_0009,referential,text_only,pi05,tokens,9,False,,240,True,True,87,True,True,True,akita_black_bowl_2,True,plate_1,True,0.0082,,,,,plane,,,2ab3a665f4a9fe53,c80be4582cd45ced,b9784fde193bde61,48,87.3,none,ambiguous
spatial,scene_0009,referential,text_only,pi05,tokens,10,False,,240,True,True,91,True,True,True,akita_black_bowl_2,True,plate_1,True,0.0078,,,,,plane,,,2ab3a665f4a9fe53,80174d7a4ff31f20,60855865b7d5b450,48,88.1,none,ambiguous
spatial,scene_0009,referential,text_only,pi05,tokens,11,False,,240,True,True,116,True,True,True,akita_black_bowl_2,True,plate_1,True,0.0173,,,,,plane,,,2ab3a665f4a9fe53,80e85a4bae8853a3,5c24defa8042114e,48,88.2,none,ambiguous
spatial,scene_0009,referential,text_only,pi05,tokens,12,False,,240,True,True,94,True,True,True,akita_black_bowl_2,True,plate_1,True,0.0087,,,,,plane,,,2ab3a665f4a9fe53,687f38f2025eebf9,598dea1558656e15,48,88.1,none,ambiguous
spatial,scene_0009,referential,text_only,pi05,tokens,13,False,,240,True,True,93,True,True,True,akita_black_bowl_2,True,plate_1,True,0.0055,,,,,plane,,,2ab3a665f4a9fe53,ae5d46635887b16b,5bb23f0099e6625c,48,89.3,none,ambiguous
spatial,scene_0010,referential,text_only,pi05,tokens,0,False,,240,False,False,,True,True,True,akita_black_bowl_3,True,,False,0.3651,,,,,plane,,,da9b7cfe6a551244,b7a0f886955645d6,5e2672377371cc82,48,86.9,none,ambiguous
spatial,scene_0010,referential,text_only,pi05,tokens,1,False,,240,False,False,,True,True,True,akita_black_bowl_3,True,,False,0.178,,,,,plane,,,da9b7cfe6a551244,7c145ed7c1d58e3a,8230e34749410db1,48,88.4,none,ambiguous
spatial,scene_0010,referential,text_only,pi05,tokens,2,False,,240,True,True,113,True,True,True,akita_black_bowl_3,True,plate_1,True,0.0174,,,,,plane,,,da9b7cfe6a551244,50e14008f9907a41,b7ce7a8fa80ce2a8,48,87.3,none,ambiguous
spatial,scene_0010,referential,text_only,pi05,tokens,3,False,,240,False,False,,True,True,True,akita_black_bowl_3,True,,False,0.1908,,,,,plane,,,da9b7cfe6a551244,e35b07f789df9acb,b88752978f6802ea,48,88.1,none,ambiguous
spatial,scene_0010,referential,text_only,pi05,tokens,4,False,,240,False,False,,True,True,True,akita_black_bowl_3,True,,False,0.3833,,,,,plane,,,da9b7cfe6a551244,96da405edac0dd5f,ec8c936692c828af,48,88.4,none,ambiguous
spatial,scene_0010,referential,text_only,pi05,tokens,5,False,,240,False,False,,True,True,True,akita_black_bowl_3,True,,False,0.3683,,,,,plane,,,da9b7cfe6a551244,6ac4d95488203176,7c8d9d85dfb00904,48,89.0,none,ambiguous
spatial,scene_0010,referential,text_only,pi05,tokens,6,False,,240,False,False,,True,True,True,akita_black_bowl_3,True,,False,0.1277,,,,,plane,,,da9b7cfe6a551244,2f66ab0e76c93089,454f6d18d53b3984,48,86.8,none,ambiguous
spatial,scene_0010,referential,text_only,pi05,tokens,7,False,,240,False,False,,True,True,True,akita_black_bowl_3,True,,False,0.1543,,,,,plane,,,da9b7cfe6a551244,962da44f8fcef1a7,faec18002f5b7728,48,89.8,none,ambiguous
spatial,scene_0010,referential,text_only,pi05,tokens,8,False,,240,False,False,,True,True,True,akita_black_bowl_3,True,,False,0.1515,,,,,plane,,,da9b7cfe6a551244,83f553c7e1b52b40,7129690e97e0313b,48,87.8,none,ambiguous
spatial,scene_0010,referential,text_only,pi05,tokens,9,False,,240,False,False,,True,True,True,akita_black_bowl_3,True,,False,0.3857,,,,,plane,,,da9b7cfe6a551244,b2e54737e5d85924,2251db56ea66360a,48,88.7,none,ambiguous
spatial,scene_0010,referential,text_only,pi05,tokens,10,False,,240,False,False,,True,True,True,akita_black_bowl_3,True,,False,0.1404,,,,,plane,,,da9b7cfe6a551244,b6995af1c0e485aa,f863ccd1aca57d09,48,87.8,none,ambiguous
spatial,scene_0010,referential,text_only,pi05,tokens,11,False,,240,False,False,,True,True,True,akita_black_bowl_3,True,,False,0.1578,,,,,plane,,,da9b7cfe6a551244,7a9ef577f99cde31,6e7f207daeaa0a10,48,89.5,none,ambiguous
spatial,scene_0010,referential,text_only,pi05,tokens,12,False,,240,False,False,,True,True,True,akita_black_bowl_3,True,,False,0.1975,,,,,plane,,,da9b7cfe6a551244,326184ddc57c4531,ea175af8ace02dfb,48,88.0,none,ambiguous
spatial,scene_0010,referential,text_only,pi05,tokens,13,False,,240,False,False,,True,True,True,akita_black_bowl_3,True,,False,0.1956,,,,,plane,,,da9b7cfe6a551244,ba15ea9bd1ac5a26,0ae8ed7c56b1fe78,48,88.5,none,ambiguous
spatial,scene_0011,referential,text_only,pi05,tokens,0,False,,240,True,True,106,True,True,True,akita_black_bowl_3,True,plate_1,True,0.0127,,,,,plane,,,f8634dbe1cf1c475,2cfe21383408e772,9796d67a5c9c2f4d,48,88.4,none,ambiguous
spatial,scene_0011,referential,text_only,pi05,tokens,1,False,,240,False,False,,True,True,True,akita_black_bowl_3,True,plate_1,True,0.0686,,,,,plane,,,f8634dbe1cf1c475,e3011a2c097704a4,9c446ef386a48f93,48,88.4,none,ambiguous
spatial,scene_0011,referential,text_only,pi05,tokens,2,False,,240,True,True,127,True,True,True,akita_black_bowl_3,True,plate_1,True,0.0219,,,,,plane,,,f8634dbe1cf1c475,a0edb0913876b24b,56ab87732f4a55be,48,87.7,none,ambiguous
spatial,scene_0011,referential,text_only,pi05,tokens,3,False,,240,True,True,114,True,True,True,akita_black_bowl_3,True,plate_1,True,0.0161,,,,,plane,,,f8634dbe1cf1c475,6f9ec12ea125b910,39655f50fd55df0b,48,87.4,none,ambiguous
spatial,scene_0011,referential,text_only,pi05,tokens,4,False,,240,True,True,201,True,True,True,akita_black_bowl_3,True,plate_1,True,0.025,,,,,plane,,,f8634dbe1cf1c475,ece1d71fd1eaaea6,c142bfa025d48ded,48,88.2,none,ambiguous
spatial,scene_0011,referential,text_only,pi05,tokens,5,False,,240,True,True,127,True,True,True,akita_black_bowl_3,True,plate_1,True,0.0215,,,,,plane,,,f8634dbe1cf1c475,23878c9c96984c72,97b90b7ec8201a3f,48,89.9,none,ambiguous
spatial,scene_0011,referential,text_only,pi05,tokens,6,False,,240,True,True,122,True,True,True,akita_black_bowl_3,True,plate_1,True,0.0184,,,,,plane,,,f8634dbe1cf1c475,3bbeee9e885010c5,1c3187357f7f6ee8,48,88.6,none,ambiguous
spatial,scene_0011,referential,text_only,pi05,tokens,7,False,,240,True,True,107,True,True,True,akita_black_bowl_3,True,plate_1,True,0.0181,,,,,plane,,,f8634dbe1cf1c475,2fc86a5eed494092,31e4f9d49c8f7a02,48,88.3,none,ambiguous
spatial,scene_0011,referential,text_only,pi05,tokens,8,False,,240,True,True,109,True,True,True,akita_black_bowl_3,True,plate_1,True,0.0153,,,,,plane,,,f8634dbe1cf1c475,48b81b9ad927b5bd,cd3bbf825565f00c,48,87.0,none,ambiguous
spatial,scene_0011,referential,text_only,pi05,tokens,9,False,,240,False,False,,True,True,True,akita_black_bowl_1,False,plate_1,True,0.0444,,,,,plane,,,f8634dbe1cf1c475,df51550f55a0bb85,d5dcd7c7a3496985,48,88.3,none,ambiguous
spatial,scene_0011,referential,text_only,pi05,tokens,10,False,,240,False,False,,True,True,True,akita_black_bowl_3,True,plate_1,True,0.0355,,,,,plane,,,f8634dbe1cf1c475,d3b97f0efe7126a6,fa822d709d9c9ffd,48,88.0,none,ambiguous
spatial,scene_0011,referential,text_only,pi05,tokens,11,False,,240,False,True,114,True,True,True,akita_black_bowl_3,True,plate_1,True,0.0306,,,,,plane,,,f8634dbe1cf1c475,b67cb1e5d0cd0690,8fa96a2e6e4bf04a,48,89.4,none,ambiguous
spatial,scene_0011,referential,text_only,pi05,tokens,12,False,,240,False,False,,True,True,True,akita_black_bowl_1,False,plate_1,True,0.0146,,,,,plane,,,f8634dbe1cf1c475,38edb7cb72a618aa,4537f6623bbfedaf,48,86.8,none,ambiguous
spatial,scene_0011,referential,text_only,pi05,tokens,13,False,,240,True,True,110,True,True,True,akita_black_bowl_3,True,plate_1,True,0.014,,,,,plane,,,f8634dbe1cf1c475,87b914db6712f9a0,f1d169f1647410af,48,87.2,none,ambiguous
spatial,scene_0012,referential,text_only,pi05,tokens,0,False,,240,False,False,,True,True,True,akita_black_bowl_1,False,plate_1,True,0.0071,,,,,plane,,,82492353d93beba8,a7dad866de06c52d,c7f25523fb74178d,48,88.1,none,ambiguous
spatial,scene_0012,referential,text_only,pi05,tokens,1,False,,240,False,False,,True,True,True,akita_black_bowl_1,False,plate_1,True,0.0145,,,,,plane,,,82492353d93beba8,3eebb429de474ae2,fcb159335c0ea824,48,88.0,none,ambiguous
spatial,scene_0012,referential,text_only,pi05,tokens,2,False,,240,False,False,,True,True,True,akita_black_bowl_1,False,plate_1,True,0.0049,,,,,plane,,,82492353d93beba8,f97e90920b0c4344,9ae7a86ea2025d26,48,87.7,none,ambiguous
spatial,scene_0012,referential,text_only,pi05,tokens,3,False,,240,False,False,,True,True,True,akita_black_bowl_1,False,plate_1,True,0.0051,,,,,plane,,,82492353d93beba8,24f1c25cdd25d488,ca9cb2912086e3ec,48,87.2,none,ambiguous
spatial,scene_0012,referential,text_only,pi05,tokens,4,False,,240,False,False,,True,True,True,akita_black_bowl_1,False,plate_1,True,0.0021,,,,,plane,,,82492353d93beba8,753174ee7b024d76,6d60356256e02478,48,88.9,none,ambiguous
spatial,scene_0012,referential,text_only,pi05,tokens,5,False,,240,False,False,,True,True,True,akita_black_bowl_2,False,,False,0.2247,,,,,plane,,,82492353d93beba8,d5764814eb1aa3e7,cb0e05445d176bdb,48,87.3,none,ambiguous
spatial,scene_0012,referential,text_only,pi05,tokens,6,False,,240,False,False,,True,True,True,akita_black_bowl_1,False,,False,0.1368,,,,,plane,,,82492353d93beba8,851660327df0f2d1,5dfa6902f212375a,48,88.9,none,ambiguous
spatial,scene_0012,referential,text_only,pi05,tokens,7,False,,240,False,False,,True,False,False,,False,,False,0.1236,,,,,plane,,,82492353d93beba8,125eed0aeb3a5444,93d97fb58782d4b0,48,89.4,none,ambiguous
spatial,scene_0012,referential,text_only,pi05,tokens,8,False,,240,False,False,,True,True,True,akita_black_bowl_1,False,,False,0.1349,,,,,plane,,,82492353d93beba8,1688d8e19d80d90a,74543b35089423a5,48,87.8,none,ambiguous
spatial,scene_0012,referential,text_only,pi05,tokens,9,False,,240,False,False,,True,True,True,plate_1,False,plate_1,True,0.0,,,,,plane,,,82492353d93beba8,c9bd3b37bc9ed4f3,a97ab4e2bc71ee54,48,87.8,none,ambiguous
spatial,scene_0012,referential,text_only,pi05,tokens,10,False,,240,False,False,,True,True,True,akita_black_bowl_1,False,plate_1,True,0.0064,,,,,plane,,,82492353d93beba8,8ab0e253bb5cc708,4077aa71a8a430d5,48,87.2,none,ambiguous
spatial,scene_0012,referential,text_only,pi05,tokens,11,False,,240,False,False,,True,True,True,plate_1,False,plate_1,True,0.0,,,,,plane,,,82492353d93beba8,ff0f3ff570c1c2d9,212d4e726610d63d,48,87.6,none,ambiguous
spatial,scene_0012,referential,text_only,pi05,tokens,12,False,,240,False,False,,True,True,True,plate_1,False,plate_1,True,0.0,,,,,plane,,,82492353d93beba8,7592ee8a7ebd93e8,a6b94384077fc687,48,87.0,none,ambiguous
spatial,scene_0012,referential,text_only,pi05,tokens,13,False,,240,False,False,,True,True,True,akita_black_bowl_3,False,,False,0.0855,,,,,plane,,,82492353d93beba8,b08397856082a7d4,de7c2ac352a234b0,48,87.5,none,ambiguous
spatial,scene_0013,referential,text_only,pi05,tokens,0,False,,240,False,True,85,True,True,True,akita_black_bowl_2,True,plate_1,True,0.0144,,,,,plane,,,044dbe92450117a9,98d7385ad332a7fd,fd994ea93256a751,48,87.4,none,ambiguous
spatial,scene_0013,referential,text_only,pi05,tokens,1,False,,240,True,True,84,True,True,True,akita_black_bowl_2,True,plate_1,True,0.0075,,,,,plane,,,044dbe92450117a9,e5b76b54e4fc206a,c4b1ca72fc6904d5,48,87.3,none,ambiguous
spatial,scene_0013,referential,text_only,pi05,tokens,2,False,,240,True,True,81,True,True,True,akita_black_bowl_2,True,plate_1,True,0.0254,,,,,plane,,,044dbe92450117a9,6fe4976132cb73b7,3be03039bc769553,48,88.2,none,ambiguous
spatial,scene_0013,referential,text_only,pi05,tokens,3,False,,240,False,True,82,True,True,True,akita_black_bowl_2,True,plate_1,True,0.0292,,,,,plane,,,044dbe92450117a9,ddb889c812846043,e5273facd9408476,48,87.9,none,ambiguous
spatial,scene_0013,referential,text_only,pi05,tokens,4,False,,240,False,True,84,True,True,True,akita_black_bowl_2,True,plate_1,True,0.0499,,,,,plane,,,044dbe92450117a9,d789d4d0e009f918,c053592680d00d15,48,85.3,none,ambiguous
spatial,scene_0013,referential,text_only,pi05,tokens,5,False,,240,False,True,85,True,True,True,akita_black_bowl_2,True,,False,0.1118,,,,,plane,,,044dbe92450117a9,d5bd36ced0a82b62,00e15133b2205544,48,85.7,none,ambiguous
spatial,scene_0013,referential,text_only,pi05,tokens,6,False,,240,False,True,86,True,True,True,akita_black_bowl_2,True,plate_1,True,0.0366,,,,,plane,,,044dbe92450117a9,11708e4dfed0bd9f,89e398f343522730,48,87.7,none,ambiguous
spatial,scene_0013,referential,text_only,pi05,tokens,7,False,,240,False,True,85,True,True,True,akita_black_bowl_2,True,,False,0.126,,,,,plane,,,044dbe92450117a9,f3fe22f3a201c722,4b9bc23635f8c639,48,86.8,none,ambiguous
spatial,scene_0013,referential,text_only,pi05,tokens,8,False,,240,True,True,84,True,True,True,akita_black_bowl_2,True,plate_1,True,0.0246,,,,,plane,,,044dbe92450117a9,e079ee1340cc6c94,0763e68a4c27ac2f,48,88.6,none,ambiguous
spatial,scene_0013,referential,text_only,pi05,tokens,9,False,,240,True,True,85,True,True,True,akita_black_bowl_2,True,plate_1,True,0.0098,,,,,plane,,,044dbe92450117a9,f877351e8ad96486,6d61d605d15024a4,48,88.2,none,ambiguous
spatial,scene_0013,referential,text_only,pi05,tokens,10,False,,240,True,True,85,True,True,True,akita_black_bowl_1,False,,False,0.2617,,,,,plane,,,044dbe92450117a9,88ec3b6887509c54,31276f2a040fa3c5,48,88.9,none,ambiguous
spatial,scene_0013,referential,text_only,pi05,tokens,11,False,,240,False,True,87,True,True,True,akita_black_bowl_2,True,plate_1,True,0.0097,,,,,plane,,,044dbe92450117a9,c3177ba69a5e4bef,f7f4f4a8f15644b5,48,89.0,none,ambiguous
spatial,scene_0013,referential,text_only,pi05,tokens,12,False,,240,True,True,125,True,True,True,akita_black_bowl_2,True,plate_1,True,0.0114,,,,,plane,,,044dbe92450117a9,decd259d8bcbcee6,45245a62a5816076,48,88.3,none,ambiguous
spatial,scene_0013,referential,text_only,pi05,tokens,13,False,,240,True,True,86,True,True,True,akita_black_bowl_2,True,plate_1,True,0.0065,,,,,plane,,,044dbe92450117a9,4f87567ecd6d2d79,ce78a22ff76911f4,48,88.4,none,ambiguous
spatial,scene_0014,referential,text_only,pi05,tokens,0,False,,240,False,True,93,True,True,True,akita_black_bowl_5,True,plate_1,True,0.0327,,,,,plane,,,6dcf92f4c3f012da,402d369b9b73b069,ae8a8fb4c2c35dc1,48,87.2,none,ambiguous
spatial,scene_0014,referential,text_only,pi05,tokens,1,False,,240,True,True,99,True,True,True,akita_black_bowl_5,True,plate_1,True,0.0111,,,,,plane,,,6dcf92f4c3f012da,36ffab5560ccb9f4,23d1b6f3ef2dd8bb,48,87.5,none,ambiguous
spatial,scene_0014,referential,text_only,pi05,tokens,2,False,,240,True,True,100,True,True,True,akita_black_bowl_5,True,plate_1,True,0.0196,,,,,plane,,,6dcf92f4c3f012da,3b0ae9ccef3e4d7d,2f05d01eeec51776,48,87.9,none,ambiguous
spatial,scene_0014,referential,text_only,pi05,tokens,3,False,,240,False,False,,True,True,True,akita_black_bowl_5,True,,False,0.1952,,,,,plane,,,6dcf92f4c3f012da,81f907561f169d36,c083b7f48736e9e5,48,88.9,none,ambiguous
spatial,scene_0014,referential,text_only,pi05,tokens,4,False,,240,True,True,96,True,True,True,akita_black_bowl_5,True,plate_1,True,0.0126,,,,,plane,,,6dcf92f4c3f012da,6e779db44faf6fa3,d90901aecbc3a76a,48,87.9,none,ambiguous
spatial,scene_0014,referential,text_only,pi05,tokens,5,False,,240,True,True,102,True,True,True,akita_black_bowl_5,True,plate_1,True,0.0029,,,,,plane,,,6dcf92f4c3f012da,53f3746f9c9f9c94,f7a1cec0ed61a90f,48,88.4,none,ambiguous
spatial,scene_0014,referential,text_only,pi05,tokens,6,False,,240,False,True,102,True,True,True,akita_black_bowl_5,True,plate_1,True,0.0249,,,,,plane,,,6dcf92f4c3f012da,144f03d529f0b51c,9d122247c2c71a34,48,88.4,none,ambiguous
spatial,scene_0014,referential,text_only,pi05,tokens,7,False,,240,True,True,95,True,True,True,akita_black_bowl_5,True,plate_1,True,0.004,,,,,plane,,,6dcf92f4c3f012da,0d3f1e4e42e74010,153a4b1c740a2c69,48,89.8,none,ambiguous
spatial,scene_0014,referential,text_only,pi05,tokens,8,False,,240,False,False,,True,True,True,akita_black_bowl_5,True,,False,0.1962,,,,,plane,,,6dcf92f4c3f012da,ff188e9107e54eaa,cfc577ce83d03662,48,88.8,none,ambiguous
spatial,scene_0014,referential,text_only,pi05,tokens,9,False,,240,False,False,,True,True,True,akita_black_bowl_5,True,,False,0.1801,,,,,plane,,,6dcf92f4c3f012da,c3fd32b111f6a424,db883749e0e85271,48,89.0,none,ambiguous
spatial,scene_0014,referential,text_only,pi05,tokens,10,False,,240,False,False,,True,True,True,akita_black_bowl_5,True,,False,0.1537,,,,,plane,,,6dcf92f4c3f012da,c42af6bd0a223ebb,9509374f35dcdb4c,48,88.7,none,ambiguous
spatial,scene_0014,referential,text_only,pi05,tokens,11,False,,240,True,True,99,True,True,True,akita_black_bowl_5,True,plate_1,True,0.01,,,,,plane,,,6dcf92f4c3f012da,396c049961f730f6,c1f35978964d2773,48,87.2,none,ambiguous
spatial,scene_0014,referential,text_only,pi05,tokens,12,False,,240,False,True,105,True,True,True,akita_black_bowl_5,True,,False,0.1576,,,,,plane,,,6dcf92f4c3f012da,63d440fbd9d54b55,2b43477ecf520475,48,86.3,none,ambiguous
spatial,scene_0014,referential,text_only,pi05,tokens,13,False,,240,False,False,,True,True,True,akita_black_bowl_5,True,,False,0.2055,,,,,plane,,,6dcf92f4c3f012da,cb87ab01c1e3618c,b117a40d67838399,48,89.0,none,ambiguous
spatial,scene_0015,referential,text_only,pi05,tokens,0,False,,240,False,False,,True,True,True,akita_black_bowl_2,True,,False,0.3328,,,,,plane,,,847d955ddcd8b335,8ef5084d77bb0026,a693dd676b52e7d6,48,90.2,none,ambiguous
spatial,scene_0015,referential,text_only,pi05,tokens,1,False,,240,False,False,,True,True,True,akita_black_bowl_2,True,,False,0.2956,,,,,plane,,,847d955ddcd8b335,e22fa5644a2e4034,8efc95ae7acab67b,48,88.0,none,ambiguous
spatial,scene_0015,referential,text_only,pi05,tokens,2,False,,240,False,False,,True,True,True,akita_black_bowl_2,True,,False,0.2542,,,,,plane,,,847d955ddcd8b335,e14806435c33c492,0ea2108d1a5514e1,48,88.7,none,ambiguous
spatial,scene_0015,referential,text_only,pi05,tokens,3,False,,240,False,False,,True,True,True,akita_black_bowl_2,True,,False,0.3451,,,,,plane,,,847d955ddcd8b335,0ea4f147acce6052,7519d7534fa44863,48,88.9,none,ambiguous
spatial,scene_0015,referential,text_only,pi05,tokens,4,False,,240,False,False,,True,True,True,akita_black_bowl_2,True,,False,0.2781,,,,,plane,,,847d955ddcd8b335,b005164fafc8eadb,4f3b96600af85514,48,90.5,none,ambiguous
spatial,scene_0015,referential,text_only,pi05,tokens,5,False,,240,False,False,,True,True,True,akita_black_bowl_2,True,,False,0.3408,,,,,plane,,,847d955ddcd8b335,b7cecbb46f3cce72,44003c7fb4e0f0a3,48,88.7,none,ambiguous
spatial,scene_0015,referential,text_only,pi05,tokens,6,False,,240,False,False,,True,True,True,akita_black_bowl_2,True,,False,0.2815,,,,,plane,,,847d955ddcd8b335,b692b8477afb26de,c8eeffc2cdf4fc5d,48,89.2,none,ambiguous
spatial,scene_0015,referential,text_only,pi05,tokens,7,False,,240,False,False,,True,True,True,akita_black_bowl_2,True,,False,0.2866,,,,,plane,,,847d955ddcd8b335,8accb2348a7738a0,18cdb39a9749beef,48,90.3,none,ambiguous
spatial,scene_0015,referential,text_only,pi05,tokens,8,False,,240,False,False,,True,True,True,akita_black_bowl_2,True,,False,0.1958,,,,,plane,,,847d955ddcd8b335,f97fffdb8e648294,f31d3f29b39bfbfb,48,87.1,none,ambiguous
spatial,scene_0015,referential,text_only,pi05,tokens,9,False,,240,False,False,,True,True,True,akita_black_bowl_2,True,,False,0.2695,,,,,plane,,,847d955ddcd8b335,6df0bc466483cbfa,6a37b81cd540359a,48,87.9,none,ambiguous
spatial,scene_0015,referential,text_only,pi05,tokens,10,False,,240,False,False,,True,True,True,akita_black_bowl_2,True,,False,0.2791,,,,,plane,,,847d955ddcd8b335,c1d6f37655df7874,2784cd1bc255c370,48,87.6,none,ambiguous
spatial,scene_0015,referential,text_only,pi05,tokens,11,False,,240,False,False,,True,True,True,akita_black_bowl_2,True,,False,0.3024,,,,,plane,,,847d955ddcd8b335,504495c0659ea313,ef87eab86b3bda7f,48,87.6,none,ambiguous
spatial,scene_0015,referential,text_only,pi05,tokens,12,False,,240,False,False,,True,True,True,akita_black_bowl_4,False,,False,0.3283,,,,,plane,,,847d955ddcd8b335,b9c610a46306012c,240d8cd24cb751c3,48,89.1,none,ambiguous
spatial,scene_0015,referential,text_only,pi05,tokens,13,False,,240,False,False,,True,True,True,akita_black_bowl_2,True,,False,0.3314,,,,,plane,,,847d955ddcd8b335,f43d8b044f0cdc37,8ff18a7c8da48d23,48,89.0,none,ambiguous
spatial,scene_0016,referential,text_only,pi05,tokens,0,False,,240,False,False,,True,True,True,akita_black_bowl_4,False,plate_1,True,0.0468,,,,,plane,,,41430078024def33,84685b892179f63d,1213b1619dff50f7,48,87.0,none,ambiguous
spatial,scene_0016,referential,text_only,pi05,tokens,1,False,,240,False,False,,True,True,True,akita_black_bowl_3,False,plate_1,True,0.0084,,,,,plane,,,41430078024def33,b6908b73b6007981,1feb64c3e758c46f,48,87.3,none,ambiguous
spatial,scene_0016,referential,text_only,pi05,tokens,2,False,,240,False,False,,True,True,True,akita_black_bowl_3,False,plate_1,True,0.0138,,,,,plane,,,41430078024def33,6d2444e19a718453,5fffc3fdb9e4d692,48,88.7,none,ambiguous
spatial,scene_0016,referential,text_only,pi05,tokens,3,False,,240,False,False,,True,True,True,akita_black_bowl_3,False,,False,0.1141,,,,,plane,,,41430078024def33,7543d3137b6e05c8,ad273f7bdab3dc55,48,87.8,none,ambiguous
spatial,scene_0016,referential,text_only,pi05,tokens,4,False,,240,False,False,,True,True,True,akita_black_bowl_4,False,,False,0.1822,,,,,plane,,,41430078024def33,0d6536b26683bfc9,d27b3ea671ddecf6,48,88.8,none,ambiguous
spatial,scene_0016,referential,text_only,pi05,tokens,5,False,,240,False,False,,True,True,True,akita_black_bowl_4,False,,False,0.1669,,,,,plane,,,41430078024def33,9b98c92a20d3cbf6,e54b8e83c1c27561,48,89.3,none,ambiguous
spatial,scene_0016,referential,text_only,pi05,tokens,6,False,,240,False,False,,True,True,True,akita_black_bowl_3,False,plate_1,True,0.0534,,,,,plane,,,41430078024def33,43cca682a0134bec,2f2576aba560b68a,48,89.8,none,ambiguous
spatial,scene_0016,referential,text_only,pi05,tokens,7,False,,240,False,False,,True,True,True,akita_black_bowl_3,False,,False,0.2013,,,,,plane,,,41430078024def33,2ea24e46a8b06b92,cb95401ff4b0fca6,48,88.9,none,ambiguous
spatial,scene_0016,referential,text_only,pi05,tokens,8,False,,240,False,False,,True,True,True,akita_black_bowl_3,False,plate_1,True,0.0296,,,,,plane,,,41430078024def33,34737d825568040c,7ee511762a040955,48,86.7,none,ambiguous
spatial,scene_0016,referential,text_only,pi05,tokens,9,False,,240,False,False,,True,True,True,akita_black_bowl_3,False,,False,0.1168,,,,,plane,,,41430078024def33,c22e8e1e8def8cdf,49885fc746b48200,48,87.1,none,ambiguous
spatial,scene_0016,referential,text_only,pi05,tokens,10,False,,240,False,False,,True,True,True,akita_black_bowl_4,False,,False,0.2087,,,,,plane,,,41430078024def33,dcd0edc9be10a697,7fb9e2813ffabc9a,48,87.4,none,ambiguous
spatial,scene_0016,referential,text_only,pi05,tokens,11,False,,240,False,False,,True,True,True,akita_black_bowl_4,False,,False,0.1826,,,,,plane,,,41430078024def33,3a50faaa1902c52c,ea3c70092f7372fc,48,89.4,none,ambiguous
spatial,scene_0016,referential,text_only,pi05,tokens,12,False,,240,False,False,,True,True,True,akita_black_bowl_3,False,plate_1,True,0.0437,,,,,plane,,,41430078024def33,9436b1d7ae4c2a6b,e15869b5cbdfae1d,48,88.9,none,ambiguous
spatial,scene_0016,referential,text_only,pi05,tokens,13,False,,240,False,False,,True,True,True,akita_black_bowl_3,False,plate_1,True,0.0169,,,,,plane,,,41430078024def33,5af3d8eb6a25e855,5a1a6be48c501825,48,87.8,none,ambiguous
spatial,scene_0017,directional,text_only,pi05,tokens,0,False,,240,False,False,,True,True,True,cookies_1,False,plate_2,False,0.0244,,,,,plane,,,42632e6e82720c09,329992a4e50cf4cc,2fbcd0690d87587c,48,87.5,none,ambiguous
spatial,scene_0017,directional,text_only,pi05,tokens,1,False,,240,False,False,,True,True,True,cookies_1,False,plate_1,True,0.0161,,,,,plane,,,42632e6e82720c09,22025f017c70e753,c3001a72d7e21977,48,86.2,none,ambiguous
spatial,scene_0017,directional,text_only,pi05,tokens,2,False,,240,False,False,,True,False,False,,False,,False,0.2527,,,,,plane,,,42632e6e82720c09,9d41c30406dd6772,cf5a25f82c99ebd5,48,86.9,none,ambiguous
spatial,scene_0017,directional,text_only,pi05,tokens,3,False,,240,False,False,,True,True,True,cookies_1,False,plate_2,False,0.0262,,,,,plane,,,42632e6e82720c09,af79fed292b6c631,cae80b18ffa7e3f5,48,88.4,none,ambiguous
spatial,scene_0017,directional,text_only,pi05,tokens,4,False,,240,False,False,,True,True,True,cookies_1,False,plate_2,False,0.0352,,,,,plane,,,42632e6e82720c09,9d77ad4ea66ad57f,287295a47be22584,48,87.3,none,ambiguous
spatial,scene_0017,directional,text_only,pi05,tokens,5,False,,240,False,False,,True,True,True,cookies_1,False,plate_2,False,0.0588,,,,,plane,,,42632e6e82720c09,b86d91b8cefeb144,e43582e572e45846,48,88.8,none,ambiguous
spatial,scene_0017,directional,text_only,pi05,tokens,6,False,,240,False,False,,True,True,True,cookies_1,False,plate_2,False,0.0395,,,,,plane,,,42632e6e82720c09,af9dd3ef90d323b7,f66f1bd015392eba,48,88.3,none,ambiguous
spatial,scene_0017,directional,text_only,pi05,tokens,7,False,,240,False,False,,True,True,True,cookies_1,False,plate_2,False,0.0401,,,,,plane,,,42632e6e82720c09,fb0c53469faa3e39,e379e9820b33e1b5,48,86.7,none,ambiguous
spatial,scene_0017,directional,text_only,pi05,tokens,8,False,,240,False,False,,True,True,True,cookies_1,False,plate_1,True,0.0386,,,,,plane,,,42632e6e82720c09,a8d5d51367c9d211,f0796a0aa792f006,48,87.0,none,ambiguous
spatial,scene_0017,directional,text_only,pi05,tokens,9,False,,240,False,False,,True,True,True,cookies_1,False,plate_2,False,0.0321,,,,,plane,,,42632e6e82720c09,214e352a980a50cb,ce927ac05a5a62b7,48,88.3,none,ambiguous
spatial,scene_0017,directional,text_only,pi05,tokens,10,False,,240,False,False,,True,True,True,cookies_1,False,plate_1,True,0.0257,,,,,plane,,,42632e6e82720c09,15241f592f1868db,5594367373c3fc4d,48,88.4,none,ambiguous
spatial,scene_0017,directional,text_only,pi05,tokens,11,False,,240,False,False,,True,True,True,cookies_1,False,plate_1,True,0.0412,,,,,plane,,,42632e6e82720c09,2f8d8a21807125f8,e26771e3a639e19c,48,88.2,none,ambiguous
spatial,scene_0017,directional,text_only,pi05,tokens,12,False,,240,False,False,,True,True,True,cookies_1,False,plate_1,True,0.0361,,,,,plane,,,42632e6e82720c09,75ce573f7187cba4,a711ab5e2713912d,48,87.2,none,ambiguous
spatial,scene_0017,directional,text_only,pi05,tokens,13,False,,240,False,False,,True,True,True,cookies_1,False,plate_1,True,0.0316,,,,,plane,,,42632e6e82720c09,b1bf6b88884a775f,c52dbca279750897,48,87.4,none,ambiguous
spatial,scene_0018,directional,text_only,pi05,tokens,0,False,,240,True,True,110,True,True,True,akita_black_bowl_1,True,plate_1,True,0.0196,,,,,plane,,,90048b4ce266733f,1e8d1f15f6d587db,491d5fdbcf4d8421,48,88.0,none,ambiguous
spatial,scene_0018,directional,text_only,pi05,tokens,1,False,,240,True,True,101,True,True,True,akita_black_bowl_1,True,plate_1,True,0.0175,,,,,plane,,,90048b4ce266733f,2fd696e839c224a8,ed7ed3c26af42442,48,86.6,none,ambiguous
spatial,scene_0018,directional,text_only,pi05,tokens,2,False,,240,True,True,115,True,True,True,akita_black_bowl_1,True,plate_1,True,0.0145,,,,,plane,,,90048b4ce266733f,d0d47fb82bc6f6fc,8c83fb6aa8cd7b38,48,86.6,none,ambiguous
spatial,scene_0018,directional,text_only,pi05,tokens,3,False,,240,True,True,96,True,True,True,akita_black_bowl_1,True,plate_1,True,0.0145,,,,,plane,,,90048b4ce266733f,1aabac0d85b33772,f21fe255a67758f1,48,89.2,none,ambiguous
spatial,scene_0018,directional,text_only,pi05,tokens,4,False,,240,False,False,,True,True,True,akita_black_bowl_1,True,,False,0.0919,,,,,plane,,,90048b4ce266733f,5b9d16b20485fdc7,245d2fc45c3e33cc,48,87.1,none,ambiguous
spatial,scene_0018,directional,text_only,pi05,tokens,5,False,,240,True,True,102,True,True,True,akita_black_bowl_1,True,plate_1,True,0.014,,,,,plane,,,90048b4ce266733f,14b8e7abf9ae51b7,04923f1aafc0594a,48,88.1,none,ambiguous
spatial,scene_0018,directional,text_only,pi05,tokens,6,False,,240,True,True,102,True,True,True,akita_black_bowl_1,True,plate_1,True,0.0147,,,,,plane,,,90048b4ce266733f,84e64ee5b82dd867,eaca89d05a1eac5a,48,87.8,none,ambiguous
spatial,scene_0018,directional,text_only,pi05,tokens,7,False,,240,True,True,112,True,True,True,akita_black_bowl_1,True,plate_1,True,0.0105,,,,,plane,,,90048b4ce266733f,9bbe77da4445e345,aa90299e24cdeb52,48,88.4,none,ambiguous
spatial,scene_0018,directional,text_only,pi05,tokens,8,False,,240,True,True,104,True,True,True,akita_black_bowl_1,True,plate_1,True,0.0161,,,,,plane,,,90048b4ce266733f,3f4ba4b6de0dc989,c3a5ff60a79f5091,48,88.8,none,ambiguous
spatial,scene_0018,directional,text_only,pi05,tokens,9,False,,240,True,True,113,True,True,True,akita_black_bowl_1,True,plate_1,True,0.0106,,,,,plane,,,90048b4ce266733f,e0d592febb38eb38,7f9e5d1eb4bfbbd2,48,86.9,none,ambiguous
spatial,scene_0018,directional,text_only,pi05,tokens,10,False,,240,True,True,110,True,True,True,akita_black_bowl_1,True,plate_1,True,0.011,,,,,plane,,,90048b4ce266733f,889643809959512a,acf7b60045b5bfd9,48,89.5,none,ambiguous
spatial,scene_0018,directional,text_only,pi05,tokens,11,False,,240,True,True,110,True,True,True,akita_black_bowl_1,True,plate_1,True,0.0045,,,,,plane,,,90048b4ce266733f,016d63c90cf715d6,ac83fcc5db3a230f,48,87.7,none,ambiguous
spatial,scene_0018,directional,text_only,pi05,tokens,12,False,,240,True,True,113,True,True,True,akita_black_bowl_1,True,plate_1,True,0.0122,,,,,plane,,,90048b4ce266733f,9231a310e36f6d4d,5f5f4a17ae420db2,48,87.8,none,ambiguous
spatial,scene_0018,directional,text_only,pi05,tokens,13,False,,240,True,True,105,True,True,True,akita_black_bowl_1,True,plate_1,True,0.0146,,,,,plane,,,90048b4ce266733f,687116c33fa7a58b,e838208bd8613f8c,48,87.2,none,ambiguous
spatial,scene_0019,directional,text_only,pi05,tokens,0,False,,240,False,False,,True,True,True,glazed_rim_porcelain_ramekin_1,False,,False,0.1177,,,,,plane,,,747f2caf4a8aa847,6811709c18e83bef,f8d90e18dd68b67f,48,86.1,none,ambiguous
spatial,scene_0019,directional,text_only,pi05,tokens,1,False,,240,False,False,,True,True,True,akita_black_bowl_1,True,plate_1,False,0.0127,,,,,plane,,,747f2caf4a8aa847,9049d1b84212da9e,16cdc2f166b7bc89,48,87.4,none,ambiguous
spatial,scene_0019,directional,text_only,pi05,tokens,2,False,,240,False,False,,True,True,True,glazed_rim_porcelain_ramekin_1,False,,False,0.2046,,,,,plane,,,747f2caf4a8aa847,a65249fb0d4a2873,2443dcbcfc5ae39c,48,87.9,none,ambiguous
spatial,scene_0019,directional,text_only,pi05,tokens,3,False,,240,False,False,,True,True,True,glazed_rim_porcelain_ramekin_1,False,,False,0.2538,,,,,plane,,,747f2caf4a8aa847,35d27b7fd9942203,7552966d6558da0e,48,87.6,none,ambiguous
spatial,scene_0019,directional,text_only,pi05,tokens,4,False,,240,False,False,,True,True,True,glazed_rim_porcelain_ramekin_1,False,,False,0.2076,,,,,plane,,,747f2caf4a8aa847,a80e18122c4313c9,3267344babb35170,48,88.0,none,ambiguous
spatial,scene_0019,directional,text_only,pi05,tokens,5,False,,240,False,False,,True,True,True,glazed_rim_porcelain_ramekin_1,False,plate_1,False,0.0315,,,,,plane,,,747f2caf4a8aa847,8e6da55985803c82,b621cd3f6a6c0d4d,48,87.4,none,ambiguous
spatial,scene_0019,directional,text_only,pi05,tokens,6,False,,240,False,False,,True,True,True,glazed_rim_porcelain_ramekin_1,False,,False,0.2251,,,,,plane,,,747f2caf4a8aa847,79c024fb735250ab,a232dc71e89804ce,48,88.1,none,ambiguous
spatial,scene_0019,directional,text_only,pi05,tokens,7,False,,240,False,False,,True,True,True,glazed_rim_porcelain_ramekin_1,False,,False,0.2117,,,,,plane,,,747f2caf4a8aa847,a93bdc2c8f33ae67,18ecb00130dc0601,48,87.7,none,ambiguous
spatial,scene_0019,directional,text_only,pi05,tokens,8,False,,240,False,False,,True,True,True,glazed_rim_porcelain_ramekin_1,False,,False,0.2318,,,,,plane,,,747f2caf4a8aa847,bdafc3850dc37039,e92cf6ed9d5b5c9d,48,87.5,none,ambiguous
spatial,scene_0019,directional,text_only,pi05,tokens,9,False,,240,False,False,,True,True,True,akita_black_bowl_1,True,plate_1,False,0.0032,,,,,plane,,,747f2caf4a8aa847,38ac347cd887808c,5e5fc1eb043074f1,48,88.7,none,ambiguous
spatial,scene_0019,directional,text_only,pi05,tokens,10,False,,240,False,False,,True,True,True,glazed_rim_porcelain_ramekin_1,False,,False,0.1141,,,,,plane,,,747f2caf4a8aa847,e3b41a368326962a,2affba76eca5743d,48,88.3,none,ambiguous
spatial,scene_0019,directional,text_only,pi05,tokens,11,False,,240,False,False,,True,True,True,akita_black_bowl_1,True,plate_1,False,0.04,,,,,plane,,,747f2caf4a8aa847,fe7492b053e19b3c,d7ac803742b9eb05,48,87.1,none,ambiguous
spatial,scene_0019,directional,text_only,pi05,tokens,12,False,,240,False,False,,True,True,True,glazed_rim_porcelain_ramekin_1,False,,False,0.2106,,,,,plane,,,747f2caf4a8aa847,eb388cdbe5b5cce8,4c5080a83aa8b178,48,86.3,none,ambiguous
spatial,scene_0019,directional,text_only,pi05,tokens,13,False,,240,False,False,,True,True,True,glazed_rim_porcelain_ramekin_1,False,,False,0.1978,,,,,plane,,,747f2caf4a8aa847,8a8ad4a970822e5e,862a6c3e8ab53922,48,87.1,none,ambiguous
spatial,scene_0020,directional,text_only,pi05,tokens,0,False,,240,True,True,119,True,True,True,akita_black_bowl_1,True,plate_3,True,0.0082,,,,,plane,,,15f0f655553d6c25,329d7de94fa24759,6f179df187dc5572,48,87.7,none,ambiguous
spatial,scene_0020,directional,text_only,pi05,tokens,1,False,,240,True,True,119,True,True,True,akita_black_bowl_1,True,plate_3,True,0.0105,,,,,plane,,,15f0f655553d6c25,bfcc46023ddbec47,8bffe95568c78594,48,89.4,none,ambiguous
spatial,scene_0020,directional,text_only,pi05,tokens,2,False,,240,True,True,114,True,True,True,akita_black_bowl_1,True,plate_3,True,0.0081,,,,,plane,,,15f0f655553d6c25,b7a214a18eeaed63,910c0c01f9d72fda,48,89.1,none,ambiguous
spatial,scene_0020,directional,text_only,pi05,tokens,3,False,,240,True,True,116,True,True,True,akita_black_bowl_1,True,plate_3,True,0.0125,,,,,plane,,,15f0f655553d6c25,1ee82c86a16f7985,a6d21ad29d068484,48,89.5,none,ambiguous
spatial,scene_0020,directional,text_only,pi05,tokens,4,False,,240,True,True,117,True,True,True,akita_black_bowl_1,True,plate_3,True,0.0072,,,,,plane,,,15f0f655553d6c25,6732df822eea1aec,158e8b2cc0a94869,48,89.5,none,ambiguous
spatial,scene_0020,directional,text_only,pi05,tokens,5,False,,240,True,True,118,True,True,True,akita_black_bowl_1,True,plate_3,True,0.0078,,,,,plane,,,15f0f655553d6c25,9c966d46873eee09,10c871e25eb52bc1,48,89.5,none,ambiguous
spatial,scene_0020,directional,text_only,pi05,tokens,6,False,,240,True,True,133,True,True,True,akita_black_bowl_1,True,plate_3,True,0.0168,,,,,plane,,,15f0f655553d6c25,9400aef473882b60,f76f2682c2029b4f,48,90.8,none,ambiguous
spatial,scene_0020,directional,text_only,pi05,tokens,7,False,,240,True,True,120,True,True,True,akita_black_bowl_1,True,plate_3,True,0.0123,,,,,plane,,,15f0f655553d6c25,244581d4c2054149,134e12f73229bef4,48,87.4,none,ambiguous
spatial,scene_0020,directional,text_only,pi05,tokens,8,False,,240,True,True,116,True,True,True,akita_black_bowl_1,True,plate_3,True,0.0033,,,,,plane,,,15f0f655553d6c25,e4ccbde01c541fc3,8f64baa95bc6e60d,48,88.7,none,ambiguous
spatial,scene_0020,directional,text_only,pi05,tokens,9,False,,240,True,True,116,True,True,True,akita_black_bowl_1,True,plate_3,True,0.0122,,,,,plane,,,15f0f655553d6c25,d99b082afdfadbb2,775f0049f8e69f12,48,89.1,none,ambiguous
spatial,scene_0020,directional,text_only,pi05,tokens,10,False,,240,True,True,118,True,True,True,akita_black_bowl_1,True,plate_3,True,0.0078,,,,,plane,,,15f0f655553d6c25,f5d71845bd25bdfd,0eb28adcf1f08d0e,48,88.7,none,ambiguous
spatial,scene_0020,directional,text_only,pi05,tokens,11,False,,240,True,True,121,True,True,True,akita_black_bowl_1,True,plate_3,True,0.0032,,,,,plane,,,15f0f655553d6c25,e79623dbbd0a9851,133e55562d1d903a,48,87.6,none,ambiguous
spatial,scene_0020,directional,text_only,pi05,tokens,12,False,,240,True,True,117,True,True,True,akita_black_bowl_1,True,plate_3,True,0.0037,,,,,plane,,,15f0f655553d6c25,ebadea8564b6d33e,d3bd8e715abc8e80,48,90.1,none,ambiguous
spatial,scene_0020,directional,text_only,pi05,tokens,13,False,,240,True,True,123,True,True,True,akita_black_bowl_1,True,plate_3,True,0.0119,,,,,plane,,,15f0f655553d6c25,13833ec6d7ddb707,a6386745179e541f,48,87.2,none,ambiguous
spatial,scene_0021,directional,text_only,pi05,tokens,0,False,,240,False,False,,True,True,True,glazed_rim_porcelain_ramekin_1,False,plate_2,False,0.0062,,,,,plane,,,4b4c774a4be2986c,7a6f0e6151eb0da4,852d949be4b335d2,48,89.5,none,ambiguous
spatial,scene_0021,directional,text_only,pi05,tokens,1,False,,240,False,False,,True,True,True,plate_2,False,plate_2,False,0.0,,,,,plane,,,4b4c774a4be2986c,d80d433dc364bfee,c70f925170cd997d,48,88.5,none,ambiguous
spatial,scene_0021,directional,text_only,pi05,tokens,2,False,,240,False,False,,True,True,True,plate_2,False,plate_2,False,0.0,,,,,plane,,,4b4c774a4be2986c,29aa6c3a2ecccfff,19437be7f28c0740,48,88.2,none,ambiguous
spatial,scene_0021,directional,text_only,pi05,tokens,3,False,,240,False,False,,True,True,True,plate_2,False,plate_2,False,0.0,,,,,plane,,,4b4c774a4be2986c,4e7829e6dffd4a2e,f9abc42a52034be2,48,88.6,none,ambiguous
spatial,scene_0021,directional,text_only,pi05,tokens,4,False,,240,False,False,,True,True,True,plate_2,False,plate_2,False,0.0,,,,,plane,,,4b4c774a4be2986c,98beaf3e661eb799,3961f8d25129b074,48,88.1,none,ambiguous
spatial,scene_0021,directional,text_only,pi05,tokens,5,False,,240,False,False,,True,True,True,plate_2,False,plate_2,False,0.0,,,,,plane,,,4b4c774a4be2986c,3d78342e7586f812,ade9e39a6f9f05af,48,89.5,none,ambiguous
spatial,scene_0021,directional,text_only,pi05,tokens,6,False,,240,False,False,,True,True,True,plate_2,False,plate_2,False,0.0,,,,,plane,,,4b4c774a4be2986c,5e4ade6ddb7e8034,ff8d47c3963e6384,48,86.8,none,ambiguous
spatial,scene_0021,directional,text_only,pi05,tokens,7,False,,240,False,False,,True,True,True,plate_1,False,plate_1,True,0.0,,,,,plane,,,4b4c774a4be2986c,b7242e7995beef63,e60d13c44cc37db9,48,88.1,none,ambiguous
spatial,scene_0021,directional,text_only,pi05,tokens,8,False,,240,False,False,,True,True,True,plate_2,False,plate_2,False,0.0,,,,,plane,,,4b4c774a4be2986c,e72928aa253f6773,9de011f42c7557df,48,88.3,none,ambiguous
spatial,scene_0021,directional,text_only,pi05,tokens,9,False,,240,False,False,,True,True,True,glazed_rim_porcelain_ramekin_1,False,plate_1,True,0.0102,,,,,plane,,,4b4c774a4be2986c,b3c50543c4390581,6e1c0dad70b66953,48,87.0,none,ambiguous
spatial,scene_0021,directional,text_only,pi05,tokens,10,False,,240,False,False,,True,True,True,plate_2,False,plate_2,False,0.0,,,,,plane,,,4b4c774a4be2986c,79e5ea461c3fd601,605f609dc08b46df,48,88.1,none,ambiguous
spatial,scene_0021,directional,text_only,pi05,tokens,11,False,,240,False,False,,True,True,True,plate_2,False,plate_2,False,0.0,,,,,plane,,,4b4c774a4be2986c,17081a2ebd48c3f4,41e30f9d3d477de8,48,86.6,none,ambiguous
spatial,scene_0021,directional,text_only,pi05,tokens,12,False,,240,False,False,,True,True,True,plate_2,False,plate_2,False,0.0,,,,,plane,,,4b4c774a4be2986c,6fe5445ad9754bb0,50a4342827220576,48,86.4,none,ambiguous
spatial,scene_0021,directional,text_only,pi05,tokens,13,False,,240,False,False,,True,True,True,plate_2,False,plate_2,False,0.0,,,,,plane,,,4b4c774a4be2986c,74b5bdc3b035bd79,caf744d9403715ed,48,89.5,none,ambiguous
spatial,scene_0022,directional,text_only,pi05,tokens,0,False,,240,True,True,87,True,True,True,akita_black_bowl_1,True,plate_3,True,0.0204,,,,,plane,,,294b70e310714e30,87eefcb13fce9f09,504429924dccf823,48,88.8,none,ambiguous
spatial,scene_0022,directional,text_only,pi05,tokens,1,False,,240,True,True,84,True,True,True,akita_black_bowl_1,True,plate_3,True,0.0152,,,,,plane,,,294b70e310714e30,174f6e90ee8d2226,b346bee177e6149f,48,89.2,none,ambiguous
spatial,scene_0022,directional,text_only,pi05,tokens,2,False,,240,True,True,88,True,True,True,akita_black_bowl_1,True,plate_3,True,0.0146,,,,,plane,,,294b70e310714e30,641c41f6607e99c1,b627f4efb8059feb,48,90.4,none,ambiguous
spatial,scene_0022,directional,text_only,pi05,tokens,3,False,,240,True,True,86,True,True,True,akita_black_bowl_1,True,plate_3,True,0.0126,,,,,plane,,,294b70e310714e30,578ab3cf4a7f0fc8,c9ee9485784e4456,48,89.7,none,ambiguous
spatial,scene_0022,directional,text_only,pi05,tokens,4,False,,240,True,True,131,True,True,True,akita_black_bowl_1,True,plate_3,True,0.0243,,,,,plane,,,294b70e310714e30,095dbd0d5c16e093,95df9f63d6f6554e,48,86.9,none,ambiguous
spatial,scene_0022,directional,text_only,pi05,tokens,5,False,,240,True,True,87,True,True,True,akita_black_bowl_1,True,plate_3,True,0.0148,,,,,plane,,,294b70e310714e30,3d1c2dddbbd7d1cc,60708991d73680d8,48,88.1,none,ambiguous
spatial,scene_0022,directional,text_only,pi05,tokens,6,False,,240,False,False,,True,True,True,akita_black_bowl_1,True,plate_3,True,0.0632,,,,,plane,,,294b70e310714e30,56775b5642758b6e,7b55a665be46d9f1,48,88.7,none,ambiguous
spatial,scene_0022,directional,text_only,pi05,tokens,7,False,,240,True,True,87,True,True,True,akita_black_bowl_1,True,plate_3,True,0.0089,,,,,plane,,,294b70e310714e30,9119a55e9008b555,bed6bdd95ce07bc7,48,88.9,none,ambiguous
spatial,scene_0022,directional,text_only,pi05,tokens,8,False,,240,True,True,84,True,True,True,akita_black_bowl_1,True,plate_3,True,0.0042,,,,,plane,,,294b70e310714e30,0ee489f7dfcfa2e8,4b8008362c81c8f3,48,88.7,none,ambiguous
spatial,scene_0022,directional,text_only,pi05,tokens,9,False,,240,True,True,82,True,True,True,akita_black_bowl_1,True,plate_3,True,0.0174,,,,,plane,,,294b70e310714e30,05ab528d7597d8fc,4d9535429fc0f679,48,90.9,none,ambiguous
spatial,scene_0022,directional,text_only,pi05,tokens,10,False,,240,True,True,86,True,True,True,akita_black_bowl_1,True,plate_3,True,0.0136,,,,,plane,,,294b70e310714e30,9dbc7df6610a64de,15d3b263b7e47943,48,88.5,none,ambiguous
spatial,scene_0022,directional,text_only,pi05,tokens,11,False,,240,False,False,,True,True,True,akita_black_bowl_1,True,plate_2,False,0.02,,,,,plane,,,294b70e310714e30,d84f6f88ce6dc12c,c24a2deb77022ebd,48,87.5,none,ambiguous
spatial,scene_0022,directional,text_only,pi05,tokens,12,False,,240,True,True,138,True,True,True,akita_black_bowl_1,True,plate_3,True,0.0098,,,,,plane,,,294b70e310714e30,004157ee95c18688,2b82c30345dd67ea,48,86.6,none,ambiguous
spatial,scene_0022,directional,text_only,pi05,tokens,13,False,,240,True,True,212,True,True,True,akita_black_bowl_1,True,plate_3,True,0.0086,,,,,plane,,,294b70e310714e30,c12e214d9543c582,151d0e8704cd478f,48,87.4,none,ambiguous
spatial,scene_0023,directional,text_only,pi05,tokens,0,False,,240,False,False,,True,True,True,akita_black_bowl_1,True,plate_2,False,0.0489,,,,,plane,,,a8199a3e753c2770,d62c9f30be395f7c,568bc040b8cc31e5,48,88.1,none,ambiguous
spatial,scene_0023,directional,text_only,pi05,tokens,1,False,,240,False,False,,True,True,True,akita_black_bowl_1,True,,False,0.0974,,,,,plane,,,a8199a3e753c2770,4f8f3c9670e3474e,97f25c44a70b9fdf,48,88.0,none,ambiguous
spatial,scene_0023,directional,text_only,pi05,tokens,2,False,,240,False,False,,True,True,True,akita_black_bowl_1,True,plate_2,False,0.0371,,,,,plane,,,a8199a3e753c2770,1f6f9d081f6e9d82,7f45ce518d153fd7,48,89.5,none,ambiguous
spatial,scene_0023,directional,text_only,pi05,tokens,3,False,,240,False,False,,True,True,True,akita_black_bowl_1,True,,False,0.0803,,,,,plane,,,a8199a3e753c2770,e5bc24831cd3c289,b57a762b2f67a57a,48,88.5,none,ambiguous
spatial,scene_0023,directional,text_only,pi05,tokens,4,False,,240,False,False,,True,True,True,akita_black_bowl_1,True,,False,0.0869,,,,,plane,,,a8199a3e753c2770,1ebe9e8ca7d814fe,9db675694beea2ff,48,89.4,none,ambiguous
spatial,scene_0023,directional,text_only,pi05,tokens,5,False,,240,False,False,,True,True,True,akita_black_bowl_1,True,,False,0.0851,,,,,plane,,,a8199a3e753c2770,7dfa26ea8ec3e4eb,1e5db023ba4e5559,48,88.7,none,ambiguous
spatial,scene_0023,directional,text_only,pi05,tokens,6,False,,240,False,False,,True,True,True,akita_black_bowl_1,True,plate_3,False,0.0119,,,,,plane,,,a8199a3e753c2770,954507b3ccf87e83,09098a8d4324be3f,48,88.4,none,ambiguous
spatial,scene_0023,directional,text_only,pi05,tokens,7,False,,240,False,False,,True,True,True,akita_black_bowl_1,True,plate_3,False,0.0107,,,,,plane,,,a8199a3e753c2770,f0387f458c7eff71,364f8d19e4cea238,48,87.2,none,ambiguous
spatial,scene_0023,directional,text_only,pi05,tokens,8,False,,240,False,False,,True,True,True,akita_black_bowl_1,True,,False,0.0859,,,,,plane,,,a8199a3e753c2770,b17f1fe1d7fceb7f,ed7ad19b6f74a8e9,48,89.5,none,ambiguous
spatial,scene_0023,directional,text_only,pi05,tokens,9,False,,240,False,False,,True,True,True,akita_black_bowl_1,True,plate_3,False,0.0037,,,,,plane,,,a8199a3e753c2770,913b925edc4cc558,6d02c57741d18d23,48,89.2,none,ambiguous
spatial,scene_0023,directional,text_only,pi05,tokens,10,False,,240,False,False,,True,True,True,akita_black_bowl_1,True,,False,0.0815,,,,,plane,,,a8199a3e753c2770,115089bed9f65dae,40e6f18ceaa97338,48,90.0,none,ambiguous
spatial,scene_0023,directional,text_only,pi05,tokens,11,False,,240,False,False,,True,True,True,akita_black_bowl_1,True,plate_2,False,0.0588,,,,,plane,,,a8199a3e753c2770,f838b7481cd78fef,ddb2eb641c76ab21,48,88.1,none,ambiguous
spatial,scene_0023,directional,text_only,pi05,tokens,12,False,,240,False,False,,True,True,True,akita_black_bowl_1,True,plate_2,False,0.0368,,,,,plane,,,a8199a3e753c2770,ae2282ace6d99adc,7db6e10ec52e5f6a,48,86.7,none,ambiguous
spatial,scene_0023,directional,text_only,pi05,tokens,13,False,,240,False,False,,True,True,True,akita_black_bowl_1,True,plate_2,False,0.0034,,,,,plane,,,a8199a3e753c2770,f92ee5fb307287ff,848045f97fcc5a4d,48,87.4,none,ambiguous
spatial,scene_0024,directional,text_only,pi05,tokens,0,False,,240,False,False,,True,True,True,glazed_rim_porcelain_ramekin_1,False,plate_1,False,0.019,,,,,plane,,,9ad1684dfbf5bc6d,f2e1985546b108e3,03c5caf7bd0110ff,48,87.8,none,ambiguous
spatial,scene_0024,directional,text_only,pi05,tokens,1,False,,240,False,False,,True,True,True,akita_black_bowl_1,True,plate_1,False,0.0016,,,,,plane,,,9ad1684dfbf5bc6d,8f07c107ca4293cc,078a333f63f5f8f9,48,88.6,none,ambiguous
spatial,scene_0024,directional,text_only,pi05,tokens,2,False,,240,False,False,,True,True,True,glazed_rim_porcelain_ramekin_1,False,plate_2,False,0.0743,,,,,plane,,,9ad1684dfbf5bc6d,ebf5b6f20da517ff,33925fefa77d116f,48,87.1,none,ambiguous
spatial,scene_0024,directional,text_only,pi05,tokens,3,False,,240,False,False,,True,True,True,akita_black_bowl_1,True,,False,0.0902,,,,,plane,,,9ad1684dfbf5bc6d,0af7e89dc42aae81,24b5ca1ed9cdb9fc,48,89.0,none,ambiguous
spatial,scene_0024,directional,text_only,pi05,tokens,4,False,,240,False,False,,True,True,True,akita_black_bowl_1,True,,False,0.0845,,,,,plane,,,9ad1684dfbf5bc6d,e352519fbe4360e5,34d5f9c7026558e7,48,88.0,none,ambiguous
spatial,scene_0024,directional,text_only,pi05,tokens,5,False,,240,False,False,,True,True,True,akita_black_bowl_1,True,plate_1,False,0.0045,,,,,plane,,,9ad1684dfbf5bc6d,46ef08e54510d4a3,fe672053f9047675,48,89.3,none,ambiguous
spatial,scene_0024,directional,text_only,pi05,tokens,6,False,,240,False,False,,True,True,True,akita_black_bowl_1,True,,False,0.0809,,,,,plane,,,9ad1684dfbf5bc6d,3212a786cd222d5e,4beb2457e0b36725,48,87.8,none,ambiguous
spatial,scene_0024,directional,text_only,pi05,tokens,7,False,,240,False,False,,True,True,True,glazed_rim_porcelain_ramekin_1,False,plate_1,False,0.0089,,,,,plane,,,9ad1684dfbf5bc6d,a9cc95ad33f55adc,be10d05f76bbd14d,48,89.3,none,ambiguous
spatial,scene_0024,directional,text_only,pi05,tokens,8,False,,240,False,False,,True,True,True,akita_black_bowl_1,True,plate_2,False,0.0219,,,,,plane,,,9ad1684dfbf5bc6d,f1023242352c4aae,abbcefc08c2a6360,48,88.3,none,ambiguous
spatial,scene_0024,directional,text_only,pi05,tokens,9,False,,240,False,False,,True,True,True,glazed_rim_porcelain_ramekin_1,False,plate_1,False,0.0243,,,,,plane,,,9ad1684dfbf5bc6d,89bdbc20680cc25d,0f8e64717bcb7c14,48,90.4,none,ambiguous
spatial,scene_0024,directional,text_only,pi05,tokens,10,False,,240,False,False,,True,False,False,,False,,False,0.1174,,,,,plane,,,9ad1684dfbf5bc6d,3ffce7f69e065ce9,7fdbf5fbeb5a072c,48,89.0,none,ambiguous
spatial,scene_0024,directional,text_only,pi05,tokens,11,False,,240,False,False,,True,True,True,glazed_rim_porcelain_ramekin_1,False,plate_1,False,0.0619,,,,,plane,,,9ad1684dfbf5bc6d,c62d7cdb223eab27,a9d04665bf9318d2,48,89.9,none,ambiguous
spatial,scene_0024,directional,text_only,pi05,tokens,12,False,,240,False,False,,True,True,True,glazed_rim_porcelain_ramekin_1,False,plate_2,False,0.0797,,,,,plane,,,9ad1684dfbf5bc6d,e004e79ee27d202f,3d7d6a07caeeaaf5,48,89.2,none,ambiguous
spatial,scene_0024,directional,text_only,pi05,tokens,13,False,,240,False,False,,True,True,True,akita_black_bowl_1,True,,False,0.1023,,,,,plane,,,9ad1684dfbf5bc6d,9e8c8f416459b401,b133f824d95c2f1b,48,91.0,none,ambiguous
spatial,scene_0025,directional,text_only,pi05,tokens,0,False,,240,False,False,,True,True,True,akita_black_bowl_1,True,plate_1,False,0.0184,,,,,plane,,,950129e7380d5320,d89a9c38ca160e32,d34269ffb8059f51,48,87.7,none,ambiguous
spatial,scene_0025,directional,text_only,pi05,tokens,1,False,,240,False,False,,True,True,True,akita_black_bowl_1,True,plate_1,False,0.0055,,,,,plane,,,950129e7380d5320,bb7b145a1572b68e,d9c19b084657d696,48,87.5,none,ambiguous
spatial,scene_0025,directional,text_only,pi05,tokens,2,False,,240,False,False,,True,True,True,akita_black_bowl_1,True,plate_1,False,0.0085,,,,,plane,,,950129e7380d5320,6065b56cbbd6c45a,e8ab0a6a5843baf8,48,86.0,none,ambiguous
spatial,scene_0025,directional,text_only,pi05,tokens,3,False,,240,False,False,,True,True,True,akita_black_bowl_1,True,plate_1,False,0.0284,,,,,plane,,,950129e7380d5320,e5b9ee9113f2a996,8c925bc484a83955,48,87.6,none,ambiguous
spatial,scene_0025,directional,text_only,pi05,tokens,4,False,,240,False,False,,True,True,True,akita_black_bowl_1,True,plate_1,False,0.008,,,,,plane,,,950129e7380d5320,41266797745e4187,2f1e3cec0072d98a,48,86.9,none,ambiguous
spatial,scene_0025,directional,text_only,pi05,tokens,5,False,,240,False,False,,True,True,True,akita_black_bowl_1,True,plate_1,False,0.0235,,,,,plane,,,950129e7380d5320,d990f64c615dd9b6,057ac5de748c9c6d,48,87.0,none,ambiguous
spatial,scene_0025,directional,text_only,pi05,tokens,6,False,,240,False,False,,True,True,True,akita_black_bowl_1,True,plate_1,False,0.0142,,,,,plane,,,950129e7380d5320,65c1cea7a685aecf,79c7db52a7e79d74,48,87.3,none,ambiguous
spatial,scene_0025,directional,text_only,pi05,tokens,7,False,,240,False,False,,True,True,True,akita_black_bowl_1,True,,False,0.1242,,,,,plane,,,950129e7380d5320,3fd43278c2517f91,8688fafb42835b58,48,89.7,none,ambiguous
spatial,scene_0025,directional,text_only,pi05,tokens,8,False,,240,False,False,,True,True,True,plate_1,False,plate_1,False,0.0,,,,,plane,,,950129e7380d5320,c842085fe575061d,661f5fdaed74a686,48,87.3,none,ambiguous
spatial,scene_0025,directional,text_only,pi05,tokens,9,False,,240,False,False,,True,True,True,akita_black_bowl_1,True,plate_1,False,0.0064,,,,,plane,,,950129e7380d5320,8ef04a854b09ec16,15a76a90d0d890dc,48,89.0,none,ambiguous
spatial,scene_0025,directional,text_only,pi05,tokens,10,False,,240,False,False,,True,True,True,akita_black_bowl_1,True,plate_1,False,0.0284,,,,,plane,,,950129e7380d5320,a787d618b2025519,90cb16c08798c1d4,48,87.8,none,ambiguous
spatial,scene_0025,directional,text_only,pi05,tokens,11,False,,240,False,False,,True,True,True,akita_black_bowl_1,True,plate_1,False,0.0133,,,,,plane,,,950129e7380d5320,3a9fc9484581d3a5,73d5a3fce2206db5,48,87.2,none,ambiguous
spatial,scene_0025,directional,text_only,pi05,tokens,12,False,,240,False,False,,True,True,True,akita_black_bowl_1,True,plate_1,False,0.013,,,,,plane,,,950129e7380d5320,6ab8b95c5f9dd7db,80f6034052010b7c,48,86.4,none,ambiguous
spatial,scene_0025,directional,text_only,pi05,tokens,13,False,,240,False,False,,True,True,True,akita_black_bowl_1,True,plate_1,False,0.0188,,,,,plane,,,950129e7380d5320,032f6247053c23dc,4ea1c66f6095a88c,48,87.7,none,ambiguous
spatial,scene_0026,both,text_only,pi05,tokens,0,False,,240,False,False,,True,True,True,glazed_rim_porcelain_ramekin_2,False,,False,0.3229,,,,,plane,,,2139c737065fe13e,edbff1201190b502,faa23cf2aa542855,48,91.7,none,ambiguous
spatial,scene_0026,both,text_only,pi05,tokens,1,False,,240,False,False,,True,True,True,akita_black_bowl_2,False,,False,0.1785,,,,,plane,,,2139c737065fe13e,c604d4fc69278136,b85be67fac6514ab,48,88.9,none,ambiguous
spatial,scene_0026,both,text_only,pi05,tokens,2,False,,240,False,False,,True,True,True,glazed_rim_porcelain_ramekin_2,False,,False,0.1556,,,,,plane,,,2139c737065fe13e,be97911717ae8c1c,cf210933a821b0d9,48,88.3,none,ambiguous
spatial,scene_0026,both,text_only,pi05,tokens,3,False,,240,False,False,,True,True,True,akita_black_bowl_1,True,,False,0.2293,,,,,plane,,,2139c737065fe13e,c1dd2eab1c87c38a,da0dfa55628437ec,48,89.0,none,ambiguous
spatial,scene_0026,both,text_only,pi05,tokens,4,False,,240,False,False,,True,True,True,glazed_rim_porcelain_ramekin_2,False,,False,0.2341,,,,,plane,,,2139c737065fe13e,751397cfac043e3f,3462db9629d208a1,48,88.8,none,ambiguous
spatial,scene_0026,both,text_only,pi05,tokens,5,False,,240,False,False,,True,True,True,glazed_rim_porcelain_ramekin_2,False,,False,0.2309,,,,,plane,,,2139c737065fe13e,d6f1fc5223e499c4,64a711bcabd967af,48,86.9,none,ambiguous
spatial,scene_0026,both,text_only,pi05,tokens,6,False,,240,False,False,,True,True,True,akita_black_bowl_2,False,,False,0.1761,,,,,plane,,,2139c737065fe13e,8c9daa6e0b10cc40,31a9841033f04c0e,48,88.1,none,ambiguous
spatial,scene_0026,both,text_only,pi05,tokens,7,False,,240,False,False,,True,True,True,glazed_rim_porcelain_ramekin_2,False,,False,0.2589,,,,,plane,,,2139c737065fe13e,fd4d92bcb36dcb04,003f1a139a9cd163,48,88.7,none,ambiguous
spatial,scene_0026,both,text_only,pi05,tokens,8,False,,240,False,False,,True,True,True,glazed_rim_porcelain_ramekin_2,False,,False,0.2947,,,,,plane,,,2139c737065fe13e,3b037a71b1880808,6c43ce7542dad60b,48,90.6,none,ambiguous
spatial,scene_0026,both,text_only,pi05,tokens,9,False,,240,False,False,,True,True,True,glazed_rim_porcelain_ramekin_2,False,,False,0.2613,,,,,plane,,,2139c737065fe13e,f41d337c071c8b59,9471e23e81c14e4b,48,88.8,none,ambiguous
spatial,scene_0026,both,text_only,pi05,tokens,10,False,,240,False,False,,True,True,True,glazed_rim_porcelain_ramekin_2,False,,False,0.3018,,,,,plane,,,2139c737065fe13e,82d06e06017c8b5c,3250ee07b3ba8546,48,89.1,none,ambiguous
spatial,scene_0026,both,text_only,pi05,tokens,11,False,,240,False,False,,True,True,True,glazed_rim_porcelain_ramekin_2,False,,False,0.2635,,,,,plane,,,2139c737065fe13e,935215d8bc594b38,73c5702fc8a4909b,48,88.1,none,ambiguous
spatial,scene_0026,both,text_only,pi05,tokens,12,False,,240,False,False,,True,True,True,glazed_rim_porcelain_ramekin_2,False,plate_2,False,0.0234,,,,,plane,,,2139c737065fe13e,84b30e33b33fa78b,7c7e02f19e8a1353,48,88.4,none,ambiguous
spatial,scene_0026,both,text_only,pi05,tokens,13,False,,240,False,False,,True,True,True,glazed_rim_porcelain_ramekin_2,False,,False,0.2892,,,,,plane,,,2139c737065fe13e,689e8f4682a14dde,e041a7f0b7217a9f,48,88.2,none,ambiguous
spatial,scene_0027,both,text_only,pi05,tokens,0,False,,240,False,False,,True,True,True,akita_black_bowl_3,True,,False,0.1578,,,,,plane,,,f8a485fea0953861,2ca57145b54576c1,2f91cf8526cf6bed,48,88.6,none,ambiguous
spatial,scene_0027,both,text_only,pi05,tokens,1,False,,240,False,False,,True,True,True,akita_black_bowl_3,True,plate_1,False,0.011,,,,,plane,,,f8a485fea0953861,5218a7de636be951,663127db302f7458,48,87.1,none,ambiguous
spatial,scene_0027,both,text_only,pi05,tokens,2,False,,240,False,False,,True,True,True,akita_black_bowl_3,True,plate_1,False,0.0045,,,,,plane,,,f8a485fea0953861,8f83498d0e385f22,6cc7c929a8cc5bc4,48,87.0,none,ambiguous
spatial,scene_0027,both,text_only,pi05,tokens,3,False,,240,False,False,,True,True,True,akita_black_bowl_3,True,plate_1,False,0.0117,,,,,plane,,,f8a485fea0953861,4ab0ebce2e9b8be2,c7ab470e1bfed11d,48,86.4,none,ambiguous
spatial,scene_0027,both,text_only,pi05,tokens,4,False,,240,True,True,108,True,True,True,akita_black_bowl_3,True,plate_2,True,0.0099,,,,,plane,,,f8a485fea0953861,125c89525622dba6,cf180318b3ff78e9,48,88.6,none,ambiguous
spatial,scene_0027,both,text_only,pi05,tokens,5,False,,240,False,False,,True,True,True,akita_black_bowl_3,True,plate_1,False,0.008,,,,,plane,,,f8a485fea0953861,21ea4b816f0a82c5,5858a2d5fe4a4371,48,92.8,none,ambiguous
spatial,scene_0027,both,text_only,pi05,tokens,6,False,,240,False,False,,True,True,True,akita_black_bowl_3,True,plate_1,False,0.0061,,,,,plane,,,f8a485fea0953861,751ab2ca2cb90dfd,eae178e75cdf81dc,48,87.8,none,ambiguous
spatial,scene_0027,both,text_only,pi05,tokens,7,False,,240,False,False,,True,True,True,akita_black_bowl_3,True,plate_1,False,0.0108,,,,,plane,,,f8a485fea0953861,e16b03b3e0c058ee,5bb78b4692cb8186,48,88.1,none,ambiguous
spatial,scene_0027,both,text_only,pi05,tokens,8,False,,240,False,False,,True,True,True,akita_black_bowl_3,True,plate_1,False,0.0079,,,,,plane,,,f8a485fea0953861,c0f642b91cd90821,a439ed49e767581e,48,90.6,none,ambiguous
spatial,scene_0027,both,text_only,pi05,tokens,9,False,,240,False,False,,True,True,True,akita_black_bowl_3,True,plate_1,False,0.0024,,,,,plane,,,f8a485fea0953861,ea0056f8df4ed95d,6d86c3774dc66dc0,48,88.3,none,ambiguous
spatial,scene_0027,both,text_only,pi05,tokens,10,False,,240,False,False,,True,True,True,akita_black_bowl_3,True,plate_1,False,0.0077,,,,,plane,,,f8a485fea0953861,338cd0468a1f5c06,7749d47269e83f8b,48,86.8,none,ambiguous
spatial,scene_0027,both,text_only,pi05,tokens,11,False,,240,False,False,,True,True,True,akita_black_bowl_3,True,plate_1,False,0.0123,,,,,plane,,,f8a485fea0953861,9ab2a01e6039c0e5,6dbb92e9714d0deb,48,88.1,none,ambiguous
spatial,scene_0027,both,text_only,pi05,tokens,12,False,,240,False,False,,True,True,True,akita_black_bowl_3,True,plate_1,False,0.0112,,,,,plane,,,f8a485fea0953861,ff2abbc6c374546d,2858e7aa5083b540,48,88.6,none,ambiguous
spatial,scene_0027,both,text_only,pi05,tokens,13,False,,240,False,False,,True,True,True,akita_black_bowl_3,True,plate_1,False,0.0122,,,,,plane,,,f8a485fea0953861,1c523a53c761ad25,d4491705a52815a5,48,87.0,none,ambiguous
spatial,scene_0028,both,text_only,pi05,tokens,0,False,,240,False,False,,True,True,True,glazed_rim_porcelain_ramekin_1,False,,False,0.1182,,,,,plane,,,91c3fe477ec8f91f,42105339e6142c73,9595a1f47f76677a,48,86.6,none,ambiguous
spatial,scene_0028,both,text_only,pi05,tokens,1,False,,240,False,False,,True,True,True,glazed_rim_porcelain_ramekin_1,False,,False,0.1116,,,,,plane,,,91c3fe477ec8f91f,2aab3718df48b937,f940c1c0590f2a01,48,87.5,none,ambiguous
spatial,scene_0028,both,text_only,pi05,tokens,2,False,,240,False,False,,True,True,True,glazed_rim_porcelain_ramekin_1,False,,False,0.1235,,,,,plane,,,91c3fe477ec8f91f,5385fd8654b5cc41,4b03aa7f3c752fe4,48,87.7,none,ambiguous
spatial,scene_0028,both,text_only,pi05,tokens,3,False,,240,False,False,,True,True,True,glazed_rim_porcelain_ramekin_1,False,,False,0.1202,,,,,plane,,,91c3fe477ec8f91f,a7c1d5fe12330ec1,c0fb648e1b090cd0,48,88.7,none,ambiguous
spatial,scene_0028,both,text_only,pi05,tokens,4,False,,240,False,False,,True,True,True,akita_black_bowl_3,False,plate_2,False,0.0472,,,,,plane,,,91c3fe477ec8f91f,0f9006c94d54904b,f8ae1ac5afc312d1,48,88.6,none,ambiguous
spatial,scene_0028,both,text_only,pi05,tokens,5,False,,240,False,False,,True,True,True,glazed_rim_porcelain_ramekin_1,False,,False,0.1227,,,,,plane,,,91c3fe477ec8f91f,cddb43a49cc00b4a,2679d381a5146b7c,48,88.5,none,ambiguous
spatial,scene_0028,both,text_only,pi05,tokens,6,False,,240,False,False,,True,True,True,glazed_rim_porcelain_ramekin_1,False,,False,0.0932,,,,,plane,,,91c3fe477ec8f91f,9a9c266f4797f0fb,131e4f5b05245b30,48,87.6,none,ambiguous
spatial,scene_0028,both,text_only,pi05,tokens,7,False,,240,False,False,,True,True,True,glazed_rim_porcelain_ramekin_1,False,,False,0.1126,,,,,plane,,,91c3fe477ec8f91f,835ad14a002d5fe2,b2dae05d5d89d81a,48,89.4,none,ambiguous
spatial,scene_0028,both,text_only,pi05,tokens,8,False,,240,False,False,,True,True,True,akita_black_bowl_2,False,,False,0.1288,,,,,plane,,,91c3fe477ec8f91f,7245fb78250adb0f,8543de37a1d232db,48,89.6,none,ambiguous
spatial,scene_0028,both,text_only,pi05,tokens,9,False,,240,False,False,,True,True,True,akita_black_bowl_2,False,,False,0.1783,,,,,plane,,,91c3fe477ec8f91f,030a05891aeb89f6,86789b0014c3314a,48,87.8,none,ambiguous
spatial,scene_0028,both,text_only,pi05,tokens,10,False,,240,False,False,,True,True,True,akita_black_bowl_3,False,plate_2,False,0.072,,,,,plane,,,91c3fe477ec8f91f,52f9b43d085f999c,ac361a546c8170a1,48,87.6,none,ambiguous
spatial,scene_0028,both,text_only,pi05,tokens,11,False,,240,False,False,,True,True,True,glazed_rim_porcelain_ramekin_1,False,,False,0.1364,,,,,plane,,,91c3fe477ec8f91f,67846615915e7eda,23ed45e346eb7ed4,48,88.4,none,ambiguous
spatial,scene_0028,both,text_only,pi05,tokens,12,False,,240,False,False,,True,True,True,akita_black_bowl_3,False,,False,0.1208,,,,,plane,,,91c3fe477ec8f91f,f037323f7213d801,74cfd72512cfd0df,48,87.6,none,ambiguous
spatial,scene_0028,both,text_only,pi05,tokens,13,False,,240,False,False,,True,True,True,glazed_rim_porcelain_ramekin_1,False,,False,0.1166,,,,,plane,,,91c3fe477ec8f91f,712e85b2f2e58638,54b72b2df50a7552,48,88.5,none,ambiguous
spatial,scene_0029,both,text_only,pi05,tokens,0,False,,240,False,False,,True,True,True,akita_black_bowl_1,False,,False,0.2236,,,,,plane,,,0195be60883fac6e,a5dc4efb17f2b343,3967cf12a9ff55ed,48,88.9,none,ambiguous
spatial,scene_0029,both,text_only,pi05,tokens,1,False,,240,False,False,,True,True,True,akita_black_bowl_4,False,plate_2,True,0.0219,,,,,plane,,,0195be60883fac6e,f0e0248690c78548,2c804263b9e5dd76,48,86.3,none,ambiguous
spatial,scene_0029,both,text_only,pi05,tokens,2,False,,240,False,False,,True,False,False,,False,,False,0.2522,,,,,plane,,,0195be60883fac6e,387b36c641daf2b3,f9dc0e1e3ae2623b,48,88.4,none,ambiguous
spatial,scene_0029,both,text_only,pi05,tokens,3,False,,240,False,False,,True,False,False,,False,,False,0.251,,,,,plane,,,0195be60883fac6e,25c863b8a70c1875,37fad1fb62553f6a,48,87.9,none,ambiguous
spatial,scene_0029,both,text_only,pi05,tokens,4,False,,240,False,False,,True,True,True,akita_black_bowl_4,False,,False,0.104,,,,,plane,,,0195be60883fac6e,406a694a5ba02e70,8beb1b9101d175c0,48,88.9,none,ambiguous
spatial,scene_0029,both,text_only,pi05,tokens,5,False,,240,False,False,,True,True,True,akita_black_bowl_1,False,,False,0.2272,,,,,plane,,,0195be60883fac6e,c4fad7103435690c,dca5a94895374279,48,87.4,none,ambiguous
spatial,scene_0029,both,text_only,pi05,tokens,6,False,,240,False,False,,True,True,True,akita_black_bowl_1,False,,False,0.2348,,,,,plane,,,0195be60883fac6e,6c0bfbbd4557c368,ec0a9935b706339f,48,88.6,none,ambiguous
spatial,scene_0029,both,text_only,pi05,tokens,7,False,,240,False,False,,True,True,True,akita_black_bowl_4,False,,False,0.1351,,,,,plane,,,0195be60883fac6e,5fab717e4804dd8b,edc247392fd0c1c0,48,87.8,none,ambiguous
spatial,scene_0029,both,text_only,pi05,tokens,8,False,,240,False,False,,True,True,True,akita_black_bowl_1,False,,False,0.1607,,,,,plane,,,0195be60883fac6e,50b079e6a4e0b9fe,664320df66d7dcc3,48,91.5,none,ambiguous
spatial,scene_0029,both,text_only,pi05,tokens,9,False,,240,False,False,,True,True,True,akita_black_bowl_1,False,,False,0.1463,,,,,plane,,,0195be60883fac6e,25e9dcd3ecd66adb,3d91bc8583dde2ff,48,89.8,none,ambiguous
spatial,scene_0029,both,text_only,pi05,tokens,10,False,,240,False,False,,True,True,True,akita_black_bowl_4,False,,False,0.1133,,,,,plane,,,0195be60883fac6e,098b5dceb26bff81,d89e4a79495bffd8,48,90.1,none,ambiguous
spatial,scene_0029,both,text_only,pi05,tokens,11,False,,240,False,False,,True,True,True,akita_black_bowl_1,False,,False,0.2353,,,,,plane,,,0195be60883fac6e,2795e60839628529,82b79651e855435a,48,90.3,none,ambiguous
spatial,scene_0029,both,text_only,pi05,tokens,12,False,,240,False,False,,True,True,True,akita_black_bowl_1,False,,False,0.2048,,,,,plane,,,0195be60883fac6e,7d89206ca35d2637,e7f903be1c87649f,48,90.1,none,ambiguous
spatial,scene_0029,both,text_only,pi05,tokens,13,False,,240,False,False,,True,True,True,glazed_rim_porcelain_ramekin_1,False,plate_2,True,0.021,,,,,plane,,,0195be60883fac6e,b4a8d8f42c6e662a,5f559c3a1c7704cb,48,90.4,none,ambiguous
spatial,scene_0030,both,text_only,pi05,tokens,0,False,,240,True,True,103,True,True,True,akita_black_bowl_2,True,plate_1,True,0.0104,,,,,plane,,,04aa0581369cd708,62ee24c86e5caa30,726c72e5a4cc4f31,48,89.7,none,ambiguous
spatial,scene_0030,both,text_only,pi05,tokens,1,False,,240,False,False,,True,True,True,glazed_rim_porcelain_ramekin_1,False,plate_1,True,0.011,,,,,plane,,,04aa0581369cd708,55a6330ad3276f72,60fabb18b705629f,48,91.4,none,ambiguous
spatial,scene_0030,both,text_only,pi05,tokens,2,False,,240,True,True,115,True,True,True,akita_black_bowl_2,True,plate_1,True,0.013,,,,,plane,,,04aa0581369cd708,784ff3f716f81f80,a3b8dad45b04235c,48,89.3,none,ambiguous
spatial,scene_0030,both,text_only,pi05,tokens,3,False,,240,True,True,112,True,True,True,akita_black_bowl_2,True,plate_1,True,0.0095,,,,,plane,,,04aa0581369cd708,22c0fd52b56366d4,2a3f5e0976594eb8,48,87.4,none,ambiguous
spatial,scene_0030,both,text_only,pi05,tokens,4,False,,240,False,False,,True,True,True,akita_black_bowl_3,False,plate_1,True,0.0454,,,,,plane,,,04aa0581369cd708,08fd047ef5d24bda,cf81ab2821b0eba6,48,88.2,none,ambiguous
spatial,scene_0030,both,text_only,pi05,tokens,5,False,,240,True,True,106,True,True,True,akita_black_bowl_2,True,plate_1,True,0.0109,,,,,plane,,,04aa0581369cd708,a491696569df75b3,d5a1d6869a0ad7ea,48,88.4,none,ambiguous
spatial,scene_0030,both,text_only,pi05,tokens,6,False,,240,False,False,,True,True,True,glazed_rim_porcelain_ramekin_1,False,plate_1,True,0.0473,,,,,plane,,,04aa0581369cd708,5067bda8a2707254,d74db611497928e2,48,89.1,none,ambiguous
spatial,scene_0030,both,text_only,pi05,tokens,7,False,,240,False,False,,True,True,True,glazed_rim_porcelain_ramekin_1,False,plate_1,True,0.0218,,,,,plane,,,04aa0581369cd708,8a48b2baac0b8aaf,d0a9064e9875ff52,48,89.4,none,ambiguous
spatial,scene_0030,both,text_only,pi05,tokens,8,False,,240,True,True,157,True,True,True,akita_black_bowl_2,True,plate_1,True,0.0198,,,,,plane,,,04aa0581369cd708,765df6486e1762e7,938d9e2a7a5377f2,48,88.7,none,ambiguous
spatial,scene_0030,both,text_only,pi05,tokens,9,False,,240,True,True,118,True,True,True,akita_black_bowl_2,True,plate_1,True,0.0222,,,,,plane,,,04aa0581369cd708,f8fa1756803dcd61,0eda62aaa93c1054,48,88.5,none,ambiguous
spatial,scene_0030,both,text_only,pi05,tokens,10,False,,240,False,True,108,True,True,True,akita_black_bowl_2,True,plate_1,True,0.0302,,,,,plane,,,04aa0581369cd708,703ac48d159f5806,fb8e60c4687eea65,48,87.7,none,ambiguous
spatial,scene_0030,both,text_only,pi05,tokens,11,False,,240,False,False,,True,True,True,plate_2,False,plate_2,False,0.0,,,,,plane,,,04aa0581369cd708,7facac27ed1c7808,3d1d10ccb0c5a986,48,87.3,none,ambiguous
spatial,scene_0030,both,text_only,pi05,tokens,12,False,,240,False,False,,True,True,True,plate_2,False,plate_2,False,0.0,,,,,plane,,,04aa0581369cd708,41bb2df471e8ab6f,f633f59ec0fddfb1,48,87.0,none,ambiguous
spatial,scene_0030,both,text_only,pi05,tokens,13,False,,240,False,False,,True,True,True,plate_2,False,plate_2,False,0.0,,,,,plane,,,04aa0581369cd708,0f5da087e5da0b5d,f9b6c25dad385009,48,88.3,none,ambiguous
spatial,scene_0031,both,text_only,pi05,tokens,0,False,,240,False,False,,True,True,True,akita_black_bowl_4,False,plate_2,True,0.0105,,,,,plane,,,8bc38b2af0044938,95863e97751be5b2,aac800130e51f520,48,88.8,none,ambiguous
spatial,scene_0031,both,text_only,pi05,tokens,1,False,,240,False,False,,True,True,True,akita_black_bowl_4,False,plate_2,True,0.0065,,,,,plane,,,8bc38b2af0044938,a8e08623f44f2746,19e4a4a4f31709cc,48,90.8,none,ambiguous
spatial,scene_0031,both,text_only,pi05,tokens,2,False,,240,False,False,,True,True,True,akita_black_bowl_4,False,plate_2,True,0.003,,,,,plane,,,8bc38b2af0044938,338bc1eed0972bfb,4ecb641ad819ec29,48,89.1,none,ambiguous
spatial,scene_0031,both,text_only,pi05,tokens,3,False,,240,True,True,110,True,True,True,akita_black_bowl_1,True,plate_2,True,0.0114,,,,,plane,,,8bc38b2af0044938,b39b1feea61bc3a7,3956f4003c62f2ec,48,91.2,none,ambiguous
spatial,scene_0031,both,text_only,pi05,tokens,4,False,,240,False,False,,True,True,True,akita_black_bowl_4,False,plate_2,True,0.0073,,,,,plane,,,8bc38b2af0044938,722044ecb3ffb510,0107e634ea4294d3,48,89.0,none,ambiguous
spatial,scene_0031,both,text_only,pi05,tokens,5,False,,240,False,False,,True,True,True,akita_black_bowl_4,False,plate_2,True,0.0058,,,,,plane,,,8bc38b2af0044938,c237ba784b57f211,11ffea76dd342d48,48,87.9,none,ambiguous
spatial,scene_0031,both,text_only,pi05,tokens,6,False,,240,False,False,,True,True,True,akita_black_bowl_4,False,plate_2,True,0.0125,,,,,plane,,,8bc38b2af0044938,00a210156636cdba,bbf5074a91d9630c,48,87.2,none,ambiguous
spatial,scene_0031,both,text_only,pi05,tokens,7,False,,240,False,False,,True,True,True,akita_black_bowl_4,False,plate_2,True,0.0067,,,,,plane,,,8bc38b2af0044938,4e01d2fea8a4c7f9,62cdc97eb1dbad67,48,85.5,none,ambiguous
spatial,scene_0031,both,text_only,pi05,tokens,8,False,,240,False,False,,True,True,True,akita_black_bowl_4,False,plate_2,True,0.045,,,,,plane,,,8bc38b2af0044938,7f1ceb19101cd5bc,24f61b52d200448d,48,89.3,none,ambiguous
spatial,scene_0031,both,text_only,pi05,tokens,9,False,,240,False,False,,True,True,True,akita_black_bowl_4,False,plate_2,True,0.0126,,,,,plane,,,8bc38b2af0044938,4eff5031c79a5f55,6f2e3fb470180a58,48,88.7,none,ambiguous
spatial,scene_0031,both,text_only,pi05,tokens,10,False,,240,False,False,,True,True,True,akita_black_bowl_4,False,plate_2,True,0.0048,,,,,plane,,,8bc38b2af0044938,1435c97db79390c5,31e1485b0d259bc0,48,87.7,none,ambiguous
spatial,scene_0031,both,text_only,pi05,tokens,11,False,,240,False,False,,True,True,True,akita_black_bowl_4,False,plate_2,True,0.0048,,,,,plane,,,8bc38b2af0044938,f7aa018d628c0a9d,d1f890693d5a7f36,48,87.4,none,ambiguous
spatial,scene_0031,both,text_only,pi05,tokens,12,False,,240,False,False,,True,True,True,akita_black_bowl_4,False,plate_2,True,0.0104,,,,,plane,,,8bc38b2af0044938,5669b78919ce1992,f73f6ada05863aca,48,89.8,none,ambiguous
spatial,scene_0031,both,text_only,pi05,tokens,13,False,,240,False,False,,True,True,True,akita_black_bowl_4,False,plate_2,True,0.0125,,,,,plane,,,8bc38b2af0044938,5d20e0c0e76b6383,3ba39eb8bf232f0f,48,88.1,none,ambiguous
spatial,scene_0032,both,text_only,pi05,tokens,0,False,,240,False,False,,True,True,True,plate_3,False,plate_3,False,0.0,,,,,plane,,,1ef5d1f411564ab6,822ff463526aa02f,d98312aff9f943d7,48,87.4,none,ambiguous
spatial,scene_0032,both,text_only,pi05,tokens,1,False,,240,False,False,,True,True,True,plate_3,False,plate_3,False,0.0,,,,,plane,,,1ef5d1f411564ab6,f199ff5e55f24741,10071ef323fa2361,48,89.3,none,ambiguous
spatial,scene_0032,both,text_only,pi05,tokens,2,False,,240,False,False,,True,True,True,plate_3,False,plate_3,False,0.0,,,,,plane,,,1ef5d1f411564ab6,561b3c4266d715ac,babd6b0441e6d7d8,48,88.5,none,ambiguous
spatial,scene_0032,both,text_only,pi05,tokens,3,False,,240,False,False,,True,True,True,plate_3,False,plate_3,False,0.0,,,,,plane,,,1ef5d1f411564ab6,4da57d74212ce711,78f19db39805cb02,48,87.7,none,ambiguous
spatial,scene_0032,both,text_only,pi05,tokens,4,False,,240,False,False,,True,True,True,akita_black_bowl_2,False,plate_2,False,0.0301,,,,,plane,,,1ef5d1f411564ab6,158ce71a2416546f,62029ce3afddb8f1,48,88.4,none,ambiguous
spatial,scene_0032,both,text_only,pi05,tokens,5,False,,240,False,False,,True,True,True,plate_3,False,plate_3,False,0.0,,,,,plane,,,1ef5d1f411564ab6,40b0398657236229,424fb66049e53255,48,88.0,none,ambiguous
spatial,scene_0032,both,text_only,pi05,tokens,6,False,,240,False,False,,True,True,True,akita_black_bowl_2,False,plate_2,False,0.0409,,,,,plane,,,1ef5d1f411564ab6,b742075e6d8def8f,5a6fe2c9b8a6e5fb,48,88.8,none,ambiguous
spatial,scene_0032,both,text_only,pi05,tokens,7,False,,240,False,False,,True,True,True,plate_3,False,plate_3,False,0.0,,,,,plane,,,1ef5d1f411564ab6,c017933d0ad5b87f,3557a10a080c6a90,48,88.5,none,ambiguous
spatial,scene_0032,both,text_only,pi05,tokens,8,False,,240,False,False,,True,True,True,plate_3,False,plate_3,False,0.0,,,,,plane,,,1ef5d1f411564ab6,520857a1e6102266,a11e954198499623,48,88.1,none,ambiguous
spatial,scene_0032,both,text_only,pi05,tokens,9,False,,240,False,False,,True,True,True,akita_black_bowl_2,False,plate_2,False,0.0762,,,,,plane,,,1ef5d1f411564ab6,22ccae4476c70c39,530847d4cf3713dc,48,89.3,none,ambiguous
spatial,scene_0032,both,text_only,pi05,tokens,10,False,,240,False,False,,True,True,True,akita_black_bowl_2,False,,False,0.0816,,,,,plane,,,1ef5d1f411564ab6,9af5066c65171e25,ff30b025c529c472,48,89.8,none,ambiguous
spatial,scene_0032,both,text_only,pi05,tokens,11,False,,240,False,False,,True,True,True,akita_black_bowl_2,False,,False,0.1137,,,,,plane,,,1ef5d1f411564ab6,9c3f6299e0d637d9,e3179bff9818844e,48,90.0,none,ambiguous
spatial,scene_0032,both,text_only,pi05,tokens,12,False,,240,False,False,,True,True,True,akita_black_bowl_2,False,plate_2,False,0.0456,,,,,plane,,,1ef5d1f411564ab6,618a79b55be6c9e1,48a7bb0ea54d307b,48,87.8,none,ambiguous
spatial,scene_0032,both,text_only,pi05,tokens,13,False,,240,False,False,,True,True,True,plate_3,False,plate_3,False,0.0,,,,,plane,,,1ef5d1f411564ab6,914fe271acd9b3a8,600bf9461e8d93b1,48,87.7,none,ambiguous
spatial,scene_0033,both,text_only,pi05,tokens,0,False,,240,False,False,,True,True,True,akita_black_bowl_1,False,plate_3,True,0.0041,,,,,plane,,,d150379b3af48570,47069baa57f29fde,da513ff8c0b4d121,48,89.2,none,ambiguous
spatial,scene_0033,both,text_only,pi05,tokens,1,False,,240,False,False,,True,True,True,akita_black_bowl_1,False,plate_3,True,0.0102,,,,,plane,,,d150379b3af48570,03c868affa557085,9116551fb012ccd6,48,89.2,none,ambiguous
spatial,scene_0033,both,text_only,pi05,tokens,2,False,,240,False,False,,True,True,True,akita_black_bowl_1,False,plate_3,True,0.0093,,,,,plane,,,d150379b3af48570,1f73988e08865df5,ab3f5a84ce78b1c6,48,90.1,none,ambiguous
spatial,scene_0033,both,text_only,pi05,tokens,3,False,,240,False,False,,True,True,True,akita_black_bowl_1,False,plate_3,True,0.0117,,,,,plane,,,d150379b3af48570,423e4bf6a85bee53,2a77c1ef0466c43f,48,88.1,none,ambiguous
spatial,scene_0033,both,text_only,pi05,tokens,4,False,,240,False,False,,True,True,True,akita_black_bowl_1,False,plate_3,True,0.0127,,,,,plane,,,d150379b3af48570,806c8f3538496ef9,144ea23580b6b7cf,48,88.3,none,ambiguous
spatial,scene_0033,both,text_only,pi05,tokens,5,False,,240,False,False,,True,True,True,plate_2,False,plate_2,False,0.0,,,,,plane,,,d150379b3af48570,84198c002a8d4ed1,09370f18b45375a2,48,88.6,none,ambiguous
spatial,scene_0033,both,text_only,pi05,tokens,6,False,,240,False,False,,True,True,True,akita_black_bowl_1,False,plate_3,True,0.0119,,,,,plane,,,d150379b3af48570,5196c934fdd229aa,b9b6e5f0b9734b0a,48,87.3,none,ambiguous
spatial,scene_0033,both,text_only,pi05,tokens,7,False,,240,False,False,,True,True,True,akita_black_bowl_1,False,plate_3,True,0.0192,,,,,plane,,,d150379b3af48570,7c5b50e9143186f5,5ab51b85864bf6f3,48,87.4,none,ambiguous
spatial,scene_0033,both,text_only,pi05,tokens,8,False,,240,False,False,,True,True,True,akita_black_bowl_1,False,plate_3,True,0.0143,,,,,plane,,,d150379b3af48570,2bca6f364425eba3,3f17e0205799809c,48,87.5,none,ambiguous
spatial,scene_0033,both,text_only,pi05,tokens,9,False,,240,False,False,,True,True,True,akita_black_bowl_1,False,plate_3,True,0.0093,,,,,plane,,,d150379b3af48570,41577cfbf26e1985,d962eb22415aa429,48,86.9,none,ambiguous
spatial,scene_0033,both,text_only,pi05,tokens,10,False,,240,False,False,,True,True,True,akita_black_bowl_1,False,plate_3,True,0.0157,,,,,plane,,,d150379b3af48570,f5e6d7be68f3141f,f088cc5e3667fe5d,48,87.8,none,ambiguous
spatial,scene_0033,both,text_only,pi05,tokens,11,False,,240,False,False,,True,True,True,akita_black_bowl_1,False,plate_3,True,0.0054,,,,,plane,,,d150379b3af48570,503943039c436b9b,51944c0742d1d13a,48,87.5,none,ambiguous
spatial,scene_0033,both,text_only,pi05,tokens,12,False,,240,False,False,,True,True,True,akita_black_bowl_1,False,plate_3,True,0.0151,,,,,plane,,,d150379b3af48570,e729475fe0e1e9a0,132d6f7a94283c5b,48,88.0,none,ambiguous
spatial,scene_0033,both,text_only,pi05,tokens,13,False,,240,False,False,,True,True,True,akita_black_bowl_1,False,plate_3,True,0.0119,,,,,plane,,,d150379b3af48570,cb03e46a45dfdda9,3b2130ff2b21732e,48,86.2,none,ambiguous
spatial,scene_0034,both,text_only,pi05,tokens,0,False,,240,False,False,,True,True,True,akita_black_bowl_1,True,,False,0.1733,,,,,plane,,,bfafef5672990090,9260df90d7650174,ebe1030b118194b5,48,90.8,none,ambiguous
spatial,scene_0034,both,text_only,pi05,tokens,1,False,,240,False,False,,True,True,True,akita_black_bowl_1,True,plate_2,False,0.0094,,,,,plane,,,bfafef5672990090,49336e877699e954,4aa51b01b1e3921c,48,88.8,none,ambiguous
spatial,scene_0034,both,text_only,pi05,tokens,2,False,,240,False,False,,True,True,True,akita_black_bowl_1,True,plate_2,False,0.0055,,,,,plane,,,bfafef5672990090,64083dd861327826,e06afd00815da536,48,88.4,none,ambiguous
spatial,scene_0034,both,text_only,pi05,tokens,3,False,,240,False,False,,True,True,True,akita_black_bowl_1,True,plate_3,False,0.0095,,,,,plane,,,bfafef5672990090,caab85ecd9f24cd2,0fdc1e0bbf8e713b,48,88.1,none,ambiguous
spatial,scene_0034,both,text_only,pi05,tokens,4,False,,240,False,False,,True,True,True,akita_black_bowl_1,True,plate_3,False,0.0109,,,,,plane,,,bfafef5672990090,fbb96c40f95ca6ee,bab827b9aa460bc9,48,91.0,none,ambiguous
spatial,scene_0034,both,text_only,pi05,tokens,5,False,,240,False,False,,True,True,True,akita_black_bowl_1,True,plate_2,False,0.0249,,,,,plane,,,bfafef5672990090,a0dc1f4e7605b679,6b9f92fcf4fec824,48,88.0,none,ambiguous
spatial,scene_0034,both,text_only,pi05,tokens,6,False,,240,False,False,,True,True,True,akita_black_bowl_1,True,plate_3,False,0.0132,,,,,plane,,,bfafef5672990090,8c39b0e4e73a2dcd,bae8eb971a04b66f,48,89.2,none,ambiguous
spatial,scene_0034,both,text_only,pi05,tokens,7,False,,240,False,False,,True,True,True,akita_black_bowl_1,True,plate_2,False,0.0095,,,,,plane,,,bfafef5672990090,dfc9d49b7363fd16,0f4effbde4c0db8a,48,88.7,none,ambiguous
spatial,scene_0034,both,text_only,pi05,tokens,8,False,,240,False,False,,True,True,True,akita_black_bowl_1,True,plate_3,False,0.0148,,,,,plane,,,bfafef5672990090,4f8b32a2ff17eb42,bce7b1a881f94232,48,89.2,none,ambiguous
spatial,scene_0034,both,text_only,pi05,tokens,9,False,,240,False,False,,True,True,True,akita_black_bowl_1,True,,False,0.185,,,,,plane,,,bfafef5672990090,bd4bd830f3af1f32,a264c6a6a10791cc,48,89.7,none,ambiguous
spatial,scene_0034,both,text_only,pi05,tokens,10,False,,240,False,False,,True,True,True,akita_black_bowl_1,True,plate_3,False,0.0209,,,,,plane,,,bfafef5672990090,66f22a81f6fb705c,0e7f480ba33f2020,48,88.5,none,ambiguous
spatial,scene_0034,both,text_only,pi05,tokens,11,False,,240,False,False,,True,True,True,akita_black_bowl_1,True,plate_3,False,0.0103,,,,,plane,,,bfafef5672990090,b5094e15e679452c,3f5e6136d7e285a6,48,86.9,none,ambiguous
spatial,scene_0034,both,text_only,pi05,tokens,12,False,,240,False,False,,True,True,True,akita_black_bowl_1,True,plate_2,False,0.0159,,,,,plane,,,bfafef5672990090,c8d9e472a8e3e66e,9bf2312b2bdce694,48,88.2,none,ambiguous
spatial,scene_0034,both,text_only,pi05,tokens,13,False,,240,False,False,,True,True,True,akita_black_bowl_1,True,plate_3,False,0.0109,,,,,plane,,,bfafef5672990090,a9ba273b888dc928,6e4644a95a3b2c00,48,89.6,none,ambiguous
spatial,scene_0035,both,text_only,pi05,tokens,0,False,,240,False,False,,True,True,True,akita_black_bowl_3,False,plate_2,True,0.0114,,,,,plane,,,7497f3aa3d791c76,c89f1d45a04c572a,4ac30d8289955f06,48,91.4,none,ambiguous
spatial,scene_0035,both,text_only,pi05,tokens,1,False,,240,False,False,,True,True,True,akita_black_bowl_3,False,plate_2,True,0.0244,,,,,plane,,,7497f3aa3d791c76,da35fde4a099fad9,8e87f1b236030cea,48,93.0,none,ambiguous
spatial,scene_0035,both,text_only,pi05,tokens,2,False,,240,False,False,,True,True,True,akita_black_bowl_3,False,plate_2,True,0.0242,,,,,plane,,,7497f3aa3d791c76,9fadc7de06a1829a,a2123a74a03d52d0,48,91.1,none,ambiguous
spatial,scene_0035,both,text_only,pi05,tokens,3,False,,240,False,False,,True,True,True,akita_black_bowl_3,False,plate_2,True,0.0235,,,,,plane,,,7497f3aa3d791c76,da2ab2f0083f9d03,fad4336214d9dfe1,48,90.4,none,ambiguous
spatial,scene_0035,both,text_only,pi05,tokens,4,False,,240,False,False,,True,True,True,plate_2,False,plate_2,True,0.0,,,,,plane,,,7497f3aa3d791c76,d90ec4c12eedf128,8b8e417f64439219,48,90.9,none,ambiguous
spatial,scene_0035,both,text_only,pi05,tokens,5,False,,240,False,False,,True,True,True,akita_black_bowl_3,False,plate_2,True,0.0124,,,,,plane,,,7497f3aa3d791c76,1402f2dc8fe94208,e30146517d56426d,48,91.3,none,ambiguous
spatial,scene_0035,both,text_only,pi05,tokens,6,False,,240,False,False,,True,True,True,akita_black_bowl_3,False,plate_2,True,0.0213,,,,,plane,,,7497f3aa3d791c76,bbcb5d277d7315bc,cefdbf6c1682099a,48,90.4,none,ambiguous
spatial,scene_0035,both,text_only,pi05,tokens,7,False,,240,False,False,,True,True,True,cookies_2,False,plate_2,True,0.0186,,,,,plane,,,7497f3aa3d791c76,60f45bdf4978b0ac,fbae32258ecb0a5e,48,93.4,none,ambiguous
spatial,scene_0035,both,text_only,pi05,tokens,8,False,,240,False,False,,True,True,True,akita_black_bowl_3,False,plate_2,True,0.0112,,,,,plane,,,7497f3aa3d791c76,1c3848c24d80dcb8,ab836d7ce9e8c6e6,48,88.9,none,ambiguous
spatial,scene_0035,both,text_only,pi05,tokens,9,False,,240,False,False,,True,True,True,akita_black_bowl_3,False,plate_2,True,0.0126,,,,,plane,,,7497f3aa3d791c76,602dc525060caea1,faadb2fb34a7d78a,48,88.3,none,ambiguous
spatial,scene_0035,both,text_only,pi05,tokens,10,False,,240,False,False,,True,True,True,akita_black_bowl_3,False,plate_2,True,0.0114,,,,,plane,,,7497f3aa3d791c76,707ada39d2315dce,a70d1d14fc4fa958,48,88.2,none,ambiguous
spatial,scene_0035,both,text_only,pi05,tokens,11,False,,240,False,False,,True,True,True,akita_black_bowl_3,False,plate_2,True,0.0213,,,,,plane,,,7497f3aa3d791c76,07d8a2342edd1e57,c489a7531f89d16e,48,88.2,none,ambiguous
spatial,scene_0035,both,text_only,pi05,tokens,12,False,,240,False,False,,True,True,True,akita_black_bowl_3,False,plate_2,True,0.0023,,,,,plane,,,7497f3aa3d791c76,14bdbc723b1afeb9,0f002cebd9bec65e,48,90.8,none,ambiguous
spatial,scene_0035,both,text_only,pi05,tokens,13,False,,240,False,False,,True,True,True,akita_black_bowl_3,False,plate_2,True,0.0097,,,,,plane,,,7497f3aa3d791c76,476b65903d739df8,10199b45df8ae560,48,90.1,none,ambiguous
spatial,scene_0036,both,text_only,pi05,tokens,0,False,,240,False,False,,True,True,True,akita_black_bowl_1,False,plate_2,True,0.0126,,,,,plane,,,5ddf58cd0fd4545d,9b2cd119d27eecf9,47291158e7435415,48,89.5,none,ambiguous
spatial,scene_0036,both,text_only,pi05,tokens,1,False,,240,False,False,,True,False,False,,False,,False,0.1253,,,,,plane,,,5ddf58cd0fd4545d,912c27f907c1f2b1,43d749b8c39062f5,48,93.2,none,ambiguous
spatial,scene_0036,both,text_only,pi05,tokens,2,False,,240,False,False,,True,True,True,akita_black_bowl_4,True,plate_1,False,0.0165,,,,,plane,,,5ddf58cd0fd4545d,e3af4f4eb483a657,adbfdfa5fd846560,48,90.8,none,ambiguous
spatial,scene_0036,both,text_only,pi05,tokens,3,False,,240,False,False,,True,True,True,akita_black_bowl_2,False,plate_2,True,0.0162,,,,,plane,,,5ddf58cd0fd4545d,487df1843c7bbb74,66cb1c615b7c3232,48,90.5,none,ambiguous
spatial,scene_0036,both,text_only,pi05,tokens,4,False,,240,False,False,,True,True,True,akita_black_bowl_4,True,plate_1,False,0.0207,,,,,plane,,,5ddf58cd0fd4545d,74aa723a010190b3,41637776796aa012,48,91.1,none,ambiguous
spatial,scene_0036,both,text_only,pi05,tokens,5,False,,240,False,False,,True,True,True,akita_black_bowl_4,True,plate_1,False,0.0121,,,,,plane,,,5ddf58cd0fd4545d,8738866837ce3f26,9b36b7ba5027da81,48,91.7,none,ambiguous
spatial,scene_0036,both,text_only,pi05,tokens,6,False,,240,False,False,,True,True,True,akita_black_bowl_4,True,plate_1,False,0.0111,,,,,plane,,,5ddf58cd0fd4545d,01b80a6883d991e0,19a71c05debcb2ac,48,93.6,none,ambiguous
spatial,scene_0036,both,text_only,pi05,tokens,7,False,,240,False,False,,True,True,True,akita_black_bowl_4,True,plate_1,False,0.0127,,,,,plane,,,5ddf58cd0fd4545d,96df3629bd2c99b8,4e77959545d0846d,48,92.3,none,ambiguous
spatial,scene_0036,both,text_only,pi05,tokens,8,False,,240,False,False,,True,True,True,akita_black_bowl_4,True,plate_1,False,0.0162,,,,,plane,,,5ddf58cd0fd4545d,01d6e8656af69959,1d3356ad4e297a21,48,89.9,none,ambiguous
spatial,scene_0036,both,text_only,pi05,tokens,9,False,,240,False,False,,True,True,True,akita_black_bowl_4,True,plate_1,False,0.0156,,,,,plane,,,5ddf58cd0fd4545d,f0df2008bca6b785,4b51f0875f2d1b5a,48,91.5,none,ambiguous
spatial,scene_0036,both,text_only,pi05,tokens,10,False,,240,False,False,,True,True,True,akita_black_bowl_4,True,plate_1,False,0.008,,,,,plane,,,5ddf58cd0fd4545d,628ab9b7ffb76181,126360557214decb,48,92.5,none,ambiguous
spatial,scene_0036,both,text_only,pi05,tokens,11,False,,240,False,False,,True,True,True,akita_black_bowl_3,False,,False,0.0816,,,,,plane,,,5ddf58cd0fd4545d,7416612d7e9e72bd,f20899dabd342803,48,94.8,none,ambiguous
spatial,scene_0036,both,text_only,pi05,tokens,12,False,,240,False,False,,True,True,True,akita_black_bowl_1,False,plate_2,True,0.0022,,,,,plane,,,5ddf58cd0fd4545d,cdee7383b804bf13,576a18e894dcc7d4,48,93.0,none,ambiguous
spatial,scene_0036,both,text_only,pi05,tokens,13,False,,240,False,False,,True,True,True,akita_black_bowl_4,True,,False,0.1152,,,,,plane,,,5ddf58cd0fd4545d,eb7a971f64bfacf3,0a1f915c44a459c2,48,91.1,none,ambiguous
spatial,scene_0037,both,text_only,pi05,tokens,0,False,,240,False,False,,True,True,True,akita_black_bowl_2,False,plate_3,False,0.0152,,,,,plane,,,8f85ef2e321786bb,135f9312c66cf350,5a9517042c03474f,48,92.8,none,ambiguous
spatial,scene_0037,both,text_only,pi05,tokens,1,False,,240,False,False,,True,True,True,akita_black_bowl_2,False,plate_3,False,0.0223,,,,,plane,,,8f85ef2e321786bb,8a4e6ad308a592b1,ddc7c98ef65d3946,48,94.4,none,ambiguous
spatial,scene_0037,both,text_only,pi05,tokens,2,False,,240,False,False,,True,True,True,akita_black_bowl_2,False,plate_3,False,0.0147,,,,,plane,,,8f85ef2e321786bb,b005eedb7305f537,8c15ea177402e337,48,90.3,none,ambiguous
spatial,scene_0037,both,text_only,pi05,tokens,3,False,,240,False,False,,True,True,True,akita_black_bowl_2,False,plate_3,False,0.0197,,,,,plane,,,8f85ef2e321786bb,ee2bd951611024b6,7213200bd3363cf7,48,93.8,none,ambiguous
spatial,scene_0037,both,text_only,pi05,tokens,4,False,,240,False,False,,True,True,True,akita_black_bowl_2,False,plate_3,False,0.0069,,,,,plane,,,8f85ef2e321786bb,5e3951a00254203f,8a29ce26570dfb54,48,90.7,none,ambiguous
spatial,scene_0037,both,text_only,pi05,tokens,5,False,,240,False,False,,True,True,True,akita_black_bowl_2,False,,False,0.0874,,,,,plane,,,8f85ef2e321786bb,d1e94ebb8b010183,b275793c1ac9a65b,48,90.6,none,ambiguous
spatial,scene_0037,both,text_only,pi05,tokens,6,False,,240,False,False,,True,True,True,akita_black_bowl_2,False,plate_3,False,0.0309,,,,,plane,,,8f85ef2e321786bb,fb7617c7844dc71a,ef1cbbf9f83d58bf,48,101.6,none,ambiguous
spatial,scene_0037,both,text_only,pi05,tokens,7,False,,240,False,False,,True,True,True,akita_black_bowl_2,False,plate_3,False,0.0057,,,,,plane,,,8f85ef2e321786bb,2556ea21d52497ba,2a4caf7e3ed75fda,48,91.6,none,ambiguous
spatial,scene_0037,both,text_only,pi05,tokens,8,False,,240,False,False,,True,True,True,akita_black_bowl_2,False,,False,0.1705,,,,,plane,,,8f85ef2e321786bb,37851d42a2b39a9a,33afac43028cfa6e,48,90.8,none,ambiguous
spatial,scene_0037,both,text_only,pi05,tokens,9,False,,240,False,False,,True,True,True,akita_black_bowl_2,False,plate_2,False,0.0485,,,,,plane,,,8f85ef2e321786bb,6b6d8bda9031c95a,b92b8d5fc842e659,48,89.6,none,ambiguous
spatial,scene_0037,both,text_only,pi05,tokens,10,False,,240,False,False,,True,True,True,akita_black_bowl_2,False,,False,0.1208,,,,,plane,,,8f85ef2e321786bb,f10a53c221a473e7,05fcf31dc805dd2f,48,89.3,none,ambiguous
spatial,scene_0037,both,text_only,pi05,tokens,11,False,,240,False,False,,True,True,True,akita_black_bowl_2,False,,False,0.0878,,,,,plane,,,8f85ef2e321786bb,0f57bf228c189aa4,35fff0203e1dd7fa,48,92.5,none,ambiguous
spatial,scene_0037,both,text_only,pi05,tokens,12,False,,240,False,False,,True,True,True,akita_black_bowl_2,False,,False,0.0974,,,,,plane,,,8f85ef2e321786bb,e8734a8148f8ef3d,b0c65481631395fb,48,93.1,none,ambiguous
spatial,scene_0037,both,text_only,pi05,tokens,13,False,,240,False,False,,True,True,True,akita_black_bowl_2,False,plate_3,False,0.0194,,,,,plane,,,8f85ef2e321786bb,a53ac7842033e8c3,0c16de713b141bdc,48,94.8,none,ambiguous
object,scene_0000,control,text_only,pi05,tokens,0,False,,300,False,False,,True,True,True,chocolate_pudding_1,False,basket_1,True,0.0117,,,,,plane,,,24568138ec1920e2,1262154696dd6541,a96fb9b95a29d760,60,88.2,none,ambiguous
object,scene_0000,control,text_only,pi05,tokens,1,False,,300,False,False,,True,True,True,chocolate_pudding_1,False,basket_1,True,0.0324,,,,,plane,,,24568138ec1920e2,e4e5fc5b4dbe22b3,a38587c616374902,60,88.3,none,ambiguous
object,scene_0000,control,text_only,pi05,tokens,2,False,,300,False,False,,True,True,True,chocolate_pudding_1,False,basket_1,True,0.0288,,,,,plane,,,24568138ec1920e2,3ba4a90331a3f77d,029a9f322360024e,60,88.1,none,ambiguous
object,scene_0000,control,text_only,pi05,tokens,3,False,,300,False,False,,True,True,True,chocolate_pudding_1,False,basket_1,True,0.0319,,,,,plane,,,24568138ec1920e2,3a8c03389ea89a59,1f342bac8dced732,60,87.7,none,ambiguous
object,scene_0000,control,text_only,pi05,tokens,4,False,,300,True,True,184,True,True,True,milk_1,True,basket_1,True,0.0326,,,,,plane,,,24568138ec1920e2,072480dd76948dd4,cf93640631f501b2,60,87.0,none,ambiguous
object,scene_0000,control,text_only,pi05,tokens,5,False,,300,False,False,,True,True,True,chocolate_pudding_1,False,basket_1,True,0.0082,,,,,plane,,,24568138ec1920e2,b53217cf35a389f0,0a279ccd42eadf2e,60,87.7,none,ambiguous
object,scene_0000,control,text_only,pi05,tokens,6,False,,300,True,True,177,True,True,True,milk_1,True,basket_1,True,0.0269,,,,,plane,,,24568138ec1920e2,aad2bc391d6bc009,1e7e6c731e6cf60f,60,87.5,none,ambiguous
object,scene_0000,control,text_only,pi05,tokens,7,False,,300,False,False,,True,True,True,chocolate_pudding_1,False,basket_1,True,0.0095,,,,,plane,,,24568138ec1920e2,7c7b49d56febb1ad,5a4f9aa45b186897,60,86.8,none,ambiguous
object,scene_0000,control,text_only,pi05,tokens,8,False,,300,False,False,,True,True,True,chocolate_pudding_1,False,,False,0.277,,,,,plane,,,24568138ec1920e2,a3f23501eead994a,0437b8550e1c1fed,60,87.6,none,ambiguous
object,scene_0000,control,text_only,pi05,tokens,9,False,,300,True,True,121,True,True,True,milk_1,True,basket_1,True,0.0082,,,,,plane,,,24568138ec1920e2,29080f079791ce0f,a902b08b0c952ea0,60,86.9,none,ambiguous
object,scene_0000,control,text_only,pi05,tokens,10,False,,300,False,False,,True,True,True,chocolate_pudding_1,False,basket_1,True,0.019,,,,,plane,,,24568138ec1920e2,a806d9149a90e5fb,01017e00d0171bc6,60,87.6,none,ambiguous
object,scene_0000,control,text_only,pi05,tokens,11,False,,300,False,False,,True,True,True,chocolate_pudding_1,False,basket_1,True,0.0323,,,,,plane,,,24568138ec1920e2,322596d04c915590,e98eff8cf12d45fd,60,87.2,none,ambiguous
object,scene_0000,control,text_only,pi05,tokens,12,False,,300,False,False,,True,True,True,chocolate_pudding_1,False,basket_1,True,0.0161,,,,,plane,,,24568138ec1920e2,eae965b96d63c565,34dd68f55085e580,60,87.0,none,ambiguous
object,scene_0000,control,text_only,pi05,tokens,13,False,,300,False,False,,True,True,True,chocolate_pudding_1,False,basket_1,True,0.0327,,,,,plane,,,24568138ec1920e2,455cb4fcbd16dde7,6f9755c9c67f0d3e,60,86.8,none,ambiguous
object,scene_0001,control,text_only,pi05,tokens,0,False,,300,False,False,,True,True,True,orange_juice_1,False,basket_1,True,0.0238,,,,,plane,,,8e586fbea44211db,2e54c52d49f7996e,a510bfa47ff1f802,60,87.0,none,ambiguous
object,scene_0001,control,text_only,pi05,tokens,1,False,,300,False,False,,True,True,True,orange_juice_1,False,basket_1,True,0.0278,,,,,plane,,,8e586fbea44211db,e0c26a832ae3da67,eb8734568c821119,60,88.0,none,ambiguous
object,scene_0001,control,text_only,pi05,tokens,2,False,,300,False,False,,True,True,True,orange_juice_1,False,,False,0.1359,,,,,plane,,,8e586fbea44211db,556323894969c8a6,fdf98b637d1c6cf8,60,87.7,none,ambiguous
object,scene_0001,control,text_only,pi05,tokens,3,False,,300,False,False,,True,True,True,orange_juice_1,False,basket_1,True,0.0125,,,,,plane,,,8e586fbea44211db,33a9196d072c4e99,d53710c4e5ec577f,60,87.4,none,ambiguous
object,scene_0001,control,text_only,pi05,tokens,4,False,,300,True,True,170,True,True,True,alphabet_soup_1,True,basket_1,True,0.0126,,,,,plane,,,8e586fbea44211db,324afd7340a62efd,6a6286ed71ab1cae,60,86.5,none,ambiguous
object,scene_0001,control,text_only,pi05,tokens,5,False,,300,False,False,,True,True,True,orange_juice_1,False,basket_1,True,0.0381,,,,,plane,,,8e586fbea44211db,f026ba9be019094b,ec7780d01ad785fd,60,87.4,none,ambiguous
object,scene_0001,control,text_only,pi05,tokens,6,False,,300,True,True,144,True,True,True,alphabet_soup_1,True,basket_1,True,0.0161,,,,,plane,,,8e586fbea44211db,8abb647d89590348,2cd48adc183dd222,60,86.4,none,ambiguous
object,scene_0001,control,text_only,pi05,tokens,7,False,,300,False,False,,True,True,True,orange_juice_1,False,basket_1,True,0.0167,,,,,plane,,,8e586fbea44211db,d241ff52cb471489,13b1797fb050744d,60,91.6,none,ambiguous
object,scene_0001,control,text_only,pi05,tokens,8,False,,300,False,False,,True,True,True,orange_juice_1,False,basket_1,True,0.0188,,,,,plane,,,8e586fbea44211db,c4bbff042c6a9877,6c1f40b25a45b7b1,60,88.4,none,ambiguous
object,scene_0001,control,text_only,pi05,tokens,9,False,,300,False,False,,True,True,True,orange_juice_1,False,,False,0.1459,,,,,plane,,,8e586fbea44211db,ba20ae85a200408e,2ba8ef5fdef5813c,60,87.4,none,ambiguous
object,scene_0001,control,text_only,pi05,tokens,10,False,,300,False,False,,True,False,False,,False,,False,0.4195,,,,,plane,,,8e586fbea44211db,0ea74ee357cf263a,762ada84b6bafabf,60,88.6,none,ambiguous
object,scene_0001,control,text_only,pi05,tokens,11,False,,300,True,True,191,True,True,True,alphabet_soup_1,True,basket_1,True,0.0312,,,,,plane,,,8e586fbea44211db,d25d4a2d11e2935b,bb8b38cf02a794d3,60,88.0,none,ambiguous
object,scene_0001,control,text_only,pi05,tokens,12,False,,300,False,False,,True,True,True,salad_dressing_1,False,,False,0.1352,,,,,plane,,,8e586fbea44211db,93ecf914e22f7664,7ca357f73c72feec,60,87.8,none,ambiguous
object,scene_0001,control,text_only,pi05,tokens,13,False,,300,False,False,,True,True,True,orange_juice_1,False,basket_1,True,0.0309,,,,,plane,,,8e586fbea44211db,b3b79a33845e4a20,29fe0efdde6ddaaf,60,88.6,none,ambiguous
object,scene_0002,control,text_only,pi05,tokens,0,False,,300,False,False,,True,True,True,salad_dressing_1,False,basket_1,True,0.0262,,,,,plane,,,95dd8801575a4f98,d8b258a08d9f6713,ba3e20f50a21647c,60,88.4,none,ambiguous
object,scene_0002,control,text_only,pi05,tokens,1,False,,300,False,False,,True,True,True,salad_dressing_1,False,,False,0.4425,,,,,plane,,,95dd8801575a4f98,a6fcae9a908c0a9a,5f7d083c5db73577,60,89.3,none,ambiguous
object,scene_0002,control,text_only,pi05,tokens,2,False,,300,True,True,189,True,True,True,tomato_sauce_1,True,basket_1,True,0.037,,,,,plane,,,95dd8801575a4f98,4fc4ad75218c5622,1e38692d5302db2f,60,88.8,none,ambiguous
object,scene_0002,control,text_only,pi05,tokens,3,False,,300,False,False,,True,True,True,salad_dressing_1,False,,False,0.1036,,,,,plane,,,95dd8801575a4f98,33d62f9000e5f81f,9c84f5fc647a47ce,60,88.0,none,ambiguous
object,scene_0002,control,text_only,pi05,tokens,4,False,,300,False,False,,True,True,True,salad_dressing_1,False,,False,0.2051,,,,,plane,,,95dd8801575a4f98,072e2c6b91368c0a,aa68c89829f272f2,60,87.8,none,ambiguous
object,scene_0002,control,text_only,pi05,tokens,5,False,,300,True,True,136,True,True,True,tomato_sauce_1,True,basket_1,True,0.0227,,,,,plane,,,95dd8801575a4f98,b62e96e087ae1f2c,f0dd3246979f311f,60,87.5,none,ambiguous
object,scene_0002,control,text_only,pi05,tokens,6,False,,300,False,False,,True,True,True,salad_dressing_1,False,,False,0.2043,,,,,plane,,,95dd8801575a4f98,23fcee13512d7206,375da66d0e827661,60,87.9,none,ambiguous
object,scene_0002,control,text_only,pi05,tokens,7,False,,300,False,False,,True,True,True,salad_dressing_1,False,,False,0.1854,,,,,plane,,,95dd8801575a4f98,5adc4a4ff809ff71,46f1a372377e6cc7,60,87.0,none,ambiguous
object,scene_0002,control,text_only,pi05,tokens,8,False,,300,False,False,,True,True,True,salad_dressing_1,False,,False,0.2214,,,,,plane,,,95dd8801575a4f98,288104f8592d0785,a1b8250a00b71b00,60,87.4,none,ambiguous
object,scene_0002,control,text_only,pi05,tokens,9,False,,300,False,False,,True,True,True,salad_dressing_1,False,,False,0.1144,,,,,plane,,,95dd8801575a4f98,5972701492708ab5,f4325299184bc1a9,60,88.8,none,ambiguous
object,scene_0002,control,text_only,pi05,tokens,10,False,,300,False,False,,True,True,True,salad_dressing_1,False,,False,0.2668,,,,,plane,,,95dd8801575a4f98,8076168c7e617ac1,532c6ba0b72f4c2a,60,87.3,none,ambiguous
object,scene_0002,control,text_only,pi05,tokens,11,False,,300,False,False,,True,True,True,salad_dressing_1,False,,False,0.1579,,,,,plane,,,95dd8801575a4f98,7f92fa0c069d93f5,ec06f08f9ef45697,60,88.5,none,ambiguous
object,scene_0002,control,text_only,pi05,tokens,12,False,,300,False,False,,True,True,True,salad_dressing_1,False,,False,0.136,,,,,plane,,,95dd8801575a4f98,2db0609832e0c005,01e8a2ea7b7590fa,60,88.0,none,ambiguous
object,scene_0002,control,text_only,pi05,tokens,13,False,,300,False,False,,True,True,True,salad_dressing_1,False,,False,0.2096,,,,,plane,,,95dd8801575a4f98,2538be38510abc50,9a2c1575dee0a87d,60,88.6,none,ambiguous
object,scene_0003,control,text_only,pi05,tokens,0,False,,300,True,True,260,True,True,True,orange_juice_1,True,basket_1,True,0.0353,,,,,plane,,,cd8985ae6e154848,af7ae4f0ed645a55,919f3b83039da770,60,88.4,none,ambiguous
object,scene_0003,control,text_only,pi05,tokens,1,False,,300,True,True,247,True,True,True,orange_juice_1,True,basket_1,True,0.0348,,,,,plane,,,cd8985ae6e154848,d62a11252fd3365f,ef049bb2aa5641ce,60,86.9,none,ambiguous
object,scene_0003,control,text_only,pi05,tokens,2,False,,300,True,True,218,True,True,True,orange_juice_1,True,basket_1,True,0.0238,,,,,plane,,,cd8985ae6e154848,1774b600dcc1283d,8498ce6905664d96,60,87.6,none,ambiguous
object,scene_0003,control,text_only,pi05,tokens,3,False,,300,False,False,,True,True,True,orange_juice_1,True,,False,0.1172,,,,,plane,,,cd8985ae6e154848,bcfb1d9fd6a40fef,e77a17ee4c408e20,60,87.2,none,ambiguous
object,scene_0003,control,text_only,pi05,tokens,4,False,,300,False,False,,True,True,True,orange_juice_1,True,basket_1,True,0.0277,,,,,plane,,,cd8985ae6e154848,7c1ca37ef61faa66,afc012f494a14a24,60,86.5,none,ambiguous
object,scene_0003,control,text_only,pi05,tokens,5,False,,300,False,True,208,True,True,True,orange_juice_1,True,basket_1,True,0.0251,,,,,plane,,,cd8985ae6e154848,64f7928ed94c25b5,3c509ee8fe708e51,60,85.9,none,ambiguous
object,scene_0003,control,text_only,pi05,tokens,6,False,,300,True,True,273,True,True,True,orange_juice_1,True,basket_1,True,0.023,,,,,plane,,,cd8985ae6e154848,bc254db26dc07d20,24e768e54ce821c9,60,87.1,none,ambiguous
object,scene_0003,control,text_only,pi05,tokens,7,False,,300,True,True,222,True,True,True,orange_juice_1,True,basket_1,True,0.0323,,,,,plane,,,cd8985ae6e154848,ebd29d6620bede2d,b0e39af56b037087,60,87.6,none,ambiguous
object,scene_0003,control,text_only,pi05,tokens,8,False,,300,True,True,278,True,True,True,orange_juice_1,True,basket_1,True,0.017,,,,,plane,,,cd8985ae6e154848,a1d6935fcd47e2a4,d62f8e44fdb01cc3,60,88.3,none,ambiguous
object,scene_0003,control,text_only,pi05,tokens,9,False,,300,True,True,259,True,True,True,orange_juice_1,True,basket_1,True,0.0111,,,,,plane,,,cd8985ae6e154848,ca95eafb5efe4879,ce97a40fcdffc3f2,60,88.6,none,ambiguous
object,scene_0003,control,text_only,pi05,tokens,10,False,,300,True,False,287,True,True,True,orange_juice_1,True,basket_1,True,0.0073,,,,,plane,,,cd8985ae6e154848,762f545ac4aedb87,a5effe02fee042e8,60,87.2,none,ambiguous
object,scene_0003,control,text_only,pi05,tokens,11,False,,300,False,False,,True,True,True,orange_juice_1,True,,False,0.1639,,,,,plane,,,cd8985ae6e154848,2f2f03a32cb60c6f,663db6b91f29bcbc,60,87.6,none,ambiguous
object,scene_0003,control,text_only,pi05,tokens,12,False,,300,True,True,205,True,True,True,orange_juice_1,True,basket_1,True,0.0311,,,,,plane,,,cd8985ae6e154848,2edbcd75f80a4deb,27f349c18e9e2265,60,87.4,none,ambiguous
object,scene_0003,control,text_only,pi05,tokens,13,False,,300,False,True,235,True,True,True,orange_juice_1,True,basket_1,True,0.025,,,,,plane,,,cd8985ae6e154848,8fd4c00253907a42,6b2069d9ddb28aa9,60,88.1,none,ambiguous
object,scene_0004,control,text_only,pi05,tokens,0,False,,300,False,False,,True,True,True,cream_cheese_1,False,basket_1,True,0.0372,,,,,plane,,,526d3d4e3571e3b9,ee528dfdc83bfeaa,082ff90fc6b32cc4,60,86.6,none,ambiguous
object,scene_0004,control,text_only,pi05,tokens,1,False,,300,False,False,,True,True,True,cream_cheese_1,False,basket_1,True,0.0409,,,,,plane,,,526d3d4e3571e3b9,3290ce793ee2eaee,85932bc68c480779,60,87.3,none,ambiguous
object,scene_0004,control,text_only,pi05,tokens,2,False,,300,False,False,,True,True,True,cream_cheese_1,False,basket_1,True,0.0313,,,,,plane,,,526d3d4e3571e3b9,daa666a2402a15b6,6da8aa5b108318e3,60,86.9,none,ambiguous
object,scene_0004,control,text_only,pi05,tokens,3,False,,300,False,False,,True,True,True,cream_cheese_1,False,basket_1,True,0.027,,,,,plane,,,526d3d4e3571e3b9,a59dc667106dc200,69c693629e3e911c,60,88.3,none,ambiguous
object,scene_0004,control,text_only,pi05,tokens,4,False,,300,False,False,,True,True,True,cream_cheese_1,False,basket_1,True,0.0229,,,,,plane,,,526d3d4e3571e3b9,4f72ca47683c362b,98630622020f8bd2,60,89.3,none,ambiguous
object,scene_0004,control,text_only,pi05,tokens,5,False,,300,False,False,,True,True,True,cream_cheese_1,False,basket_1,True,0.0388,,,,,plane,,,526d3d4e3571e3b9,b45e6ccf855e8a68,36cffe43b67d6156,60,87.3,none,ambiguous
object,scene_0004,control,text_only,pi05,tokens,6,False,,300,False,False,,True,True,True,cream_cheese_1,False,basket_1,True,0.0418,,,,,plane,,,526d3d4e3571e3b9,ad5bcf00137858c4,d31dbda2fcca7424,60,88.1,none,ambiguous
object,scene_0004,control,text_only,pi05,tokens,7,False,,300,False,False,,True,True,True,cream_cheese_1,False,basket_1,True,0.0369,,,,,plane,,,526d3d4e3571e3b9,ec63faebf447efb7,a7bc6cb22bc8e310,60,86.9,none,ambiguous
object,scene_0004,control,text_only,pi05,tokens,8,False,,300,False,False,,True,True,True,cream_cheese_1,False,basket_1,True,0.0385,,,,,plane,,,526d3d4e3571e3b9,9e5965908192be38,b09cba0a5bf26955,60,88.3,none,ambiguous
object,scene_0004,control,text_only,pi05,tokens,9,False,,300,False,False,,True,True,True,cream_cheese_1,False,basket_1,True,0.0427,,,,,plane,,,526d3d4e3571e3b9,5adcd2407ae1af8c,d14dc728b7a46e21,60,88.6,none,ambiguous
object,scene_0004,control,text_only,pi05,tokens,10,False,,300,False,False,,True,True,True,cream_cheese_1,False,basket_1,True,0.0478,,,,,plane,,,526d3d4e3571e3b9,3b1f2022d19b9ac2,53b2d448c5d454a4,60,88.2,none,ambiguous
object,scene_0004,control,text_only,pi05,tokens,11,False,,300,False,False,,True,True,True,cream_cheese_1,False,basket_1,True,0.0422,,,,,plane,,,526d3d4e3571e3b9,042c48fefe13fd85,fdd0773b53c48704,60,87.8,none,ambiguous
object,scene_0004,control,text_only,pi05,tokens,12,False,,300,False,False,,True,True,True,cream_cheese_1,False,basket_1,True,0.0348,,,,,plane,,,526d3d4e3571e3b9,7b6223d988a18ef3,b2410dcb6658d17f,60,87.5,none,ambiguous
object,scene_0004,control,text_only,pi05,tokens,13,False,,300,False,False,,True,True,True,cream_cheese_1,False,basket_1,True,0.0236,,,,,plane,,,526d3d4e3571e3b9,afd63666dfedbd49,3f448d86c6d878f5,60,87.6,none,ambiguous
object,scene_0005,referential,text_only,pi05,tokens,0,False,,300,False,False,,True,True,True,chocolate_pudding_1,False,basket_1,True,0.0348,,,,,plane,,,c4c3d71f1749c5e0,48bbe540a3200e2c,6379164a0643c17e,60,87.5,none,ambiguous
object,scene_0005,referential,text_only,pi05,tokens,1,False,,300,False,False,,True,True,True,chocolate_pudding_1,False,basket_1,True,0.0386,,,,,plane,,,c4c3d71f1749c5e0,5e050f462dacdee3,591e48aaa523d09e,60,87.5,none,ambiguous
object,scene_0005,referential,text_only,pi05,tokens,2,False,,300,False,False,,True,True,True,chocolate_pudding_1,False,basket_1,True,0.0183,,,,,plane,,,c4c3d71f1749c5e0,1ed0525662975a3c,6ea93001b0c20165,60,88.4,none,ambiguous
object,scene_0005,referential,text_only,pi05,tokens,3,False,,300,False,False,,True,True,True,chocolate_pudding_1,False,basket_1,True,0.0259,,,,,plane,,,c4c3d71f1749c5e0,21fb52182121b201,05fce92de4fc6249,60,86.9,none,ambiguous
object,scene_0005,referential,text_only,pi05,tokens,4,False,,300,False,False,,True,True,True,chocolate_pudding_1,False,basket_1,True,0.0379,,,,,plane,,,c4c3d71f1749c5e0,b002a637a88a0f30,a21ba7d3c48e3af8,60,88.4,none,ambiguous
object,scene_0005,referential,text_only,pi05,tokens,5,False,,300,False,False,,True,True,True,chocolate_pudding_1,False,basket_1,True,0.033,,,,,plane,,,c4c3d71f1749c5e0,2dda588f31fecf93,0f97eacaccfd002d,60,87.2,none,ambiguous
object,scene_0005,referential,text_only,pi05,tokens,6,False,,300,False,False,,True,True,True,chocolate_pudding_1,False,basket_1,True,0.026,,,,,plane,,,c4c3d71f1749c5e0,34d889c1beba734d,2d9d06b74c8a8189,60,87.5,none,ambiguous
object,scene_0005,referential,text_only,pi05,tokens,7,False,,300,False,False,,True,True,True,chocolate_pudding_1,False,basket_1,True,0.0184,,,,,plane,,,c4c3d71f1749c5e0,53ac8b0f31c7d2fa,202d626ac72af060,60,88.5,none,ambiguous
object,scene_0005,referential,text_only,pi05,tokens,8,False,,300,False,False,,True,True,True,chocolate_pudding_1,False,basket_1,True,0.0191,,,,,plane,,,c4c3d71f1749c5e0,bfa6d8c245fec76c,d23c2e5fa8797066,60,88.2,none,ambiguous
object,scene_0005,referential,text_only,pi05,tokens,9,False,,300,False,False,,True,True,True,chocolate_pudding_1,False,basket_1,True,0.0205,,,,,plane,,,c4c3d71f1749c5e0,f3d03dc6f059a649,6e2a8ae1a1c7ac75,60,86.6,none,ambiguous
object,scene_0005,referential,text_only,pi05,tokens,10,False,,300,False,False,,True,True,True,chocolate_pudding_1,False,basket_1,True,0.0279,,,,,plane,,,c4c3d71f1749c5e0,5d23d2ffc0799019,a20acd84eac97c79,60,88.6,none,ambiguous
object,scene_0005,referential,text_only,pi05,tokens,11,False,,300,False,False,,True,True,True,chocolate_pudding_1,False,basket_1,True,0.0166,,,,,plane,,,c4c3d71f1749c5e0,b9aee765ea6b7b1e,440f4785667716cd,60,87.0,none,ambiguous
object,scene_0005,referential,text_only,pi05,tokens,12,False,,300,False,False,,True,True,True,chocolate_pudding_1,False,basket_1,True,0.0223,,,,,plane,,,c4c3d71f1749c5e0,e7b61c77f3c5024e,1482c7e173840cab,60,86.5,none,ambiguous
object,scene_0005,referential,text_only,pi05,tokens,13,False,,300,False,False,,True,True,True,chocolate_pudding_1,False,basket_1,True,0.019,,,,,plane,,,c4c3d71f1749c5e0,6e445adba191183f,37dd0f0b9264b8b7,60,88.2,none,ambiguous
object,scene_0006,referential,text_only,pi05,tokens,0,False,,300,False,False,,True,True,True,salad_dressing_2,False,,False,0.2246,,,,,plane,,,946ceab02686147f,ddc806702d2de206,c1ed1dc54d0cb4ae,60,87.5,none,ambiguous
object,scene_0006,referential,text_only,pi05,tokens,1,False,,300,False,False,,True,True,True,salad_dressing_2,False,,False,0.093,,,,,plane,,,946ceab02686147f,d93601ccfa3e1a53,4f64ea8f1f0bcbe6,60,87.0,none,ambiguous
object,scene_0006,referential,text_only,pi05,tokens,2,False,,300,False,False,,True,True,True,salad_dressing_2,False,,False,0.1093,,,,,plane,,,946ceab02686147f,95b4d17e9cb69c66,0223c5af76128933,60,89.0,none,ambiguous
object,scene_0006,referential,text_only,pi05,tokens,3,False,,300,False,False,,True,True,True,salad_dressing_2,False,,False,0.0835,,,,,plane,,,946ceab02686147f,9f3db81f72c4e894,d8dfc69d4d897a3d,60,88.7,none,ambiguous
object,scene_0006,referential,text_only,pi05,tokens,4,False,,300,False,False,,True,True,True,salad_dressing_2,False,,False,0.1159,,,,,plane,,,946ceab02686147f,63bb0643ee68def4,53f8f6bc57e4fc8d,60,88.3,none,ambiguous
object,scene_0006,referential,text_only,pi05,tokens,5,False,,300,False,False,,True,True,True,salad_dressing_2,False,,False,0.0882,,,,,plane,,,946ceab02686147f,1018440e3b34ccf3,7626d5522b356825,60,89.3,none,ambiguous
object,scene_0006,referential,text_only,pi05,tokens,6,False,,300,False,False,,True,True,True,salad_dressing_1,True,,False,0.0925,,,,,plane,,,946ceab02686147f,5f7e72de3214ad2e,422875708842010e,60,87.7,none,ambiguous
object,scene_0006,referential,text_only,pi05,tokens,7,False,,300,False,False,,True,True,True,salad_dressing_2,False,,False,0.2252,,,,,plane,,,946ceab02686147f,812e13cc5b941b7f,7ec01c5e8765a98a,60,87.3,none,ambiguous
object,scene_0006,referential,text_only,pi05,tokens,8,False,,300,False,False,,True,True,True,salad_dressing_2,False,basket_1,True,0.0308,,,,,plane,,,946ceab02686147f,c4552263b3db2a6b,caeccbf5659b9eb4,60,88.1,none,ambiguous
object,scene_0006,referential,text_only,pi05,tokens,9,False,,300,False,False,,True,True,True,salad_dressing_2,False,,False,0.2124,,,,,plane,,,946ceab02686147f,28af9471a751caf7,65fe6450925cf5f0,60,87.5,none,ambiguous
object,scene_0006,referential,text_only,pi05,tokens,10,False,,300,False,False,,True,True,True,salad_dressing_1,True,,False,0.1076,,,,,plane,,,946ceab02686147f,cb6051316fa99ad0,58479f2de6361081,60,88.3,none,ambiguous
object,scene_0006,referential,text_only,pi05,tokens,11,False,,300,False,False,,True,False,False,,False,,False,0.4466,,,,,plane,,,946ceab02686147f,6de2dea8367fee68,2987f00daeceab4a,60,88.9,none,ambiguous
object,scene_0006,referential,text_only,pi05,tokens,12,False,,300,False,False,,True,True,True,salad_dressing_2,False,,False,0.1598,,,,,plane,,,946ceab02686147f,95444e8804c3662f,997b95ef2d1559c8,60,87.2,none,ambiguous
object,scene_0006,referential,text_only,pi05,tokens,13,False,,300,False,False,,True,False,False,,False,,False,0.4466,,,,,plane,,,946ceab02686147f,a95c5d481f8f462d,ff0ef57f9204dfd8,60,88.0,none,ambiguous
object,scene_0007,referential,text_only,pi05,tokens,0,False,,300,False,False,,True,True,True,orange_juice_1,False,basket_1,True,0.0351,,,,,plane,,,5bd81ad1651554de,46a5ee6d92d5e34e,a5b9fbbd30672a0c,60,88.6,none,ambiguous
object,scene_0007,referential,text_only,pi05,tokens,1,False,,300,False,False,,True,True,True,orange_juice_1,False,basket_1,True,0.0192,,,,,plane,,,5bd81ad1651554de,13ccbdfdc460f044,37374ef006bd91cf,60,87.5,none,ambiguous
object,scene_0007,referential,text_only,pi05,tokens,2,False,,300,False,False,,True,True,True,orange_juice_1,False,basket_1,True,0.0149,,,,,plane,,,5bd81ad1651554de,0d7c33824cd35940,3fb7122b8dd8a2fb,60,88.7,none,ambiguous
object,scene_0007,referential,text_only,pi05,tokens,3,False,,300,False,False,,True,True,True,orange_juice_1,False,,False,0.1308,,,,,plane,,,5bd81ad1651554de,ea4d0cc952353212,bc32220e0aa04faa,60,87.9,none,ambiguous
object,scene_0007,referential,text_only,pi05,tokens,4,False,,300,False,False,,True,True,True,orange_juice_1,False,basket_1,True,0.0244,,,,,plane,,,5bd81ad1651554de,ea467cba421c0054,f24b721b8818f23b,60,87.5,none,ambiguous
object,scene_0007,referential,text_only,pi05,tokens,5,False,,300,False,False,,True,True,True,orange_juice_1,False,basket_1,True,0.0144,,,,,plane,,,5bd81ad1651554de,7608ad6766576821,b370cbd4d751cde8,60,86.9,none,ambiguous
object,scene_0007,referential,text_only,pi05,tokens,6,False,,300,False,False,,True,True,True,orange_juice_1,False,basket_1,True,0.0365,,,,,plane,,,5bd81ad1651554de,370c28aa1bc47e20,2817cfc52df1b3bf,60,87.1,none,ambiguous
object,scene_0007,referential,text_only,pi05,tokens,7,False,,300,False,False,,True,True,True,orange_juice_1,False,,False,0.1534,,,,,plane,,,5bd81ad1651554de,bb494f17420f6846,1bc57390ad45f550,60,86.9,none,ambiguous
object,scene_0007,referential,text_only,pi05,tokens,8,False,,300,False,False,,True,True,True,orange_juice_1,False,basket_1,True,0.0256,,,,,plane,,,5bd81ad1651554de,57ab6ed8d2d18745,2e2e346f3564c2e5,60,86.8,none,ambiguous
object,scene_0007,referential,text_only,pi05,tokens,9,False,,300,False,False,,True,True,True,orange_juice_1,False,basket_1,True,0.0565,,,,,plane,,,5bd81ad1651554de,af7bb0a47c92651c,1479e13fc0541c35,60,86.9,none,ambiguous
object,scene_0007,referential,text_only,pi05,tokens,10,False,,300,False,False,,True,True,True,orange_juice_1,False,basket_1,True,0.0438,,,,,plane,,,5bd81ad1651554de,ce80a64cd67391ca,0eb452883effee15,60,87.5,none,ambiguous
object,scene_0007,referential,text_only,pi05,tokens,11,False,,300,False,False,,True,True,True,orange_juice_1,False,,False,0.1709,,,,,plane,,,5bd81ad1651554de,b8fa0efdfc864336,7754788b36a3fa42,60,87.5,none,ambiguous
object,scene_0007,referential,text_only,pi05,tokens,12,False,,300,False,False,,True,True,True,orange_juice_1,False,basket_1,True,0.0164,,,,,plane,,,5bd81ad1651554de,6609e95f9c84cb86,40bd5884ca7c61a7,60,87.5,none,ambiguous
object,scene_0007,referential,text_only,pi05,tokens,13,False,,300,False,False,,True,True,True,orange_juice_1,False,basket_1,True,0.018,,,,,plane,,,5bd81ad1651554de,d56778ef4f64217b,9e041f91f18ce1df,60,87.6,none,ambiguous
object,scene_0008,referential,text_only,pi05,tokens,0,False,,300,False,False,,True,True,True,cream_cheese_1,False,basket_1,True,0.0064,,,,,plane,,,9f350ea4f061099b,6c85c934a9c05983,a3fffe7e7518bef6,60,88.6,none,ambiguous
object,scene_0008,referential,text_only,pi05,tokens,1,False,,300,False,False,,True,True,True,cream_cheese_1,False,basket_1,True,0.0343,,,,,plane,,,9f350ea4f061099b,5092770c48e6ab2b,7eca62614060fe34,60,87.8,none,ambiguous
object,scene_0008,referential,text_only,pi05,tokens,2,False,,300,False,False,,True,True,True,cream_cheese_1,False,basket_1,True,0.0079,,,,,plane,,,9f350ea4f061099b,b845e81a1fe1a98d,5d38fc9a81142fdd,60,88.0,none,ambiguous
object,scene_0008,referential,text_only,pi05,tokens,3,False,,300,False,False,,True,True,True,cream_cheese_1,False,basket_1,True,0.0094,,,,,plane,,,9f350ea4f061099b,c6882ca0246ac714,06c26ba6bad6cc3b,60,87.4,none,ambiguous
object,scene_0008,referential,text_only,pi05,tokens,4,False,,300,False,False,,True,True,True,cream_cheese_1,False,basket_1,True,0.0139,,,,,plane,,,9f350ea4f061099b,ffa24b60268863b9,6226c9d9542eec51,60,86.5,none,ambiguous
object,scene_0008,referential,text_only,pi05,tokens,5,False,,300,False,False,,True,True,True,cream_cheese_1,False,basket_1,True,0.0212,,,,,plane,,,9f350ea4f061099b,a5f4339a2abe9630,868b2cebd555c2d2,60,86.8,none,ambiguous
object,scene_0008,referential,text_only,pi05,tokens,6,False,,300,False,False,,True,True,True,cream_cheese_1,False,basket_1,True,0.0143,,,,,plane,,,9f350ea4f061099b,b903ec0be94ca30a,c8f065c3e3967034,60,87.1,none,ambiguous
object,scene_0008,referential,text_only,pi05,tokens,7,False,,300,False,False,,True,True,True,cream_cheese_1,False,basket_1,True,0.0111,,,,,plane,,,9f350ea4f061099b,0415b707b7a6bc82,efa5e4f1970bebf8,60,88.3,none,ambiguous
object,scene_0008,referential,text_only,pi05,tokens,8,False,,300,False,False,,True,True,True,cream_cheese_1,False,basket_1,True,0.0344,,,,,plane,,,9f350ea4f061099b,e423dc2e417f4b45,9da431b68a0ab11c,60,88.0,none,ambiguous
object,scene_0008,referential,text_only,pi05,tokens,9,False,,300,False,False,,True,True,True,cream_cheese_1,False,basket_1,True,0.0102,,,,,plane,,,9f350ea4f061099b,af61c26ae5ae25f0,dca257ddc20b7fce,60,88.2,none,ambiguous
object,scene_0008,referential,text_only,pi05,tokens,10,False,,300,False,False,,True,True,True,cream_cheese_1,False,basket_1,True,0.0179,,,,,plane,,,9f350ea4f061099b,e24847373133851f,ab3d63a0d41a30a1,60,87.2,none,ambiguous
object,scene_0008,referential,text_only,pi05,tokens,11,False,,300,False,False,,True,True,True,cream_cheese_1,False,basket_1,True,0.0064,,,,,plane,,,9f350ea4f061099b,4792c89eabc5f41b,f04bdbb824db600e,60,87.0,none,ambiguous
object,scene_0008,referential,text_only,pi05,tokens,12,False,,300,False,False,,True,True,True,cream_cheese_1,False,basket_1,True,0.0093,,,,,plane,,,9f350ea4f061099b,c56d3488a7aa6e3c,b58e7406f7f30107,60,87.8,none,ambiguous
object,scene_0008,referential,text_only,pi05,tokens,13,False,,300,False,False,,True,True,True,cream_cheese_1,False,basket_1,True,0.0112,,,,,plane,,,9f350ea4f061099b,ac166a023b6eb037,21daeae5218cd00a,60,86.7,none,ambiguous
object,scene_0009,referential,text_only,pi05,tokens,0,False,,300,False,False,,True,True,True,chocolate_pudding_1,False,basket_1,True,0.021,,,,,plane,,,2291486a735c7c2d,97fa97e981c138e1,61001d55147d1e8e,60,87.6,none,ambiguous
object,scene_0009,referential,text_only,pi05,tokens,1,False,,300,False,False,,True,True,True,chocolate_pudding_1,False,basket_1,True,0.0205,,,,,plane,,,2291486a735c7c2d,7cde8e72119f5e9b,f725e714f7842820,60,87.7,none,ambiguous
object,scene_0009,referential,text_only,pi05,tokens,2,False,,300,False,False,,True,True,True,chocolate_pudding_1,False,basket_1,True,0.015,,,,,plane,,,2291486a735c7c2d,7c6f91997d6f3089,d9ba3ceb0658a30e,60,87.5,none,ambiguous
object,scene_0009,referential,text_only,pi05,tokens,3,False,,300,False,False,,True,True,True,chocolate_pudding_1,False,basket_1,True,0.0112,,,,,plane,,,2291486a735c7c2d,e2f2a8c618250aae,2bcdbcf6154f48b1,60,87.2,none,ambiguous
object,scene_0009,referential,text_only,pi05,tokens,4,False,,300,False,False,,True,True,True,chocolate_pudding_1,False,basket_1,True,0.0261,,,,,plane,,,2291486a735c7c2d,f8fdc19f540bbf00,643bd1175ae9dbb6,60,87.3,none,ambiguous
object,scene_0009,referential,text_only,pi05,tokens,5,False,,300,False,False,,True,True,True,chocolate_pudding_1,False,basket_1,True,0.0291,,,,,plane,,,2291486a735c7c2d,dd6162983e5b85f8,9877eee65ef1e577,60,87.9,none,ambiguous
object,scene_0009,referential,text_only,pi05,tokens,6,False,,300,False,False,,True,True,True,chocolate_pudding_1,False,basket_1,True,0.0218,,,,,plane,,,2291486a735c7c2d,cfc5d8187cb12133,344fcfe8c0717173,60,87.9,none,ambiguous
object,scene_0009,referential,text_only,pi05,tokens,7,False,,300,False,False,,True,True,True,chocolate_pudding_1,False,basket_1,True,0.0139,,,,,plane,,,2291486a735c7c2d,536559701f1df35a,95d9f5fe68699393,60,88.9,none,ambiguous
object,scene_0009,referential,text_only,pi05,tokens,8,False,,300,False,False,,True,True,True,chocolate_pudding_1,False,basket_1,True,0.0194,,,,,plane,,,2291486a735c7c2d,24cc3d34aae17417,5b6b15b07b328582,60,87.7,none,ambiguous
object,scene_0009,referential,text_only,pi05,tokens,9,False,,300,False,False,,True,True,True,chocolate_pudding_1,False,basket_1,True,0.0294,,,,,plane,,,2291486a735c7c2d,d15448b8ce048b91,3903c12f6ece8c04,60,88.6,none,ambiguous
object,scene_0009,referential,text_only,pi05,tokens,10,False,,300,False,False,,True,True,True,chocolate_pudding_1,False,basket_1,True,0.0116,,,,,plane,,,2291486a735c7c2d,651aad72321c5446,db6627a004e62b06,60,88.1,none,ambiguous
object,scene_0009,referential,text_only,pi05,tokens,11,False,,300,False,False,,True,True,True,chocolate_pudding_1,False,basket_1,True,0.0286,,,,,plane,,,2291486a735c7c2d,6f704ae70581e2f6,e3bbebb7c373319b,60,87.9,none,ambiguous
object,scene_0009,referential,text_only,pi05,tokens,12,False,,300,False,False,,True,True,True,chocolate_pudding_1,False,basket_1,True,0.0366,,,,,plane,,,2291486a735c7c2d,3275b9f26d4f0517,15322af61c3ec9e2,60,86.6,none,ambiguous
object,scene_0009,referential,text_only,pi05,tokens,13,False,,300,False,False,,True,True,True,chocolate_pudding_1,False,basket_1,True,0.0138,,,,,plane,,,2291486a735c7c2d,b26accf770a95fa6,5ace6b538eaad02f,60,86.0,none,ambiguous
object,scene_0010,referential,text_only,pi05,tokens,0,False,,300,False,False,,True,True,True,cream_cheese_1,False,basket_1,True,0.0398,,,,,plane,,,a7742031f02d0ae9,7a8febaedba03bde,687652a8b89ce361,60,87.8,none,ambiguous
object,scene_0010,referential,text_only,pi05,tokens,1,False,,300,False,False,,True,True,True,cream_cheese_1,False,basket_1,True,0.031,,,,,plane,,,a7742031f02d0ae9,cd3a948cef491967,eeaa9518834dae9b,60,87.2,none,ambiguous
object,scene_0010,referential,text_only,pi05,tokens,2,False,,300,False,False,,True,True,True,cream_cheese_1,False,basket_1,True,0.0249,,,,,plane,,,a7742031f02d0ae9,b431ca19888becfa,8891efeebed870c7,60,88.5,none,ambiguous
object,scene_0010,referential,text_only,pi05,tokens,3,False,,300,False,False,,True,True,True,cream_cheese_1,False,basket_1,True,0.0378,,,,,plane,,,a7742031f02d0ae9,c69928c4dae378eb,bf14f0e31c754246,60,87.8,none,ambiguous
object,scene_0010,referential,text_only,pi05,tokens,4,False,,300,False,False,,True,True,True,cream_cheese_1,False,basket_1,True,0.0436,,,,,plane,,,a7742031f02d0ae9,4e9f53cd0b19ae52,08777d7515cf41dc,60,86.9,none,ambiguous
object,scene_0010,referential,text_only,pi05,tokens,5,False,,300,False,False,,True,True,True,cream_cheese_1,False,basket_1,True,0.033,,,,,plane,,,a7742031f02d0ae9,4544f03aaa9da6e6,831fc631b6c638a8,60,87.8,none,ambiguous
object,scene_0010,referential,text_only,pi05,tokens,6,False,,300,False,False,,True,True,True,cream_cheese_1,False,basket_1,True,0.0396,,,,,plane,,,a7742031f02d0ae9,57ae2e2f758e73f6,88770d67dea793d3,60,87.3,none,ambiguous
object,scene_0010,referential,text_only,pi05,tokens,7,False,,300,False,False,,True,True,True,cream_cheese_1,False,basket_1,True,0.0327,,,,,plane,,,a7742031f02d0ae9,1e6a7af537b9d813,75b21c406eb40d90,60,87.3,none,ambiguous
object,scene_0010,referential,text_only,pi05,tokens,8,False,,300,False,False,,True,True,True,cream_cheese_1,False,basket_1,True,0.0364,,,,,plane,,,a7742031f02d0ae9,314af40313ba4951,37d520a7408bc66b,60,86.8,none,ambiguous
object,scene_0010,referential,text_only,pi05,tokens,9,False,,300,False,False,,True,True,True,cream_cheese_1,False,basket_1,True,0.041,,,,,plane,,,a7742031f02d0ae9,198db9ce37658aa2,512d1479059ce31c,60,87.7,none,ambiguous
object,scene_0010,referential,text_only,pi05,tokens,10,False,,300,False,False,,True,True,True,cream_cheese_1,False,basket_1,True,0.0368,,,,,plane,,,a7742031f02d0ae9,696595f8deb51fbf,35405766cc783279,60,88.5,none,ambiguous
object,scene_0010,referential,text_only,pi05,tokens,11,False,,300,False,False,,True,True,True,cream_cheese_1,False,basket_1,True,0.0264,,,,,plane,,,a7742031f02d0ae9,b156da6387ccda96,e908982e8639aa01,60,88.4,none,ambiguous
object,scene_0010,referential,text_only,pi05,tokens,12,False,,300,False,False,,True,True,True,cream_cheese_1,False,basket_1,True,0.0394,,,,,plane,,,a7742031f02d0ae9,68b1f14f16e8baa2,09abf6e8ae33b24d,60,87.8,none,ambiguous
object,scene_0010,referential,text_only,pi05,tokens,13,False,,300,False,False,,True,True,True,cream_cheese_1,False,basket_1,True,0.033,,,,,plane,,,a7742031f02d0ae9,802214d320b24e8d,1dcfe8cb452fabe3,60,88.9,none,ambiguous
object,scene_0011,referential,text_only,pi05,tokens,0,False,,300,False,False,,True,True,True,butter_2,False,basket_1,True,0.0205,,,,,plane,,,7460414c554dc100,5cba2d2b285756fd,71f60d6e71c635e7,60,88.6,none,ambiguous
object,scene_0011,referential,text_only,pi05,tokens,1,False,,300,False,False,,True,True,True,butter_2,False,basket_1,True,0.0357,,,,,plane,,,7460414c554dc100,5b115ecf242fc84e,a433d5735b8281f6,60,87.7,none,ambiguous
object,scene_0011,referential,text_only,pi05,tokens,2,False,,300,False,False,,True,True,True,butter_2,False,basket_1,True,0.0355,,,,,plane,,,7460414c554dc100,6f10a7bc3bda16ff,a9ee02537b0b9e1d,60,87.0,none,ambiguous
object,scene_0011,referential,text_only,pi05,tokens,3,False,,300,False,False,,True,True,True,butter_2,False,basket_1,True,0.0153,,,,,plane,,,7460414c554dc100,58f62dddae8b2413,0bab907b4085746d,60,88.4,none,ambiguous
object,scene_0011,referential,text_only,pi05,tokens,4,False,,300,False,False,,True,True,True,butter_2,False,basket_1,True,0.0195,,,,,plane,,,7460414c554dc100,db5d407f6084dc48,b23991ef8d423ce8,60,89.1,none,ambiguous
object,scene_0011,referential,text_only,pi05,tokens,5,False,,300,False,False,,True,True,True,butter_2,False,basket_1,True,0.0132,,,,,plane,,,7460414c554dc100,4bf0d322f5304d3e,95f5770f41d4186b,60,89.1,none,ambiguous
object,scene_0011,referential,text_only,pi05,tokens,6,False,,300,False,False,,True,True,True,butter_2,False,basket_1,True,0.0202,,,,,plane,,,7460414c554dc100,bf5d21668753059d,625c6dfd22c24775,60,88.6,none,ambiguous
object,scene_0011,referential,text_only,pi05,tokens,7,False,,300,False,False,,True,True,True,butter_2,False,basket_1,True,0.0196,,,,,plane,,,7460414c554dc100,f933a8714dd2faa7,9a76a2d30080862e,60,88.2,none,ambiguous
object,scene_0011,referential,text_only,pi05,tokens,8,False,,300,False,False,,True,True,True,butter_2,False,basket_1,True,0.0158,,,,,plane,,,7460414c554dc100,7f9d1bba3803a8fd,e6a8394f21772843,60,86.7,none,ambiguous
object,scene_0011,referential,text_only,pi05,tokens,9,False,,300,False,False,,True,True,True,butter_2,False,basket_1,True,0.0368,,,,,plane,,,7460414c554dc100,924f99a2b987d9a8,b31e3aa9a14cc03c,60,86.8,none,ambiguous
object,scene_0011,referential,text_only,pi05,tokens,10,False,,300,False,False,,True,True,True,butter_2,False,basket_1,True,0.0143,,,,,plane,,,7460414c554dc100,fd9727761cb9f9d1,f31115bfbd206833,60,87.2,none,ambiguous
object,scene_0011,referential,text_only,pi05,tokens,11,False,,300,False,False,,True,True,True,butter_2,False,basket_1,True,0.015,,,,,plane,,,7460414c554dc100,c407f4e7ef6abc2b,b4c2f15960d61769,60,87.2,none,ambiguous
object,scene_0011,referential,text_only,pi05,tokens,12,False,,300,False,False,,True,True,True,butter_2,False,basket_1,True,0.0224,,,,,plane,,,7460414c554dc100,75bf97d28e575474,68050fdae69fc977,60,87.2,none,ambiguous
object,scene_0011,referential,text_only,pi05,tokens,13,False,,300,False,False,,True,True,True,butter_2,False,basket_1,True,0.0202,,,,,plane,,,7460414c554dc100,a85786ba70f92657,4763325d557d74a9,60,87.6,none,ambiguous
object,scene_0012,referential,text_only,pi05,tokens,0,False,,300,False,False,,True,True,True,alphabet_soup_4,False,basket_1,True,0.0156,,,,,plane,,,37a7631d60bd6ccc,b39f0f2d7e892dd5,5a07a5c70fdcad3f,60,88.9,none,ambiguous
object,scene_0012,referential,text_only,pi05,tokens,1,False,,300,False,False,,True,True,True,alphabet_soup_3,True,,False,0.2936,,,,,plane,,,37a7631d60bd6ccc,2ba9cf7e5e86715c,dc1693346472df45,60,87.2,none,ambiguous
object,scene_0012,referential,text_only,pi05,tokens,2,False,,300,False,False,,True,True,True,alphabet_soup_4,False,basket_1,True,0.0173,,,,,plane,,,37a7631d60bd6ccc,8469df3b0e485990,168876173a3d90f0,60,87.2,none,ambiguous
object,scene_0012,referential,text_only,pi05,tokens,3,False,,300,True,True,242,True,True,True,alphabet_soup_3,True,basket_1,True,0.0132,,,,,plane,,,37a7631d60bd6ccc,db785a2327f6ea3c,993372e12e78b6a5,60,88.9,none,ambiguous
object,scene_0012,referential,text_only,pi05,tokens,4,False,,300,True,True,254,True,True,True,alphabet_soup_3,True,basket_1,True,0.0283,,,,,plane,,,37a7631d60bd6ccc,428700d1b1f85e5f,2a7446939f233549,60,87.9,none,ambiguous
object,scene_0012,referential,text_only,pi05,tokens,5,False,,300,True,True,234,True,True,True,alphabet_soup_3,True,basket_1,True,0.0071,,,,,plane,,,37a7631d60bd6ccc,e9c9bea163aa7e3b,0fafbb6cdf39f5d5,60,88.7,none,ambiguous
object,scene_0012,referential,text_only,pi05,tokens,6,False,,300,False,False,,True,False,False,,False,,False,0.3032,,,,,plane,,,37a7631d60bd6ccc,4f8e46d661563c27,b94fe5ead164f22b,60,87.1,none,ambiguous
object,scene_0012,referential,text_only,pi05,tokens,7,False,,300,False,False,,True,True,True,alphabet_soup_4,False,basket_1,True,0.0274,,,,,plane,,,37a7631d60bd6ccc,78f681cea2684e0b,37a6c93920e76455,60,88.3,none,ambiguous
object,scene_0012,referential,text_only,pi05,tokens,8,False,,300,False,False,,True,True,True,alphabet_soup_4,False,basket_1,True,0.0175,,,,,plane,,,37a7631d60bd6ccc,20d7c776beccb8b5,a0b30b0fbfb8d1e8,60,88.7,none,ambiguous
object,scene_0012,referential,text_only,pi05,tokens,9,False,,300,True,True,221,True,True,True,alphabet_soup_3,True,basket_1,True,0.0132,,,,,plane,,,37a7631d60bd6ccc,5cd0e2135c78ac7f,b360d1334659e692,60,87.3,none,ambiguous
object,scene_0012,referential,text_only,pi05,tokens,10,False,,300,False,False,,True,True,True,alphabet_soup_3,True,basket_1,True,0.032,,,,,plane,,,37a7631d60bd6ccc,3aa552b9560d4b22,96526e02c3f03a18,60,87.4,none,ambiguous
object,scene_0012,referential,text_only,pi05,tokens,11,False,,300,False,False,,True,True,True,alphabet_soup_4,False,basket_1,True,0.0222,,,,,plane,,,37a7631d60bd6ccc,689b4e6179c0745a,aa58b6e223a7c971,60,88.8,none,ambiguous
object,scene_0012,referential,text_only,pi05,tokens,12,False,,300,False,False,,True,True,True,alphabet_soup_4,False,basket_1,True,0.0099,,,,,plane,,,37a7631d60bd6ccc,5e59831ac015fc58,7328c512d05985e2,60,89.7,none,ambiguous
object,scene_0012,referential,text_only,pi05,tokens,13,False,,300,False,False,,True,False,False,,False,,False,0.2942,,,,,plane,,,37a7631d60bd6ccc,0f36955292cd4773,1017b207dc3b311c,60,88.0,none,ambiguous
object,scene_0013,referential,text_only,pi05,tokens,0,False,,300,True,True,122,True,True,True,tomato_sauce_2,True,basket_1,True,0.0076,,,,,plane,,,ddf335b4891b38ce,e162dd2ce939b852,2dfeb7537e25ced9,60,87.9,none,ambiguous
object,scene_0013,referential,text_only,pi05,tokens,1,False,,300,True,True,116,True,True,True,tomato_sauce_2,True,basket_1,True,0.0188,,,,,plane,,,ddf335b4891b38ce,68fb1172a6335e92,23f6d027097a380b,60,87.7,none,ambiguous
object,scene_0013,referential,text_only,pi05,tokens,2,False,,300,True,True,112,True,True,True,tomato_sauce_2,True,basket_1,True,0.009,,,,,plane,,,ddf335b4891b38ce,397c8ccaf6512780,3d1a2b51951bdb64,60,87.9,none,ambiguous
object,scene_0013,referential,text_only,pi05,tokens,3,False,,300,True,True,110,True,True,True,tomato_sauce_2,True,basket_1,True,0.0072,,,,,plane,,,ddf335b4891b38ce,10bb452d65cdbf67,a22045f5d1415d99,60,88.6,none,ambiguous
object,scene_0013,referential,text_only,pi05,tokens,4,False,,300,True,True,111,True,True,True,tomato_sauce_2,True,basket_1,True,0.0287,,,,,plane,,,ddf335b4891b38ce,0b7bbd75ee034635,b78681054bb1021d,60,87.1,none,ambiguous
object,scene_0013,referential,text_only,pi05,tokens,5,False,,300,True,True,115,True,True,True,tomato_sauce_2,True,basket_1,True,0.0124,,,,,plane,,,ddf335b4891b38ce,1d3c11c9d919d9e2,d7a79bd626f34fa5,60,88.1,none,ambiguous
object,scene_0013,referential,text_only,pi05,tokens,6,False,,300,True,True,126,True,True,True,tomato_sauce_2,True,basket_1,True,0.015,,,,,plane,,,ddf335b4891b38ce,32c861a177bffda5,1ea5db27169785b5,60,89.2,none,ambiguous
object,scene_0013,referential,text_only,pi05,tokens,7,False,,300,True,True,116,True,True,True,tomato_sauce_2,True,basket_1,True,0.0217,,,,,plane,,,ddf335b4891b38ce,dcb130a4231348e6,82c11ca9d6be5e9d,60,87.4,none,ambiguous
object,scene_0013,referential,text_only,pi05,tokens,8,False,,300,True,True,222,True,True,True,tomato_sauce_2,True,basket_1,True,0.0239,,,,,plane,,,ddf335b4891b38ce,7a7f1d47f0ea6465,9257d0c95df11b63,60,87.3,none,ambiguous
object,scene_0013,referential,text_only,pi05,tokens,9,False,,300,True,True,111,True,True,True,tomato_sauce_2,True,basket_1,True,0.0237,,,,,plane,,,ddf335b4891b38ce,6e27509710082036,c728a3f1aa7753be,60,89.7,none,ambiguous
object,scene_0013,referential,text_only,pi05,tokens,10,False,,300,False,False,,True,True,True,tomato_sauce_2,True,basket_1,True,0.0492,,,,,plane,,,ddf335b4891b38ce,01ba2d231ffac2c2,0dfd5c6aea0a4112,60,89.2,none,ambiguous
object,scene_0013,referential,text_only,pi05,tokens,11,False,,300,True,True,114,True,True,True,tomato_sauce_2,True,basket_1,True,0.0146,,,,,plane,,,ddf335b4891b38ce,cd54aad9bb3545d2,8f66993f582edf03,60,88.8,none,ambiguous
object,scene_0013,referential,text_only,pi05,tokens,12,False,,300,True,True,113,True,True,True,tomato_sauce_2,True,basket_1,True,0.0206,,,,,plane,,,ddf335b4891b38ce,b984a019c47df84d,ac64ed018392a3f7,60,92.5,none,ambiguous
object,scene_0013,referential,text_only,pi05,tokens,13,False,,300,True,True,118,True,True,True,tomato_sauce_2,True,basket_1,True,0.0217,,,,,plane,,,ddf335b4891b38ce,279ad20c3bb7cfce,ac418d32db454add,60,88.2,none,ambiguous
object,scene_0014,referential,text_only,pi05,tokens,0,False,,300,False,False,,True,True,True,bbq_sauce_4,False,basket_1,True,0.029,,,,,plane,,,4d10b074e4017882,b66a98e3ed262b76,4f7e1b3212f8b8be,60,88.1,none,ambiguous
object,scene_0014,referential,text_only,pi05,tokens,1,False,,300,False,False,,True,True,True,bbq_sauce_1,True,,False,0.1269,,,,,plane,,,4d10b074e4017882,e8ba3b145da9cfa1,43d053896378cd4f,60,88.1,none,ambiguous
object,scene_0014,referential,text_only,pi05,tokens,2,False,,300,False,False,,True,False,False,,False,,False,0.4499,,,,,plane,,,4d10b074e4017882,9e2ece417d470d61,8de7218904e18c55,60,88.1,none,ambiguous
object,scene_0014,referential,text_only,pi05,tokens,3,False,,300,False,False,,True,True,True,bbq_sauce_4,False,basket_1,True,0.0069,,,,,plane,,,4d10b074e4017882,8db0050ccb9b8188,dbf5106fe687c8ce,60,88.6,none,ambiguous
object,scene_0014,referential,text_only,pi05,tokens,4,False,,300,False,False,,True,True,True,bbq_sauce_1,True,,False,0.1221,,,,,plane,,,4d10b074e4017882,0582f69a9b943cc0,161bd2e9f4252843,60,90.0,none,ambiguous
object,scene_0014,referential,text_only,pi05,tokens,5,False,,300,False,False,,True,False,False,,False,,False,0.3848,,,,,plane,,,4d10b074e4017882,37182c1292009eb7,0051a47777f889d5,60,91.0,none,ambiguous
object,scene_0014,referential,text_only,pi05,tokens,6,False,,300,False,False,,True,False,False,,False,,False,0.3848,,,,,plane,,,4d10b074e4017882,10b692e6b300b877,c3a3398954a5a0c4,60,89.8,none,ambiguous
object,scene_0014,referential,text_only,pi05,tokens,7,False,,300,False,False,,True,True,True,bbq_sauce_1,True,,False,0.2226,,,,,plane,,,4d10b074e4017882,1f741f1f71633193,fe4d385498c12cd1,60,88.3,none,ambiguous
object,scene_0014,referential,text_only,pi05,tokens,8,False,,300,False,False,,True,False,False,,False,,False,0.3848,,,,,plane,,,4d10b074e4017882,a0aeb8f53b4828bb,6ee5be3257e05aac,60,89.1,none,ambiguous
object,scene_0014,referential,text_only,pi05,tokens,9,False,,300,False,False,,True,True,True,bbq_sauce_1,True,,False,0.1537,,,,,plane,,,4d10b074e4017882,095004ce5526f60b,bf40fbab298c1cea,60,88.0,none,ambiguous
object,scene_0014,referential,text_only,pi05,tokens,10,False,,300,False,False,,True,False,False,,False,,False,0.3848,,,,,plane,,,4d10b074e4017882,541d2257178f969a,1326ad33668f67f5,60,88.4,none,ambiguous
object,scene_0014,referential,text_only,pi05,tokens,11,False,,300,False,False,,True,False,False,,False,,False,0.3848,,,,,plane,,,4d10b074e4017882,6a31cfde0ffe454e,50ebd9776146e6c0,60,88.5,none,ambiguous
object,scene_0014,referential,text_only,pi05,tokens,12,False,,300,False,False,,True,True,True,bbq_sauce_1,True,basket_1,True,0.078,,,,,plane,,,4d10b074e4017882,e921b01eb8323792,4357006cbfdc65e1,60,87.5,none,ambiguous
object,scene_0014,referential,text_only,pi05,tokens,13,False,,300,False,False,,True,True,True,bbq_sauce_1,True,,False,0.104,,,,,plane,,,4d10b074e4017882,848acc3595ea223b,ba5963781167780a,60,87.4,none,ambiguous
object,scene_0015,referential,text_only,pi05,tokens,0,False,,300,False,False,,True,True,True,chocolate_pudding_5,False,basket_1,True,0.023,,,,,plane,,,aa52b1aa9e0996a1,93014b3c2fe748f1,f307d8df0eaa7875,60,89.7,none,ambiguous
object,scene_0015,referential,text_only,pi05,tokens,1,False,,300,False,False,,True,True,True,chocolate_pudding_3,False,basket_1,True,0.0084,,,,,plane,,,aa52b1aa9e0996a1,42732907dbdac751,fca1827117601bcd,60,87.7,none,ambiguous
object,scene_0015,referential,text_only,pi05,tokens,2,False,,300,False,False,,True,True,True,chocolate_pudding_3,False,basket_1,True,0.0164,,,,,plane,,,aa52b1aa9e0996a1,89ba2bd66e53b44f,0ec52f4f9a6fcca1,60,86.9,none,ambiguous
object,scene_0015,referential,text_only,pi05,tokens,3,False,,300,False,False,,True,True,True,chocolate_pudding_3,False,basket_1,True,0.0073,,,,,plane,,,aa52b1aa9e0996a1,518a62b537fe95e5,97d0af0d95df246d,60,89.0,none,ambiguous
object,scene_0015,referential,text_only,pi05,tokens,4,False,,300,False,False,,True,True,True,chocolate_pudding_3,False,basket_1,True,0.0099,,,,,plane,,,aa52b1aa9e0996a1,366429da42b8fb29,65e41c0ac9b09653,60,89.1,none,ambiguous
object,scene_0015,referential,text_only,pi05,tokens,5,False,,300,False,False,,True,True,True,chocolate_pudding_3,False,basket_1,True,0.0039,,,,,plane,,,aa52b1aa9e0996a1,2f285431801a4ae9,1943d48ab8c70453,60,87.5,none,ambiguous
object,scene_0015,referential,text_only,pi05,tokens,6,False,,300,False,False,,True,True,True,chocolate_pudding_3,False,basket_1,True,0.0112,,,,,plane,,,aa52b1aa9e0996a1,87e9f792a4d62cf3,cbe0a37415925a80,60,88.3,none,ambiguous
object,scene_0015,referential,text_only,pi05,tokens,7,False,,300,False,False,,True,True,True,chocolate_pudding_3,False,basket_1,True,0.0045,,,,,plane,,,aa52b1aa9e0996a1,a6ab5394171fe82d,c74e384824c8da27,60,88.1,none,ambiguous
object,scene_0015,referential,text_only,pi05,tokens,8,False,,300,False,False,,True,True,True,chocolate_pudding_3,False,basket_1,True,0.0106,,,,,plane,,,aa52b1aa9e0996a1,c9bf29d1e53d81d5,903f6474c30223d0,60,88.1,none,ambiguous
object,scene_0015,referential,text_only,pi05,tokens,9,False,,300,False,False,,True,True,True,chocolate_pudding_3,False,basket_1,True,0.0032,,,,,plane,,,aa52b1aa9e0996a1,8fdeb79689e68942,13bfa1d9ff4a1ff3,60,88.7,none,ambiguous
object,scene_0015,referential,text_only,pi05,tokens,10,False,,300,False,False,,True,True,True,chocolate_pudding_3,False,basket_1,True,0.0095,,,,,plane,,,aa52b1aa9e0996a1,a2a88eef18cf573f,0aa90c8b988f3100,60,88.4,none,ambiguous
object,scene_0015,referential,text_only,pi05,tokens,11,False,,300,False,False,,True,True,True,chocolate_pudding_5,False,basket_1,True,0.0391,,,,,plane,,,aa52b1aa9e0996a1,8487a6598ec14c2d,ed824a3be4244a1f,60,88.2,none,ambiguous
object,scene_0015,referential,text_only,pi05,tokens,12,False,,300,False,False,,True,True,True,chocolate_pudding_3,False,basket_1,True,0.007,,,,,plane,,,aa52b1aa9e0996a1,434888535ac8b351,bbdefe557d936844,60,89.4,none,ambiguous
object,scene_0015,referential,text_only,pi05,tokens,13,False,,300,False,False,,True,True,True,chocolate_pudding_3,False,basket_1,True,0.0071,,,,,plane,,,aa52b1aa9e0996a1,94e7316771a725a2,7e42b39509b240a5,60,88.6,none,ambiguous
object,scene_0016,referential,text_only,pi05,tokens,0,False,,300,False,False,,True,True,True,cream_cheese_4,False,basket_1,True,0.0352,,,,,plane,,,fccb892c64e85abd,6ac37c4213217df0,3f3e43ce265b5c72,60,87.9,none,ambiguous
object,scene_0016,referential,text_only,pi05,tokens,1,False,,300,False,False,,True,False,False,,False,,False,0.2007,,,,,plane,,,fccb892c64e85abd,39df7fc709ac15c0,e699f6be456095b6,60,87.3,none,ambiguous
object,scene_0016,referential,text_only,pi05,tokens,2,False,,300,False,False,,True,True,True,cream_cheese_4,False,basket_1,True,0.0352,,,,,plane,,,fccb892c64e85abd,9cc3a76e3f3b36cd,a03ef44a6f438f6f,60,87.9,none,ambiguous
object,scene_0016,referential,text_only,pi05,tokens,3,False,,300,False,False,,True,True,True,cream_cheese_3,False,basket_1,True,0.0342,,,,,plane,,,fccb892c64e85abd,a5a74bb1cd638243,124f8d76af228ddf,60,89.6,none,ambiguous
object,scene_0016,referential,text_only,pi05,tokens,4,False,,300,False,False,,True,True,True,cream_cheese_4,False,basket_1,True,0.0154,,,,,plane,,,fccb892c64e85abd,87f4893dd27c0dd0,8c8a740e55512c32,60,88.0,none,ambiguous
object,scene_0016,referential,text_only,pi05,tokens,5,False,,300,False,False,,True,True,True,cream_cheese_4,False,basket_1,True,0.032,,,,,plane,,,fccb892c64e85abd,3ea0eb8bec4b85ff,3ebe1a62f0f17c24,60,88.6,none,ambiguous
object,scene_0016,referential,text_only,pi05,tokens,6,False,,300,False,False,,True,True,True,cream_cheese_4,False,basket_1,True,0.0375,,,,,plane,,,fccb892c64e85abd,3dac7df5dc3e5c65,e07856f47a3fb520,60,88.1,none,ambiguous
object,scene_0016,referential,text_only,pi05,tokens,7,False,,300,False,False,,True,True,True,cream_cheese_4,False,basket_1,True,0.0349,,,,,plane,,,fccb892c64e85abd,28aa02bb946cf9e4,a5c215a71b6899f8,60,89.4,none,ambiguous
object,scene_0016,referential,text_only,pi05,tokens,8,False,,300,False,False,,True,True,True,cream_cheese_4,False,basket_1,True,0.036,,,,,plane,,,fccb892c64e85abd,7cd4803d6b33b3df,773b3091952a5f47,60,88.7,none,ambiguous
object,scene_0016,referential,text_only,pi05,tokens,9,False,,300,False,False,,True,True,True,cream_cheese_4,False,basket_1,True,0.0379,,,,,plane,,,fccb892c64e85abd,3df28af455d792d2,45d7cb66cfe76fb8,60,87.4,none,ambiguous
object,scene_0016,referential,text_only,pi05,tokens,10,False,,300,False,False,,True,True,True,cream_cheese_4,False,basket_1,True,0.0347,,,,,plane,,,fccb892c64e85abd,8a400e260120ec94,88182248e4054c2c,60,87.6,none,ambiguous
object,scene_0016,referential,text_only,pi05,tokens,11,False,,300,False,False,,True,True,True,cream_cheese_4,False,basket_1,True,0.0313,,,,,plane,,,fccb892c64e85abd,611c026cc94a29e2,f8083a33fa0018bf,60,87.3,none,ambiguous
object,scene_0016,referential,text_only,pi05,tokens,12,False,,300,False,False,,True,True,True,cream_cheese_3,False,basket_1,True,0.0333,,,,,plane,,,fccb892c64e85abd,b55777436c2b8aa6,4f506caf47d98aff,60,87.3,none,ambiguous
object,scene_0016,referential,text_only,pi05,tokens,13,False,,300,False,False,,True,True,True,cream_cheese_4,False,basket_1,True,0.0332,,,,,plane,,,fccb892c64e85abd,f7f57d06521bb143,b2243ab87a4d2fad,60,87.3,none,ambiguous
object,scene_0017,directional,text_only,pi05,tokens,0,False,,300,False,False,,True,True,True,chocolate_pudding_1,True,basket_1,False,0.0773,,,,,plane,,,5c449bed30a8f143,f222214e72461821,be05cdbbbc27c0f7,60,86.5,none,ambiguous
object,scene_0017,directional,text_only,pi05,tokens,1,False,,300,False,False,,True,True,True,chocolate_pudding_1,True,basket_1,False,0.0246,,,,,plane,,,5c449bed30a8f143,8b429348455fb13c,08a84799c4768e81,60,86.5,none,ambiguous
object,scene_0017,directional,text_only,pi05,tokens,2,False,,300,False,False,,True,True,True,chocolate_pudding_1,True,basket_1,False,0.0757,,,,,plane,,,5c449bed30a8f143,3bad4af8329b357e,44d1f0ff194de966,60,88.1,none,ambiguous
object,scene_0017,directional,text_only,pi05,tokens,3,False,,300,False,False,,True,True,True,chocolate_pudding_1,True,basket_1,False,0.0435,,,,,plane,,,5c449bed30a8f143,1b87f427b24d05dd,727dd8f53facc954,60,88.9,none,ambiguous
object,scene_0017,directional,text_only,pi05,tokens,4,False,,300,False,False,,True,False,False,,False,,False,0.3409,,,,,plane,,,5c449bed30a8f143,a5f2a084e3f677a1,1c1b1c79abc61111,60,88.6,none,ambiguous
object,scene_0017,directional,text_only,pi05,tokens,5,False,,300,False,False,,True,True,True,chocolate_pudding_1,True,basket_1,False,0.0283,,,,,plane,,,5c449bed30a8f143,ac7aebc53f69f25f,f53e59b6b51f9766,60,87.1,none,ambiguous
object,scene_0017,directional,text_only,pi05,tokens,6,False,,300,False,False,,True,True,True,chocolate_pudding_1,True,basket_1,False,0.0225,,,,,plane,,,5c449bed30a8f143,a28c8b8c35bede72,1ec13a8b93375b54,60,87.5,none,ambiguous
object,scene_0017,directional,text_only,pi05,tokens,7,False,,300,False,False,,True,True,True,chocolate_pudding_1,True,basket_1,False,0.0414,,,,,plane,,,5c449bed30a8f143,db5e166744004a64,cf43bb8fad3efac4,60,88.1,none,ambiguous
object,scene_0017,directional,text_only,pi05,tokens,8,False,,300,False,False,,True,True,True,chocolate_pudding_1,True,basket_1,False,0.0228,,,,,plane,,,5c449bed30a8f143,ef1f46f288aea865,8b4cc47b5b8de708,60,87.6,none,ambiguous
object,scene_0017,directional,text_only,pi05,tokens,9,False,,300,False,False,,True,True,True,chocolate_pudding_1,True,basket_1,False,0.0098,,,,,plane,,,5c449bed30a8f143,cc4d4d27e3295884,9e657060b5fc696f,60,87.3,none,ambiguous
object,scene_0017,directional,text_only,pi05,tokens,10,False,,300,False,False,,True,True,True,chocolate_pudding_1,True,basket_1,False,0.0286,,,,,plane,,,5c449bed30a8f143,941b567db6fd0ea3,e42a49a2b211d859,60,88.2,none,ambiguous
object,scene_0017,directional,text_only,pi05,tokens,11,False,,300,False,False,,True,True,True,chocolate_pudding_1,True,basket_1,False,0.0222,,,,,plane,,,5c449bed30a8f143,6888b7d320bc0d64,52487b76eea08ea2,60,87.7,none,ambiguous
object,scene_0017,directional,text_only,pi05,tokens,12,False,,300,False,False,,True,True,True,chocolate_pudding_1,True,basket_1,False,0.0423,,,,,plane,,,5c449bed30a8f143,aa73b0bb6af3418c,c12679508e51201b,60,86.7,none,ambiguous
object,scene_0017,directional,text_only,pi05,tokens,13,False,,300,False,False,,True,True,True,chocolate_pudding_1,True,basket_1,False,0.0745,,,,,plane,,,5c449bed30a8f143,aba87a57e1f64d87,26cc1f2d357976e7,60,86.3,none,ambiguous
object,scene_0018,directional,text_only,pi05,tokens,0,False,,300,False,False,,True,True,True,milk_1,False,basket_2,False,0.0269,,,,,plane,,,135f89a0ef6e1469,090fc4b72fe07140,791883b73b553ac4,60,87.0,none,ambiguous
object,scene_0018,directional,text_only,pi05,tokens,1,False,,300,True,True,196,True,True,True,cream_cheese_1,True,basket_1,True,0.0401,,,,,plane,,,135f89a0ef6e1469,396a17f7d56660d1,91aa4671ce5a0aab,60,90.8,none,ambiguous
object,scene_0018,directional,text_only,pi05,tokens,2,False,,300,False,False,,True,True,True,milk_1,False,basket_2,False,0.026,,,,,plane,,,135f89a0ef6e1469,79ad91a7966f38e2,8095ac5680cae180,60,87.0,none,ambiguous
object,scene_0018,directional,text_only,pi05,tokens,3,False,,300,False,False,,True,True,True,milk_1,False,basket_2,False,0.0191,,,,,plane,,,135f89a0ef6e1469,0a27d046420fcfd4,09e33498cad6787e,60,85.8,none,ambiguous
object,scene_0018,directional,text_only,pi05,tokens,4,False,,300,False,False,,True,True,True,milk_1,False,basket_2,False,0.0264,,,,,plane,,,135f89a0ef6e1469,6e7d1d462ff5c31a,4c5b0820edf8a976,60,85.1,none,ambiguous
object,scene_0018,directional,text_only,pi05,tokens,5,False,,300,False,False,,True,True,True,milk_1,False,basket_2,False,0.021,,,,,plane,,,135f89a0ef6e1469,56ff7738ede69ff1,a7a7ef289a040b05,60,86.0,none,ambiguous
object,scene_0018,directional,text_only,pi05,tokens,6,False,,300,False,False,,True,True,True,milk_1,False,basket_2,False,0.0143,,,,,plane,,,135f89a0ef6e1469,a009b833f24f3693,1e31e6a64a96054d,60,86.2,none,ambiguous
object,scene_0018,directional,text_only,pi05,tokens,7,False,,300,False,False,,True,True,True,milk_1,False,basket_2,False,0.0215,,,,,plane,,,135f89a0ef6e1469,33304ffdda2a787f,1422b45bd8ecf31a,60,86.3,none,ambiguous
object,scene_0018,directional,text_only,pi05,tokens,8,False,,300,False,False,,True,True,True,milk_1,False,basket_2,False,0.0183,,,,,plane,,,135f89a0ef6e1469,7b9ce62553587823,44503166c4fe6b1c,60,86.5,none,ambiguous
object,scene_0018,directional,text_only,pi05,tokens,9,False,,300,False,False,,True,True,True,milk_1,False,basket_2,False,0.0283,,,,,plane,,,135f89a0ef6e1469,7f038d85038c8cc1,7a4b563b8a5be9ab,60,85.9,none,ambiguous
object,scene_0018,directional,text_only,pi05,tokens,10,False,,300,False,False,,True,True,True,milk_1,False,basket_2,False,0.0184,,,,,plane,,,135f89a0ef6e1469,3f8e7fb871fdc89a,c4820d6fa0bf236d,60,86.1,none,ambiguous
object,scene_0018,directional,text_only,pi05,tokens,11,False,,300,False,False,,True,True,True,milk_1,False,basket_2,False,0.0304,,,,,plane,,,135f89a0ef6e1469,094cdd883eeec2fa,17d28a49aad4911c,60,86.2,none,ambiguous
object,scene_0018,directional,text_only,pi05,tokens,12,False,,300,False,False,,True,True,True,milk_1,False,basket_2,False,0.0147,,,,,plane,,,135f89a0ef6e1469,36f950ab66007b94,8ca758adac886790,60,88.1,none,ambiguous
object,scene_0018,directional,text_only,pi05,tokens,13,False,,300,False,False,,True,True,True,milk_1,False,basket_2,False,0.0299,,,,,plane,,,135f89a0ef6e1469,97775f6383df4065,55420c9c3a157c43,60,88.1,none,ambiguous
object,scene_0019,directional,text_only,pi05,tokens,0,False,,300,True,True,151,True,True,True,butter_1,True,basket_1,True,0.0364,,,,,plane,,,4687024fa6fe42ee,c2594aef96a166dc,cc7008bb8dee696f,60,85.7,none,ambiguous
object,scene_0019,directional,text_only,pi05,tokens,1,False,,300,True,True,151,True,True,True,butter_1,True,basket_1,True,0.0358,,,,,plane,,,4687024fa6fe42ee,838ac7be45ac423f,97bcf23c624e7934,60,86.5,none,ambiguous
object,scene_0019,directional,text_only,pi05,tokens,2,False,,300,True,True,154,True,True,True,butter_1,True,basket_1,True,0.0372,,,,,plane,,,4687024fa6fe42ee,7b44226976f8236d,a45f71638b8a02b4,60,85.4,none,ambiguous
object,scene_0019,directional,text_only,pi05,tokens,3,False,,300,True,True,147,True,True,True,butter_1,True,basket_1,True,0.0197,,,,,plane,,,4687024fa6fe42ee,425b5deb00d4b9a1,57bd8fcd0628657c,60,85.9,none,ambiguous
object,scene_0019,directional,text_only,pi05,tokens,4,False,,300,True,True,152,True,True,True,butter_1,True,basket_1,True,0.0369,,,,,plane,,,4687024fa6fe42ee,0e2ea48907322b97,450b163b70a6cac9,60,85.9,none,ambiguous
object,scene_0019,directional,text_only,pi05,tokens,5,False,,300,True,True,148,True,True,True,butter_1,True,basket_1,True,0.0105,,,,,plane,,,4687024fa6fe42ee,f6dac9a2dd9e8aea,f4ea40892b0f7639,60,87.3,none,ambiguous
object,scene_0019,directional,text_only,pi05,tokens,6,False,,300,True,True,153,True,True,True,butter_1,True,basket_1,True,0.0368,,,,,plane,,,4687024fa6fe42ee,5c4260fa83b2b9ad,225d89bf7f5f6e6a,60,86.9,none,ambiguous
object,scene_0019,directional,text_only,pi05,tokens,7,False,,300,True,True,155,True,True,True,butter_1,True,basket_1,True,0.0369,,,,,plane,,,4687024fa6fe42ee,fd7fc66f2830cbb5,105dd8f9f9b3c5df,60,87.9,none,ambiguous
object,scene_0019,directional,text_only,pi05,tokens,8,False,,300,True,True,156,True,True,True,butter_1,True,basket_1,True,0.0349,,,,,plane,,,4687024fa6fe42ee,050fc30f4e2ae436,bd507e87ce8d10ec,60,88.0,none,ambiguous
object,scene_0019,directional,text_only,pi05,tokens,9,False,,300,True,True,158,True,True,True,butter_1,True,basket_1,True,0.0438,,,,,plane,,,4687024fa6fe42ee,f0c587b85fff2955,5c88a54bb2b54d5a,60,88.4,none,ambiguous
object,scene_0019,directional,text_only,pi05,tokens,10,False,,300,True,True,158,True,True,True,butter_1,True,basket_1,True,0.0379,,,,,plane,,,4687024fa6fe42ee,d23e015c6624f8f1,bbc13054df9d0abc,60,88.8,none,ambiguous
object,scene_0019,directional,text_only,pi05,tokens,11,False,,300,True,True,150,True,True,True,butter_1,True,basket_1,True,0.0199,,,,,plane,,,4687024fa6fe42ee,e3b993646418d4e0,206988b26e53a1bd,60,88.5,none,ambiguous
object,scene_0019,directional,text_only,pi05,tokens,12,False,,300,True,True,154,True,True,True,butter_1,True,basket_1,True,0.0375,,,,,plane,,,4687024fa6fe42ee,2861cd105289d99e,0575307c922557af,60,87.9,none,ambiguous
object,scene_0019,directional,text_only,pi05,tokens,13,False,,300,True,True,146,True,True,True,butter_1,True,basket_1,True,0.0097,,,,,plane,,,4687024fa6fe42ee,26fc493c56cda768,eba804ae12251aff,60,88.0,none,ambiguous
object,scene_0020,directional,text_only,pi05,tokens,0,False,,300,True,True,117,True,True,True,milk_1,True,basket_1,True,0.0147,,,,,plane,,,747f772e6e31e111,bc553e3e8faf0abf,58309374709c6bd4,60,90.0,none,ambiguous
object,scene_0020,directional,text_only,pi05,tokens,1,False,,300,True,True,134,True,True,True,milk_1,True,basket_1,True,0.0082,,,,,plane,,,747f772e6e31e111,a48939fc3d991f78,098d50e92875d56c,60,88.5,none,ambiguous
object,scene_0020,directional,text_only,pi05,tokens,2,False,,300,True,True,112,True,True,True,milk_1,True,basket_1,True,0.0198,,,,,plane,,,747f772e6e31e111,f97a80b0c6fd52c9,2695a910f978ece3,60,88.8,none,ambiguous
object,scene_0020,directional,text_only,pi05,tokens,3,False,,300,True,True,177,True,True,True,milk_1,True,basket_1,True,0.0193,,,,,plane,,,747f772e6e31e111,a443d4db80a7cf69,8949927a1e9c6fa5,60,88.4,none,ambiguous
object,scene_0020,directional,text_only,pi05,tokens,4,False,,300,True,True,104,True,True,True,milk_1,True,basket_1,True,0.0347,,,,,plane,,,747f772e6e31e111,316a51ea232aa105,7e857814e0a0d324,60,88.3,none,ambiguous
object,scene_0020,directional,text_only,pi05,tokens,5,False,,300,True,True,109,True,True,True,milk_1,True,basket_1,True,0.0291,,,,,plane,,,747f772e6e31e111,2de5f963dd1d6f51,1fd927bb34bf99fd,60,87.8,none,ambiguous
object,scene_0020,directional,text_only,pi05,tokens,6,False,,300,True,True,131,True,True,True,milk_1,True,basket_1,True,0.015,,,,,plane,,,747f772e6e31e111,54090ee050709119,d9f029c7eebad3a5,60,87.2,none,ambiguous
object,scene_0020,directional,text_only,pi05,tokens,7,False,,300,True,True,118,True,True,True,milk_1,True,basket_1,True,0.0206,,,,,plane,,,747f772e6e31e111,4b7f44835b2b7268,3e8ca24842fe0b84,60,86.5,none,ambiguous
object,scene_0020,directional,text_only,pi05,tokens,8,False,,300,True,True,115,True,True,True,milk_1,True,basket_1,True,0.0296,,,,,plane,,,747f772e6e31e111,16326e6f7d2ae215,8441787fbf640b8f,60,88.5,none,ambiguous
object,scene_0020,directional,text_only,pi05,tokens,9,False,,300,True,True,115,True,True,True,milk_1,True,basket_1,True,0.0222,,,,,plane,,,747f772e6e31e111,aca5844d0ee99a6e,af4b81b82d4e07f0,60,87.5,none,ambiguous
object,scene_0020,directional,text_only,pi05,tokens,10,False,,300,True,True,133,True,True,True,milk_1,True,basket_1,True,0.0056,,,,,plane,,,747f772e6e31e111,27bfb56c1b4781a9,7eadeb7b78319974,60,85.5,none,ambiguous
object,scene_0020,directional,text_only,pi05,tokens,11,False,,300,True,True,115,True,True,True,milk_1,True,basket_1,True,0.0287,,,,,plane,,,747f772e6e31e111,0d224b9d304f3b5c,a629ac93ec232cef,60,86.6,none,ambiguous
object,scene_0020,directional,text_only,pi05,tokens,12,False,,300,True,True,109,True,True,True,milk_1,True,basket_1,True,0.0302,,,,,plane,,,747f772e6e31e111,c7817ed5cfc5f17c,b30f639c48a19c7e,60,86.3,none,ambiguous
object,scene_0020,directional,text_only,pi05,tokens,13,False,,300,True,True,115,True,True,True,milk_1,True,basket_1,True,0.0238,,,,,plane,,,747f772e6e31e111,f1f3c861b1cc7275,405276981b97085d,60,86.6,none,ambiguous
object,scene_0021,directional,text_only,pi05,tokens,0,False,,300,False,False,,True,True,True,milk_1,False,basket_1,False,0.0264,,,,,plane,,,52106f18e0ddcefa,8c71fee4f8301801,216b97128c209bd4,60,87.3,none,ambiguous
object,scene_0021,directional,text_only,pi05,tokens,1,False,,300,False,False,,True,True,True,milk_1,False,basket_1,False,0.0295,,,,,plane,,,52106f18e0ddcefa,08250d9d12a6a946,ee22c0c7051ed765,60,86.9,none,ambiguous
object,scene_0021,directional,text_only,pi05,tokens,2,False,,300,False,False,,True,True,True,milk_1,False,basket_1,False,0.0251,,,,,plane,,,52106f18e0ddcefa,508288eed65a4531,63ef17ec24c470a7,60,87.7,none,ambiguous
object,scene_0021,directional,text_only,pi05,tokens,3,False,,300,False,False,,True,True,True,milk_1,False,basket_1,False,0.0294,,,,,plane,,,52106f18e0ddcefa,75499cae26742445,40fa8ad7064bfdcf,60,88.0,none,ambiguous
object,scene_0021,directional,text_only,pi05,tokens,4,False,,300,False,False,,True,True,True,milk_1,False,basket_1,False,0.0282,,,,,plane,,,52106f18e0ddcefa,37f8ba9ec5b977ee,a38007df698a8a55,60,87.0,none,ambiguous
object,scene_0021,directional,text_only,pi05,tokens,5,False,,300,False,False,,True,True,True,milk_1,False,basket_1,False,0.0277,,,,,plane,,,52106f18e0ddcefa,55c289019161cc7e,ac903d70d98a1522,60,86.7,none,ambiguous
object,scene_0021,directional,text_only,pi05,tokens,6,False,,300,False,False,,True,True,True,milk_1,False,basket_1,False,0.0327,,,,,plane,,,52106f18e0ddcefa,9ed694869cfe5ca8,51d1bcc01cb94d39,60,87.0,none,ambiguous
object,scene_0021,directional,text_only,pi05,tokens,7,False,,300,False,False,,True,True,True,milk_1,False,basket_1,False,0.0078,,,,,plane,,,52106f18e0ddcefa,90e84d65fc728212,1899b3be0bd36b12,60,87.1,none,ambiguous
object,scene_0021,directional,text_only,pi05,tokens,8,False,,300,False,False,,True,True,True,milk_1,False,basket_1,False,0.0254,,,,,plane,,,52106f18e0ddcefa,36f1f74123f4a156,c5c26768f747c0c5,60,86.3,none,ambiguous
object,scene_0021,directional,text_only,pi05,tokens,9,False,,300,False,False,,True,True,True,milk_1,False,basket_1,False,0.0331,,,,,plane,,,52106f18e0ddcefa,7b88924eafa9721a,5cf292aadad660af,60,87.0,none,ambiguous
object,scene_0021,directional,text_only,pi05,tokens,10,False,,300,False,False,,True,True,True,milk_1,False,,False,0.1468,,,,,plane,,,52106f18e0ddcefa,ff5a6402886c71d9,38cb9f314d1e7d87,60,86.9,none,ambiguous
object,scene_0021,directional,text_only,pi05,tokens,11,False,,300,False,False,,True,True,True,milk_1,False,basket_1,False,0.0154,,,,,plane,,,52106f18e0ddcefa,050fdb4a70475771,572287f20e0ed87f,60,88.2,none,ambiguous
object,scene_0021,directional,text_only,pi05,tokens,12,False,,300,False,False,,True,True,True,milk_1,False,basket_1,False,0.0319,,,,,plane,,,52106f18e0ddcefa,cbbb91ba01749176,76a87ef91e77e534,60,86.6,none,ambiguous
object,scene_0021,directional,text_only,pi05,tokens,13,False,,300,False,False,,True,True,True,milk_1,False,basket_1,False,0.0088,,,,,plane,,,52106f18e0ddcefa,6540f3999c64dba5,4d974d4e4540bb22,60,86.7,none,ambiguous
object,scene_0022,directional,text_only,pi05,tokens,0,False,,300,False,False,,True,True,True,orange_juice_1,False,,False,0.12,,,,,plane,,,ce63c80d4023f8ea,294a6c6a2eb50689,936ecf6dd06ac310,60,86.6,none,ambiguous
object,scene_0022,directional,text_only,pi05,tokens,1,False,,300,False,False,,True,True,True,orange_juice_1,False,basket_2,False,0.0597,,,,,plane,,,ce63c80d4023f8ea,293de4a746624393,c23bafc2e5b85ab1,60,86.1,none,ambiguous
object,scene_0022,directional,text_only,pi05,tokens,2,False,,300,False,False,,True,True,True,orange_juice_1,False,,False,0.1121,,,,,plane,,,ce63c80d4023f8ea,5cefcc6d19a41a46,11c8a92ec6ccce9d,60,85.7,none,ambiguous
object,scene_0022,directional,text_only,pi05,tokens,3,False,,300,False,False,,True,True,True,orange_juice_1,False,basket_2,False,0.0623,,,,,plane,,,ce63c80d4023f8ea,9f8a4da12cde78af,f9a33dec65e534b4,60,85.5,none,ambiguous
object,scene_0022,directional,text_only,pi05,tokens,4,False,,300,False,False,,True,True,True,orange_juice_1,False,,False,0.1126,,,,,plane,,,ce63c80d4023f8ea,de5e088d535bd234,6f7c7d540e40ee47,60,87.6,none,ambiguous
object,scene_0022,directional,text_only,pi05,tokens,5,False,,300,False,False,,True,True,True,orange_juice_1,False,,False,0.1311,,,,,plane,,,ce63c80d4023f8ea,9bc3cc6a5cf573a5,1bdf73f5a9791924,60,85.9,none,ambiguous
object,scene_0022,directional,text_only,pi05,tokens,6,False,,300,False,False,,True,True,True,orange_juice_1,False,basket_2,False,0.053,,,,,plane,,,ce63c80d4023f8ea,70a2a1cead1f876c,dd96eb4a744f7e5e,60,86.1,none,ambiguous
object,scene_0022,directional,text_only,pi05,tokens,7,False,,300,False,False,,True,True,True,orange_juice_1,False,basket_2,False,0.0182,,,,,plane,,,ce63c80d4023f8ea,f46767b6e1d17514,a031ebcf6e66ed8b,60,87.2,none,ambiguous
object,scene_0022,directional,text_only,pi05,tokens,8,False,,300,False,False,,True,True,True,orange_juice_1,False,,False,0.114,,,,,plane,,,ce63c80d4023f8ea,04c2a49db6ad9d35,4e257f956e270ee7,60,87.1,none,ambiguous
object,scene_0022,directional,text_only,pi05,tokens,9,False,,300,False,False,,True,True,True,orange_juice_1,False,,False,0.1388,,,,,plane,,,ce63c80d4023f8ea,1160c0ef891b71f8,10cc9f3bad5e4b33,60,86.0,none,ambiguous
object,scene_0022,directional,text_only,pi05,tokens,10,False,,300,False,False,,True,True,True,orange_juice_1,False,,False,0.1549,,,,,plane,,,ce63c80d4023f8ea,1a0c3c13e5093344,609869ed5ed4325e,60,87.0,none,ambiguous
object,scene_0022,directional,text_only,pi05,tokens,11,False,,300,False,False,,True,True,True,orange_juice_1,False,basket_2,False,0.0571,,,,,plane,,,ce63c80d4023f8ea,a54db78192a8dafd,3fcaca590d1aac8d,60,86.9,none,ambiguous
object,scene_0022,directional,text_only,pi05,tokens,12,False,,300,False,False,,True,True,True,orange_juice_1,False,basket_2,False,0.0317,,,,,plane,,,ce63c80d4023f8ea,f20a371931ff4c31,68e70782d2afe0e5,60,86.7,none,ambiguous
object,scene_0022,directional,text_only,pi05,tokens,13,False,,300,False,False,,True,True,True,orange_juice_1,False,basket_2,False,0.0283,,,,,plane,,,ce63c80d4023f8ea,bece91d0f0431428,ab88f00fd22638f3,60,87.2,none,ambiguous
object,scene_0023,directional,text_only,pi05,tokens,0,False,,300,False,False,,True,True,True,chocolate_pudding_1,False,basket_2,False,0.0047,,,,,plane,,,d96da7f208aa257c,adff8f4a2e5f36d1,1aadabe2d02b40ab,60,87.1,none,ambiguous
object,scene_0023,directional,text_only,pi05,tokens,1,False,,300,False,False,,True,True,True,chocolate_pudding_1,False,basket_2,False,0.0092,,,,,plane,,,d96da7f208aa257c,068da412517720f7,f39ce9ed9bae3f77,60,88.0,none,ambiguous
object,scene_0023,directional,text_only,pi05,tokens,2,False,,300,False,False,,True,True,True,chocolate_pudding_1,False,basket_2,False,0.0081,,,,,plane,,,d96da7f208aa257c,9f0f665be19d62c3,188aac506769f9bb,60,88.2,none,ambiguous
object,scene_0023,directional,text_only,pi05,tokens,3,False,,300,False,False,,True,True,True,chocolate_pudding_1,False,basket_2,False,0.0077,,,,,plane,,,d96da7f208aa257c,97f825cb119f1bf5,43b9e0c1f58e7816,60,88.0,none,ambiguous
object,scene_0023,directional,text_only,pi05,tokens,4,False,,300,False,False,,True,True,True,orange_juice_1,True,basket_2,False,0.0295,,,,,plane,,,d96da7f208aa257c,43961d1db0a8d3c2,555b5ee35ed4a99d,60,87.6,none,ambiguous
object,scene_0023,directional,text_only,pi05,tokens,5,False,,300,False,False,,True,True,True,chocolate_pudding_1,False,basket_2,False,0.0046,,,,,plane,,,d96da7f208aa257c,059fa046af249537,d5f0b7538ce25524,60,87.1,none,ambiguous
object,scene_0023,directional,text_only,pi05,tokens,6,False,,300,False,False,,True,True,True,chocolate_pudding_1,False,basket_2,False,0.0108,,,,,plane,,,d96da7f208aa257c,c3f654cb4255abc2,d85bce8784cce230,60,87.4,none,ambiguous
object,scene_0023,directional,text_only,pi05,tokens,7,False,,300,False,False,,True,True,True,chocolate_pudding_1,False,basket_2,False,0.0168,,,,,plane,,,d96da7f208aa257c,0b03fe73a342ada0,a0bd2c91b051a2c7,60,85.9,none,ambiguous
object,scene_0023,directional,text_only,pi05,tokens,8,False,,300,False,False,,True,True,True,chocolate_pudding_1,False,basket_2,False,0.0083,,,,,plane,,,d96da7f208aa257c,33296be0998da6ea,86cf9241342d79ac,60,87.7,none,ambiguous
object,scene_0023,directional,text_only,pi05,tokens,9,False,,300,False,False,,True,True,True,chocolate_pudding_1,False,basket_2,False,0.0064,,,,,plane,,,d96da7f208aa257c,26541d37a66102d5,06d60524459d3ff1,60,86.3,none,ambiguous
object,scene_0023,directional,text_only,pi05,tokens,10,False,,300,False,False,,True,True,True,chocolate_pudding_1,False,basket_2,False,0.0074,,,,,plane,,,d96da7f208aa257c,76866632bdbd949d,39c3dabf48174b94,60,87.6,none,ambiguous
object,scene_0023,directional,text_only,pi05,tokens,11,False,,300,False,False,,True,True,True,chocolate_pudding_1,False,basket_2,False,0.0184,,,,,plane,,,d96da7f208aa257c,d32bd138cdcd6515,fe4dd20e12ff7909,60,88.2,none,ambiguous
object,scene_0023,directional,text_only,pi05,tokens,12,False,,300,False,False,,True,False,False,,False,,False,0.1839,,,,,plane,,,d96da7f208aa257c,9eb5bbbbfdc86aad,ac8bd61e38afcaeb,60,87.7,none,ambiguous
object,scene_0023,directional,text_only,pi05,tokens,13,False,,300,False,False,,True,True,True,chocolate_pudding_1,False,basket_2,False,0.0141,,,,,plane,,,d96da7f208aa257c,af5ec480e049b680,231383295bfd8e99,60,87.2,none,ambiguous
object,scene_0024,directional,text_only,pi05,tokens,0,False,,300,False,False,,True,True,True,tomato_sauce_1,False,basket_3,False,0.0293,,,,,plane,,,a1e26648ca9788d4,841388718e3d2fea,d3587ae756b2da9d,60,87.1,none,ambiguous
object,scene_0024,directional,text_only,pi05,tokens,1,False,,300,False,False,,True,True,True,tomato_sauce_1,False,basket_3,False,0.0295,,,,,plane,,,a1e26648ca9788d4,8e629f8004b41e12,d8b46cb5e2faa128,60,87.8,none,ambiguous
object,scene_0024,directional,text_only,pi05,tokens,2,False,,300,False,False,,True,True,True,tomato_sauce_1,False,basket_3,False,0.0213,,,,,plane,,,a1e26648ca9788d4,456115eb11eaafa7,d95b8aa8662e29c2,60,88.1,none,ambiguous
object,scene_0024,directional,text_only,pi05,tokens,3,False,,300,False,False,,True,True,True,tomato_sauce_1,False,basket_3,False,0.0242,,,,,plane,,,a1e26648ca9788d4,8fa9167277772b34,b6c4f65b55527126,60,86.7,none,ambiguous
object,scene_0024,directional,text_only,pi05,tokens,4,False,,300,False,False,,True,True,True,tomato_sauce_1,False,basket_2,False,0.0194,,,,,plane,,,a1e26648ca9788d4,93525bc7fe7c677c,a9521fbc00891eda,60,86.9,none,ambiguous
object,scene_0024,directional,text_only,pi05,tokens,5,False,,300,False,False,,True,True,True,tomato_sauce_1,False,basket_3,False,0.0181,,,,,plane,,,a1e26648ca9788d4,c2404b6a5ddf5a5e,fab3f64968e57bd9,60,87.7,none,ambiguous
object,scene_0024,directional,text_only,pi05,tokens,6,False,,300,False,False,,True,True,True,tomato_sauce_1,False,basket_3,False,0.027,,,,,plane,,,a1e26648ca9788d4,118a69f54f0dae84,be03839ec5f25e2e,60,87.8,none,ambiguous
object,scene_0024,directional,text_only,pi05,tokens,7,False,,300,False,False,,True,True,True,tomato_sauce_1,False,basket_3,False,0.0246,,,,,plane,,,a1e26648ca9788d4,cfd57cdbddeb070d,b69ee9467a84760f,60,87.7,none,ambiguous
object,scene_0024,directional,text_only,pi05,tokens,8,False,,300,False,False,,True,True,True,tomato_sauce_1,False,basket_3,False,0.0293,,,,,plane,,,a1e26648ca9788d4,8658cb87944839bd,532cff53d3f25506,60,88.0,none,ambiguous
object,scene_0024,directional,text_only,pi05,tokens,9,False,,300,False,False,,True,True,True,tomato_sauce_1,False,,False,0.1549,,,,,plane,,,a1e26648ca9788d4,3979a28b51659ed2,ac2358c37e30e669,60,88.4,none,ambiguous
object,scene_0024,directional,text_only,pi05,tokens,10,False,,300,False,False,,True,True,True,tomato_sauce_1,False,basket_3,False,0.0281,,,,,plane,,,a1e26648ca9788d4,e18db8707b7d1f45,1a09fc0bd4fbcc28,60,89.4,none,ambiguous
object,scene_0024,directional,text_only,pi05,tokens,11,False,,300,False,False,,True,True,True,tomato_sauce_1,False,basket_3,False,0.0245,,,,,plane,,,a1e26648ca9788d4,b3d1bc88252fc1df,231391f4b229b8f3,60,88.1,none,ambiguous
object,scene_0024,directional,text_only,pi05,tokens,12,False,,300,False,False,,True,True,True,tomato_sauce_1,False,basket_3,False,0.0189,,,,,plane,,,a1e26648ca9788d4,220ec2f6cff236dd,41357d639ae58e87,60,88.5,none,ambiguous
object,scene_0024,directional,text_only,pi05,tokens,13,False,,300,False,False,,True,True,True,tomato_sauce_1,False,basket_3,False,0.0246,,,,,plane,,,a1e26648ca9788d4,a8d0764f5fe49e30,dcc52b91f63fcba5,60,88.1,none,ambiguous
object,scene_0025,directional,text_only,pi05,tokens,0,False,,300,False,False,,True,False,False,,False,,False,0.3126,,,,,plane,,,6361d032e466c1f8,b0a6fd33ef5f776d,c353b02a83a2d22e,60,88.0,none,ambiguous
object,scene_0025,directional,text_only,pi05,tokens,1,False,,300,False,False,,True,True,True,bbq_sauce_1,True,basket_1,True,0.0137,,,,,plane,,,6361d032e466c1f8,c54167a7fd2c50da,fcabd702ed58b31d,60,89.1,none,ambiguous
object,scene_0025,directional,text_only,pi05,tokens,2,False,,300,False,False,,True,False,False,,False,,False,0.2566,,,,,plane,,,6361d032e466c1f8,ce87fdbf72783f1f,64f3d259eae2480b,60,87.4,none,ambiguous
object,scene_0025,directional,text_only,pi05,tokens,3,False,,300,False,False,,True,True,True,bbq_sauce_1,True,basket_1,True,0.0303,,,,,plane,,,6361d032e466c1f8,9af21b3dceee41d0,124ea2d71c1ab2af,60,89.3,none,ambiguous
object,scene_0025,directional,text_only,pi05,tokens,4,False,,300,False,False,,True,False,False,,False,,False,0.2639,,,,,plane,,,6361d032e466c1f8,9eb69e1c034eb59f,c2eb5926ddac80ea,60,87.9,none,ambiguous
object,scene_0025,directional,text_only,pi05,tokens,5,False,,300,True,True,284,True,True,True,bbq_sauce_1,True,basket_1,True,0.0078,,,,,plane,,,6361d032e466c1f8,7e98ff059b410cbd,1c4f4368294507e1,60,88.4,none,ambiguous
object,scene_0025,directional,text_only,pi05,tokens,6,False,,300,False,False,,True,False,False,,False,,False,0.2558,,,,,plane,,,6361d032e466c1f8,2d5f36fc676389de,08af4ed507040232,60,88.1,none,ambiguous
object,scene_0025,directional,text_only,pi05,tokens,7,False,,300,False,False,,True,False,False,,False,,False,0.2574,,,,,plane,,,6361d032e466c1f8,efd2a1df1390ed40,4f6e8e290f30ad0b,60,87.9,none,ambiguous
object,scene_0025,directional,text_only,pi05,tokens,8,False,,300,False,False,,True,False,False,,False,,False,0.2657,,,,,plane,,,6361d032e466c1f8,7a6694fdd2c02838,63f0333618c1f3cd,60,86.9,none,ambiguous
object,scene_0025,directional,text_only,pi05,tokens,9,False,,300,False,False,,True,False,False,,False,,False,0.259,,,,,plane,,,6361d032e466c1f8,f8970db4a6d15204,fb474c0004c82824,60,87.9,none,ambiguous
object,scene_0025,directional,text_only,pi05,tokens,10,False,,300,False,False,,True,True,True,basket_2,False,basket_2,False,0.0,,,,,plane,,,6361d032e466c1f8,85281240014ff2a5,8c1076187c1ff8d7,60,88.9,none,ambiguous
object,scene_0025,directional,text_only,pi05,tokens,11,False,,300,False,False,,True,True,True,basket_2,False,basket_2,False,0.0,,,,,plane,,,6361d032e466c1f8,10b4c2c278a517cd,b709c70e5956691d,60,88.0,none,ambiguous
object,scene_0025,directional,text_only,pi05,tokens,12,False,,300,False,False,,True,False,False,,False,,False,0.3103,,,,,plane,,,6361d032e466c1f8,de0d571979eb59dc,b088377b70ff8216,60,89.0,none,ambiguous
object,scene_0025,directional,text_only,pi05,tokens,13,False,,300,False,False,,True,False,False,,False,,False,0.2497,,,,,plane,,,6361d032e466c1f8,cb93d9ccd1861cfc,2cd6c98146a3e86b,60,87.3,none,ambiguous
object,scene_0026,both,text_only,pi05,tokens,0,False,,300,False,False,,True,True,True,milk_1,False,,False,0.1195,,,,,plane,,,85d2b20dd665f7be,c88047daa94887c8,b0fbe5033fe02921,60,88.2,none,ambiguous
object,scene_0026,both,text_only,pi05,tokens,1,False,,300,True,True,160,True,True,True,salad_dressing_2,True,basket_1,True,0.0144,,,,,plane,,,85d2b20dd665f7be,c01e95d3b8840345,e88702e02bc49862,60,88.5,none,ambiguous
object,scene_0026,both,text_only,pi05,tokens,2,False,,300,False,False,,True,True,True,milk_1,False,basket_1,True,0.0278,,,,,plane,,,85d2b20dd665f7be,535d33a127cbafba,049d9300184c4cc9,60,89.1,none,ambiguous
object,scene_0026,both,text_only,pi05,tokens,3,False,,300,False,False,,True,True,True,milk_1,False,basket_1,True,0.0054,,,,,plane,,,85d2b20dd665f7be,d211e143fe618112,650db51981ae56c6,60,89.9,none,ambiguous
object,scene_0026,both,text_only,pi05,tokens,4,False,,300,False,False,,True,True,True,milk_1,False,basket_1,True,0.0287,,,,,plane,,,85d2b20dd665f7be,0324224c7201ae72,b812c4e1269c22d9,60,88.7,none,ambiguous
object,scene_0026,both,text_only,pi05,tokens,5,False,,300,False,False,,True,True,True,milk_1,False,basket_1,True,0.0206,,,,,plane,,,85d2b20dd665f7be,519dcee9b1967480,bef982816ed02279,60,89.0,none,ambiguous
object,scene_0026,both,text_only,pi05,tokens,6,False,,300,False,False,,True,True,True,milk_1,False,,False,0.0803,,,,,plane,,,85d2b20dd665f7be,9bfaef4d0a9a4b41,87b694c1094464ba,60,87.9,none,ambiguous
object,scene_0026,both,text_only,pi05,tokens,7,False,,300,False,False,,True,True,True,milk_1,False,,False,0.1815,,,,,plane,,,85d2b20dd665f7be,77365d4f1f405d33,e3fcd75f58a61c3d,60,87.4,none,ambiguous
object,scene_0026,both,text_only,pi05,tokens,8,False,,300,False,False,,True,True,True,milk_1,False,basket_1,True,0.0195,,,,,plane,,,85d2b20dd665f7be,c2efe7d4d0f5532c,d54902f24f5e08c9,60,87.2,none,ambiguous
object,scene_0026,both,text_only,pi05,tokens,9,False,,300,False,False,,True,True,True,milk_1,False,,False,0.173,,,,,plane,,,85d2b20dd665f7be,29f57fbe938e15c3,02a3d3ce0d33c145,60,88.0,none,ambiguous
object,scene_0026,both,text_only,pi05,tokens,10,False,,300,False,False,,True,True,True,milk_1,False,,False,0.1096,,,,,plane,,,85d2b20dd665f7be,61c71fdf0da3837c,348f95cd8780dfe9,60,89.8,none,ambiguous
object,scene_0026,both,text_only,pi05,tokens,11,False,,300,False,False,,True,True,True,milk_1,False,basket_1,True,0.0137,,,,,plane,,,85d2b20dd665f7be,0aecb1959997e6ad,0fccc7c12fdeed45,60,87.2,none,ambiguous
object,scene_0026,both,text_only,pi05,tokens,12,False,,300,False,False,,True,True,True,milk_1,False,basket_1,True,0.0315,,,,,plane,,,85d2b20dd665f7be,a1a7fbf62acfcf4e,461299ec942969c6,60,86.0,none,ambiguous
object,scene_0026,both,text_only,pi05,tokens,13,False,,300,False,False,,True,True,True,milk_1,False,basket_1,True,0.0751,,,,,plane,,,85d2b20dd665f7be,00cf69bae97cbcb9,385accb43c45e2c6,60,86.7,none,ambiguous
object,scene_0027,both,text_only,pi05,tokens,0,False,,300,False,False,,True,True,True,chocolate_pudding_3,False,basket_1,False,0.0147,,,,,plane,,,2a169cf0400921fa,d4daf7a5863668ac,6b9c0ae458cf341c,60,86.5,none,ambiguous
object,scene_0027,both,text_only,pi05,tokens,1,False,,300,False,False,,True,True,True,chocolate_pudding_3,False,basket_1,False,0.0091,,,,,plane,,,2a169cf0400921fa,bf2a93513f5dd004,4c15a722dc309dbf,60,87.7,none,ambiguous
object,scene_0027,both,text_only,pi05,tokens,2,False,,300,False,False,,True,True,True,chocolate_pudding_3,False,basket_1,False,0.0063,,,,,plane,,,2a169cf0400921fa,65f919f4ba6ce7f6,376888ba3235c10f,60,86.2,none,ambiguous
object,scene_0027,both,text_only,pi05,tokens,3,False,,300,False,False,,True,True,True,chocolate_pudding_3,False,basket_1,False,0.0071,,,,,plane,,,2a169cf0400921fa,fb933012a1be44f2,98219df5c34c9edd,60,86.1,none,ambiguous
object,scene_0027,both,text_only,pi05,tokens,4,False,,300,False,False,,True,True,True,chocolate_pudding_3,False,,False,0.2027,,,,,plane,,,2a169cf0400921fa,502827d35d1a1d7c,06023b922f6d2efb,60,86.3,none,ambiguous
object,scene_0027,both,text_only,pi05,tokens,5,False,,300,False,False,,True,True,True,chocolate_pudding_3,False,basket_1,False,0.0128,,,,,plane,,,2a169cf0400921fa,416fa119de223ed2,1158ce188c13d869,60,87.3,none,ambiguous
object,scene_0027,both,text_only,pi05,tokens,6,False,,300,False,False,,True,True,True,chocolate_pudding_3,False,basket_1,False,0.0125,,,,,plane,,,2a169cf0400921fa,ce58debe9776fc23,3f8a264b3bc63cf5,60,87.4,none,ambiguous
object,scene_0027,both,text_only,pi05,tokens,7,False,,300,False,False,,True,True,True,chocolate_pudding_3,False,basket_1,False,0.0124,,,,,plane,,,2a169cf0400921fa,e79abbf4c17c80a9,baac954142c2c281,60,89.5,none,ambiguous
object,scene_0027,both,text_only,pi05,tokens,8,False,,300,False,False,,True,True,True,bbq_sauce_1,False,basket_2,True,0.0138,,,,,plane,,,2a169cf0400921fa,d56ecc8981273554,a300ce9b001c6f21,60,87.6,none,ambiguous
object,scene_0027,both,text_only,pi05,tokens,9,False,,300,False,False,,True,False,False,,False,,False,0.2248,,,,,plane,,,2a169cf0400921fa,02b56fd4ff766d1f,d0bf64527d2ca06a,60,89.6,none,ambiguous
object,scene_0027,both,text_only,pi05,tokens,10,False,,300,False,False,,True,False,False,,False,,False,0.2119,,,,,plane,,,2a169cf0400921fa,06695764f484d771,f937ba10d6c412c6,60,88.1,none,ambiguous
object,scene_0027,both,text_only,pi05,tokens,11,False,,300,False,False,,True,True,True,salad_dressing_1,False,basket_1,False,0.0162,,,,,plane,,,2a169cf0400921fa,c9e2be6f38c8a86f,5552a1262a9e2bc7,60,87.7,none,ambiguous
object,scene_0027,both,text_only,pi05,tokens,12,False,,300,False,False,,True,False,False,,False,,False,0.2247,,,,,plane,,,2a169cf0400921fa,d85366b9ff0efd64,b0cf3d595e2eb339,60,86.2,none,ambiguous
object,scene_0027,both,text_only,pi05,tokens,13,False,,300,False,False,,True,True,True,chocolate_pudding_3,False,basket_1,False,0.0344,,,,,plane,,,2a169cf0400921fa,c504eac6c28bb7cf,0f200becfe5e9059,60,87.0,none,ambiguous
object,scene_0028,both,text_only,pi05,tokens,0,False,,300,False,False,,True,True,True,cream_cheese_2,False,basket_2,True,0.0192,,,,,plane,,,060ed90dd800ba8a,c14064ac37d871d5,d5d35f2d3318be95,60,86.8,none,ambiguous
object,scene_0028,both,text_only,pi05,tokens,1,False,,300,False,False,,True,True,True,cream_cheese_3,False,basket_2,True,0.0171,,,,,plane,,,060ed90dd800ba8a,54d7bf75b0b4f21c,b9f330383a9f1556,60,87.2,none,ambiguous
object,scene_0028,both,text_only,pi05,tokens,2,False,,300,True,True,177,True,True,True,cream_cheese_1,True,basket_2,True,0.0348,,,,,plane,,,060ed90dd800ba8a,0fa0dc30be1c2c5c,761220139dcc6749,60,87.4,none,ambiguous
object,scene_0028,both,text_only,pi05,tokens,3,False,,300,True,True,158,True,True,True,cream_cheese_1,True,basket_2,True,0.0324,,,,,plane,,,060ed90dd800ba8a,7ce6d1a2326be1d0,8dfc4ec121e9dcc8,60,86.5,none,ambiguous
object,scene_0028,both,text_only,pi05,tokens,4,False,,300,False,False,,True,True,True,cream_cheese_3,False,basket_2,True,0.0345,,,,,plane,,,060ed90dd800ba8a,747b17ea5dbdd0ed,45de990addc028e9,60,86.8,none,ambiguous
object,scene_0028,both,text_only,pi05,tokens,5,False,,300,False,False,,True,True,True,cream_cheese_3,False,basket_2,True,0.0391,,,,,plane,,,060ed90dd800ba8a,4698258974f8a753,1da02ab0718b99c2,60,87.9,none,ambiguous
object,scene_0028,both,text_only,pi05,tokens,6,False,,300,False,False,,True,True,True,cream_cheese_2,False,basket_2,True,0.0034,,,,,plane,,,060ed90dd800ba8a,596e1e80d5fb15ed,23cad532e2bab2a7,60,86.3,none,ambiguous
object,scene_0028,both,text_only,pi05,tokens,7,False,,300,False,False,,True,False,False,,False,,False,0.3678,,,,,plane,,,060ed90dd800ba8a,d42876cf9ded65de,0cbdefbbec26f911,60,87.3,none,ambiguous
object,scene_0028,both,text_only,pi05,tokens,8,False,,300,False,False,,True,True,True,cream_cheese_3,False,basket_2,True,0.0365,,,,,plane,,,060ed90dd800ba8a,ea695b78c24189eb,5219f404345fa906,60,86.5,none,ambiguous
object,scene_0028,both,text_only,pi05,tokens,9,False,,300,False,False,,True,True,True,cream_cheese_2,False,basket_2,True,0.0183,,,,,plane,,,060ed90dd800ba8a,6278fb65b59a5d2d,e8e7280b59d85dd4,60,88.0,none,ambiguous
object,scene_0028,both,text_only,pi05,tokens,10,False,,300,False,False,,True,True,True,cream_cheese_3,False,basket_2,True,0.0349,,,,,plane,,,060ed90dd800ba8a,16ebc4f7f7e62092,78c9cae90e8ecdfd,60,87.2,none,ambiguous
object,scene_0028,both,text_only,pi05,tokens,11,False,,300,False,False,,True,True,True,cream_cheese_2,False,basket_2,True,0.0117,,,,,plane,,,060ed90dd800ba8a,87f11872714a1a98,6bcf574588f89bf5,60,86.2,none,ambiguous
object,scene_0028,both,text_only,pi05,tokens,12,False,,300,False,False,,True,True,True,cream_cheese_2,False,basket_2,True,0.0121,,,,,plane,,,060ed90dd800ba8a,2f7e4c328ff2334c,e1161696b8fde70d,60,88.2,none,ambiguous
object,scene_0028,both,text_only,pi05,tokens,13,False,,300,False,False,,True,True,True,cream_cheese_3,False,basket_2,True,0.0339,,,,,plane,,,060ed90dd800ba8a,35c1baca692935e6,f3dca68a5135f228,60,86.9,none,ambiguous
object,scene_0029,both,text_only,pi05,tokens,0,False,,300,False,False,,True,True,True,butter_1,False,basket_1,True,0.0288,,,,,plane,,,edb57583c0b7e793,c1675a4072011872,7a43077bf86c4a5b,60,87.7,none,ambiguous
object,scene_0029,both,text_only,pi05,tokens,1,False,,300,False,False,,True,True,True,butter_1,False,basket_1,True,0.0171,,,,,plane,,,edb57583c0b7e793,39bc34504402f3ab,93f14f49b776ec6b,60,87.2,none,ambiguous
object,scene_0029,both,text_only,pi05,tokens,2,False,,300,False,False,,True,True,True,butter_1,False,basket_1,True,0.0216,,,,,plane,,,edb57583c0b7e793,6457279785c6758f,ded4badf741b5dca,60,87.5,none,ambiguous
object,scene_0029,both,text_only,pi05,tokens,3,False,,300,False,False,,True,True,True,butter_1,False,basket_1,True,0.0327,,,,,plane,,,edb57583c0b7e793,8b6b53f2244813c1,60217b0b3ae732e1,60,86.8,none,ambiguous
object,scene_0029,both,text_only,pi05,tokens,4,False,,300,False,False,,True,True,True,butter_1,False,basket_1,True,0.0361,,,,,plane,,,edb57583c0b7e793,c2406659df9fe552,377e2640db3d884e,60,85.9,none,ambiguous
object,scene_0029,both,text_only,pi05,tokens,5,False,,300,False,False,,True,True,True,butter_1,False,basket_1,True,0.0249,,,,,plane,,,edb57583c0b7e793,756b79be4235ffea,52fc9d8d62165b69,60,86.6,none,ambiguous
object,scene_0029,both,text_only,pi05,tokens,6,False,,300,False,False,,True,True,True,butter_1,False,basket_1,True,0.0344,,,,,plane,,,edb57583c0b7e793,8276dd41ee4ed478,356d5e37b074f062,60,86.9,none,ambiguous
object,scene_0029,both,text_only,pi05,tokens,7,False,,300,False,False,,True,True,True,butter_1,False,basket_1,True,0.0161,,,,,plane,,,edb57583c0b7e793,e75eec90f9ace05c,bd784e01f47ddbda,60,86.1,none,ambiguous
object,scene_0029,both,text_only,pi05,tokens,8,False,,300,False,False,,True,True,True,butter_1,False,basket_1,True,0.0109,,,,,plane,,,edb57583c0b7e793,2084032c6b56720a,b9ef1c890d1e6223,60,87.1,none,ambiguous
object,scene_0029,both,text_only,pi05,tokens,9,False,,300,False,False,,True,True,True,butter_1,False,basket_1,True,0.0173,,,,,plane,,,edb57583c0b7e793,e718ae956b2df956,b0ee98c10250cc99,60,86.8,none,ambiguous
object,scene_0029,both,text_only,pi05,tokens,10,False,,300,False,False,,True,True,True,butter_1,False,basket_1,True,0.0421,,,,,plane,,,edb57583c0b7e793,a7404a3251421b62,58e7cef75c4e6ae6,60,95.2,none,ambiguous
object,scene_0029,both,text_only,pi05,tokens,11,False,,300,False,False,,True,True,True,butter_1,False,basket_1,True,0.0176,,,,,plane,,,edb57583c0b7e793,9fbd5ed38a0cb306,81911c03c4fbc2d1,60,86.2,none,ambiguous
object,scene_0029,both,text_only,pi05,tokens,12,False,,300,False,False,,True,True,True,butter_1,False,basket_1,True,0.0186,,,,,plane,,,edb57583c0b7e793,149d6365ca34d9c0,39ca3cd430f4ed3a,60,86.5,none,ambiguous
object,scene_0029,both,text_only,pi05,tokens,13,False,,300,False,False,,True,True,True,butter_1,False,basket_1,True,0.0297,,,,,plane,,,edb57583c0b7e793,1819bf97b4595765,f10c74b18f5d5cd7,60,86.6,none,ambiguous
object,scene_0030,both,text_only,pi05,tokens,0,False,,300,False,False,,True,True,True,alphabet_soup_1,False,basket_1,True,0.0291,,,,,plane,,,076e8eaf52e04c39,005df0d88b3bc63c,a75a85430182b06b,60,87.9,none,ambiguous
object,scene_0030,both,text_only,pi05,tokens,1,False,,300,False,False,,True,True,True,alphabet_soup_1,False,basket_1,True,0.0187,,,,,plane,,,076e8eaf52e04c39,46d9bf1ae305b44b,0502524c55b3d053,60,86.5,none,ambiguous
object,scene_0030,both,text_only,pi05,tokens,2,False,,300,False,False,,True,True,True,alphabet_soup_1,False,basket_1,True,0.0072,,,,,plane,,,076e8eaf52e04c39,2db85d604298a2e3,dfd057113b38ea7e,60,86.1,none,ambiguous
object,scene_0030,both,text_only,pi05,tokens,3,False,,300,False,False,,True,True,True,alphabet_soup_1,False,basket_1,True,0.025,,,,,plane,,,076e8eaf52e04c39,14fd96a5854e4b28,5c8073169fabd04c,60,87.1,none,ambiguous
object,scene_0030,both,text_only,pi05,tokens,4,False,,300,False,False,,True,True,True,chocolate_pudding_1,False,basket_2,False,0.0304,,,,,plane,,,076e8eaf52e04c39,6cb0bee9fe0a1451,d630776552f44a42,60,88.3,none,ambiguous
object,scene_0030,both,text_only,pi05,tokens,5,False,,300,False,False,,True,True,True,alphabet_soup_1,False,basket_1,True,0.0216,,,,,plane,,,076e8eaf52e04c39,b400301947d0d681,c6fd22a9b2784420,60,88.3,none,ambiguous
object,scene_0030,both,text_only,pi05,tokens,6,False,,300,False,False,,True,True,True,alphabet_soup_1,False,basket_1,True,0.0164,,,,,plane,,,076e8eaf52e04c39,c3d133ebe2879c5b,7bb2fd96b3a02117,60,87.3,none,ambiguous
object,scene_0030,both,text_only,pi05,tokens,7,False,,300,False,False,,True,True,True,alphabet_soup_1,False,basket_1,True,0.0203,,,,,plane,,,076e8eaf52e04c39,707ec86a22853426,36ad247618ee7e6b,60,87.2,none,ambiguous
object,scene_0030,both,text_only,pi05,tokens,8,False,,300,False,False,,True,True,True,alphabet_soup_2,False,basket_1,True,0.0113,,,,,plane,,,076e8eaf52e04c39,17a5271fd28e5a40,4228684a1c68e893,60,85.8,none,ambiguous
object,scene_0030,both,text_only,pi05,tokens,9,False,,300,False,False,,True,True,True,alphabet_soup_1,False,,False,0.2022,,,,,plane,,,076e8eaf52e04c39,0dd39f50dec27e42,006cf518755b4b7c,60,86.1,none,ambiguous
object,scene_0030,both,text_only,pi05,tokens,10,False,,300,False,False,,True,True,True,alphabet_soup_1,False,basket_1,True,0.0166,,,,,plane,,,076e8eaf52e04c39,54471e74800d13bf,fbd0b75be95ddac8,60,86.5,none,ambiguous
object,scene_0030,both,text_only,pi05,tokens,11,False,,300,False,False,,True,True,True,alphabet_soup_1,False,basket_1,True,0.0242,,,,,plane,,,076e8eaf52e04c39,8e467b46742be88b,df679b8017b065ea,60,87.3,none,ambiguous
object,scene_0030,both,text_only,pi05,tokens,12,False,,300,False,False,,True,True,True,alphabet_soup_1,False,basket_1,True,0.0211,,,,,plane,,,076e8eaf52e04c39,183f4a4ab0816bd7,c0fe5d1e28128008,60,86.8,none,ambiguous
object,scene_0030,both,text_only,pi05,tokens,13,False,,300,False,False,,True,True,True,alphabet_soup_1,False,basket_1,True,0.0196,,,,,plane,,,076e8eaf52e04c39,90e6f6a2344254ea,91cfb9228f25b88a,60,89.3,none,ambiguous
object,scene_0031,both,text_only,pi05,tokens,0,False,,300,False,False,,True,True,True,tomato_sauce_2,False,basket_2,False,0.029,,,,,plane,,,bc83952abb4bd9e8,386f208c3ffd3d76,544932f7fa44ea05,60,89.2,none,ambiguous
object,scene_0031,both,text_only,pi05,tokens,1,False,,300,False,False,,True,True,True,tomato_sauce_2,False,basket_2,False,0.029,,,,,plane,,,bc83952abb4bd9e8,ebd47e4f23bba4d1,63b51c46b050c64a,60,87.3,none,ambiguous
object,scene_0031,both,text_only,pi05,tokens,2,False,,300,False,False,,True,True,True,tomato_sauce_2,False,basket_2,False,0.0327,,,,,plane,,,bc83952abb4bd9e8,b0788894be8b9e83,fb81549c24ec5c79,60,88.6,none,ambiguous
object,scene_0031,both,text_only,pi05,tokens,3,False,,300,False,False,,True,True,True,tomato_sauce_2,False,basket_2,False,0.0381,,,,,plane,,,bc83952abb4bd9e8,d1f36c8fa4a575d0,b65bdd25eece1220,60,89.1,none,ambiguous
object,scene_0031,both,text_only,pi05,tokens,4,False,,300,False,False,,True,True,True,tomato_sauce_2,False,basket_2,False,0.0248,,,,,plane,,,bc83952abb4bd9e8,2fdbbbf0459289a0,7a91014eee292ea7,60,88.4,none,ambiguous
object,scene_0031,both,text_only,pi05,tokens,5,False,,300,False,False,,True,True,True,tomato_sauce_2,False,basket_2,False,0.0178,,,,,plane,,,bc83952abb4bd9e8,a99a585809a623cf,da0a5bdbd15d659f,60,88.1,none,ambiguous
object,scene_0031,both,text_only,pi05,tokens,6,False,,300,False,False,,True,True,True,tomato_sauce_2,False,basket_2,False,0.0324,,,,,plane,,,bc83952abb4bd9e8,47f9c016a3d01196,f0abe8103caef131,60,88.4,none,ambiguous
object,scene_0031,both,text_only,pi05,tokens,7,False,,300,False,False,,True,True,True,tomato_sauce_2,False,basket_2,False,0.0146,,,,,plane,,,bc83952abb4bd9e8,f18891c028de4942,4d0af7cad6f677f6,60,88.9,none,ambiguous
object,scene_0031,both,text_only,pi05,tokens,8,False,,300,False,False,,True,True,True,tomato_sauce_2,False,basket_2,False,0.0714,,,,,plane,,,bc83952abb4bd9e8,cb44f1226fb8bc9e,67bac21ad6682c24,60,92.4,none,ambiguous
object,scene_0031,both,text_only,pi05,tokens,9,False,,300,False,False,,True,True,True,tomato_sauce_2,False,basket_2,False,0.0289,,,,,plane,,,bc83952abb4bd9e8,61e64f5a880a1b4a,c254680814404817,60,91.2,none,ambiguous
object,scene_0031,both,text_only,pi05,tokens,10,False,,300,False,False,,True,True,True,tomato_sauce_2,False,basket_2,False,0.0236,,,,,plane,,,bc83952abb4bd9e8,89f828c80eb46d09,f1b00e0e3e82e9c0,60,88.1,none,ambiguous
object,scene_0031,both,text_only,pi05,tokens,11,False,,300,False,False,,True,True,True,tomato_sauce_2,False,basket_2,False,0.0318,,,,,plane,,,bc83952abb4bd9e8,c9d61a1f7f25c4ea,2a5cb94f71dcf479,60,89.1,none,ambiguous
object,scene_0031,both,text_only,pi05,tokens,12,False,,300,False,False,,True,True,True,tomato_sauce_2,False,basket_2,False,0.0219,,,,,plane,,,bc83952abb4bd9e8,3dd3b300f7b5aaa9,8be4b1a831642f38,60,87.8,none,ambiguous
object,scene_0031,both,text_only,pi05,tokens,13,False,,300,False,False,,True,True,True,tomato_sauce_2,False,basket_2,False,0.0306,,,,,plane,,,bc83952abb4bd9e8,934854f5f9fa76c3,312b301e4c82a3f0,60,89.0,none,ambiguous
object,scene_0032,both,text_only,pi05,tokens,0,False,,300,False,False,,True,True,True,tomato_sauce_3,True,basket_3,False,0.0293,,,,,plane,,,bf8dc7b24556b00c,4364d024ea1edc39,a9db987b6ed45a63,60,88.2,none,ambiguous
object,scene_0032,both,text_only,pi05,tokens,1,False,,300,False,False,,True,True,True,tomato_sauce_3,True,basket_3,False,0.0317,,,,,plane,,,bf8dc7b24556b00c,26f1432fb0e32b7f,fb822e297fd6668f,60,87.8,none,ambiguous
object,scene_0032,both,text_only,pi05,tokens,2,False,,300,False,False,,True,True,True,tomato_sauce_2,False,basket_3,False,0.0259,,,,,plane,,,bf8dc7b24556b00c,8fae81bcd8316f46,e5293f415f0a83da,60,89.1,none,ambiguous
object,scene_0032,both,text_only,pi05,tokens,3,False,,300,False,False,,True,True,True,tomato_sauce_3,True,basket_3,False,0.0269,,,,,plane,,,bf8dc7b24556b00c,489d643dd46582ae,03adafb191b311ab,60,88.0,none,ambiguous
object,scene_0032,both,text_only,pi05,tokens,4,False,,300,False,False,,True,True,True,tomato_sauce_3,True,basket_3,False,0.0293,,,,,plane,,,bf8dc7b24556b00c,c5f6029cce72e959,b2b0c627d0f9d9cc,60,88.3,none,ambiguous
object,scene_0032,both,text_only,pi05,tokens,5,False,,300,False,False,,True,True,True,tomato_sauce_3,True,,False,0.1315,,,,,plane,,,bf8dc7b24556b00c,2eb0dbf98d37e214,cef0c060d2a2a889,60,88.0,none,ambiguous
object,scene_0032,both,text_only,pi05,tokens,6,False,,300,False,False,,True,True,True,tomato_sauce_3,True,basket_3,False,0.0283,,,,,plane,,,bf8dc7b24556b00c,138141f2933f42c9,511f794b4641800d,60,87.4,none,ambiguous
object,scene_0032,both,text_only,pi05,tokens,7,False,,300,False,False,,True,True,True,tomato_sauce_3,True,basket_3,False,0.04,,,,,plane,,,bf8dc7b24556b00c,ed50dcd44f2ac205,a3d8ecd71f67ec2b,60,88.7,none,ambiguous
object,scene_0032,both,text_only,pi05,tokens,8,False,,300,False,False,,True,True,True,tomato_sauce_3,True,,False,0.1885,,,,,plane,,,bf8dc7b24556b00c,c87c6489e2decc15,a50087220b72d43c,60,88.5,none,ambiguous
object,scene_0032,both,text_only,pi05,tokens,9,False,,300,False,False,,True,True,True,tomato_sauce_3,True,basket_3,False,0.0356,,,,,plane,,,bf8dc7b24556b00c,d3504ffa12df2c50,fd86c15792936fc2,60,88.4,none,ambiguous
object,scene_0032,both,text_only,pi05,tokens,10,False,,300,False,False,,True,True,True,tomato_sauce_2,False,,False,0.172,,,,,plane,,,bf8dc7b24556b00c,662dec5842b387e6,7c499d710f92f5ce,60,87.9,none,ambiguous
object,scene_0032,both,text_only,pi05,tokens,11,False,,300,False,False,,True,True,True,tomato_sauce_2,False,basket_3,False,0.0213,,,,,plane,,,bf8dc7b24556b00c,00a1d69a4227ec98,5a25ba7b7c50e706,60,88.3,none,ambiguous
object,scene_0032,both,text_only,pi05,tokens,12,False,,300,False,False,,True,True,True,tomato_sauce_3,True,basket_3,False,0.0316,,,,,plane,,,bf8dc7b24556b00c,d6ce605dd575a5e6,648e62df2e46d3d3,60,87.9,none,ambiguous
object,scene_0032,both,text_only,pi05,tokens,13,False,,300,False,False,,True,True,True,tomato_sauce_3,True,basket_3,False,0.017,,,,,plane,,,bf8dc7b24556b00c,70c2c0fd4400373d,e2e49d130c63bd2e,60,89.5,none,ambiguous
object,scene_0033,both,text_only,pi05,tokens,0,False,,300,False,False,,True,True,True,bbq_sauce_1,False,basket_3,False,0.0216,,,,,plane,,,d90cee800815002d,7fa85d763f0cc921,c3b132bccd09c992,60,88.9,none,ambiguous
object,scene_0033,both,text_only,pi05,tokens,1,False,,300,False,False,,True,True,True,orange_juice_2,False,basket_3,False,0.0164,,,,,plane,,,d90cee800815002d,8fdbd9524eccd3a6,6f443a758ce0299f,60,90.8,none,ambiguous
object,scene_0033,both,text_only,pi05,tokens,2,False,,300,False,False,,True,True,True,bbq_sauce_1,False,,False,0.3471,,,,,plane,,,d90cee800815002d,6abb9c991c77a68c,ad8d85d9cfb9a395,60,88.7,none,ambiguous
object,scene_0033,both,text_only,pi05,tokens,3,False,,300,False,False,,True,True,True,bbq_sauce_1,False,basket_3,False,0.0033,,,,,plane,,,d90cee800815002d,626353a0f5a9695c,16f3523b64f54aa0,60,88.6,none,ambiguous
object,scene_0033,both,text_only,pi05,tokens,4,False,,300,False,False,,True,True,True,bbq_sauce_1,False,basket_2,True,0.0275,,,,,plane,,,d90cee800815002d,241bbebb225cec3b,30735ee9721e5ad2,60,88.7,none,ambiguous
object,scene_0033,both,text_only,pi05,tokens,5,False,,300,False,False,,True,True,True,bbq_sauce_1,False,basket_2,True,0.0315,,,,,plane,,,d90cee800815002d,169a7f3e3731b29b,5960687276ae2f73,60,89.1,none,ambiguous
object,scene_0033,both,text_only,pi05,tokens,6,False,,300,False,False,,True,True,True,bbq_sauce_1,False,basket_2,True,0.0411,,,,,plane,,,d90cee800815002d,904597f1dc06d657,918f1ffc267a5521,60,88.1,none,ambiguous
object,scene_0033,both,text_only,pi05,tokens,7,False,,300,False,False,,True,True,True,bbq_sauce_1,False,basket_2,True,0.0436,,,,,plane,,,d90cee800815002d,c880027b2ac3d580,5dbc7d7f579f81aa,60,88.3,none,ambiguous
object,scene_0033,both,text_only,pi05,tokens,8,False,,300,False,False,,True,True,True,bbq_sauce_1,False,basket_2,True,0.0135,,,,,plane,,,d90cee800815002d,998ff79143b56bba,3ec4a526fd9e4457,60,89.2,none,ambiguous
object,scene_0033,both,text_only,pi05,tokens,9,False,,300,False,False,,True,True,True,bbq_sauce_1,False,basket_2,True,0.0345,,,,,plane,,,d90cee800815002d,16c1b6c5606139b7,915f0b489cae4f1d,60,90.6,none,ambiguous
object,scene_0033,both,text_only,pi05,tokens,10,False,,300,False,False,,True,True,True,bbq_sauce_1,False,basket_3,False,0.0325,,,,,plane,,,d90cee800815002d,ef126fccb2b9132b,004806da2492a891,60,88.7,none,ambiguous
object,scene_0033,both,text_only,pi05,tokens,11,False,,300,False,False,,True,True,True,bbq_sauce_1,False,basket_3,False,0.0106,,,,,plane,,,d90cee800815002d,9a01c2b15af75e85,0525c704f765f509,60,89.3,none,ambiguous
object,scene_0033,both,text_only,pi05,tokens,12,False,,300,False,False,,True,True,True,bbq_sauce_1,False,basket_2,True,0.0247,,,,,plane,,,d90cee800815002d,f63c8983cfc3d0de,7f43f30bb275565b,60,89.4,none,ambiguous
object,scene_0033,both,text_only,pi05,tokens,13,False,,300,False,False,,True,True,True,bbq_sauce_1,False,basket_2,True,0.0252,,,,,plane,,,d90cee800815002d,9595113568f48e0b,c431e62edc75a257,60,89.0,none,ambiguous
object,scene_0034,both,text_only,pi05,tokens,0,False,,300,False,False,,True,True,True,ketchup_1,False,basket_1,False,0.0538,,,,,plane,,,0f9136dd3356112c,8666fcf461db024b,5f4d06211bf088b9,60,86.9,none,ambiguous
object,scene_0034,both,text_only,pi05,tokens,1,False,,300,False,False,,True,True,True,ketchup_1,False,basket_1,False,0.0157,,,,,plane,,,0f9136dd3356112c,8aa90bbc6cdb229c,18862e88a3594dc4,60,87.3,none,ambiguous
object,scene_0034,both,text_only,pi05,tokens,2,False,,300,False,False,,True,True,True,ketchup_1,False,basket_3,True,0.0255,,,,,plane,,,0f9136dd3356112c,3c2cf220b39f8d48,d1e8e61e7fab7ba0,60,88.3,none,ambiguous
object,scene_0034,both,text_only,pi05,tokens,3,False,,300,False,False,,True,True,True,ketchup_1,False,,False,0.0858,,,,,plane,,,0f9136dd3356112c,5e7917a42d7b62c1,e37141938e09388d,60,89.0,none,ambiguous
object,scene_0034,both,text_only,pi05,tokens,4,False,,300,False,False,,True,True,True,ketchup_1,False,,False,0.0881,,,,,plane,,,0f9136dd3356112c,b4e02fbed414aa9e,a466a2ac8cc2f0a1,60,87.1,none,ambiguous
object,scene_0034,both,text_only,pi05,tokens,5,False,,300,False,False,,True,True,True,ketchup_1,False,basket_1,False,0.0342,,,,,plane,,,0f9136dd3356112c,13dd706e843d74a4,80592f53c3d3f1a6,60,86.6,none,ambiguous
object,scene_0034,both,text_only,pi05,tokens,6,False,,300,False,False,,True,True,True,ketchup_1,False,basket_1,False,0.0314,,,,,plane,,,0f9136dd3356112c,3af8152cf7f4e7f5,daafb341338a20cd,60,86.6,none,ambiguous
object,scene_0034,both,text_only,pi05,tokens,7,False,,300,False,False,,True,True,True,ketchup_1,False,basket_1,False,0.0343,,,,,plane,,,0f9136dd3356112c,d8a0d4ba9af46c74,d9edf268c15cc999,60,86.8,none,ambiguous
object,scene_0034,both,text_only,pi05,tokens,8,False,,300,False,False,,True,True,True,ketchup_1,False,basket_1,False,0.0179,,,,,plane,,,0f9136dd3356112c,b39ce0832ccc2c0c,5fe5333d6bc2c7a6,60,88.1,none,ambiguous
object,scene_0034,both,text_only,pi05,tokens,9,False,,300,False,False,,True,True,True,ketchup_1,False,basket_1,False,0.0388,,,,,plane,,,0f9136dd3356112c,539a9fd868dee405,320081705f13108e,60,88.6,none,ambiguous
object,scene_0034,both,text_only,pi05,tokens,10,False,,300,False,False,,True,True,True,ketchup_1,False,,False,0.1052,,,,,plane,,,0f9136dd3356112c,23dc7cf2d6aa9b47,bb859a199e68e4b7,60,90.3,none,ambiguous
object,scene_0034,both,text_only,pi05,tokens,11,False,,300,False,False,,True,True,True,ketchup_1,False,basket_1,False,0.038,,,,,plane,,,0f9136dd3356112c,b499e4e5fe932292,56e24862bd3bcc73,60,88.2,none,ambiguous
object,scene_0034,both,text_only,pi05,tokens,12,False,,300,False,False,,True,True,True,ketchup_1,False,,False,0.1608,,,,,plane,,,0f9136dd3356112c,5fcb44f9b6e1bd27,7fff2d9ec9b61997,60,88.3,none,ambiguous
object,scene_0034,both,text_only,pi05,tokens,13,False,,300,False,False,,True,True,True,cream_cheese_1,False,basket_2,False,0.0364,,,,,plane,,,0f9136dd3356112c,6680815125ddaf30,78903807bf88071a,60,88.5,none,ambiguous
object,scene_0035,both,text_only,pi05,tokens,0,False,,300,False,False,,True,True,True,butter_5,False,basket_3,True,0.035,,,,,plane,,,bdbef2e61e830f29,ffee84a2b40873f4,0bdffb28c571608e,60,89.0,none,ambiguous
object,scene_0035,both,text_only,pi05,tokens,1,False,,300,False,False,,True,True,True,butter_5,False,basket_1,False,0.0336,,,,,plane,,,bdbef2e61e830f29,aa033daa646f9ad2,b747bc690d3c5c60,60,89.7,none,ambiguous
object,scene_0035,both,text_only,pi05,tokens,2,False,,300,False,False,,True,True,True,butter_5,False,basket_1,False,0.0432,,,,,plane,,,bdbef2e61e830f29,dfe7a60f8d1d8256,f9a9064982c225e6,60,87.8,none,ambiguous
object,scene_0035,both,text_only,pi05,tokens,3,False,,300,False,False,,True,True,True,butter_5,False,basket_1,False,0.07,,,,,plane,,,bdbef2e61e830f29,88c12ba339670a35,4d95284b4174adca,60,86.8,none,ambiguous
object,scene_0035,both,text_only,pi05,tokens,4,False,,300,False,False,,True,True,True,butter_5,False,basket_3,True,0.0498,,,,,plane,,,bdbef2e61e830f29,07ebde04f286b317,fcefb9926f3a688b,60,86.0,none,ambiguous
object,scene_0035,both,text_only,pi05,tokens,5,False,,300,False,False,,True,True,True,butter_5,False,basket_1,False,0.0209,,,,,plane,,,bdbef2e61e830f29,71bc430943ae3bf5,3bc90929e16a2537,60,87.7,none,ambiguous
object,scene_0035,both,text_only,pi05,tokens,6,False,,300,False,False,,True,True,True,butter_5,False,basket_1,False,0.0393,,,,,plane,,,bdbef2e61e830f29,e7c9e6a4755e5a24,09bcd3fc081d6508,60,87.8,none,ambiguous
object,scene_0035,both,text_only,pi05,tokens,7,False,,300,False,False,,True,True,True,butter_5,False,basket_1,False,0.0408,,,,,plane,,,bdbef2e61e830f29,d37ba01dab36575b,d21634062979b101,60,86.5,none,ambiguous
object,scene_0035,both,text_only,pi05,tokens,8,False,,300,False,False,,True,True,True,butter_5,False,basket_3,True,0.0719,,,,,plane,,,bdbef2e61e830f29,d56a85b1b19cb62d,7ee06dde753c6605,60,86.3,none,ambiguous
object,scene_0035,both,text_only,pi05,tokens,9,False,,300,False,False,,True,True,True,butter_5,False,basket_3,True,0.0387,,,,,plane,,,bdbef2e61e830f29,595b93fda37ae9e8,44f9f4ad93257db7,60,88.1,none,ambiguous
object,scene_0035,both,text_only,pi05,tokens,10,False,,300,False,False,,True,True,True,butter_5,False,basket_3,True,0.046,,,,,plane,,,bdbef2e61e830f29,b11f7bd7d806e1e3,aa50db417f6730dc,60,88.7,none,ambiguous
object,scene_0035,both,text_only,pi05,tokens,11,False,,300,False,False,,True,True,True,butter_5,False,basket_1,False,0.0247,,,,,plane,,,bdbef2e61e830f29,5f478cb0aa676870,fbd7f4e2c4da9d07,60,86.5,none,ambiguous
object,scene_0035,both,text_only,pi05,tokens,12,False,,300,False,False,,True,True,True,butter_5,False,basket_1,False,0.0362,,,,,plane,,,bdbef2e61e830f29,4bd737c2849670f7,c6ad4b7a46485e8b,60,86.0,none,ambiguous
object,scene_0035,both,text_only,pi05,tokens,13,False,,300,False,False,,True,True,True,butter_5,False,basket_3,True,0.0501,,,,,plane,,,bdbef2e61e830f29,43071b1e21810389,038e5aa802ba2c9c,60,85.9,none,ambiguous
object,scene_0036,both,text_only,pi05,tokens,0,False,,300,False,False,,True,True,True,alphabet_soup_3,False,basket_1,False,0.0306,,,,,plane,,,c7ce9a2685e2981f,09fcc06498318f96,3ac32c1aeb6e668f,60,84.6,none,ambiguous
object,scene_0036,both,text_only,pi05,tokens,1,False,,300,False,False,,True,True,True,alphabet_soup_3,False,basket_1,False,0.0264,,,,,plane,,,c7ce9a2685e2981f,e520c3a6883801aa,aea1af192d735498,60,84.6,none,ambiguous
object,scene_0036,both,text_only,pi05,tokens,2,False,,300,False,False,,True,True,True,alphabet_soup_3,False,basket_1,False,0.0324,,,,,plane,,,c7ce9a2685e2981f,9c765fc6f1579ad3,44fc1b074e80e9a5,60,86.1,none,ambiguous
object,scene_0036,both,text_only,pi05,tokens,3,False,,300,False,False,,True,True,True,alphabet_soup_3,False,basket_1,False,0.0281,,,,,plane,,,c7ce9a2685e2981f,b2c986701568e602,0fe08738a285a96a,60,84.5,none,ambiguous
object,scene_0036,both,text_only,pi05,tokens,4,False,,300,False,False,,True,True,True,alphabet_soup_3,False,basket_1,False,0.0301,,,,,plane,,,c7ce9a2685e2981f,922f48d74793037c,4ae6e3bd2b54a420,60,85.3,none,ambiguous
object,scene_0036,both,text_only,pi05,tokens,5,False,,300,False,False,,True,True,True,alphabet_soup_3,False,basket_1,False,0.0308,,,,,plane,,,c7ce9a2685e2981f,f47202b4190e5c5d,e552154372d06e51,60,84.9,none,ambiguous
object,scene_0036,both,text_only,pi05,tokens,6,False,,300,False,False,,True,True,True,alphabet_soup_3,False,basket_3,True,0.0255,,,,,plane,,,c7ce9a2685e2981f,02b359cd73142e50,e6538304fca5fdb8,60,85.8,none,ambiguous
object,scene_0036,both,text_only,pi05,tokens,7,False,,300,False,False,,True,True,True,alphabet_soup_3,False,basket_1,False,0.0264,,,,,plane,,,c7ce9a2685e2981f,6c16b5f155721497,52b852421d58db9a,60,85.1,none,ambiguous
object,scene_0036,both,text_only,pi05,tokens,8,False,,300,False,False,,True,True,True,alphabet_soup_3,False,basket_1,False,0.0139,,,,,plane,,,c7ce9a2685e2981f,cb1e348cb99f4ea6,101b5081ad5ea406,60,84.9,none,ambiguous
object,scene_0036,both,text_only,pi05,tokens,9,False,,300,False,False,,True,True,True,alphabet_soup_3,False,basket_1,False,0.0276,,,,,plane,,,c7ce9a2685e2981f,0949091bbd24f496,410518d0eadabc35,60,85.8,none,ambiguous
object,scene_0036,both,text_only,pi05,tokens,10,False,,300,False,False,,True,True,True,alphabet_soup_3,False,basket_1,False,0.0144,,,,,plane,,,c7ce9a2685e2981f,819403f5e6c0f0eb,d8c1a8adb14e6086,60,85.9,none,ambiguous
object,scene_0036,both,text_only,pi05,tokens,11,False,,300,False,False,,True,True,True,alphabet_soup_3,False,basket_1,False,0.0218,,,,,plane,,,c7ce9a2685e2981f,7c6276f7b178df5d,bb08ccee42c0ca4d,60,85.6,none,ambiguous
object,scene_0036,both,text_only,pi05,tokens,12,False,,300,False,False,,True,True,True,alphabet_soup_3,False,basket_1,False,0.0289,,,,,plane,,,c7ce9a2685e2981f,7ff81c8aef6c5037,77686be32a049d9f,60,86.4,none,ambiguous
object,scene_0036,both,text_only,pi05,tokens,13,False,,300,False,False,,True,True,True,alphabet_soup_3,False,basket_1,False,0.0244,,,,,plane,,,c7ce9a2685e2981f,2623515479fe89cc,bdc0027181d64d34,60,85.2,none,ambiguous
object,scene_0037,both,text_only,pi05,tokens,0,False,,300,False,False,,True,True,True,tomato_sauce_2,True,basket_3,False,0.0069,,,,,plane,,,8b8d2c686c247ace,3553b6f3a4811299,4cfe137f5c366dc7,60,86.5,none,ambiguous
object,scene_0037,both,text_only,pi05,tokens,1,False,,300,False,False,,True,True,True,butter_1,False,basket_3,False,0.0378,,,,,plane,,,8b8d2c686c247ace,301ff59c97d24cca,f8761a2db6c67b76,60,85.2,none,ambiguous
object,scene_0037,both,text_only,pi05,tokens,2,False,,300,False,False,,True,True,True,tomato_sauce_2,True,,False,0.2348,,,,,plane,,,8b8d2c686c247ace,10d4b1b192786639,72a3bcdc2794916d,60,87.0,none,ambiguous
object,scene_0037,both,text_only,pi05,tokens,3,False,,300,False,False,,True,True,True,tomato_sauce_2,True,,False,0.3706,,,,,plane,,,8b8d2c686c247ace,0df27dcdc62ef914,0cb9881255a0dee8,60,85.3,none,ambiguous
object,scene_0037,both,text_only,pi05,tokens,4,False,,300,False,False,,True,True,True,tomato_sauce_5,False,basket_2,True,0.0231,,,,,plane,,,8b8d2c686c247ace,4e3f01f8ee01d093,78f85290e539373e,60,86.1,none,ambiguous
object,scene_0037,both,text_only,pi05,tokens,5,False,,300,False,False,,True,True,True,tomato_sauce_2,True,basket_1,False,0.0157,,,,,plane,,,8b8d2c686c247ace,a0ed9c1743ff5420,d31d2926c5955c16,60,87.1,none,ambiguous
object,scene_0037,both,text_only,pi05,tokens,6,False,,300,False,False,,True,True,True,tomato_sauce_1,False,basket_1,False,0.0718,,,,,plane,,,8b8d2c686c247ace,edb7176a3c00e43e,e501c65b42385d41,60,85.1,none,ambiguous
object,scene_0037,both,text_only,pi05,tokens,7,False,,300,False,False,,True,True,True,butter_1,False,basket_1,False,0.0282,,,,,plane,,,8b8d2c686c247ace,f6172238f1eecc1f,2dcd32f3633e115f,60,84.6,none,ambiguous
object,scene_0037,both,text_only,pi05,tokens,8,False,,300,False,False,,True,True,True,butter_1,False,basket_1,False,0.0417,,,,,plane,,,8b8d2c686c247ace,83c1b85e5bd87adf,62ef78800736dfca,60,85.2,none,ambiguous
object,scene_0037,both,text_only,pi05,tokens,9,False,,300,False,False,,True,False,False,,False,,False,0.3122,,,,,plane,,,8b8d2c686c247ace,90509b49ba2d595c,0a1322c732968796,60,87.5,none,ambiguous
object,scene_0037,both,text_only,pi05,tokens,10,False,,300,False,False,,True,True,True,tomato_sauce_5,False,,False,0.2764,,,,,plane,,,8b8d2c686c247ace,3921c05a2cd74da7,63eae2d27c02900f,60,88.7,none,ambiguous
object,scene_0037,both,text_only,pi05,tokens,11,False,,300,False,False,,True,True,True,butter_1,False,basket_1,False,0.0369,,,,,plane,,,8b8d2c686c247ace,7a18bdc9f970d290,b8998f28623d56f9,60,89.5,none,ambiguous
object,scene_0037,both,text_only,pi05,tokens,12,False,,300,False,False,,True,False,False,,False,,False,0.3122,,,,,plane,,,8b8d2c686c247ace,b352907fccbec93c,0e702348e8f8a8c5,60,87.7,none,ambiguous
object,scene_0037,both,text_only,pi05,tokens,13,False,,300,False,False,,True,True,True,butter_1,False,basket_1,False,0.0464,,,,,plane,,,8b8d2c686c247ace,de91c928b92fa9fa,39ec7f39a14292f7,60,89.4,none,ambiguous
goal,scene_0000,control,text_only,pi05,tokens,0,False,,320,True,True,81,True,True,True,akita_black_bowl_1,True,plate_1,True,0.0134,,,,,plane,,,1fe6e2a066d7ddac,d380780b32eb9ca7,4510c1a53e6a4491,64,86.2,none,ambiguous
goal,scene_0000,control,text_only,pi05,tokens,1,False,,320,True,True,81,True,True,True,akita_black_bowl_1,True,plate_1,True,0.0079,,,,,plane,,,1fe6e2a066d7ddac,59ba2fffe2722f3b,bb69f02ea4b7cc46,64,86.0,none,ambiguous
goal,scene_0000,control,text_only,pi05,tokens,2,False,,320,True,True,78,True,True,True,akita_black_bowl_1,True,plate_1,True,0.0108,,,,,plane,,,1fe6e2a066d7ddac,1158b02f3dbc3ec7,66a5fe2a07bc4bef,64,87.3,none,ambiguous
goal,scene_0000,control,text_only,pi05,tokens,3,False,,320,True,True,82,True,True,True,akita_black_bowl_1,True,plate_1,True,0.0084,,,,,plane,,,1fe6e2a066d7ddac,c1302178093e26c9,68a4219174274602,64,85.6,none,ambiguous
goal,scene_0000,control,text_only,pi05,tokens,4,False,,320,True,True,80,True,True,True,akita_black_bowl_1,True,plate_1,True,0.0108,,,,,plane,,,1fe6e2a066d7ddac,f1a105519c3967af,0fba42c508cf1127,64,85.8,none,ambiguous
goal,scene_0000,control,text_only,pi05,tokens,5,False,,320,True,True,78,True,True,True,akita_black_bowl_1,True,plate_1,True,0.0099,,,,,plane,,,1fe6e2a066d7ddac,123ce3a36be4195c,055aef91c237d18f,64,87.0,none,ambiguous
goal,scene_0000,control,text_only,pi05,tokens,6,False,,320,True,True,84,True,True,True,akita_black_bowl_1,True,plate_1,True,0.006,,,,,plane,,,1fe6e2a066d7ddac,9cc93aaccdce54f4,85c9dde32cd90a8a,64,85.7,none,ambiguous
goal,scene_0000,control,text_only,pi05,tokens,7,False,,320,True,True,80,True,True,True,akita_black_bowl_1,True,plate_1,True,0.0117,,,,,plane,,,1fe6e2a066d7ddac,839e8d53fd08b5ae,7847521c1ab26bbb,64,85.7,none,ambiguous
goal,scene_0000,control,text_only,pi05,tokens,8,False,,320,True,True,80,True,True,True,akita_black_bowl_1,True,plate_1,True,0.0091,,,,,plane,,,1fe6e2a066d7ddac,74491ce16c95b027,47e0339476724c39,64,86.0,none,ambiguous
goal,scene_0000,control,text_only,pi05,tokens,9,False,,320,True,True,78,True,True,True,akita_black_bowl_1,True,plate_1,True,0.0101,,,,,plane,,,1fe6e2a066d7ddac,c9fe71f185906080,838cbea97373009b,64,87.2,none,ambiguous
goal,scene_0000,control,text_only,pi05,tokens,10,False,,320,True,True,80,True,True,True,akita_black_bowl_1,True,plate_1,True,0.0121,,,,,plane,,,1fe6e2a066d7ddac,96f47c690016db93,1ffb7dc6627406a2,64,86.8,none,ambiguous
goal,scene_0000,control,text_only,pi05,tokens,11,False,,320,True,True,84,True,True,True,akita_black_bowl_1,True,plate_1,True,0.0097,,,,,plane,,,1fe6e2a066d7ddac,0848fa597360b9fc,fb19f6cd2c05a684,64,87.4,none,ambiguous
goal,scene_0000,control,text_only,pi05,tokens,12,False,,320,True,True,83,True,True,True,akita_black_bowl_1,True,plate_1,True,0.014,,,,,plane,,,1fe6e2a066d7ddac,5fb847446a70c15e,2f8c7449b5bcfd3e,64,86.5,none,ambiguous
goal,scene_0000,control,text_only,pi05,tokens,13,False,,320,True,True,83,True,True,True,akita_black_bowl_1,True,plate_1,True,0.0107,,,,,plane,,,1fe6e2a066d7ddac,b57a24e536aec842,a69d2ace5c5e65a9,64,87.7,none,ambiguous
goal,scene_0001,control,text_only,pi05,tokens,0,False,,320,False,False,,True,True,True,akita_black_bowl_1,True,,False,,,,,,plane,,,b1824863dc89cd32,3f3268918ad4e9f9,e77668a5a8300ce0,64,88.0,none,ambiguous
goal,scene_0001,control,text_only,pi05,tokens,1,False,,320,False,False,,True,True,True,akita_black_bowl_1,True,,False,,,,,,plane,,,b1824863dc89cd32,285f41cfba61a320,7de28a704d96c5ef,64,89.1,none,ambiguous
goal,scene_0001,control,text_only,pi05,tokens,2,False,,320,False,False,,True,True,True,akita_black_bowl_1,True,,False,,,,,,plane,,,b1824863dc89cd32,2361f7d48e66f103,b780a9d236b9ccae,64,89.1,none,ambiguous
goal,scene_0001,control,text_only,pi05,tokens,3,False,,320,False,False,,True,True,True,akita_black_bowl_1,True,,False,,,,,,plane,,,b1824863dc89cd32,33c91f9b53de472f,3699b1a97e80e7e1,64,88.7,none,ambiguous
goal,scene_0001,control,text_only,pi05,tokens,4,False,,320,False,False,,True,True,True,akita_black_bowl_1,True,,False,,,,,,plane,,,b1824863dc89cd32,7ac83689b3cec30c,a2f8eca70c5ff073,64,88.7,none,ambiguous
goal,scene_0001,control,text_only,pi05,tokens,5,False,,320,False,False,,True,True,True,akita_black_bowl_1,True,,False,,,,,,plane,,,b1824863dc89cd32,5ab40c115e39c1a5,c16ddf9a5d937c8a,64,90.7,none,ambiguous
goal,scene_0001,control,text_only,pi05,tokens,6,False,,320,False,False,,True,True,True,akita_black_bowl_1,True,,False,,,,,,plane,,,b1824863dc89cd32,64fe129a63d77193,cb5cbfe2cd19ba44,64,90.0,none,ambiguous
goal,scene_0001,control,text_only,pi05,tokens,7,False,,320,False,False,,True,True,True,akita_black_bowl_1,True,,False,,,,,,plane,,,b1824863dc89cd32,661f71c54b9f0922,77456e630c27b62d,64,89.3,none,ambiguous
goal,scene_0001,control,text_only,pi05,tokens,8,False,,320,False,False,,True,True,True,akita_black_bowl_1,True,,False,,,,,,plane,,,b1824863dc89cd32,17a378f5c319d2fd,94b6edc09f9a37e2,64,88.9,none,ambiguous
goal,scene_0001,control,text_only,pi05,tokens,9,False,,320,False,False,,True,True,True,akita_black_bowl_1,True,,False,,,,,,plane,,,b1824863dc89cd32,84e3b90cf3d0e2c4,58bef5930874f7ff,64,90.7,none,ambiguous
goal,scene_0001,control,text_only,pi05,tokens,10,False,,320,False,False,,True,True,True,akita_black_bowl_1,True,,False,,,,,,plane,,,b1824863dc89cd32,2f59b05c0b9d21b5,b986e67b9af03c03,64,87.6,none,ambiguous
goal,scene_0001,control,text_only,pi05,tokens,11,False,,320,False,False,,True,True,True,akita_black_bowl_1,True,,False,,,,,,plane,,,b1824863dc89cd32,02e430a1a198f6f3,e3ffe07741da6fe0,64,90.0,none,ambiguous
goal,scene_0001,control,text_only,pi05,tokens,12,False,,320,False,False,,True,True,True,akita_black_bowl_1,True,,False,,,,,,plane,,,b1824863dc89cd32,658002feb4892c8b,f037a4bf71b9571a,64,89.1,none,ambiguous
goal,scene_0001,control,text_only,pi05,tokens,13,False,,320,False,False,,True,True,True,akita_black_bowl_1,True,,False,,,,,,plane,,,b1824863dc89cd32,54de29b9b10372ed,2791fefac3dff206,64,89.8,none,ambiguous
goal,scene_0002,control,text_only,pi05,tokens,0,False,,320,False,False,,False,False,False,,False,,False,,,,,,plane,,,138934b0a0e6e560,3abdf825b0dd4c70,6a77ffad5a518182,64,88.5,none,ambiguous
goal,scene_0002,control,text_only,pi05,tokens,1,False,,320,False,False,,False,False,False,,False,,False,,,,,,plane,,,138934b0a0e6e560,e2ca41b21cb83831,6b96a41a96455a65,64,88.2,none,ambiguous
goal,scene_0002,control,text_only,pi05,tokens,2,False,,320,False,False,,False,False,False,,False,,False,,,,,,plane,,,138934b0a0e6e560,5ec1daebf3d5e776,0776e3a0bf2942df,64,89.5,none,ambiguous
goal,scene_0002,control,text_only,pi05,tokens,3,False,,320,False,False,,False,False,False,,False,,False,,,,,,plane,,,138934b0a0e6e560,30570b2cbd1fb523,49c5a90b5f5222bd,64,89.2,none,ambiguous
goal,scene_0002,control,text_only,pi05,tokens,4,False,,320,False,False,,False,False,False,,False,,False,,,,,,plane,,,138934b0a0e6e560,8c1454d6293f7091,49110f47850c3d1c,64,87.8,none,ambiguous
goal,scene_0002,control,text_only,pi05,tokens,5,False,,320,False,False,,False,False,False,,False,,False,,,,,,plane,,,138934b0a0e6e560,f51e68bd11789d2a,3183c7cd48a02bdd,64,88.5,none,ambiguous
goal,scene_0002,control,text_only,pi05,tokens,6,False,,320,False,False,,False,False,False,,False,,False,,,,,,plane,,,138934b0a0e6e560,43224097f7282418,4c8aaa9e01529ee2,64,89.3,none,ambiguous
goal,scene_0002,control,text_only,pi05,tokens,7,False,,320,False,False,,False,False,False,,False,,False,,,,,,plane,,,138934b0a0e6e560,97ebbdf656c807ea,9ed798d0850eb0f8,64,88.1,none,ambiguous
goal,scene_0002,control,text_only,pi05,tokens,8,False,,320,False,False,,False,False,False,,False,,False,,,,,,plane,,,138934b0a0e6e560,11e186fe79985e3e,c820461faaf5d033,64,88.4,none,ambiguous
goal,scene_0002,control,text_only,pi05,tokens,9,False,,320,False,False,,False,False,False,,False,,False,,,,,,plane,,,138934b0a0e6e560,96421ebcdc1e76e3,96ea0a4808e37b4d,64,86.9,none,ambiguous
goal,scene_0002,control,text_only,pi05,tokens,10,False,,320,False,False,,False,False,False,,False,,False,,,,,,plane,,,138934b0a0e6e560,2d6dbfd9bd18b15b,45a0ab28d30f7ac1,64,86.7,none,ambiguous
goal,scene_0002,control,text_only,pi05,tokens,11,False,,320,False,False,,False,False,False,,False,,False,,,,,,plane,,,138934b0a0e6e560,7a84d589207dd186,d2a613a0d2e63330,64,86.4,none,ambiguous
goal,scene_0002,control,text_only,pi05,tokens,12,False,,320,False,False,,False,False,False,,False,,False,,,,,,plane,,,138934b0a0e6e560,daa03e45472bbc8c,074777d50e70e9ad,64,88.6,none,ambiguous
goal,scene_0002,control,text_only,pi05,tokens,13,False,,320,False,False,,False,False,False,,False,,False,,,,,,plane,,,138934b0a0e6e560,bc223fe0dbf2dc46,ba526bfe57251741,64,86.8,none,ambiguous
goal,scene_0003,control,text_only,pi05,tokens,0,False,,320,True,True,113,False,False,False,,False,,False,,,,,,plane,,,8f438ccc292dc235,8e98f828e8d2adb0,d9bede835dc6c1f1,64,87.9,none,ambiguous
goal,scene_0003,control,text_only,pi05,tokens,1,False,,320,True,True,116,False,False,False,,False,,False,,,,,,plane,,,8f438ccc292dc235,c2feba49011c5012,8d0b1e9853cc1b5f,64,88.0,none,ambiguous
goal,scene_0003,control,text_only,pi05,tokens,2,False,,320,False,True,114,False,False,False,,False,,False,,,,,,plane,,,8f438ccc292dc235,d16cea86bc274666,7af9e85d90183395,64,89.2,none,ambiguous
goal,scene_0003,control,text_only,pi05,tokens,3,False,,320,False,True,119,False,True,True,plate_1,True,,False,,,,,,plane,,,8f438ccc292dc235,228a40c922ec17a2,68880ea809e99dba,64,89.9,none,ambiguous
goal,scene_0003,control,text_only,pi05,tokens,4,False,,320,False,True,120,False,False,False,,False,,False,,,,,,plane,,,8f438ccc292dc235,5f28e0ed58c44fd0,22270f4322037a33,64,88.4,none,ambiguous
goal,scene_0003,control,text_only,pi05,tokens,5,False,,320,True,True,116,False,False,False,,False,,False,,,,,,plane,,,8f438ccc292dc235,085f9caccd5fd5a8,cd9a168158f1c807,64,89.1,none,ambiguous
goal,scene_0003,control,text_only,pi05,tokens,6,False,,320,False,True,162,False,False,False,,False,,False,,,,,,plane,,,8f438ccc292dc235,2f36f2426c81881f,a01d7adedddb110d,64,87.7,none,ambiguous
goal,scene_0003,control,text_only,pi05,tokens,7,False,,320,False,True,119,False,True,True,plate_1,True,,False,,,,,,plane,,,8f438ccc292dc235,710d43841dcb4e10,9e4313acf8a6abf7,64,88.3,none,ambiguous
goal,scene_0003,control,text_only,pi05,tokens,8,False,,320,False,True,120,False,False,False,,False,,False,,,,,,plane,,,8f438ccc292dc235,741e5dbe3851cd3c,6e0e1835440fac22,64,89.0,none,ambiguous
goal,scene_0003,control,text_only,pi05,tokens,9,False,,320,False,True,116,False,False,False,,False,,False,,,,,,plane,,,8f438ccc292dc235,7d9bf297ef632e25,4e6a871c79f832ec,64,90.7,none,ambiguous
goal,scene_0003,control,text_only,pi05,tokens,10,False,,320,False,True,120,False,False,False,,False,,False,,,,,,plane,,,8f438ccc292dc235,d455b02508ac379d,ebbe4a8aee4ce3c0,64,87.0,none,ambiguous
goal,scene_0003,control,text_only,pi05,tokens,11,False,,320,False,True,120,False,False,False,,False,,False,,,,,,plane,,,8f438ccc292dc235,ced6f003f02c6578,e61c4a4e982a9856,64,88.9,none,ambiguous
goal,scene_0003,control,text_only,pi05,tokens,12,False,,320,True,True,111,False,False,False,,False,,False,,,,,,plane,,,8f438ccc292dc235,7c2aa565a1dfd060,75b0cd57ee93a399,64,89.1,none,ambiguous
goal,scene_0003,control,text_only,pi05,tokens,13,False,,320,False,True,165,False,False,False,,False,,False,,,,,,plane,,,8f438ccc292dc235,d50f4ca724ca6bfb,1832f34a47d37f25,64,88.3,none,ambiguous
goal,scene_0004,control,text_only,pi05,tokens,0,False,,320,False,False,,True,True,True,akita_black_bowl_1,False,akita_black_bowl_1,True,0.0,,,,,plane,,,86fdd092eda82458,e5706c04711e924f,e88a1d0d69026bd4,64,87.4,none,ambiguous
goal,scene_0004,control,text_only,pi05,tokens,1,False,,320,False,False,,True,True,True,akita_black_bowl_1,False,akita_black_bowl_1,True,0.0,,,,,plane,,,86fdd092eda82458,57ca33bd95cf91a6,030f4c8b956e1bdb,64,87.8,none,ambiguous
goal,scene_0004,control,text_only,pi05,tokens,2,False,,320,False,False,,True,True,True,akita_black_bowl_1,False,akita_black_bowl_1,True,0.0,,,,,plane,,,86fdd092eda82458,c17d3b5c8b6cec6e,b3c31065705333dd,64,87.6,none,ambiguous
goal,scene_0004,control,text_only,pi05,tokens,3,False,,320,False,False,,True,True,True,akita_black_bowl_1,False,akita_black_bowl_1,True,0.0,,,,,plane,,,86fdd092eda82458,b929ce99dde88a8d,61c371b4b4f87710,64,85.1,none,ambiguous
goal,scene_0004,control,text_only,pi05,tokens,4,False,,320,False,False,,True,True,True,akita_black_bowl_1,False,akita_black_bowl_1,True,0.0,,,,,plane,,,86fdd092eda82458,bccaf8d4bca5e8cf,c31a7155c1ec311e,64,86.3,none,ambiguous
goal,scene_0004,control,text_only,pi05,tokens,5,False,,320,False,False,,True,True,True,akita_black_bowl_1,False,akita_black_bowl_1,True,0.0,,,,,plane,,,86fdd092eda82458,01b1b999030bea83,05dd5b6293d54e52,64,86.3,none,ambiguous
goal,scene_0004,control,text_only,pi05,tokens,6,False,,320,True,False,316,True,True,True,cream_cheese_1,True,akita_black_bowl_1,True,0.0112,,,,,plane,,,86fdd092eda82458,5cefa04f3b09b759,7ea05970c679dcc2,64,85.9,none,ambiguous
goal,scene_0004,control,text_only,pi05,tokens,7,False,,320,False,False,,True,True,True,akita_black_bowl_1,False,akita_black_bowl_1,True,0.0,,,,,plane,,,86fdd092eda82458,5e86fd73988d5823,23ffaef6c099f86b,64,87.7,none,ambiguous
goal,scene_0004,control,text_only,pi05,tokens,8,False,,320,False,False,,True,True,True,akita_black_bowl_1,False,akita_black_bowl_1,True,0.0,,,,,plane,,,86fdd092eda82458,6d0bc6e0a5bed877,5de32bba3462de4c,64,86.8,none,ambiguous
goal,scene_0004,control,text_only,pi05,tokens,9,False,,320,False,False,,True,True,True,akita_black_bowl_1,False,akita_black_bowl_1,True,0.0,,,,,plane,,,86fdd092eda82458,0e6e882b7103ee42,8d9077cd30570bf3,64,87.4,none,ambiguous
goal,scene_0004,control,text_only,pi05,tokens,10,False,,320,False,False,,True,True,True,akita_black_bowl_1,False,akita_black_bowl_1,True,0.0,,,,,plane,,,86fdd092eda82458,79fa386cd72104de,c85629d292a24765,64,87.7,none,ambiguous
goal,scene_0004,control,text_only,pi05,tokens,11,False,,320,False,False,,True,True,True,akita_black_bowl_1,False,akita_black_bowl_1,True,0.0,,,,,plane,,,86fdd092eda82458,33d14e1963520d1b,db85a01d3b6a3686,64,87.8,none,ambiguous
goal,scene_0004,control,text_only,pi05,tokens,12,False,,320,False,False,,True,True,True,akita_black_bowl_1,False,akita_black_bowl_1,True,0.0,,,,,plane,,,86fdd092eda82458,53d181ef2539b9ed,750c8da5cce149ef,64,86.7,none,ambiguous
goal,scene_0004,control,text_only,pi05,tokens,13,False,,320,False,False,,True,True,True,akita_black_bowl_1,False,akita_black_bowl_1,True,0.0,,,,,plane,,,86fdd092eda82458,a1936b7645766824,b02bc23ef5783f77,64,88.2,none,ambiguous
goal,scene_0005,referential,text_only,pi05,tokens,0,False,,320,False,False,,True,True,True,akita_black_bowl_1,True,,False,0.317,,,,,plane,,,0d5a5137791b06c8,047135a86e83cba4,5e76aaa8026e2663,64,87.2,none,ambiguous
goal,scene_0005,referential,text_only,pi05,tokens,1,False,,320,True,True,198,True,True,True,akita_black_bowl_1,True,plate_1,True,0.0138,,,,,plane,,,0d5a5137791b06c8,8c2148cedaa0a794,9b4a630bea754fb2,64,88.5,none,ambiguous
goal,scene_0005,referential,text_only,pi05,tokens,2,False,,320,False,False,,True,True,True,akita_black_bowl_1,True,plate_1,True,0.0328,,,,,plane,,,0d5a5137791b06c8,ce8ba05bb9229411,315d660142a050bc,64,87.2,none,ambiguous
goal,scene_0005,referential,text_only,pi05,tokens,3,False,,320,True,True,99,True,True,True,akita_black_bowl_1,True,plate_1,True,0.0177,,,,,plane,,,0d5a5137791b06c8,64c1543264fe30f1,987dcff623e6c01f,64,85.9,none,ambiguous
goal,scene_0005,referential,text_only,pi05,tokens,4,False,,320,False,False,,True,True,True,akita_black_bowl_1,True,,False,0.33,,,,,plane,,,0d5a5137791b06c8,1c1d1128672317b2,ee42ec3c9c8bd60b,64,86.2,none,ambiguous
goal,scene_0005,referential,text_only,pi05,tokens,5,False,,320,True,True,287,True,True,True,akita_black_bowl_1,True,plate_1,True,0.0077,,,,,plane,,,0d5a5137791b06c8,63bbde604f89bd52,1232d785be21c24c,64,88.0,none,ambiguous
goal,scene_0005,referential,text_only,pi05,tokens,6,False,,320,False,False,,True,True,True,akita_black_bowl_1,True,,False,0.2491,,,,,plane,,,0d5a5137791b06c8,8c86084d8625c2d7,4028656602a0a241,64,86.1,none,ambiguous
goal,scene_0005,referential,text_only,pi05,tokens,7,False,,320,True,True,253,True,True,True,akita_black_bowl_1,True,plate_1,True,0.0129,,,,,plane,,,0d5a5137791b06c8,742f5689c3c28bdd,dd1338d0697e9606,64,87.4,none,ambiguous
goal,scene_0005,referential,text_only,pi05,tokens,8,False,,320,False,False,,True,True,True,akita_black_bowl_1,True,,False,0.1978,,,,,plane,,,0d5a5137791b06c8,e0951b7d791d8c6c,35fa3fde3dfa4287,64,87.8,none,ambiguous
goal,scene_0005,referential,text_only,pi05,tokens,9,False,,320,False,False,,True,True,True,akita_black_bowl_1,True,,False,0.3342,,,,,plane,,,0d5a5137791b06c8,727175ccc9fd40a3,6acc68bc3a55d8c5,64,87.6,none,ambiguous
goal,scene_0005,referential,text_only,pi05,tokens,10,False,,320,False,False,,True,True,True,akita_black_bowl_1,True,,False,0.3481,,,,,plane,,,0d5a5137791b06c8,5053fd7d2cca9111,7a08597f54df2795,64,87.2,none,ambiguous
goal,scene_0005,referential,text_only,pi05,tokens,11,False,,320,False,False,,True,False,False,,False,,False,0.1604,,,,,plane,,,0d5a5137791b06c8,2490429eb5973117,30c6e196cc30ab08,64,88.8,none,ambiguous
goal,scene_0005,referential,text_only,pi05,tokens,12,False,,320,False,False,,True,True,True,akita_black_bowl_1,True,,False,0.3396,,,,,plane,,,0d5a5137791b06c8,2195e2d6ca283356,47fc7d90a0ccbafd,64,88.4,none,ambiguous
goal,scene_0005,referential,text_only,pi05,tokens,13,False,,320,False,False,,True,True,True,akita_black_bowl_1,True,,False,0.3401,,,,,plane,,,0d5a5137791b06c8,9ec605824a11efea,9ad60432ff919222,64,89.6,none,ambiguous
goal,scene_0006,referential,text_only,pi05,tokens,0,False,,320,False,False,,True,True,True,akita_black_bowl_1,True,,False,,,,,,plane,,,88f6306fb9ea6900,46e747207709cb57,adc90af325b67857,64,89.8,none,ambiguous
goal,scene_0006,referential,text_only,pi05,tokens,1,False,,320,False,False,,True,True,True,akita_black_bowl_1,True,,False,,,,,,plane,,,88f6306fb9ea6900,7a1ac003b81200fa,e4af9c7b4a4c5098,64,87.9,none,ambiguous
goal,scene_0006,referential,text_only,pi05,tokens,2,False,,320,False,False,,True,True,True,akita_black_bowl_3,False,,False,,,,,,plane,,,88f6306fb9ea6900,e3121a8ec131e652,21d19482ee260db0,64,89.4,none,ambiguous
goal,scene_0006,referential,text_only,pi05,tokens,3,False,,320,False,False,,True,True,True,akita_black_bowl_1,True,,False,,,,,,plane,,,88f6306fb9ea6900,dc650c4c772ced4d,de371a7afbbdd243,64,90.4,none,ambiguous
goal,scene_0006,referential,text_only,pi05,tokens,4,False,,320,False,False,,True,True,True,akita_black_bowl_1,True,,False,,,,,,plane,,,88f6306fb9ea6900,e9ee4b4582df54a0,c3d1e28a7dd801a7,64,87.4,none,ambiguous
goal,scene_0006,referential,text_only,pi05,tokens,5,False,,320,False,False,,True,True,True,akita_black_bowl_3,False,,False,,,,,,plane,,,88f6306fb9ea6900,6a6eadc8409c4623,014b188db61cc04b,64,87.6,none,ambiguous
goal,scene_0006,referential,text_only,pi05,tokens,6,False,,320,False,False,,True,True,True,akita_black_bowl_1,True,,False,,,,,,plane,,,88f6306fb9ea6900,d52716bbe89b1b62,48113ceab7fd6e22,64,86.8,none,ambiguous
goal,scene_0006,referential,text_only,pi05,tokens,7,False,,320,False,False,,True,False,False,,False,,False,,,,,,plane,,,88f6306fb9ea6900,02bf6fed2b0c68c2,a713f9630ddee1d7,64,88.8,none,ambiguous
goal,scene_0006,referential,text_only,pi05,tokens,8,False,,320,False,False,,True,True,True,akita_black_bowl_1,True,,False,,,,,,plane,,,88f6306fb9ea6900,7bf6be35cdb00a85,23c1aee4360f17f2,64,87.8,none,ambiguous
goal,scene_0006,referential,text_only,pi05,tokens,9,False,,320,False,False,,True,True,True,akita_black_bowl_1,True,,False,,,,,,plane,,,88f6306fb9ea6900,e46655095b1abb6b,6a341ed5992c7b6c,64,89.7,none,ambiguous
goal,scene_0006,referential,text_only,pi05,tokens,10,False,,320,False,False,,True,True,True,akita_black_bowl_1,True,,False,,,,,,plane,,,88f6306fb9ea6900,2681750a248dead7,4fefa51cb3d15f06,64,89.7,none,ambiguous
goal,scene_0006,referential,text_only,pi05,tokens,11,False,,320,False,False,,True,True,True,akita_black_bowl_1,True,,False,,,,,,plane,,,88f6306fb9ea6900,c5eb69b0631683e2,5d9ad0d442bfb436,64,87.8,none,ambiguous
goal,scene_0006,referential,text_only,pi05,tokens,12,False,,320,False,False,,True,True,True,akita_black_bowl_3,False,,False,,,,,,plane,,,88f6306fb9ea6900,ed82546a74e4fe35,3c4ee53dad385a9e,64,88.1,none,ambiguous
goal,scene_0006,referential,text_only,pi05,tokens,13,False,,320,False,False,,True,True,True,akita_black_bowl_1,True,,False,,,,,,plane,,,88f6306fb9ea6900,39556596af7d705e,f8f6aec73c2f65ed,64,86.3,none,ambiguous
goal,scene_0007,referential,text_only,pi05,tokens,0,False,,320,False,False,,True,True,True,akita_black_bowl_1,True,,False,,,,,,plane,,,19e154b7a9bfb50e,5bd1677e9363571e,bd0b55e913769f7a,64,86.9,none,ambiguous
goal,scene_0007,referential,text_only,pi05,tokens,1,False,,320,False,False,,True,True,True,akita_black_bowl_1,True,,False,,,,,,plane,,,19e154b7a9bfb50e,937aa6afd4cd85b0,24a52134e7be3bd8,64,86.8,none,ambiguous
goal,scene_0007,referential,text_only,pi05,tokens,2,False,,320,False,False,,True,True,True,akita_black_bowl_2,False,,False,,,,,,plane,,,19e154b7a9bfb50e,8684b9132a53b5e4,019f7173caedc5ba,64,93.7,none,ambiguous
goal,scene_0007,referential,text_only,pi05,tokens,3,False,,320,False,False,,True,True,True,akita_black_bowl_1,True,,False,,,,,,plane,,,19e154b7a9bfb50e,f47cc3925e5bb791,a0d14841eb2628c2,64,89.2,none,ambiguous
goal,scene_0007,referential,text_only,pi05,tokens,4,False,,320,False,False,,True,True,True,akita_black_bowl_1,True,,False,,,,,,plane,,,19e154b7a9bfb50e,4750709c8edc04ad,688e918947af50fa,64,88.0,none,ambiguous
goal,scene_0007,referential,text_only,pi05,tokens,5,False,,320,False,False,,True,True,True,akita_black_bowl_1,True,,False,,,,,,plane,,,19e154b7a9bfb50e,83e252ee67b257b6,6eaf756665fd8915,64,88.5,none,ambiguous
goal,scene_0007,referential,text_only,pi05,tokens,6,False,,320,False,False,,True,True,True,akita_black_bowl_1,True,,False,,,,,,plane,,,19e154b7a9bfb50e,5d6ffc09e4457dbe,3932431c0f690aa8,64,87.3,none,ambiguous
goal,scene_0007,referential,text_only,pi05,tokens,7,False,,320,False,False,,True,True,True,akita_black_bowl_1,True,,False,,,,,,plane,,,19e154b7a9bfb50e,f77afaf75d42149e,42db504f9db8a77c,64,87.6,none,ambiguous
goal,scene_0007,referential,text_only,pi05,tokens,8,False,,320,False,False,,True,True,True,akita_black_bowl_1,True,,False,,,,,,plane,,,19e154b7a9bfb50e,f7c93c4b06dcea58,8ce1b92a06ed68ad,64,91.2,none,ambiguous
goal,scene_0007,referential,text_only,pi05,tokens,9,False,,320,False,False,,True,True,True,akita_black_bowl_1,True,,False,,,,,,plane,,,19e154b7a9bfb50e,0c40782305b2c80d,738527655ae89603,64,90.8,none,ambiguous
goal,scene_0007,referential,text_only,pi05,tokens,10,False,,320,False,False,,True,True,True,akita_black_bowl_1,True,,False,,,,,,plane,,,19e154b7a9bfb50e,4a89593197bd24eb,70406053e42f2f57,64,92.1,none,ambiguous
goal,scene_0007,referential,text_only,pi05,tokens,11,False,,320,False,False,,True,True,True,akita_black_bowl_1,True,,False,,,,,,plane,,,19e154b7a9bfb50e,4ffe83ff0721f27a,379a615b227a5aa5,64,91.0,none,ambiguous
goal,scene_0007,referential,text_only,pi05,tokens,12,False,,320,False,False,,True,True,True,akita_black_bowl_1,True,,False,,,,,,plane,,,19e154b7a9bfb50e,235871e6b15f2f83,990a89bb9149bed4,64,87.5,none,ambiguous
goal,scene_0007,referential,text_only,pi05,tokens,13,False,,320,False,False,,True,True,True,akita_black_bowl_1,True,,False,,,,,,plane,,,19e154b7a9bfb50e,c9dd35f27593c80b,d2a76971a72bb06a,64,88.0,none,ambiguous
goal,scene_0008,referential,text_only,pi05,tokens,0,False,,320,False,False,,False,False,False,,False,,False,,,,,,plane,,,b2447e3b5db35e25,9b5b47c16a2f65a0,3a5894529d796849,64,89.1,none,ambiguous
goal,scene_0008,referential,text_only,pi05,tokens,1,False,,320,False,False,,False,False,False,,False,,False,,,,,,plane,,,b2447e3b5db35e25,1eb760fdcc574f7f,7cf678437164c105,64,89.5,none,ambiguous
goal,scene_0008,referential,text_only,pi05,tokens,2,False,,320,False,False,,False,False,False,,False,,False,,,,,,plane,,,b2447e3b5db35e25,9a31612b52e630ca,3db5deb9d756fbcb,64,86.8,none,ambiguous
goal,scene_0008,referential,text_only,pi05,tokens,3,False,,320,False,False,,False,False,False,,False,,False,,,,,,plane,,,b2447e3b5db35e25,fb2be9bcf656f66d,698c07f5dce92f1a,64,88.9,none,ambiguous
goal,scene_0008,referential,text_only,pi05,tokens,4,False,,320,False,False,,False,True,True,wine_bottle_2,False,,False,,,,,,plane,,,b2447e3b5db35e25,eb75516d977b6e7f,3d53c623892372a8,64,86.8,none,ambiguous
goal,scene_0008,referential,text_only,pi05,tokens,5,False,,320,False,False,,False,False,False,,False,,False,,,,,,plane,,,b2447e3b5db35e25,4e707817eafea6ea,725b1d26c889d37f,64,88.6,none,ambiguous
goal,scene_0008,referential,text_only,pi05,tokens,6,False,,320,False,False,,False,False,False,,False,,False,,,,,,plane,,,b2447e3b5db35e25,7d3f56f9d16ec9d0,5f623683029bd362,64,87.1,none,ambiguous
goal,scene_0008,referential,text_only,pi05,tokens,7,False,,320,False,False,,False,False,False,,False,,False,,,,,,plane,,,b2447e3b5db35e25,b67a548816f040d6,e75f4c73ff4d33f5,64,88.3,none,ambiguous
goal,scene_0008,referential,text_only,pi05,tokens,8,False,,320,False,False,,False,False,False,,False,,False,,,,,,plane,,,b2447e3b5db35e25,d35d3f1e9c4c7b2d,30bb6d10c99f4436,64,87.4,none,ambiguous
goal,scene_0008,referential,text_only,pi05,tokens,9,False,,320,False,False,,False,False,False,,False,,False,,,,,,plane,,,b2447e3b5db35e25,7974ce300ff91c16,79e9cbba8ddf474a,64,87.5,none,ambiguous
goal,scene_0008,referential,text_only,pi05,tokens,10,False,,320,False,False,,False,False,False,,False,,False,,,,,,plane,,,b2447e3b5db35e25,20c67d460d51ee44,8ac341d5d7570c29,64,88.0,none,ambiguous
goal,scene_0008,referential,text_only,pi05,tokens,11,False,,320,False,False,,False,False,False,,False,,False,,,,,,plane,,,b2447e3b5db35e25,5f969791b115ffa1,3c1c636e54944145,64,86.8,none,ambiguous
goal,scene_0008,referential,text_only,pi05,tokens,12,False,,320,False,False,,False,False,False,,False,,False,,,,,,plane,,,b2447e3b5db35e25,7f9653b111812104,e76c2aaa0b814723,64,88.4,none,ambiguous
goal,scene_0008,referential,text_only,pi05,tokens,13,False,,320,False,False,,False,False,False,,False,,False,,,,,,plane,,,b2447e3b5db35e25,4dbc56de72a56f50,5f82a64bb9e35aef,64,87.1,none,ambiguous
goal,scene_0009,referential,text_only,pi05,tokens,0,False,,320,False,False,,False,False,False,,False,,False,,,,,,plane,,,8665e15cfb178163,15d4dc8fca7b6865,62be6332c1bde8f1,64,88.3,none,ambiguous
goal,scene_0009,referential,text_only,pi05,tokens,1,False,,320,False,False,,False,False,False,,False,,False,,,,,,plane,,,8665e15cfb178163,7415b6f723605bb0,2b4833327626bd75,64,88.5,none,ambiguous
goal,scene_0009,referential,text_only,pi05,tokens,2,False,,320,False,False,,False,False,False,,False,,False,,,,,,plane,,,8665e15cfb178163,cd2be457d199067f,bc2c86d78e211feb,64,87.7,none,ambiguous
goal,scene_0009,referential,text_only,pi05,tokens,3,False,,320,False,False,,False,False,False,,False,,False,,,,,,plane,,,8665e15cfb178163,e5e4f2a07d64d302,194638d05e03ee12,64,87.8,none,ambiguous
goal,scene_0009,referential,text_only,pi05,tokens,4,False,,320,False,False,,False,False,False,,False,,False,,,,,,plane,,,8665e15cfb178163,02e87ef7dc288e25,5f37f51daa4d45e7,64,87.8,none,ambiguous
goal,scene_0009,referential,text_only,pi05,tokens,5,False,,320,False,False,,False,False,False,,False,,False,,,,,,plane,,,8665e15cfb178163,3dbb442eaf0087c6,66a5d68bcd2d8ba9,64,89.8,none,ambiguous
goal,scene_0009,referential,text_only,pi05,tokens,6,False,,320,False,False,,False,False,False,,False,,False,,,,,,plane,,,8665e15cfb178163,62509d33748b8374,4b07016dcf6138a0,64,88.4,none,ambiguous
goal,scene_0009,referential,text_only,pi05,tokens,7,False,,320,False,False,,False,False,False,,False,,False,,,,,,plane,,,8665e15cfb178163,1e73f3a54b0d680d,b717f376a797e458,64,87.8,none,ambiguous
goal,scene_0009,referential,text_only,pi05,tokens,8,False,,320,False,False,,False,False,False,,False,,False,,,,,,plane,,,8665e15cfb178163,d133c82629609170,e03be800786ee8d4,64,87.6,none,ambiguous
goal,scene_0009,referential,text_only,pi05,tokens,9,False,,320,False,False,,False,False,False,,False,,False,,,,,,plane,,,8665e15cfb178163,27f89380cc9a0f27,fb2ea57b605390a1,64,89.0,none,ambiguous
goal,scene_0009,referential,text_only,pi05,tokens,10,False,,320,False,False,,False,False,False,,False,,False,,,,,,plane,,,8665e15cfb178163,b83d64eb1a242ab2,b2e37e6ed8933c23,64,88.8,none,ambiguous
goal,scene_0009,referential,text_only,pi05,tokens,11,False,,320,False,False,,False,False,False,,False,,False,,,,,,plane,,,8665e15cfb178163,1ae9150468cf4ab7,71125b73a17275c2,64,89.4,none,ambiguous
goal,scene_0009,referential,text_only,pi05,tokens,12,False,,320,False,False,,False,False,False,,False,,False,,,,,,plane,,,8665e15cfb178163,286f4f07f87db856,773bcaddbd69dbc3,64,90.9,none,ambiguous
goal,scene_0009,referential,text_only,pi05,tokens,13,False,,320,False,False,,False,False,False,,False,,False,,,,,,plane,,,8665e15cfb178163,40c2a92edd044713,eb617b690aa8b479,64,88.0,none,ambiguous
goal,scene_0010,referential,text_only,pi05,tokens,0,False,,320,False,True,144,False,False,False,,False,,False,,,,,,plane,,,fbb3e7946b7b4058,c0521df4f7c4bc32,0cd9852b51c03dc0,64,88.7,none,ambiguous
goal,scene_0010,referential,text_only,pi05,tokens,1,False,,320,False,True,135,False,False,False,,False,,False,,,,,,plane,,,fbb3e7946b7b4058,4ab5b6ff13c42826,4cd99787fa191bf0,64,88.7,none,ambiguous
goal,scene_0010,referential,text_only,pi05,tokens,2,False,,320,False,True,127,False,False,False,,False,,False,,,,,,plane,,,fbb3e7946b7b4058,b3de334293783dd6,ab69b7fe7f95ae35,64,88.1,none,ambiguous
goal,scene_0010,referential,text_only,pi05,tokens,3,False,,320,False,True,203,False,False,False,,False,,False,,,,,,plane,,,fbb3e7946b7b4058,7144cfd4af588473,75f24a4c9c502981,64,88.1,none,ambiguous
goal,scene_0010,referential,text_only,pi05,tokens,4,False,,320,True,True,127,False,False,False,,False,,False,,,,,,plane,,,fbb3e7946b7b4058,53b0c7a4c4c1147d,3e21887affdf704a,64,89.6,none,ambiguous
goal,scene_0010,referential,text_only,pi05,tokens,5,False,,320,False,True,137,False,False,False,,False,,False,,,,,,plane,,,fbb3e7946b7b4058,3a0b718e9c3c56b6,b8ee14c6040132be,64,88.3,none,ambiguous
goal,scene_0010,referential,text_only,pi05,tokens,6,False,,320,False,True,138,False,False,False,,False,,False,,,,,,plane,,,fbb3e7946b7b4058,6d50e617e105064a,71f1e09c7b1c52b9,64,88.1,none,ambiguous
goal,scene_0010,referential,text_only,pi05,tokens,7,False,,320,False,False,,False,False,False,,False,,False,,,,,,plane,,,fbb3e7946b7b4058,b4233b9f2e9cb581,10bd544c31600219,64,87.8,none,ambiguous
goal,scene_0010,referential,text_only,pi05,tokens,8,False,,320,True,True,123,False,False,False,,False,,False,,,,,,plane,,,fbb3e7946b7b4058,ae6337ac093b95d1,fd5161946e831ea0,64,87.0,none,ambiguous
goal,scene_0010,referential,text_only,pi05,tokens,9,False,,320,True,True,208,False,False,False,,False,,False,,,,,,plane,,,fbb3e7946b7b4058,3dc813ac1885ef76,a1f2acc5a0b6cc12,64,88.0,none,ambiguous
goal,scene_0010,referential,text_only,pi05,tokens,10,False,,320,False,True,197,False,False,False,,False,,False,,,,,,plane,,,fbb3e7946b7b4058,6d6e69820b5ef961,0934577a3c21d221,64,87.5,none,ambiguous
goal,scene_0010,referential,text_only,pi05,tokens,11,False,,320,False,True,232,False,False,False,,False,,False,,,,,,plane,,,fbb3e7946b7b4058,26399128467ed469,57ba3124eced8c72,64,90.8,none,ambiguous
goal,scene_0010,referential,text_only,pi05,tokens,12,False,,320,False,True,148,False,False,False,,False,,False,,,,,,plane,,,fbb3e7946b7b4058,501f6634d50971e2,7122ff10d1136d28,64,87.9,none,ambiguous
goal,scene_0010,referential,text_only,pi05,tokens,13,False,,320,False,True,116,False,False,False,,False,,False,,,,,,plane,,,fbb3e7946b7b4058,0cd63bb749dc88d4,bb44a98aba3f95ab,64,87.5,none,ambiguous
goal,scene_0011,referential,text_only,pi05,tokens,0,False,,320,False,False,,True,True,True,akita_black_bowl_1,False,akita_black_bowl_1,True,0.0,,,,,plane,,,172684dea8e77227,4c29d6a0febc32ec,b28a1b29094ae6d6,64,87.3,none,ambiguous
goal,scene_0011,referential,text_only,pi05,tokens,1,False,,320,False,False,,True,True,True,akita_black_bowl_1,False,akita_black_bowl_1,True,0.0,,,,,plane,,,172684dea8e77227,d8773b73cb54e3c6,42b14f72cf364d1e,64,87.2,none,ambiguous
goal,scene_0011,referential,text_only,pi05,tokens,2,False,,320,False,False,,True,True,True,cream_cheese_1,True,,False,0.287,,,,,plane,,,172684dea8e77227,d75d3c420e33faa5,103cc77801a04fae,64,86.7,none,ambiguous
goal,scene_0011,referential,text_only,pi05,tokens,3,False,,320,False,False,,True,True,True,akita_black_bowl_1,False,akita_black_bowl_1,True,0.0,,,,,plane,,,172684dea8e77227,9aa7d522d4ebde05,4a36ba36bb7ebe16,64,88.5,none,ambiguous
goal,scene_0011,referential,text_only,pi05,tokens,4,False,,320,False,False,,True,True,True,akita_black_bowl_1,False,akita_black_bowl_1,True,0.0,,,,,plane,,,172684dea8e77227,f2828334e2b26526,2e421cd63dce8be7,64,87.1,none,ambiguous
goal,scene_0011,referential,text_only,pi05,tokens,5,False,,320,False,False,,True,True,True,akita_black_bowl_1,False,akita_black_bowl_1,True,0.0,,,,,plane,,,172684dea8e77227,283ca7687f74dfb3,333d9984075f027e,64,88.2,none,ambiguous
goal,scene_0011,referential,text_only,pi05,tokens,6,False,,320,False,False,,True,True,True,akita_black_bowl_1,False,akita_black_bowl_1,True,0.0,,,,,plane,,,172684dea8e77227,8894fa247d4c2887,4336f55eb9c3a03a,64,88.0,none,ambiguous
goal,scene_0011,referential,text_only,pi05,tokens,7,False,,320,False,False,,True,True,True,akita_black_bowl_1,False,akita_black_bowl_1,True,0.0,,,,,plane,,,172684dea8e77227,6c037c11bae373a5,45685a66ddff89ed,64,88.7,none,ambiguous
goal,scene_0011,referential,text_only,pi05,tokens,8,False,,320,False,False,,True,True,True,akita_black_bowl_1,False,akita_black_bowl_1,True,0.0,,,,,plane,,,172684dea8e77227,6d004e658d5cbd8a,1f32f5535b16a8bb,64,88.1,none,ambiguous
goal,scene_0011,referential,text_only,pi05,tokens,9,False,,320,False,False,,True,True,True,akita_black_bowl_1,False,akita_black_bowl_1,True,0.0,,,,,plane,,,172684dea8e77227,a890854c89de1fe0,4fee677da0199c42,64,88.3,none,ambiguous
goal,scene_0011,referential,text_only,pi05,tokens,10,False,,320,False,False,,True,True,True,akita_black_bowl_1,False,akita_black_bowl_1,True,0.0,,,,,plane,,,172684dea8e77227,2b398dd69a8874ef,0a601c0658619fb3,64,86.9,none,ambiguous
goal,scene_0011,referential,text_only,pi05,tokens,11,False,,320,False,False,,True,True,True,akita_black_bowl_1,False,akita_black_bowl_1,True,0.0,,,,,plane,,,172684dea8e77227,aebad2513099c8b5,2ec9cddf311e6a70,64,87.5,none,ambiguous
goal,scene_0011,referential,text_only,pi05,tokens,12,False,,320,False,False,,True,True,True,akita_black_bowl_1,False,akita_black_bowl_1,True,0.0,,,,,plane,,,172684dea8e77227,cfbd29fb9fb8112f,59635b7d108f4c24,64,87.8,none,ambiguous
goal,scene_0011,referential,text_only,pi05,tokens,13,False,,320,False,False,,True,True,True,akita_black_bowl_1,False,akita_black_bowl_1,True,0.0,,,,,plane,,,172684dea8e77227,8c5133730cb26d43,d10009378836a6f8,64,87.5,none,ambiguous
goal,scene_0012,referential,text_only,pi05,tokens,0,False,,320,False,False,,True,True,True,akita_black_bowl_1,True,,False,0.3748,,,,,plane,,,9f3b18dfa9ceb215,d3432e568684aca5,aaaef295a4b44001,64,88.0,none,ambiguous
goal,scene_0012,referential,text_only,pi05,tokens,1,False,,320,True,True,223,True,True,True,akita_black_bowl_1,True,plate_1,True,0.0082,,,,,plane,,,9f3b18dfa9ceb215,67d1b37a35746f9c,765a769d3d63f6b2,64,87.7,none,ambiguous
goal,scene_0012,referential,text_only,pi05,tokens,2,False,,320,True,True,237,True,True,True,akita_black_bowl_1,True,plate_1,True,0.0147,,,,,plane,,,9f3b18dfa9ceb215,66b0a646ff833332,3c1bc1d0a737646f,64,89.0,none,ambiguous
goal,scene_0012,referential,text_only,pi05,tokens,3,False,,320,True,True,237,True,True,True,akita_black_bowl_1,True,plate_1,True,0.012,,,,,plane,,,9f3b18dfa9ceb215,4a182990f00665d1,113dfc3f33074ae0,64,88.3,none,ambiguous
goal,scene_0012,referential,text_only,pi05,tokens,4,False,,320,True,True,276,True,True,True,akita_black_bowl_1,True,plate_1,True,0.0066,,,,,plane,,,9f3b18dfa9ceb215,85674cbb696b1f0b,c7056a9a5ad777a6,64,88.6,none,ambiguous
goal,scene_0012,referential,text_only,pi05,tokens,5,False,,320,False,False,,True,True,True,akita_black_bowl_1,True,,False,0.3664,,,,,plane,,,9f3b18dfa9ceb215,4111e3a15a9ee2a3,b292b6db0f53a638,64,89.0,none,ambiguous
goal,scene_0012,referential,text_only,pi05,tokens,6,False,,320,False,False,,True,True,True,akita_black_bowl_1,True,,False,0.3311,,,,,plane,,,9f3b18dfa9ceb215,34af3532eba11dc7,5fbd4a2820c3a4bc,64,88.2,none,ambiguous
goal,scene_0012,referential,text_only,pi05,tokens,7,False,,320,True,True,235,True,True,True,akita_black_bowl_1,True,plate_1,True,0.0063,,,,,plane,,,9f3b18dfa9ceb215,9c425a06f38c8235,b913e5fa14aadd3a,64,87.5,none,ambiguous
goal,scene_0012,referential,text_only,pi05,tokens,8,False,,320,False,True,245,True,True,True,akita_black_bowl_1,True,plate_1,True,0.0388,,,,,plane,,,9f3b18dfa9ceb215,e36b5db5b056c13c,cbebc394b5ae2a88,64,87.6,none,ambiguous
goal,scene_0012,referential,text_only,pi05,tokens,9,False,,320,True,True,233,True,True,True,akita_black_bowl_1,True,plate_1,True,0.0153,,,,,plane,,,9f3b18dfa9ceb215,d8cfdf69ce177da4,0effe7dec2054ce1,64,87.5,none,ambiguous
goal,scene_0012,referential,text_only,pi05,tokens,10,False,,320,False,True,231,True,True,True,akita_black_bowl_1,True,plate_1,True,0.0145,,,,,plane,,,9f3b18dfa9ceb215,4d5210a0c27fd760,f042af9954f1f980,64,87.5,none,ambiguous
goal,scene_0012,referential,text_only,pi05,tokens,11,False,,320,True,True,226,True,True,True,akita_black_bowl_1,True,plate_1,True,0.0113,,,,,plane,,,9f3b18dfa9ceb215,ad44c0842d931a2c,afaa0a1e77ab3772,64,88.0,none,ambiguous
goal,scene_0012,referential,text_only,pi05,tokens,12,False,,320,True,True,235,True,True,True,akita_black_bowl_1,True,plate_1,True,0.0086,,,,,plane,,,9f3b18dfa9ceb215,3e07c3ef99866829,91fcb6948fe62aa4,64,88.0,none,ambiguous
goal,scene_0012,referential,text_only,pi05,tokens,13,False,,320,False,False,,True,True,True,akita_black_bowl_1,True,,False,0.3842,,,,,plane,,,9f3b18dfa9ceb215,63d54c6a71b9f05c,1c605d555d4b5417,64,87.6,none,ambiguous
goal,scene_0013,referential,text_only,pi05,tokens,0,False,,320,False,False,,False,False,False,,False,,False,,,,,,plane,,,bb1a5e9f3ed58759,1309e067bddb827c,70b53884219908bf,64,88.3,none,ambiguous
goal,scene_0013,referential,text_only,pi05,tokens,1,False,,320,False,False,,False,False,False,,False,,False,,,,,,plane,,,bb1a5e9f3ed58759,549adc4212db636e,fd35d1dffc173131,64,87.6,none,ambiguous
goal,scene_0013,referential,text_only,pi05,tokens,2,False,,320,False,False,,False,False,False,,False,,False,,,,,,plane,,,bb1a5e9f3ed58759,f3be0f7276fb2f7d,c9218d975c27d9a8,64,88.1,none,ambiguous
goal,scene_0013,referential,text_only,pi05,tokens,3,False,,320,False,False,,False,False,False,,False,,False,,,,,,plane,,,bb1a5e9f3ed58759,4b9d620c1a6800b4,f7d6bdbfbdb85d4f,64,88.2,none,ambiguous
goal,scene_0013,referential,text_only,pi05,tokens,4,False,,320,False,False,,False,False,False,,False,,False,,,,,,plane,,,bb1a5e9f3ed58759,f3a4989b11366ed8,c5484e16588c2a51,64,87.7,none,ambiguous
goal,scene_0013,referential,text_only,pi05,tokens,5,False,,320,False,False,,False,False,False,,False,,False,,,,,,plane,,,bb1a5e9f3ed58759,df3a20b3d4cfa0f7,d135010c078183d2,64,88.1,none,ambiguous
goal,scene_0013,referential,text_only,pi05,tokens,6,False,,320,False,False,,False,False,False,,False,,False,,,,,,plane,,,bb1a5e9f3ed58759,65349f931e492aa3,bdf0301175d80b3b,64,89.3,none,ambiguous
goal,scene_0013,referential,text_only,pi05,tokens,7,False,,320,False,False,,False,False,False,,False,,False,,,,,,plane,,,bb1a5e9f3ed58759,60fd1895cefeeae8,db4ffb426c0b995a,64,87.3,none,ambiguous
goal,scene_0013,referential,text_only,pi05,tokens,8,False,,320,False,False,,False,False,False,,False,,False,,,,,,plane,,,bb1a5e9f3ed58759,bc07f6b3b2d90481,805b9d9383051c82,64,87.1,none,ambiguous
goal,scene_0013,referential,text_only,pi05,tokens,9,False,,320,False,False,,False,False,False,,False,,False,,,,,,plane,,,bb1a5e9f3ed58759,193570f9ade6648e,6c1b75e0de9d8b98,64,88.2,none,ambiguous
goal,scene_0013,referential,text_only,pi05,tokens,10,False,,320,False,False,,False,False,False,,False,,False,,,,,,plane,,,bb1a5e9f3ed58759,c00a6fcf9f2319c3,131f6fc746b6d59c,64,88.3,none,ambiguous
goal,scene_0013,referential,text_only,pi05,tokens,11,False,,320,False,False,,False,False,False,,False,,False,,,,,,plane,,,bb1a5e9f3ed58759,8b77a0204d20b7cf,e81a90ce7e9cbf40,64,87.7,none,ambiguous
goal,scene_0013,referential,text_only,pi05,tokens,12,False,,320,False,False,,False,False,False,,False,,False,,,,,,plane,,,bb1a5e9f3ed58759,f2fbd0c14ce4418a,aebc842796fcd7e5,64,87.9,none,ambiguous
goal,scene_0013,referential,text_only,pi05,tokens,13,False,,320,False,False,,False,False,False,,False,,False,,,,,,plane,,,bb1a5e9f3ed58759,230c7ad357bb1a7b,d109bc36dc971fd6,64,88.8,none,ambiguous
goal,scene_0014,referential,text_only,pi05,tokens,0,False,,320,False,False,,True,True,True,akita_black_bowl_1,True,,False,,,,,,plane,,,f7fa8d6a195f0a44,6f04ce3edcd43125,49d88a85a79f2196,64,87.8,none,ambiguous
goal,scene_0014,referential,text_only,pi05,tokens,1,False,,320,False,False,,True,True,True,akita_black_bowl_1,True,,False,,,,,,plane,,,f7fa8d6a195f0a44,d40cb6172b49700b,3568b7c88dfd6aa7,64,87.8,none,ambiguous
goal,scene_0014,referential,text_only,pi05,tokens,2,False,,320,False,False,,True,True,True,akita_black_bowl_1,True,,False,,,,,,plane,,,f7fa8d6a195f0a44,619812cc4fe89534,f374655d2ef0ba74,64,87.4,none,ambiguous
goal,scene_0014,referential,text_only,pi05,tokens,3,False,,320,False,False,,True,False,False,,False,,False,,,,,,plane,,,f7fa8d6a195f0a44,b08302f3746a6faf,0911d0c45deb375b,64,87.0,none,ambiguous
goal,scene_0014,referential,text_only,pi05,tokens,4,False,,320,False,False,,True,True,True,akita_black_bowl_1,True,,False,,,,,,plane,,,f7fa8d6a195f0a44,0f8edf648ee1da42,e1184c983ef7f87c,64,87.2,none,ambiguous
goal,scene_0014,referential,text_only,pi05,tokens,5,False,,320,False,False,,True,True,True,akita_black_bowl_1,True,,False,,,,,,plane,,,f7fa8d6a195f0a44,61389efd1ba054c6,7d7dc6bc3650fc24,64,91.3,none,ambiguous
goal,scene_0014,referential,text_only,pi05,tokens,6,False,,320,False,False,,True,True,True,akita_black_bowl_1,True,,False,,,,,,plane,,,f7fa8d6a195f0a44,bbc2d63b65f2396d,e5f79c72cd6f4e20,64,87.4,none,ambiguous
goal,scene_0014,referential,text_only,pi05,tokens,7,False,,320,False,False,,True,False,False,,False,,False,,,,,,plane,,,f7fa8d6a195f0a44,28a5ffc5cd748296,47b1eb70c305e3d0,64,87.5,none,ambiguous
goal,scene_0014,referential,text_only,pi05,tokens,8,False,,320,False,False,,True,True,True,akita_black_bowl_1,True,,False,,,,,,plane,,,f7fa8d6a195f0a44,254086f2167d4fa9,49694793c6fdb220,64,87.5,none,ambiguous
goal,scene_0014,referential,text_only,pi05,tokens,9,False,,320,False,False,,True,True,True,akita_black_bowl_1,True,,False,,,,,,plane,,,f7fa8d6a195f0a44,b7de383739ad1be9,8d1b83599dc4ee99,64,88.3,none,ambiguous
goal,scene_0014,referential,text_only,pi05,tokens,10,False,,320,False,False,,True,True,True,akita_black_bowl_1,True,,False,,,,,,plane,,,f7fa8d6a195f0a44,d8011a9d5b2ac482,94c46f9c90374450,64,86.9,none,ambiguous
goal,scene_0014,referential,text_only,pi05,tokens,11,False,,320,False,False,,True,True,True,akita_black_bowl_1,True,,False,,,,,,plane,,,f7fa8d6a195f0a44,25a2f4a650a11dc1,fc60373c690eeab1,64,91.3,none,ambiguous
goal,scene_0014,referential,text_only,pi05,tokens,12,False,,320,False,False,,True,True,True,akita_black_bowl_1,True,,False,,,,,,plane,,,f7fa8d6a195f0a44,8a07a6216fb29e5f,d6cc8832cb61bc65,64,88.0,none,ambiguous
goal,scene_0014,referential,text_only,pi05,tokens,13,False,,320,False,False,,True,True,True,akita_black_bowl_1,True,,False,,,,,,plane,,,f7fa8d6a195f0a44,d748fef0ff913cdf,4dd3b87e672a6f3b,64,88.3,none,ambiguous
goal,scene_0015,referential,text_only,pi05,tokens,0,False,,320,False,False,,True,True,True,akita_black_bowl_1,False,akita_black_bowl_1,True,0.0,,,,,plane,,,b7beb333add70255,b7e8dac54d22883c,5c4cb6d05f735132,64,87.0,none,ambiguous
goal,scene_0015,referential,text_only,pi05,tokens,1,False,,320,False,False,,True,True,True,akita_black_bowl_1,False,akita_black_bowl_1,True,0.0,,,,,plane,,,b7beb333add70255,5225a39a81ce8ab3,0bc1397320c81c21,64,87.0,none,ambiguous
goal,scene_0015,referential,text_only,pi05,tokens,2,False,,320,False,False,,True,True,True,akita_black_bowl_1,False,akita_black_bowl_1,True,0.0,,,,,plane,,,b7beb333add70255,7012a3bb2d17d7ab,7f97fcb517e1c710,64,88.4,none,ambiguous
goal,scene_0015,referential,text_only,pi05,tokens,3,False,,320,False,False,,True,True,True,akita_black_bowl_1,False,akita_black_bowl_1,True,0.0,,,,,plane,,,b7beb333add70255,381270e2bdf41e1a,30b7deef6ff2498c,64,87.5,none,ambiguous
goal,scene_0015,referential,text_only,pi05,tokens,4,False,,320,False,False,,True,True,True,akita_black_bowl_1,False,akita_black_bowl_1,True,0.0,,,,,plane,,,b7beb333add70255,c3111b3129dae63e,d263f7f638ff7791,64,92.1,none,ambiguous
goal,scene_0015,referential,text_only,pi05,tokens,5,False,,320,False,False,,True,True,True,akita_black_bowl_1,False,akita_black_bowl_1,True,0.0,,,,,plane,,,b7beb333add70255,21309afe51c294c8,d99d4064ecb1c7ab,64,88.4,none,ambiguous
goal,scene_0015,referential,text_only,pi05,tokens,6,False,,320,False,False,,True,True,True,akita_black_bowl_1,False,akita_black_bowl_1,True,0.0,,,,,plane,,,b7beb333add70255,52a7b923deb25297,12c6a987e7ce3a7d,64,87.6,none,ambiguous
goal,scene_0015,referential,text_only,pi05,tokens,7,False,,320,False,False,,True,True,True,akita_black_bowl_1,False,akita_black_bowl_1,True,0.0,,,,,plane,,,b7beb333add70255,66f8ef43f20ba432,afebe424aba2315c,64,87.4,none,ambiguous
goal,scene_0015,referential,text_only,pi05,tokens,8,False,,320,False,False,,True,True,True,akita_black_bowl_1,False,akita_black_bowl_1,True,0.0,,,,,plane,,,b7beb333add70255,a23771640ee94bb8,5a345af04b1f9816,64,87.6,none,ambiguous
goal,scene_0015,referential,text_only,pi05,tokens,9,False,,320,False,False,,True,True,True,akita_black_bowl_1,False,akita_black_bowl_1,True,0.0,,,,,plane,,,b7beb333add70255,02631684ac11acba,5c0063cc4966833a,64,87.7,none,ambiguous
goal,scene_0015,referential,text_only,pi05,tokens,10,False,,320,False,False,,True,True,True,akita_black_bowl_1,False,akita_black_bowl_1,True,0.0,,,,,plane,,,b7beb333add70255,3002eb72a25dc07d,e96f5e1f5b3e654e,64,91.8,none,ambiguous
goal,scene_0015,referential,text_only,pi05,tokens,11,False,,320,False,False,,True,True,True,akita_black_bowl_1,False,akita_black_bowl_1,True,0.0,,,,,plane,,,b7beb333add70255,bea9ccd7659284a4,1fd0d3270137bfef,64,87.5,none,ambiguous
goal,scene_0015,referential,text_only,pi05,tokens,12,False,,320,False,False,,True,True,True,akita_black_bowl_1,False,akita_black_bowl_1,True,0.0,,,,,plane,,,b7beb333add70255,aaec55d8b28cf0eb,2c1523cd367265a7,64,87.7,none,ambiguous
goal,scene_0015,referential,text_only,pi05,tokens,13,False,,320,False,False,,True,True,True,akita_black_bowl_1,False,akita_black_bowl_1,True,0.0,,,,,plane,,,b7beb333add70255,5ecd2619873290d3,b45ff98a2b62ab77,64,87.6,none,ambiguous
goal,scene_0016,referential,text_only,pi05,tokens,0,False,,320,True,True,137,True,True,True,akita_black_bowl_1,True,,False,,,,,,plane,,,3c7f2fd16e98c884,d8677e561038cba3,3c1977c2f7672eb4,64,88.0,none,ambiguous
goal,scene_0016,referential,text_only,pi05,tokens,1,False,,320,False,False,,True,False,False,,False,,False,,,,,,plane,,,3c7f2fd16e98c884,7decba417add3a0a,a06eec453553e16d,64,91.4,none,ambiguous
goal,scene_0016,referential,text_only,pi05,tokens,2,False,,320,False,False,,True,True,True,akita_black_bowl_1,True,,False,,,,,,plane,,,3c7f2fd16e98c884,e55048b982beab00,a69d98e021f34e55,64,90.1,none,ambiguous
goal,scene_0016,referential,text_only,pi05,tokens,3,False,,320,False,False,,True,False,False,,False,,False,,,,,,plane,,,3c7f2fd16e98c884,aab8d10a22f9591c,ee535866f17b10d7,64,89.0,none,ambiguous
goal,scene_0016,referential,text_only,pi05,tokens,4,False,,320,False,False,,True,True,True,akita_black_bowl_1,True,,False,,,,,,plane,,,3c7f2fd16e98c884,7543fedb34c2f5e3,550774d7d2b3e381,64,89.7,none,ambiguous
goal,scene_0016,referential,text_only,pi05,tokens,5,False,,320,False,False,,True,False,False,,False,,False,,,,,,plane,,,3c7f2fd16e98c884,c71fd3823897b04d,47d8508f9eca9815,64,88.1,none,ambiguous
goal,scene_0016,referential,text_only,pi05,tokens,6,False,,320,True,True,132,True,True,True,akita_black_bowl_1,True,,False,,,,,,plane,,,3c7f2fd16e98c884,f362aa7a10f11f26,76f9cb49c6503aaf,64,88.5,none,ambiguous
goal,scene_0016,referential,text_only,pi05,tokens,7,False,,320,False,False,,True,False,False,,False,,False,,,,,,plane,,,3c7f2fd16e98c884,4a22c42f302b2240,82fd7682eb2275ee,64,91.1,none,ambiguous
goal,scene_0016,referential,text_only,pi05,tokens,8,False,,320,False,False,,True,False,False,,False,,False,,,,,,plane,,,3c7f2fd16e98c884,154bfe96ffb1041f,2de9647a7204a99a,64,88.0,none,ambiguous
goal,scene_0016,referential,text_only,pi05,tokens,9,False,,320,False,False,,True,True,True,akita_black_bowl_1,True,,False,,,,,,plane,,,3c7f2fd16e98c884,bc3694be4c12a215,347a6d0d05feb4d2,64,90.3,none,ambiguous
goal,scene_0016,referential,text_only,pi05,tokens,10,False,,320,False,False,,True,False,False,,False,,False,,,,,,plane,,,3c7f2fd16e98c884,93dcd66f697d29da,0f0cd703ed785d3b,64,90.4,none,ambiguous
goal,scene_0016,referential,text_only,pi05,tokens,11,False,,320,False,False,,True,False,False,,False,,False,,,,,,plane,,,3c7f2fd16e98c884,f26e970f20577ee2,2cd4fa521bb419f2,64,87.2,none,ambiguous
goal,scene_0016,referential,text_only,pi05,tokens,12,False,,320,False,False,,True,False,False,,False,,False,,,,,,plane,,,3c7f2fd16e98c884,cf901197116ec111,483f583162ea9355,64,88.3,none,ambiguous
goal,scene_0016,referential,text_only,pi05,tokens,13,False,,320,False,False,,True,False,False,,False,,False,,,,,,plane,,,3c7f2fd16e98c884,04fe421f5c55ddc4,d99e6e84643a65ed,64,96.7,none,ambiguous
goal,scene_0017,directional,text_only,pi05,tokens,0,False,,320,False,False,,True,True,True,akita_black_bowl_1,True,plate_1,False,0.0125,,,,,plane,,,19536e6141e5b457,65f6c0a3165278c0,f83a932099530f01,64,88.5,none,ambiguous
goal,scene_0017,directional,text_only,pi05,tokens,1,False,,320,False,False,,True,True,True,akita_black_bowl_1,True,plate_1,False,0.0109,,,,,plane,,,19536e6141e5b457,09df9c0b2890e1cc,512514e5f62a4e8c,64,88.2,none,ambiguous
goal,scene_0017,directional,text_only,pi05,tokens,2,False,,320,False,False,,True,False,False,,False,,False,0.1536,,,,,plane,,,19536e6141e5b457,d962793526d66979,b1f514767d2064be,64,88.1,none,ambiguous
goal,scene_0017,directional,text_only,pi05,tokens,3,False,,320,False,False,,True,True,True,akita_black_bowl_1,True,plate_1,False,0.0285,,,,,plane,,,19536e6141e5b457,10f983e1617a7ee0,9f499930d2753e33,64,88.2,none,ambiguous
goal,scene_0017,directional,text_only,pi05,tokens,4,False,,320,False,False,,True,True,True,akita_black_bowl_1,True,,False,0.2986,,,,,plane,,,19536e6141e5b457,03afc3e152c2cc91,d8b183a44377fc28,64,87.7,none,ambiguous
goal,scene_0017,directional,text_only,pi05,tokens,5,False,,320,False,False,,True,True,True,akita_black_bowl_1,True,plate_1,False,0.022,,,,,plane,,,19536e6141e5b457,089d0845e54b2ea5,6fd8d7824bbeb47c,64,88.9,none,ambiguous
goal,scene_0017,directional,text_only,pi05,tokens,6,False,,320,False,False,,True,True,True,akita_black_bowl_1,True,plate_1,False,0.0227,,,,,plane,,,19536e6141e5b457,cccd194663d0dc9c,25d1c88a5ab8d128,64,87.9,none,ambiguous
goal,scene_0017,directional,text_only,pi05,tokens,7,False,,320,False,False,,True,False,False,,False,,False,0.1773,,,,,plane,,,19536e6141e5b457,82b92f793ee8ad7a,9fa461548525189d,64,87.3,none,ambiguous
goal,scene_0017,directional,text_only,pi05,tokens,8,False,,320,False,False,,True,False,False,,False,,False,0.1665,,,,,plane,,,19536e6141e5b457,a0a9be42b563c254,23efe6719da88b50,64,87.0,none,ambiguous
goal,scene_0017,directional,text_only,pi05,tokens,9,False,,320,False,False,,True,False,False,,False,,False,0.1663,,,,,plane,,,19536e6141e5b457,147d13d91ca85ca6,c688af6f861488e6,64,87.4,none,ambiguous
goal,scene_0017,directional,text_only,pi05,tokens,10,False,,320,False,False,,True,False,False,,False,,False,0.152,,,,,plane,,,19536e6141e5b457,41cbc17348964938,6552932e656b95e3,64,87.8,none,ambiguous
goal,scene_0017,directional,text_only,pi05,tokens,11,False,,320,False,False,,True,False,False,,False,,False,0.1693,,,,,plane,,,19536e6141e5b457,6f862aca843a4665,f7dc7ffafac69f5b,64,88.4,none,ambiguous
goal,scene_0017,directional,text_only,pi05,tokens,12,False,,320,False,False,,True,False,False,,False,,False,0.154,,,,,plane,,,19536e6141e5b457,4cd7c5811a337828,9ee837ac87acc474,64,87.7,none,ambiguous
goal,scene_0017,directional,text_only,pi05,tokens,13,False,,320,False,False,,True,False,False,,False,,False,0.1564,,,,,plane,,,19536e6141e5b457,78059c96d52c54b0,22f39543fd9a21a7,64,87.7,none,ambiguous
goal,scene_0018,directional,text_only,pi05,tokens,0,False,,320,True,True,76,True,True,True,akita_black_bowl_1,True,plate_1,True,0.0106,,,,,plane,,,84d6631863c0a0bf,5bdd709eb1a14094,93705597c27777f5,64,88.1,none,ambiguous
goal,scene_0018,directional,text_only,pi05,tokens,1,False,,320,True,True,79,True,True,True,akita_black_bowl_1,True,plate_1,True,0.0074,,,,,plane,,,84d6631863c0a0bf,17ff8d84c1a3030c,74609148b201151a,64,87.7,none,ambiguous
goal,scene_0018,directional,text_only,pi05,tokens,2,False,,320,True,True,79,True,True,True,akita_black_bowl_1,True,plate_1,True,0.0127,,,,,plane,,,84d6631863c0a0bf,287459b68a714e6e,cc85c1a82f0b3eaf,64,88.0,none,ambiguous
goal,scene_0018,directional,text_only,pi05,tokens,3,False,,320,True,True,82,True,True,True,akita_black_bowl_1,True,plate_1,True,0.01,,,,,plane,,,84d6631863c0a0bf,2edb8f3207108dd5,086fb6c73ac1dae0,64,87.8,none,ambiguous
goal,scene_0018,directional,text_only,pi05,tokens,4,False,,320,True,True,82,True,True,True,akita_black_bowl_1,True,plate_1,True,0.0142,,,,,plane,,,84d6631863c0a0bf,398f186edd858e17,bb11f7373465f573,64,87.9,none,ambiguous
goal,scene_0018,directional,text_only,pi05,tokens,5,False,,320,True,True,79,True,True,True,akita_black_bowl_1,True,plate_1,True,0.0104,,,,,plane,,,84d6631863c0a0bf,53d558f60d4f84d9,3bdc72543edf9324,64,88.2,none,ambiguous
goal,scene_0018,directional,text_only,pi05,tokens,6,False,,320,True,True,88,True,True,True,akita_black_bowl_1,True,plate_1,True,0.0165,,,,,plane,,,84d6631863c0a0bf,b8aaa1e57de49abe,20647e6130ef69b3,64,88.6,none,ambiguous
goal,scene_0018,directional,text_only,pi05,tokens,7,False,,320,True,True,239,True,True,True,akita_black_bowl_1,True,plate_1,True,0.013,,,,,plane,,,84d6631863c0a0bf,6da61c67becb9c74,13442ad04ec2855d,64,87.6,none,ambiguous
goal,scene_0018,directional,text_only,pi05,tokens,8,False,,320,True,True,82,True,True,True,akita_black_bowl_1,True,plate_1,True,0.0055,,,,,plane,,,84d6631863c0a0bf,b1139518f79f2b5a,005e0bf522a25ad4,64,88.3,none,ambiguous
goal,scene_0018,directional,text_only,pi05,tokens,9,False,,320,True,True,79,True,True,True,akita_black_bowl_1,True,plate_1,True,0.0088,,,,,plane,,,84d6631863c0a0bf,7e1fe4b7d5b72e5b,fe953e2b6111f6b5,64,88.0,none,ambiguous
goal,scene_0018,directional,text_only,pi05,tokens,10,False,,320,True,True,83,True,True,True,akita_black_bowl_1,True,plate_1,True,0.0137,,,,,plane,,,84d6631863c0a0bf,279208e74d858731,8cc9b99383a9fc69,64,88.5,none,ambiguous
goal,scene_0018,directional,text_only,pi05,tokens,11,False,,320,True,True,85,True,True,True,akita_black_bowl_1,True,plate_1,True,0.0067,,,,,plane,,,84d6631863c0a0bf,b0a3e7c9d941f441,d130d15832eaa440,64,86.3,none,ambiguous
goal,scene_0018,directional,text_only,pi05,tokens,12,False,,320,True,True,125,True,True,True,akita_black_bowl_1,True,plate_1,True,0.012,,,,,plane,,,84d6631863c0a0bf,8d9af25dd1bfdf58,856addae1d70618f,64,88.6,none,ambiguous
goal,scene_0018,directional,text_only,pi05,tokens,13,False,,320,True,True,95,True,True,True,akita_black_bowl_1,True,plate_1,True,0.0084,,,,,plane,,,84d6631863c0a0bf,b9ed6bd72d3b8208,bf417f74a13ea455,64,88.0,none,ambiguous
goal,scene_0019,directional,text_only,pi05,tokens,0,False,,320,False,False,,True,True,True,akita_black_bowl_1,True,plate_1,False,0.0105,,,,,plane,,,92995d25f4429307,8206c8df2f03f7df,75db75dfff6a0f9b,64,86.9,none,ambiguous
goal,scene_0019,directional,text_only,pi05,tokens,1,False,,320,False,False,,True,True,True,akita_black_bowl_1,True,plate_1,False,0.0071,,,,,plane,,,92995d25f4429307,1bf89b3112f6f404,1c101dd8cfb1779a,64,88.0,none,ambiguous
goal,scene_0019,directional,text_only,pi05,tokens,2,False,,320,False,False,,True,True,True,akita_black_bowl_1,True,plate_1,False,0.0067,,,,,plane,,,92995d25f4429307,c58e90163603712b,30ec3f6a60d94ad9,64,87.2,none,ambiguous
goal,scene_0019,directional,text_only,pi05,tokens,3,False,,320,False,False,,True,True,True,akita_black_bowl_1,True,plate_1,False,0.003,,,,,plane,,,92995d25f4429307,b3cc400ec3059d7a,b322f36abdcbb0a4,64,86.6,none,ambiguous
goal,scene_0019,directional,text_only,pi05,tokens,4,False,,320,False,False,,True,True,True,akita_black_bowl_1,True,plate_1,False,0.0093,,,,,plane,,,92995d25f4429307,2ad42c8b5eb416ff,541802b1c6e66100,64,87.4,none,ambiguous
goal,scene_0019,directional,text_only,pi05,tokens,5,False,,320,False,False,,True,True,True,akita_black_bowl_1,True,plate_1,False,0.0084,,,,,plane,,,92995d25f4429307,bede45fda52c8602,710c5e1292fd0563,64,87.1,none,ambiguous
goal,scene_0019,directional,text_only,pi05,tokens,6,False,,320,False,False,,True,True,True,akita_black_bowl_1,True,plate_1,False,0.0098,,,,,plane,,,92995d25f4429307,ba81ad83a08a7b22,b62824a5929b6df9,64,87.8,none,ambiguous
goal,scene_0019,directional,text_only,pi05,tokens,7,False,,320,False,False,,True,True,True,akita_black_bowl_1,True,plate_1,False,0.0089,,,,,plane,,,92995d25f4429307,0294a17f322a5665,b232304fba287b0d,64,87.9,none,ambiguous
goal,scene_0019,directional,text_only,pi05,tokens,8,False,,320,False,False,,True,True,True,akita_black_bowl_1,True,plate_1,False,0.0071,,,,,plane,,,92995d25f4429307,0d171301f142a77d,23119ad8f282d238,64,86.3,none,ambiguous
goal,scene_0019,directional,text_only,pi05,tokens,9,False,,320,False,False,,True,True,True,akita_black_bowl_1,True,plate_1,False,0.006,,,,,plane,,,92995d25f4429307,22aad47dcc25ec3c,796ec1ff47cc98e0,64,88.0,none,ambiguous
goal,scene_0019,directional,text_only,pi05,tokens,10,False,,320,False,False,,True,True,True,akita_black_bowl_1,True,plate_1,False,0.0113,,,,,plane,,,92995d25f4429307,d9e936c569bab506,5ea2abcb9f374e68,64,87.4,none,ambiguous
goal,scene_0019,directional,text_only,pi05,tokens,11,False,,320,False,False,,True,True,True,akita_black_bowl_1,True,plate_1,False,0.0097,,,,,plane,,,92995d25f4429307,421eb8a4d36a8a5b,da843e55c0d7e0ee,64,87.9,none,ambiguous
goal,scene_0019,directional,text_only,pi05,tokens,12,False,,320,False,False,,True,True,True,akita_black_bowl_1,True,plate_1,False,0.0122,,,,,plane,,,92995d25f4429307,c8b3c3304424ed97,1c16c839eb512c18,64,88.1,none,ambiguous
goal,scene_0019,directional,text_only,pi05,tokens,13,False,,320,False,False,,True,True,True,akita_black_bowl_1,True,plate_1,False,0.0097,,,,,plane,,,92995d25f4429307,173eb3503f6ff159,9d634aba968c7551,64,87.7,none,ambiguous
goal,scene_0020,directional,text_only,pi05,tokens,0,False,,320,False,False,,True,True,True,akita_black_bowl_1,False,akita_black_bowl_1,False,0.0,,,,,plane,,,a8f01758dbd9daa8,7ac5909d8438ffb4,16f637a69146e4c2,64,88.7,none,ambiguous
goal,scene_0020,directional,text_only,pi05,tokens,1,False,,320,False,False,,True,True,True,akita_black_bowl_1,False,akita_black_bowl_1,False,0.0,,,,,plane,,,a8f01758dbd9daa8,f78f902a16fb72c7,ec99843570e568ec,64,89.2,none,ambiguous
goal,scene_0020,directional,text_only,pi05,tokens,2,False,,320,False,False,,True,True,True,akita_black_bowl_1,False,akita_black_bowl_1,False,0.0,,,,,plane,,,a8f01758dbd9daa8,5e4ff0c5eb8bbc7f,ab76865f43569638,64,86.7,none,ambiguous
goal,scene_0020,directional,text_only,pi05,tokens,3,False,,320,False,False,,True,True,True,akita_black_bowl_1,False,akita_black_bowl_1,False,0.0,,,,,plane,,,a8f01758dbd9daa8,b5dba3785f8ca4e0,4dbd7c5d6ec93d66,64,88.4,none,ambiguous
goal,scene_0020,directional,text_only,pi05,tokens,4,False,,320,False,False,,True,True,True,akita_black_bowl_2,False,akita_black_bowl_2,True,0.0,,,,,plane,,,a8f01758dbd9daa8,e1fc01bc660018ce,ce016c82db495c70,64,87.1,none,ambiguous
goal,scene_0020,directional,text_only,pi05,tokens,5,False,,320,False,False,,True,True,True,akita_black_bowl_2,False,akita_black_bowl_2,True,0.0,,,,,plane,,,a8f01758dbd9daa8,395d57a8690ca51f,ed41ac67b78b1649,64,87.0,none,ambiguous
goal,scene_0020,directional,text_only,pi05,tokens,6,False,,320,False,False,,True,True,True,akita_black_bowl_1,False,akita_black_bowl_1,False,0.0,,,,,plane,,,a8f01758dbd9daa8,a9ffb9e289ebe243,b7973b0e47127227,64,87.7,none,ambiguous
goal,scene_0020,directional,text_only,pi05,tokens,7,False,,320,False,False,,True,True,True,akita_black_bowl_2,False,akita_black_bowl_2,True,0.0,,,,,plane,,,a8f01758dbd9daa8,18fd49fa63bd4b61,4a725e7e23901a66,64,87.7,none,ambiguous
goal,scene_0020,directional,text_only,pi05,tokens,8,False,,320,False,False,,True,True,True,akita_black_bowl_2,False,akita_black_bowl_2,True,0.0,,,,,plane,,,a8f01758dbd9daa8,683b2c65f32ca4c2,bf730e4003851fce,64,88.2,none,ambiguous
goal,scene_0020,directional,text_only,pi05,tokens,9,False,,320,False,False,,True,True,True,akita_black_bowl_1,False,akita_black_bowl_1,False,0.0,,,,,plane,,,a8f01758dbd9daa8,520e4d742d37b8bd,fcea181cbf3a0b67,64,88.0,none,ambiguous
goal,scene_0020,directional,text_only,pi05,tokens,10,False,,320,False,False,,True,True,True,akita_black_bowl_1,False,akita_black_bowl_1,False,0.0,,,,,plane,,,a8f01758dbd9daa8,b27f2b5c4507aadf,f0236bdf61ee8757,64,87.4,none,ambiguous
goal,scene_0020,directional,text_only,pi05,tokens,11,False,,320,False,False,,True,True,True,cream_cheese_1,True,akita_black_bowl_2,True,0.0112,,,,,plane,,,a8f01758dbd9daa8,7df4cf95592b8481,f5297552912dd878,64,87.2,none,ambiguous
goal,scene_0020,directional,text_only,pi05,tokens,12,False,,320,False,False,,True,True,True,akita_black_bowl_2,False,akita_black_bowl_2,True,0.0,,,,,plane,,,a8f01758dbd9daa8,a2acba987d7e6bf7,8f536035d760f078,64,88.0,none,ambiguous
goal,scene_0020,directional,text_only,pi05,tokens,13,False,,320,False,False,,True,True,True,akita_black_bowl_1,False,akita_black_bowl_1,False,0.0,,,,,plane,,,a8f01758dbd9daa8,6f907ebd5c012f58,a704f8524985e99d,64,88.8,none,ambiguous
goal,scene_0021,directional,text_only,pi05,tokens,0,False,,320,False,False,,True,True,True,akita_black_bowl_1,False,akita_black_bowl_1,True,0.0,,,,,plane,,,e3cb3683e5a07308,2bb1ac41c4e25e13,7cc9d3db5273860e,64,87.1,none,ambiguous
goal,scene_0021,directional,text_only,pi05,tokens,1,False,,320,False,False,,True,True,True,akita_black_bowl_1,False,akita_black_bowl_1,True,0.0,,,,,plane,,,e3cb3683e5a07308,ce2310a105946901,bf0b0e9d76e5a4bd,64,88.8,none,ambiguous
goal,scene_0021,directional,text_only,pi05,tokens,2,False,,320,False,False,,True,True,True,akita_black_bowl_1,False,akita_black_bowl_1,True,0.0,,,,,plane,,,e3cb3683e5a07308,678630e3db9e9168,d7476feaaa78c01e,64,87.6,none,ambiguous
goal,scene_0021,directional,text_only,pi05,tokens,3,False,,320,False,False,,True,True,True,akita_black_bowl_1,False,akita_black_bowl_1,True,0.0,,,,,plane,,,e3cb3683e5a07308,3cf190588f4b18e3,17524b73fa027113,64,86.9,none,ambiguous
goal,scene_0021,directional,text_only,pi05,tokens,4,False,,320,False,False,,True,True,True,akita_black_bowl_1,False,akita_black_bowl_1,True,0.0,,,,,plane,,,e3cb3683e5a07308,725bc5d28b423fee,dafcd3fb3997d203,64,86.9,none,ambiguous
goal,scene_0021,directional,text_only,pi05,tokens,5,False,,320,False,False,,True,True,True,akita_black_bowl_1,False,akita_black_bowl_1,True,0.0,,,,,plane,,,e3cb3683e5a07308,f13120ee5df461b4,18f2307420e300b9,64,86.5,none,ambiguous
goal,scene_0021,directional,text_only,pi05,tokens,6,False,,320,False,False,,True,True,True,akita_black_bowl_1,False,akita_black_bowl_1,True,0.0,,,,,plane,,,e3cb3683e5a07308,39ff261794b0fe56,eab4dc06cb1d5729,64,86.7,none,ambiguous
goal,scene_0021,directional,text_only,pi05,tokens,7,False,,320,False,False,,True,True,True,akita_black_bowl_1,False,akita_black_bowl_1,True,0.0,,,,,plane,,,e3cb3683e5a07308,8263a4559a63d62e,16a9bb4c3b2e8ae8,64,87.9,none,ambiguous
goal,scene_0021,directional,text_only,pi05,tokens,8,False,,320,False,False,,True,True,True,akita_black_bowl_1,False,akita_black_bowl_1,True,0.0,,,,,plane,,,e3cb3683e5a07308,0b31c964ace863ac,4092c275190b297e,64,87.1,none,ambiguous
goal,scene_0021,directional,text_only,pi05,tokens,9,False,,320,False,False,,True,True,True,akita_black_bowl_1,False,akita_black_bowl_1,True,0.0,,,,,plane,,,e3cb3683e5a07308,4a094287eb691a31,e280881d18c307ef,64,87.0,none,ambiguous
goal,scene_0021,directional,text_only,pi05,tokens,10,False,,320,False,False,,True,True,True,akita_black_bowl_1,False,akita_black_bowl_1,True,0.0,,,,,plane,,,e3cb3683e5a07308,fd79cde730628a7a,69f25ae8775557d0,64,87.7,none,ambiguous
goal,scene_0021,directional,text_only,pi05,tokens,11,False,,320,False,False,,True,True,True,akita_black_bowl_1,False,akita_black_bowl_1,True,0.0,,,,,plane,,,e3cb3683e5a07308,956b49697ded18c0,1cff40d7785e3ac6,64,86.6,none,ambiguous
goal,scene_0021,directional,text_only,pi05,tokens,12,False,,320,False,False,,True,True,True,akita_black_bowl_1,False,akita_black_bowl_1,True,0.0,,,,,plane,,,e3cb3683e5a07308,1f0574f5f328cc57,346c67d33c73b7e4,64,87.4,none,ambiguous
goal,scene_0021,directional,text_only,pi05,tokens,13,False,,320,False,False,,True,True,True,akita_black_bowl_3,False,akita_black_bowl_3,False,0.0,,,,,plane,,,e3cb3683e5a07308,6ce3ad31c746026b,a4519a9d97d659bd,64,87.0,none,ambiguous
goal,scene_0022,directional,text_only,pi05,tokens,0,False,,320,False,False,,True,False,False,,False,,False,0.1428,,,,,plane,,,1de5a212ed6b3b62,d2390760d7af2ee5,3f653580109a34dc,64,87.7,none,ambiguous
goal,scene_0022,directional,text_only,pi05,tokens,1,False,,320,False,False,,True,False,False,,False,,False,0.1428,,,,,plane,,,1de5a212ed6b3b62,e226895c646e998a,6972cb18e2dd52ca,64,87.7,none,ambiguous
goal,scene_0022,directional,text_only,pi05,tokens,2,False,,320,False,False,,True,False,False,,False,,False,0.1428,,,,,plane,,,1de5a212ed6b3b62,875a86b44cced689,7e2667eabd5f39f6,64,87.5,none,ambiguous
goal,scene_0022,directional,text_only,pi05,tokens,3,False,,320,False,False,,True,True,True,akita_black_bowl_3,False,akita_black_bowl_3,True,0.0,,,,,plane,,,1de5a212ed6b3b62,20e78f796103390b,3ca85159f2001a01,64,88.0,none,ambiguous
goal,scene_0022,directional,text_only,pi05,tokens,4,False,,320,False,False,,True,False,False,,False,,False,0.1428,,,,,plane,,,1de5a212ed6b3b62,a40deab3b03ce645,9cac68668bcfbf2e,64,87.2,none,ambiguous
goal,scene_0022,directional,text_only,pi05,tokens,5,False,,320,False,False,,True,False,False,,False,,False,0.1428,,,,,plane,,,1de5a212ed6b3b62,be798c6f23be5349,3023799eeb460ba2,64,86.6,none,ambiguous
goal,scene_0022,directional,text_only,pi05,tokens,6,False,,320,False,False,,True,False,False,,False,,False,0.1428,,,,,plane,,,1de5a212ed6b3b62,32dddaac87d4d0a8,e430deeaa80fdb1f,64,88.0,none,ambiguous
goal,scene_0022,directional,text_only,pi05,tokens,7,False,,320,False,False,,True,False,False,,False,,False,0.1428,,,,,plane,,,1de5a212ed6b3b62,72be10dee3f0a1ae,080149c56dc1721c,64,87.6,none,ambiguous
goal,scene_0022,directional,text_only,pi05,tokens,8,False,,320,False,False,,True,True,True,akita_black_bowl_2,False,akita_black_bowl_2,False,0.0,,,,,plane,,,1de5a212ed6b3b62,6ba18ac1fef6294d,c1ce0af0edf74e75,64,87.0,none,ambiguous
goal,scene_0022,directional,text_only,pi05,tokens,9,False,,320,False,False,,True,False,False,,False,,False,0.1428,,,,,plane,,,1de5a212ed6b3b62,f53c5f12f78f7cf3,57bd21fe45a5f5cb,64,87.0,none,ambiguous
goal,scene_0022,directional,text_only,pi05,tokens,10,False,,320,False,False,,True,False,False,,False,,False,0.1428,,,,,plane,,,1de5a212ed6b3b62,25f1ae4653577970,bd43057f6dfc0f9c,64,88.6,none,ambiguous
goal,scene_0022,directional,text_only,pi05,tokens,11,False,,320,False,False,,True,False,False,,False,,False,0.1428,,,,,plane,,,1de5a212ed6b3b62,2cd5aeee808aba6c,655cab699b45369a,64,87.8,none,ambiguous
goal,scene_0022,directional,text_only,pi05,tokens,12,False,,320,False,False,,True,False,False,,False,,False,0.1428,,,,,plane,,,1de5a212ed6b3b62,6edea061509d8a36,32de3e2f0788ad36,64,88.0,none,ambiguous
goal,scene_0022,directional,text_only,pi05,tokens,13,False,,320,False,False,,True,False,False,,False,,False,0.1428,,,,,plane,,,1de5a212ed6b3b62,8fcbe29c5f0a5748,283b8d62783a9cf4,64,87.6,none,ambiguous
goal,scene_0023,directional,text_only,pi05,tokens,0,False,,320,False,False,,True,False,False,,False,,False,0.1508,,,,,plane,,,7c87d3955149614d,e722e7a7822ef26c,1c8a42aa100d88fe,64,88.2,none,ambiguous
goal,scene_0023,directional,text_only,pi05,tokens,1,False,,320,False,False,,True,True,True,akita_black_bowl_1,True,,False,0.3635,,,,,plane,,,7c87d3955149614d,4d111fbfb1944f3e,b4cd45afe38f5a9c,64,88.1,none,ambiguous
goal,scene_0023,directional,text_only,pi05,tokens,2,False,,320,True,True,281,True,True,True,akita_black_bowl_1,True,plate_2,True,0.0233,,,,,plane,,,7c87d3955149614d,336507b747ed612e,9ee5b325fcb9b268,64,88.2,none,ambiguous
goal,scene_0023,directional,text_only,pi05,tokens,3,False,,320,False,False,,True,False,False,,False,,False,0.1508,,,,,plane,,,7c87d3955149614d,d56eb27d8aedb83d,bc6bce6d7331bdf4,64,88.4,none,ambiguous
goal,scene_0023,directional,text_only,pi05,tokens,4,False,,320,False,False,,True,False,False,,False,,False,0.1433,,,,,plane,,,7c87d3955149614d,e031b0fcbecd573a,7e60e40062013486,64,87.9,none,ambiguous
goal,scene_0023,directional,text_only,pi05,tokens,5,False,,320,False,False,,True,False,False,,False,,False,0.1508,,,,,plane,,,7c87d3955149614d,64b5249ac82df33f,277bcf5debeec4cb,64,88.5,none,ambiguous
goal,scene_0023,directional,text_only,pi05,tokens,6,False,,320,False,False,,True,False,False,,False,,False,0.1443,,,,,plane,,,7c87d3955149614d,a48797831d201b3a,8d266717eb827657,64,88.5,none,ambiguous
goal,scene_0023,directional,text_only,pi05,tokens,7,False,,320,False,False,,True,False,False,,False,,False,0.1508,,,,,plane,,,7c87d3955149614d,1b86d7af5f7631d4,e5da3866b95d285c,64,88.0,none,ambiguous
goal,scene_0023,directional,text_only,pi05,tokens,8,False,,320,False,False,,True,False,False,,False,,False,0.1508,,,,,plane,,,7c87d3955149614d,0ebb86086295678e,b1c8bfc276f7fdbb,64,88.2,none,ambiguous
goal,scene_0023,directional,text_only,pi05,tokens,9,False,,320,False,False,,True,False,False,,False,,False,0.1508,,,,,plane,,,7c87d3955149614d,838837bc9cbffac6,624628c2cb805ba0,64,89.0,none,ambiguous
goal,scene_0023,directional,text_only,pi05,tokens,10,False,,320,False,False,,True,False,False,,False,,False,0.1508,,,,,plane,,,7c87d3955149614d,5c14f5251e4f132b,84221d89a4570a5f,64,88.1,none,ambiguous
goal,scene_0023,directional,text_only,pi05,tokens,11,False,,320,True,True,276,True,True,True,akita_black_bowl_1,True,plate_2,True,0.0125,,,,,plane,,,7c87d3955149614d,78d5bf25c581e561,0e7a3b8967578cc9,64,87.7,none,ambiguous
goal,scene_0023,directional,text_only,pi05,tokens,12,False,,320,False,False,,True,False,False,,False,,False,0.1505,,,,,plane,,,7c87d3955149614d,480d876f14ed499e,4e5df0fbd9243302,64,88.1,none,ambiguous
goal,scene_0023,directional,text_only,pi05,tokens,13,False,,320,True,True,283,True,True,True,akita_black_bowl_1,True,plate_2,True,0.0047,,,,,plane,,,7c87d3955149614d,a217749482688635,cd6cd949b2db8887,64,87.2,none,ambiguous
goal,scene_0024,directional,text_only,pi05,tokens,0,False,,320,False,False,,True,True,True,akita_black_bowl_1,False,akita_black_bowl_1,False,0.0,,,,,plane,,,36587bf5d38ae872,28b466905526bdcb,c521831fab61dda8,64,88.5,none,ambiguous
goal,scene_0024,directional,text_only,pi05,tokens,1,False,,320,False,False,,True,True,True,akita_black_bowl_1,False,akita_black_bowl_1,False,0.0,,,,,plane,,,36587bf5d38ae872,3193d379a8ded835,57fa61c5c4481a10,64,88.0,none,ambiguous
goal,scene_0024,directional,text_only,pi05,tokens,2,False,,320,False,False,,True,True,True,akita_black_bowl_1,False,akita_black_bowl_1,False,0.0,,,,,plane,,,36587bf5d38ae872,764c76ab25d87b7f,21d1cfb2f2e25b4a,64,87.9,none,ambiguous
goal,scene_0024,directional,text_only,pi05,tokens,3,False,,320,False,False,,True,True,True,akita_black_bowl_1,False,akita_black_bowl_1,False,0.0,,,,,plane,,,36587bf5d38ae872,e55ecb7b3015c798,34b274e25b4d2940,64,88.2,none,ambiguous
goal,scene_0024,directional,text_only,pi05,tokens,4,False,,320,False,False,,True,True,True,akita_black_bowl_1,False,akita_black_bowl_1,False,0.0,,,,,plane,,,36587bf5d38ae872,315996a8fc7e588f,7143cc9894bdbae3,64,87.3,none,ambiguous
goal,scene_0024,directional,text_only,pi05,tokens,5,False,,320,False,False,,True,True,True,akita_black_bowl_1,False,akita_black_bowl_1,False,0.0,,,,,plane,,,36587bf5d38ae872,c244389a8030ec75,a84dde23ffd943d5,64,87.2,none,ambiguous
goal,scene_0024,directional,text_only,pi05,tokens,6,False,,320,False,False,,True,True,True,akita_black_bowl_1,False,akita_black_bowl_1,False,0.0,,,,,plane,,,36587bf5d38ae872,6155ec0e31b5320f,97d2fadacf1832d2,64,87.8,none,ambiguous
goal,scene_0024,directional,text_only,pi05,tokens,7,False,,320,False,False,,True,True,True,akita_black_bowl_1,False,akita_black_bowl_1,False,0.0,,,,,plane,,,36587bf5d38ae872,de22700d96bfca5a,df2b48d0d13f9cd2,64,86.1,none,ambiguous
goal,scene_0024,directional,text_only,pi05,tokens,8,False,,320,False,False,,True,True,True,akita_black_bowl_1,False,akita_black_bowl_1,False,0.0,,,,,plane,,,36587bf5d38ae872,5183b7829207c47a,f57d4573691afae3,64,88.3,none,ambiguous
goal,scene_0024,directional,text_only,pi05,tokens,9,False,,320,False,False,,True,True,True,akita_black_bowl_1,False,akita_black_bowl_1,False,0.0,,,,,plane,,,36587bf5d38ae872,381bbd07effd886d,3a12803284c9b5c6,64,87.5,none,ambiguous
goal,scene_0024,directional,text_only,pi05,tokens,10,False,,320,False,False,,True,True,True,akita_black_bowl_1,False,akita_black_bowl_1,False,0.0,,,,,plane,,,36587bf5d38ae872,8669e10d6e1012a3,3fb228882290801e,64,87.0,none,ambiguous
goal,scene_0024,directional,text_only,pi05,tokens,11,False,,320,False,False,,True,True,True,akita_black_bowl_1,False,akita_black_bowl_1,False,0.0,,,,,plane,,,36587bf5d38ae872,78e30e680cb059cd,80bc7a5d8417ffa9,64,86.7,none,ambiguous
goal,scene_0024,directional,text_only,pi05,tokens,12,False,,320,False,False,,True,True,True,akita_black_bowl_1,False,akita_black_bowl_1,False,0.0,,,,,plane,,,36587bf5d38ae872,7c4f9083a81c1384,09df741fcb641904,64,93.6,none,ambiguous
goal,scene_0024,directional,text_only,pi05,tokens,13,False,,320,False,False,,True,True,True,akita_black_bowl_1,False,akita_black_bowl_1,False,0.0,,,,,plane,,,36587bf5d38ae872,0d89bdcc39116069,9f1dc029f4b7b320,64,94.1,none,ambiguous
goal,scene_0025,directional,text_only,pi05,tokens,0,False,,320,False,False,,True,True,True,akita_black_bowl_1,True,plate_1,False,0.01,,,,,plane,,,027f37f8891d24e6,fe8dbea0a2603fbb,35461a65c18758c9,64,90.8,none,ambiguous
goal,scene_0025,directional,text_only,pi05,tokens,1,False,,320,False,False,,True,True,True,akita_black_bowl_1,True,plate_1,False,0.0086,,,,,plane,,,027f37f8891d24e6,10b7784a6dbd5d53,38ee6d10401ec39f,64,92.4,none,ambiguous
goal,scene_0025,directional,text_only,pi05,tokens,2,False,,320,False,False,,True,True,True,akita_black_bowl_1,True,plate_1,False,0.0173,,,,,plane,,,027f37f8891d24e6,7c143fe9a193b29a,1bf5e7fa4b54d863,64,93.4,none,ambiguous
goal,scene_0025,directional,text_only,pi05,tokens,3,False,,320,False,False,,True,True,True,akita_black_bowl_1,True,plate_1,False,0.0123,,,,,plane,,,027f37f8891d24e6,4e95172fd2bf8375,76ea24c708054ca6,64,91.6,none,ambiguous
goal,scene_0025,directional,text_only,pi05,tokens,4,False,,320,False,False,,True,True,True,akita_black_bowl_1,True,plate_1,False,0.0093,,,,,plane,,,027f37f8891d24e6,5999e564a4bf586d,ec17e9956457acfc,64,92.5,none,ambiguous
goal,scene_0025,directional,text_only,pi05,tokens,5,False,,320,False,False,,True,True,True,akita_black_bowl_1,True,plate_1,False,0.02,,,,,plane,,,027f37f8891d24e6,a995ae493aec4018,040b4803e09fe5b4,64,94.7,none,ambiguous
goal,scene_0025,directional,text_only,pi05,tokens,6,False,,320,False,False,,True,True,True,akita_black_bowl_1,True,plate_1,False,0.0099,,,,,plane,,,027f37f8891d24e6,c9a2dd38e6e4617f,576d0d1722918780,64,95.4,none,ambiguous
goal,scene_0025,directional,text_only,pi05,tokens,7,False,,320,False,False,,True,True,True,akita_black_bowl_1,True,plate_1,False,0.0023,,,,,plane,,,027f37f8891d24e6,9fc77302c37b5668,59c6c405e47cc487,64,93.4,none,ambiguous
goal,scene_0025,directional,text_only,pi05,tokens,8,False,,320,False,False,,True,True,True,akita_black_bowl_1,True,plate_1,False,0.0104,,,,,plane,,,027f37f8891d24e6,337fa82ee1c24c8c,8978848b2d3a8fed,64,96.0,none,ambiguous
goal,scene_0025,directional,text_only,pi05,tokens,9,False,,320,False,False,,True,True,True,akita_black_bowl_1,True,plate_1,False,0.0055,,,,,plane,,,027f37f8891d24e6,0abe3a0e218ad118,6c01110ae8bcae14,64,92.5,none,ambiguous
goal,scene_0025,directional,text_only,pi05,tokens,10,False,,320,False,False,,True,True,True,akita_black_bowl_1,True,plate_1,False,0.006,,,,,plane,,,027f37f8891d24e6,c6e83c5eac2bf88a,68aa499c9aaa67e5,64,93.9,none,ambiguous
goal,scene_0025,directional,text_only,pi05,tokens,11,False,,320,False,False,,True,True,True,akita_black_bowl_1,True,plate_1,False,0.0055,,,,,plane,,,027f37f8891d24e6,d4199f5101bfd30d,ca63d9cfb680d3e7,64,94.6,none,ambiguous
goal,scene_0025,directional,text_only,pi05,tokens,12,False,,320,False,False,,True,True,True,akita_black_bowl_1,True,plate_1,False,0.002,,,,,plane,,,027f37f8891d24e6,2fc5405f3ccdaba5,06d57f6ebc717086,64,90.9,none,ambiguous
goal,scene_0025,directional,text_only,pi05,tokens,13,False,,320,False,False,,True,True,True,akita_black_bowl_1,True,plate_1,False,0.0072,,,,,plane,,,027f37f8891d24e6,99fe3bd435806f56,04edc4447183e30d,64,92.1,none,ambiguous
goal,scene_0026,both,text_only,pi05,tokens,0,False,,320,False,False,,True,True,True,akita_black_bowl_1,True,,False,0.0907,,,,,plane,,,5ffa2d92d0ac4eda,532433ae9436568b,6f6c94c0f862e8b7,64,92.6,none,ambiguous
goal,scene_0026,both,text_only,pi05,tokens,1,False,,320,False,False,,True,True,True,akita_black_bowl_1,True,plate_2,True,0.0379,,,,,plane,,,5ffa2d92d0ac4eda,391553cfca7518fa,bb17da1e69168eb3,64,89.0,none,ambiguous
goal,scene_0026,both,text_only,pi05,tokens,2,False,,320,False,False,,True,True,True,akita_black_bowl_1,True,plate_2,True,0.0263,,,,,plane,,,5ffa2d92d0ac4eda,eaec41a4cbe83cab,8aa45e913b488306,64,91.4,none,ambiguous
goal,scene_0026,both,text_only,pi05,tokens,3,False,,320,False,False,,True,True,True,akita_black_bowl_1,True,plate_2,True,0.0434,,,,,plane,,,5ffa2d92d0ac4eda,ceb0b4a28886503a,148726c4a0f44c1b,64,91.7,none,ambiguous
goal,scene_0026,both,text_only,pi05,tokens,4,False,,320,False,False,,True,True,True,akita_black_bowl_1,True,plate_2,True,0.0573,,,,,plane,,,5ffa2d92d0ac4eda,286d4838e1453d8e,b2004a7a80b0f7bf,64,91.4,none,ambiguous
goal,scene_0026,both,text_only,pi05,tokens,5,False,,320,False,False,,True,True,True,akita_black_bowl_1,True,plate_1,False,0.0201,,,,,plane,,,5ffa2d92d0ac4eda,ca2d1cbea52a89d1,e27d91f39599ac08,64,92.1,none,ambiguous
goal,scene_0026,both,text_only,pi05,tokens,6,False,,320,False,False,,True,True,True,akita_black_bowl_1,True,plate_2,True,0.028,,,,,plane,,,5ffa2d92d0ac4eda,82ee8914d89ff098,005d4358c341ba66,64,91.5,none,ambiguous
goal,scene_0026,both,text_only,pi05,tokens,7,False,,320,False,False,,True,True,True,akita_black_bowl_1,True,,False,0.0906,,,,,plane,,,5ffa2d92d0ac4eda,a09e700bb83c9a6e,647a300ae13e6425,64,91.8,none,ambiguous
goal,scene_0026,both,text_only,pi05,tokens,8,False,,320,False,False,,True,True,True,akita_black_bowl_1,True,plate_2,True,0.037,,,,,plane,,,5ffa2d92d0ac4eda,9da43db0bd0a0069,5089c71a3cf73e92,64,91.9,none,ambiguous
goal,scene_0026,both,text_only,pi05,tokens,9,False,,320,False,False,,True,True,True,akita_black_bowl_1,True,plate_2,True,0.0405,,,,,plane,,,5ffa2d92d0ac4eda,ada159afbcf51534,88358390d2f0d928,64,89.4,none,ambiguous
goal,scene_0026,both,text_only,pi05,tokens,10,False,,320,False,False,,True,True,True,akita_black_bowl_1,True,plate_1,False,0.0199,,,,,plane,,,5ffa2d92d0ac4eda,962d2c239560ad75,9981da7ee2a8e8bc,64,92.0,none,ambiguous
goal,scene_0026,both,text_only,pi05,tokens,11,False,,320,False,False,,True,True,True,akita_black_bowl_1,True,plate_2,True,0.0493,,,,,plane,,,5ffa2d92d0ac4eda,15c6ddd0def94d78,5365516be9816e61,64,89.0,none,ambiguous
goal,scene_0026,both,text_only,pi05,tokens,12,False,,320,False,False,,True,True,True,akita_black_bowl_1,True,plate_2,True,0.0453,,,,,plane,,,5ffa2d92d0ac4eda,f59d8f53c36598d0,571d1ba0e2f24309,64,88.6,none,ambiguous
goal,scene_0026,both,text_only,pi05,tokens,13,False,,320,False,False,,True,True,True,akita_black_bowl_1,True,plate_1,False,0.011,,,,,plane,,,5ffa2d92d0ac4eda,3f48405e8f40f302,bf77056cc9a362ec,64,88.3,none,ambiguous
goal,scene_0027,both,text_only,pi05,tokens,0,False,,320,False,False,,True,True,True,akita_black_bowl_1,True,plate_1,False,0.0179,,,,,plane,,,0fb2fe53ffb358f0,1042dd61bde91990,4bcb6053c1e7cb6b,64,88.3,none,ambiguous
goal,scene_0027,both,text_only,pi05,tokens,1,False,,320,False,False,,True,True,True,akita_black_bowl_2,False,,False,0.1048,,,,,plane,,,0fb2fe53ffb358f0,37845078214d93b0,e4143cc003af03ad,64,89.5,none,ambiguous
goal,scene_0027,both,text_only,pi05,tokens,2,False,,320,False,False,,True,True,True,akita_black_bowl_1,True,,False,0.1429,,,,,plane,,,0fb2fe53ffb358f0,a85ed1dc459cc08b,ce4a78712d3f334e,64,89.2,none,ambiguous
goal,scene_0027,both,text_only,pi05,tokens,3,False,,320,False,False,,True,True,True,akita_black_bowl_1,True,plate_1,False,0.0113,,,,,plane,,,0fb2fe53ffb358f0,7de65a4053b7778d,12ec8bae702da3de,64,87.6,none,ambiguous
goal,scene_0027,both,text_only,pi05,tokens,4,False,,320,False,False,,True,True,True,akita_black_bowl_1,True,plate_1,False,0.0362,,,,,plane,,,0fb2fe53ffb358f0,64e62426cf1571f4,e9b2a016e5e9b869,64,87.1,none,ambiguous
goal,scene_0027,both,text_only,pi05,tokens,5,False,,320,False,False,,True,True,True,akita_black_bowl_1,True,,False,0.1862,,,,,plane,,,0fb2fe53ffb358f0,7b64731b6323be69,5e6eaee1d9c5007a,64,88.0,none,ambiguous
goal,scene_0027,both,text_only,pi05,tokens,6,False,,320,False,False,,True,True,True,akita_black_bowl_1,True,plate_1,False,0.0117,,,,,plane,,,0fb2fe53ffb358f0,aeccd8a0fd0692d7,c56e7b689d2253d9,64,87.6,none,ambiguous
goal,scene_0027,both,text_only,pi05,tokens,7,False,,320,False,False,,True,True,True,akita_black_bowl_2,False,,False,0.0883,,,,,plane,,,0fb2fe53ffb358f0,f580f0e565524d1f,31dfcd7038226ee0,64,87.6,none,ambiguous
goal,scene_0027,both,text_only,pi05,tokens,8,False,,320,False,False,,True,True,True,akita_black_bowl_1,True,plate_1,False,0.0134,,,,,plane,,,0fb2fe53ffb358f0,e262acc7ae1c9c5c,706033246d0aa174,64,86.6,none,ambiguous
goal,scene_0027,both,text_only,pi05,tokens,9,False,,320,False,False,,True,True,True,akita_black_bowl_2,False,plate_1,False,0.0795,,,,,plane,,,0fb2fe53ffb358f0,00e6146a95f06a81,d5f07aa9ec4e9f3d,64,87.0,none,ambiguous
goal,scene_0027,both,text_only,pi05,tokens,10,False,,320,False,False,,True,True,True,akita_black_bowl_1,True,plate_1,False,0.007,,,,,plane,,,0fb2fe53ffb358f0,99b8152ae0c50e1f,ecdd2982e0b22812,64,88.8,none,ambiguous
goal,scene_0027,both,text_only,pi05,tokens,11,False,,320,False,False,,True,True,True,akita_black_bowl_1,True,,False,0.1203,,,,,plane,,,0fb2fe53ffb358f0,bf995a9442fcb68a,a6878cb90a057d10,64,87.5,none,ambiguous
goal,scene_0027,both,text_only,pi05,tokens,12,False,,320,False,False,,True,True,True,akita_black_bowl_2,False,plate_1,False,0.0578,,,,,plane,,,0fb2fe53ffb358f0,b2843fbe7e0584a8,df976e58a8aa197d,64,87.4,none,ambiguous
goal,scene_0027,both,text_only,pi05,tokens,13,False,,320,False,False,,True,True,True,akita_black_bowl_1,True,plate_1,False,0.0164,,,,,plane,,,0fb2fe53ffb358f0,37f9c35bdcc14f93,e647ea1d3e5a31f5,64,87.5,none,ambiguous
goal,scene_0028,both,text_only,pi05,tokens,0,False,,320,False,False,,True,True,True,akita_black_bowl_1,True,,False,0.1044,,,,,plane,,,c53df11f6d3c9ced,c06d8eaaa6c2142a,4c4f3040db28bc93,64,87.1,none,ambiguous
goal,scene_0028,both,text_only,pi05,tokens,1,False,,320,False,False,,True,True,True,akita_black_bowl_1,True,plate_1,False,0.007,,,,,plane,,,c53df11f6d3c9ced,f75c5d20cf575ed2,4825de138f0fe8fa,64,86.6,none,ambiguous
goal,scene_0028,both,text_only,pi05,tokens,2,False,,320,False,False,,True,True,True,akita_black_bowl_1,True,plate_1,False,0.004,,,,,plane,,,c53df11f6d3c9ced,d472c3bb0fccc0bc,510967fdf89391db,64,86.7,none,ambiguous
goal,scene_0028,both,text_only,pi05,tokens,3,False,,320,False,False,,True,True,True,akita_black_bowl_1,True,plate_1,False,0.0195,,,,,plane,,,c53df11f6d3c9ced,d52181abbdd366e9,5dc0735d0f4da158,64,86.6,none,ambiguous
goal,scene_0028,both,text_only,pi05,tokens,4,False,,320,False,False,,True,True,True,akita_black_bowl_1,True,plate_1,False,0.0172,,,,,plane,,,c53df11f6d3c9ced,8e9b83486f569e54,ad1680de4189f5e8,64,87.1,none,ambiguous
goal,scene_0028,both,text_only,pi05,tokens,5,False,,320,False,False,,True,True,True,akita_black_bowl_1,True,plate_1,False,0.0491,,,,,plane,,,c53df11f6d3c9ced,0f4da9b4542380f9,60745d220c893520,64,87.9,none,ambiguous
goal,scene_0028,both,text_only,pi05,tokens,6,False,,320,False,False,,True,True,True,akita_black_bowl_1,True,plate_1,False,0.0054,,,,,plane,,,c53df11f6d3c9ced,29f39810ce325e88,a5605adac639c497,64,86.9,none,ambiguous
goal,scene_0028,both,text_only,pi05,tokens,7,False,,320,False,False,,True,True,True,akita_black_bowl_1,True,plate_1,False,0.0086,,,,,plane,,,c53df11f6d3c9ced,5378c2d8fff4c6f7,404d8b0d9e0819c7,64,88.0,none,ambiguous
goal,scene_0028,both,text_only,pi05,tokens,8,False,,320,False,False,,True,True,True,akita_black_bowl_1,True,plate_1,False,0.0018,,,,,plane,,,c53df11f6d3c9ced,613bf6c3feeb2189,9277af6d15d15cb7,64,87.6,none,ambiguous
goal,scene_0028,both,text_only,pi05,tokens,9,False,,320,False,False,,True,True,True,akita_black_bowl_1,True,plate_1,False,0.0067,,,,,plane,,,c53df11f6d3c9ced,57f9c46d2ccf7ec4,2f2cb13a5760c103,64,87.2,none,ambiguous
goal,scene_0028,both,text_only,pi05,tokens,10,False,,320,False,False,,True,True,True,akita_black_bowl_1,True,plate_1,False,0.0038,,,,,plane,,,c53df11f6d3c9ced,e812afbf4e3d25ca,a20bf867f2e2c8a5,64,86.6,none,ambiguous
goal,scene_0028,both,text_only,pi05,tokens,11,False,,320,False,False,,True,True,True,akita_black_bowl_1,True,plate_1,False,0.007,,,,,plane,,,c53df11f6d3c9ced,ca1ebb1a39002337,ffb3628c416278fc,64,87.1,none,ambiguous
goal,scene_0028,both,text_only,pi05,tokens,12,False,,320,False,False,,True,True,True,akita_black_bowl_1,True,plate_1,False,0.0026,,,,,plane,,,c53df11f6d3c9ced,4a791112e4219430,b0ddb77c804ae82b,64,86.0,none,ambiguous
goal,scene_0028,both,text_only,pi05,tokens,13,False,,320,False,False,,True,True,True,akita_black_bowl_1,True,plate_1,False,0.0086,,,,,plane,,,c53df11f6d3c9ced,937d169ddbcb273b,203d9ec06c4df016,64,87.0,none,ambiguous
goal,scene_0029,both,text_only,pi05,tokens,0,False,,320,False,False,,True,True,True,akita_black_bowl_2,False,akita_black_bowl_2,False,0.0,,,,,plane,,,0f55347ce35c94f9,819a36fa3363285a,11dcfbdc4b646387,64,87.2,none,ambiguous
goal,scene_0029,both,text_only,pi05,tokens,1,False,,320,False,False,,True,True,True,akita_black_bowl_2,False,akita_black_bowl_2,False,0.0,,,,,plane,,,0f55347ce35c94f9,14f2f1509817c52f,94f686f3ccb9eab7,64,87.3,none,ambiguous
goal,scene_0029,both,text_only,pi05,tokens,2,False,,320,False,False,,True,True,True,akita_black_bowl_2,False,akita_black_bowl_2,False,0.0,,,,,plane,,,0f55347ce35c94f9,525d402d26f84610,795fbb2f7fc5a3c1,64,86.9,none,ambiguous
goal,scene_0029,both,text_only,pi05,tokens,3,False,,320,False,False,,True,True,True,akita_black_bowl_2,False,akita_black_bowl_2,False,0.0,,,,,plane,,,0f55347ce35c94f9,2bfb2ab41725cc51,5335e2dbef3f85ad,64,86.8,none,ambiguous
goal,scene_0029,both,text_only,pi05,tokens,4,False,,320,False,False,,True,True,True,akita_black_bowl_2,False,akita_black_bowl_2,False,0.0,,,,,plane,,,0f55347ce35c94f9,9817aca7d0bd38a9,78a2b43599dda476,64,87.4,none,ambiguous
goal,scene_0029,both,text_only,pi05,tokens,5,False,,320,False,False,,True,True,True,akita_black_bowl_2,False,akita_black_bowl_2,False,0.0,,,,,plane,,,0f55347ce35c94f9,8f2e0533e9e496f1,3fcd610517bcd9ec,64,87.1,none,ambiguous
goal,scene_0029,both,text_only,pi05,tokens,6,False,,320,False,False,,True,True,True,akita_black_bowl_2,False,akita_black_bowl_2,False,0.0,,,,,plane,,,0f55347ce35c94f9,65d870e6be4d79b3,28801d2b697a9155,64,88.5,none,ambiguous
goal,scene_0029,both,text_only,pi05,tokens,7,False,,320,False,False,,True,True,True,akita_black_bowl_2,False,akita_black_bowl_2,False,0.0,,,,,plane,,,0f55347ce35c94f9,32fe4a3e19ae39bf,4fa048dc7c6ece64,64,87.2,none,ambiguous
goal,scene_0029,both,text_only,pi05,tokens,8,False,,320,False,False,,True,True,True,akita_black_bowl_2,False,akita_black_bowl_2,False,0.0,,,,,plane,,,0f55347ce35c94f9,aab400aa3ec3c7b7,b737a7c849ade2f3,64,87.2,none,ambiguous
goal,scene_0029,both,text_only,pi05,tokens,9,False,,320,False,False,,True,True,True,akita_black_bowl_2,False,akita_black_bowl_2,False,0.0,,,,,plane,,,0f55347ce35c94f9,30eb0f25f91b21bb,39dedf250c35c25d,64,88.0,none,ambiguous
goal,scene_0029,both,text_only,pi05,tokens,10,False,,320,False,False,,True,False,False,,False,,False,0.1235,,,,,plane,,,0f55347ce35c94f9,24d1b330f636e194,be96ee4dbc4c086c,64,88.5,none,ambiguous
goal,scene_0029,both,text_only,pi05,tokens,11,False,,320,False,False,,True,False,False,,False,,False,0.1235,,,,,plane,,,0f55347ce35c94f9,c829088b0b668fd5,95cb86f690e3a806,64,87.1,none,ambiguous
goal,scene_0029,both,text_only,pi05,tokens,12,False,,320,False,False,,True,True,True,akita_black_bowl_2,False,akita_black_bowl_2,False,0.0,,,,,plane,,,0f55347ce35c94f9,74e37df66b5cc428,641dcaf00bf06de3,64,87.1,none,ambiguous
goal,scene_0029,both,text_only,pi05,tokens,13,False,,320,False,False,,True,True,True,akita_black_bowl_2,False,akita_black_bowl_2,False,0.0,,,,,plane,,,0f55347ce35c94f9,c41a607fa5bd96e4,2eba8dbb98adbaa3,64,87.3,none,ambiguous
goal,scene_0030,both,text_only,pi05,tokens,0,False,,320,False,False,,True,False,False,,False,,False,0.1385,,,,,plane,,,33bdd956db104343,559b53111e677f4e,bafe6d2b25d81f3e,64,87.6,none,ambiguous
goal,scene_0030,both,text_only,pi05,tokens,1,False,,320,False,False,,True,False,False,,False,,False,0.1385,,,,,plane,,,33bdd956db104343,2f31357a5ec83f7e,1c9f2aaae3cac543,64,87.0,none,ambiguous
goal,scene_0030,both,text_only,pi05,tokens,2,False,,320,False,False,,True,False,False,,False,,False,0.137,,,,,plane,,,33bdd956db104343,0747c6dad9cbc412,b9c97ce97acb68ba,64,87.3,none,ambiguous
goal,scene_0030,both,text_only,pi05,tokens,3,False,,320,False,False,,True,True,True,akita_black_bowl_1,False,akita_black_bowl_1,False,0.0,,,,,plane,,,33bdd956db104343,13c31ce0884d9a97,7cddacb3d7456cf5,64,86.4,none,ambiguous
goal,scene_0030,both,text_only,pi05,tokens,4,False,,320,False,False,,True,False,False,,False,,False,0.1385,,,,,plane,,,33bdd956db104343,ed5d49286a210743,9598df1f77a03799,64,88.3,none,ambiguous
goal,scene_0030,both,text_only,pi05,tokens,5,False,,320,False,False,,True,True,True,cream_cheese_1,True,,False,0.146,,,,,plane,,,33bdd956db104343,381dd6b37bd2c1eb,d5ba3338f667fdf9,64,86.7,none,ambiguous
goal,scene_0030,both,text_only,pi05,tokens,6,False,,320,False,False,,True,False,False,,False,,False,0.1385,,,,,plane,,,33bdd956db104343,3f0568b5a4437b63,f294069a94f6bc0f,64,86.7,none,ambiguous
goal,scene_0030,both,text_only,pi05,tokens,7,False,,320,False,False,,True,True,True,akita_black_bowl_1,False,akita_black_bowl_1,False,0.0,,,,,plane,,,33bdd956db104343,7d181486780854e8,c7db8a22dd8ca1cc,64,86.0,none,ambiguous
goal,scene_0030,both,text_only,pi05,tokens,8,False,,320,False,False,,True,False,False,,False,,False,0.1385,,,,,plane,,,33bdd956db104343,58a24da68f6b60bd,fd29a181f4b0518b,64,86.2,none,ambiguous
goal,scene_0030,both,text_only,pi05,tokens,9,False,,320,False,False,,True,False,False,,False,,False,0.1385,,,,,plane,,,33bdd956db104343,f4355a54b5e9759b,7c5cf1c005ca065c,64,86.3,none,ambiguous
goal,scene_0030,both,text_only,pi05,tokens,10,False,,320,False,False,,True,True,True,akita_black_bowl_1,False,akita_black_bowl_1,False,0.0,,,,,plane,,,33bdd956db104343,ebaa7e40e8bdf4fe,8ad09ebb9b7cc863,64,85.5,none,ambiguous
goal,scene_0030,both,text_only,pi05,tokens,11,False,,320,False,False,,True,False,False,,False,,False,0.1385,,,,,plane,,,33bdd956db104343,8df779d9bb51a83b,5d7c03835bf0ea0c,64,85.9,none,ambiguous
goal,scene_0030,both,text_only,pi05,tokens,12,False,,320,False,False,,True,False,False,,False,,False,0.1385,,,,,plane,,,33bdd956db104343,4291fa1df9445939,56430baf8d1a4883,64,86.8,none,ambiguous
goal,scene_0030,both,text_only,pi05,tokens,13,False,,320,False,False,,True,False,False,,False,,False,0.1385,,,,,plane,,,33bdd956db104343,8c6ad7749d22732f,28c7de132991d56d,64,86.7,none,ambiguous
goal,scene_0031,both,text_only,pi05,tokens,0,False,,320,False,False,106,True,True,True,cream_cheese_1,True,akita_black_bowl_3,True,0.033,,,,,plane,,,5c841e6a34970cf2,8a4a1badf3c64e11,f95a0ab218099865,64,90.2,none,ambiguous
goal,scene_0031,both,text_only,pi05,tokens,1,False,,320,False,True,116,True,True,True,cream_cheese_1,True,akita_black_bowl_3,True,0.0316,,,,,plane,,,5c841e6a34970cf2,01d2cfc0f30f90a1,5e5f4c882deb83a1,64,87.9,none,ambiguous
goal,scene_0031,both,text_only,pi05,tokens,2,False,,320,False,False,98,True,True,True,cream_cheese_1,True,akita_black_bowl_3,True,0.0415,,,,,plane,,,5c841e6a34970cf2,893272d151755d1c,22777c20f45fd85e,64,86.8,none,ambiguous
goal,scene_0031,both,text_only,pi05,tokens,3,False,,320,False,False,,True,True,True,akita_black_bowl_2,False,akita_black_bowl_2,False,0.0,,,,,plane,,,5c841e6a34970cf2,510e72a9f26aea86,6d3be68050caec07,64,86.7,none,ambiguous
goal,scene_0031,both,text_only,pi05,tokens,4,False,,320,False,False,,True,True,True,cream_cheese_1,True,akita_black_bowl_3,True,0.0407,,,,,plane,,,5c841e6a34970cf2,60cb7998656ce93c,c491d982f4ecaa9d,64,87.1,none,ambiguous
goal,scene_0031,both,text_only,pi05,tokens,5,False,,320,False,False,,True,True,True,cream_cheese_1,True,akita_black_bowl_3,True,0.0425,,,,,plane,,,5c841e6a34970cf2,212c12eb36159728,028f8224fc1aea63,64,87.2,none,ambiguous
goal,scene_0031,both,text_only,pi05,tokens,6,False,,320,False,False,100,True,True,True,cream_cheese_1,True,akita_black_bowl_3,True,0.0333,,,,,plane,,,5c841e6a34970cf2,3816287a8dd7b6e3,95168a197c282bcd,64,88.0,none,ambiguous
goal,scene_0031,both,text_only,pi05,tokens,7,False,,320,False,False,,True,True,True,akita_black_bowl_2,False,akita_black_bowl_2,False,0.0,,,,,plane,,,5c841e6a34970cf2,cc8a614daa31f0ec,76594e5cc50890cd,64,86.4,none,ambiguous
goal,scene_0031,both,text_only,pi05,tokens,8,False,,320,False,False,,True,True,True,akita_black_bowl_1,False,akita_black_bowl_1,False,0.0,,,,,plane,,,5c841e6a34970cf2,93790b88d09ec1f7,4fcb876a29300fe5,64,86.9,none,ambiguous
goal,scene_0031,both,text_only,pi05,tokens,9,False,,320,False,False,110,True,True,True,cream_cheese_1,True,akita_black_bowl_3,True,0.0342,,,,,plane,,,5c841e6a34970cf2,9c43ee4df4ddab6c,ce5ebf3ff7565775,64,87.0,none,ambiguous
goal,scene_0031,both,text_only,pi05,tokens,10,False,,320,False,False,,True,True,True,cream_cheese_1,True,akita_black_bowl_3,True,0.0366,,,,,plane,,,5c841e6a34970cf2,36fd16b3402d4386,50a3f7e696c136ea,64,87.0,none,ambiguous
goal,scene_0031,both,text_only,pi05,tokens,11,False,,320,False,False,,True,True,True,cream_cheese_1,True,akita_black_bowl_3,True,0.0331,,,,,plane,,,5c841e6a34970cf2,34dc0565eea63f6a,3076d83ed8e74c1f,64,88.5,none,ambiguous
goal,scene_0031,both,text_only,pi05,tokens,12,False,,320,False,False,105,True,True,True,cream_cheese_1,True,akita_black_bowl_3,True,0.0354,,,,,plane,,,5c841e6a34970cf2,a18f7c3d539bbd06,da7e297191f91b3a,64,88.1,none,ambiguous
goal,scene_0031,both,text_only,pi05,tokens,13,False,,320,True,True,275,True,True,True,cream_cheese_1,True,akita_black_bowl_3,True,0.0014,,,,,plane,,,5c841e6a34970cf2,d1287363ae035677,17e6a62bbd78055d,64,88.2,none,ambiguous
goal,scene_0032,both,text_only,pi05,tokens,0,False,,320,False,False,,True,True,True,akita_black_bowl_1,True,plate_1,True,0.0058,,,,,plane,,,3c1789b92a9a175a,4912b27515d55057,733526622dc3aca4,64,89.9,none,ambiguous
goal,scene_0032,both,text_only,pi05,tokens,1,False,,320,True,True,94,True,True,True,akita_black_bowl_1,True,plate_1,True,0.0138,,,,,plane,,,3c1789b92a9a175a,4514aaef88dc55a1,69f0489c1b540dea,64,90.7,none,ambiguous
goal,scene_0032,both,text_only,pi05,tokens,2,False,,320,True,True,133,True,True,True,akita_black_bowl_1,True,plate_1,True,0.0012,,,,,plane,,,3c1789b92a9a175a,9e430f4a61877c36,1b8ddd6364a4d658,64,89.2,none,ambiguous
goal,scene_0032,both,text_only,pi05,tokens,3,False,,320,False,False,,True,True,True,akita_black_bowl_1,True,plate_1,True,0.0073,,,,,plane,,,3c1789b92a9a175a,edcbe1a1548608ce,823e5a8e3d20aec6,64,91.8,none,ambiguous
goal,scene_0032,both,text_only,pi05,tokens,4,False,,320,True,True,88,True,True,True,akita_black_bowl_2,False,plate_1,True,0.0543,,,,,plane,,,3c1789b92a9a175a,0f62eb543594eb16,13b66ada3610d00e,64,89.5,none,ambiguous
goal,scene_0032,both,text_only,pi05,tokens,5,False,,320,False,True,90,True,True,True,akita_black_bowl_1,True,plate_1,True,0.0262,,,,,plane,,,3c1789b92a9a175a,e80d2ba86040d0ef,45e30c98ff59ff14,64,89.1,none,ambiguous
goal,scene_0032,both,text_only,pi05,tokens,6,False,,320,False,True,135,True,True,True,akita_black_bowl_1,True,plate_1,True,0.0411,,,,,plane,,,3c1789b92a9a175a,caa3d7aa943e51ed,3d059533601f23c7,64,89.4,none,ambiguous
goal,scene_0032,both,text_only,pi05,tokens,7,False,,320,True,True,96,True,True,True,akita_black_bowl_1,True,plate_1,True,0.0037,,,,,plane,,,3c1789b92a9a175a,53b183f209c54786,9eb439e9349cb681,64,88.6,none,ambiguous
goal,scene_0032,both,text_only,pi05,tokens,8,False,,320,False,False,,True,True,True,akita_black_bowl_1,True,,False,0.1763,,,,,plane,,,3c1789b92a9a175a,8b26697284e5a899,7f1eaeccd96ab079,64,91.3,none,ambiguous
goal,scene_0032,both,text_only,pi05,tokens,9,False,,320,True,True,125,True,True,True,akita_black_bowl_1,True,plate_1,True,0.003,,,,,plane,,,3c1789b92a9a175a,de41f87335538658,515bf052596713e8,64,88.8,none,ambiguous
goal,scene_0032,both,text_only,pi05,tokens,10,False,,320,True,True,129,True,True,True,akita_black_bowl_1,True,plate_1,True,0.0103,,,,,plane,,,3c1789b92a9a175a,1a1ef4fc3dc6f27e,ea416a8d00adc8d1,64,88.1,none,ambiguous
goal,scene_0032,both,text_only,pi05,tokens,11,False,,320,False,False,,True,True,True,akita_black_bowl_1,True,plate_1,True,0.0114,,,,,plane,,,3c1789b92a9a175a,4d538ef563916079,c6c156670206ab8c,64,91.4,none,ambiguous
goal,scene_0032,both,text_only,pi05,tokens,12,False,,320,True,True,91,True,True,True,akita_black_bowl_1,True,plate_1,True,0.0055,,,,,plane,,,3c1789b92a9a175a,8da2274bdc9df92e,5c715625a693ebac,64,89.1,none,ambiguous
goal,scene_0032,both,text_only,pi05,tokens,13,False,,320,False,False,,True,False,False,,False,,False,0.13,,,,,plane,,,3c1789b92a9a175a,ee67e6c80dc96766,bd0f528c223fdfc0,64,87.0,none,ambiguous
goal,scene_0033,both,text_only,pi05,tokens,0,False,,320,False,False,,True,True,True,akita_black_bowl_1,False,akita_black_bowl_1,False,0.0,,,,,plane,,,279ab1a55a89305e,39457d18ff95ae09,f7958916bddc9c20,64,90.8,none,ambiguous
goal,scene_0033,both,text_only,pi05,tokens,1,False,,320,False,False,,True,True,True,akita_black_bowl_1,False,akita_black_bowl_1,False,0.0,,,,,plane,,,279ab1a55a89305e,9625bbcbd7436e41,9e53387f60a52c18,64,91.0,none,ambiguous
goal,scene_0033,both,text_only,pi05,tokens,2,False,,320,False,False,,True,True,True,akita_black_bowl_1,False,akita_black_bowl_1,False,0.0,,,,,plane,,,279ab1a55a89305e,80449feec23dceb2,bf1790eb856d24f4,64,91.7,none,ambiguous
goal,scene_0033,both,text_only,pi05,tokens,3,False,,320,False,False,,True,True,True,akita_black_bowl_2,False,akita_black_bowl_2,True,0.0,,,,,plane,,,279ab1a55a89305e,dbfc46d88fbca978,2f401bcd0748aa6d,64,91.8,none,ambiguous
goal,scene_0033,both,text_only,pi05,tokens,4,False,,320,False,False,,True,True,True,cream_cheese_1,True,,False,0.1232,,,,,plane,,,279ab1a55a89305e,f58fb37d3ac335b7,39688862ffc6ad83,64,90.7,none,ambiguous
goal,scene_0033,both,text_only,pi05,tokens,5,False,,320,False,False,,True,True,True,akita_black_bowl_1,False,akita_black_bowl_1,False,0.0,,,,,plane,,,279ab1a55a89305e,917b97ba13d284c4,ed5429fcb137fbf4,64,91.5,none,ambiguous
goal,scene_0033,both,text_only,pi05,tokens,6,False,,320,False,False,,True,True,True,akita_black_bowl_1,False,akita_black_bowl_1,False,0.0,,,,,plane,,,279ab1a55a89305e,872f5b2d017df7ac,238d5814910c25d8,64,91.2,none,ambiguous
goal,scene_0033,both,text_only,pi05,tokens,7,False,,320,False,False,,True,True,True,akita_black_bowl_1,False,akita_black_bowl_1,False,0.0,,,,,plane,,,279ab1a55a89305e,6d89133961d9f6b1,20472de804f38a6c,64,91.6,none,ambiguous
goal,scene_0033,both,text_only,pi05,tokens,8,False,,320,False,False,,True,True,True,akita_black_bowl_1,False,akita_black_bowl_1,False,0.0,,,,,plane,,,279ab1a55a89305e,8b9b3b8424599d85,d3490a3f60ac6aa1,64,91.9,none,ambiguous
goal,scene_0033,both,text_only,pi05,tokens,9,False,,320,False,False,,True,True,True,akita_black_bowl_2,False,akita_black_bowl_2,True,0.0,,,,,plane,,,279ab1a55a89305e,00ba81871a7fdf58,713b939026131764,64,90.5,none,ambiguous
goal,scene_0033,both,text_only,pi05,tokens,10,False,,320,False,False,,True,True,True,cream_cheese_1,True,,False,0.1346,,,,,plane,,,279ab1a55a89305e,cc2104931d1df3b6,546d66a4a99d8cfa,64,91.3,none,ambiguous
goal,scene_0033,both,text_only,pi05,tokens,11,False,,320,False,False,,True,True,True,akita_black_bowl_1,False,akita_black_bowl_1,False,0.0,,,,,plane,,,279ab1a55a89305e,8754dba1200bebd9,b40a59ff69802338,64,90.8,none,ambiguous
goal,scene_0033,both,text_only,pi05,tokens,12,False,,320,True,True,291,True,True,True,cream_cheese_1,True,akita_black_bowl_2,True,0.0053,,,,,plane,,,279ab1a55a89305e,80fb5ac8e9ad0afc,acdaca14e6f79a6a,64,92.4,none,ambiguous
goal,scene_0033,both,text_only,pi05,tokens,13,False,,320,False,False,,True,True,True,akita_black_bowl_1,False,akita_black_bowl_1,False,0.0,,,,,plane,,,279ab1a55a89305e,e8e0fb76f4cc83c4,d8e454410abe056b,64,90.9,none,ambiguous
goal,scene_0034,both,text_only,pi05,tokens,0,False,,320,True,True,78,True,True,True,akita_black_bowl_1,True,plate_1,True,0.0079,,,,,plane,,,f5a16e4edc475053,1cd54106525c5214,157f382334cc7874,64,87.0,none,ambiguous
goal,scene_0034,both,text_only,pi05,tokens,1,False,,320,True,True,75,True,True,True,akita_black_bowl_1,True,plate_1,True,0.0045,,,,,plane,,,f5a16e4edc475053,dd7e5645f65826e4,5baa7f74d291040d,64,87.1,none,ambiguous
goal,scene_0034,both,text_only,pi05,tokens,2,False,,320,True,True,74,True,True,True,akita_black_bowl_4,False,plate_1,True,0.0165,,,,,plane,,,f5a16e4edc475053,b93568c2a2b2ae14,c1b7bb95ada4fecd,64,87.1,none,ambiguous
goal,scene_0034,both,text_only,pi05,tokens,3,False,,320,True,True,76,True,True,True,akita_black_bowl_1,True,plate_1,True,0.0087,,,,,plane,,,f5a16e4edc475053,b95ff515b591182f,7a491d04d1b1855a,64,86.7,none,ambiguous
goal,scene_0034,both,text_only,pi05,tokens,4,False,,320,True,True,75,True,True,True,akita_black_bowl_1,True,plate_1,True,0.0058,,,,,plane,,,f5a16e4edc475053,8319f98ee863606d,cbcfc71da6e3c1dd,64,87.0,none,ambiguous
goal,scene_0034,both,text_only,pi05,tokens,5,False,,320,True,True,74,True,True,True,akita_black_bowl_1,True,plate_1,True,0.0083,,,,,plane,,,f5a16e4edc475053,d3f233a16f734838,795bc4f4d59891f9,64,86.7,none,ambiguous
goal,scene_0034,both,text_only,pi05,tokens,6,False,,320,True,True,78,True,True,True,akita_black_bowl_1,True,plate_1,True,0.0004,,,,,plane,,,f5a16e4edc475053,518915994c8f7a66,4ec86f726ed749e5,64,86.1,none,ambiguous
goal,scene_0034,both,text_only,pi05,tokens,7,False,,320,True,True,76,True,True,True,akita_black_bowl_1,True,plate_1,True,0.0076,,,,,plane,,,f5a16e4edc475053,91e41f02410c095b,e302af4334b0c108,64,87.0,none,ambiguous
goal,scene_0034,both,text_only,pi05,tokens,8,False,,320,True,True,83,True,True,True,akita_black_bowl_1,True,plate_1,True,0.0101,,,,,plane,,,f5a16e4edc475053,bb38097c15fab0fc,e501101856ea674c,64,88.5,none,ambiguous
goal,scene_0034,both,text_only,pi05,tokens,9,False,,320,True,True,77,True,True,True,akita_black_bowl_1,True,plate_1,True,0.0085,,,,,plane,,,f5a16e4edc475053,8a444f8533e3e893,79e7df756e1a1b51,64,87.5,none,ambiguous
goal,scene_0034,both,text_only,pi05,tokens,10,False,,320,True,True,76,True,True,True,akita_black_bowl_1,True,plate_1,True,0.0077,,,,,plane,,,f5a16e4edc475053,4621adf4ae1a4551,c52354bae811f2aa,64,87.0,none,ambiguous
goal,scene_0034,both,text_only,pi05,tokens,11,False,,320,True,True,78,True,True,True,akita_black_bowl_1,True,plate_1,True,0.0103,,,,,plane,,,f5a16e4edc475053,5b8e4f27aeba79a0,830bd2c2c2e79116,64,85.9,none,ambiguous
goal,scene_0034,both,text_only,pi05,tokens,12,False,,320,True,True,78,True,True,True,akita_black_bowl_1,True,plate_1,True,0.0129,,,,,plane,,,f5a16e4edc475053,6d50c41d065c7e10,90ffb465b6115209,64,86.3,none,ambiguous
goal,scene_0034,both,text_only,pi05,tokens,13,False,,320,True,True,73,True,True,True,akita_black_bowl_1,True,plate_1,True,0.0093,,,,,plane,,,f5a16e4edc475053,d7d85ceb76fd0070,e58060f70a14abdf,64,87.9,none,ambiguous
goal,scene_0035,both,text_only,pi05,tokens,0,False,,320,False,False,,True,False,False,,False,,False,0.1312,,,,,plane,,,35e3cc72bfbf4e00,b8d54a72cfd88b3d,651a951b00d2b8b8,64,86.2,none,ambiguous
goal,scene_0035,both,text_only,pi05,tokens,1,False,,320,False,False,,True,False,False,,False,,False,0.1312,,,,,plane,,,35e3cc72bfbf4e00,fa711cc92bf9fd4d,e8c1d984140c6b1b,64,86.8,none,ambiguous
goal,scene_0035,both,text_only,pi05,tokens,2,False,,320,False,False,,True,False,False,,False,,False,0.1312,,,,,plane,,,35e3cc72bfbf4e00,55dc5af6b42c53bf,f07018eac5d06fdb,64,86.8,none,ambiguous
goal,scene_0035,both,text_only,pi05,tokens,3,False,,320,False,False,,True,False,False,,False,,False,0.1312,,,,,plane,,,35e3cc72bfbf4e00,bd7f0c9c761b1d7a,483bca67511b8055,64,86.9,none,ambiguous
goal,scene_0035,both,text_only,pi05,tokens,4,False,,320,False,False,,True,False,False,,False,,False,0.1312,,,,,plane,,,35e3cc72bfbf4e00,18c8a68a0251c418,ca942bbe3b3c55c4,64,86.4,none,ambiguous
goal,scene_0035,both,text_only,pi05,tokens,5,False,,320,False,False,,True,False,False,,False,,False,0.1312,,,,,plane,,,35e3cc72bfbf4e00,180d79efe3cc82a5,ba176ee7363dc25b,64,86.8,none,ambiguous
goal,scene_0035,both,text_only,pi05,tokens,6,False,,320,False,False,,True,True,True,akita_black_bowl_1,False,akita_black_bowl_1,False,0.0,,,,,plane,,,35e3cc72bfbf4e00,b0646213faebbac2,8a78ea56073754e3,64,87.0,none,ambiguous
goal,scene_0035,both,text_only,pi05,tokens,7,False,,320,False,False,,True,False,False,,False,,False,0.1312,,,,,plane,,,35e3cc72bfbf4e00,fe5e769a217806a5,fdd36d50b0467319,64,87.3,none,ambiguous
goal,scene_0035,both,text_only,pi05,tokens,8,False,,320,False,False,,True,False,False,,False,,False,0.1312,,,,,plane,,,35e3cc72bfbf4e00,d6c4dd05e7f09dcd,965ecb6109ec0b41,64,86.7,none,ambiguous
goal,scene_0035,both,text_only,pi05,tokens,9,False,,320,False,False,,True,False,False,,False,,False,0.1312,,,,,plane,,,35e3cc72bfbf4e00,a244ddd816a2d8b1,fd9fe95ec8d38638,64,87.0,none,ambiguous
goal,scene_0035,both,text_only,pi05,tokens,10,False,,320,False,False,,True,False,False,,False,,False,0.1312,,,,,plane,,,35e3cc72bfbf4e00,b185f1714c1bb1a9,d11ca358b6a65ba9,64,86.5,none,ambiguous
goal,scene_0035,both,text_only,pi05,tokens,11,False,,320,False,False,,True,False,False,,False,,False,0.1312,,,,,plane,,,35e3cc72bfbf4e00,bd364bdfc461663d,f59be101b4fab2c3,64,87.9,none,ambiguous
goal,scene_0035,both,text_only,pi05,tokens,12,False,,320,False,False,,True,False,False,,False,,False,0.1312,,,,,plane,,,35e3cc72bfbf4e00,5faa95305bbe5261,72c747d206929448,64,86.7,none,ambiguous
goal,scene_0035,both,text_only,pi05,tokens,13,False,,320,False,False,,True,False,False,,False,,False,0.1312,,,,,plane,,,35e3cc72bfbf4e00,1f5b612b5f5499a2,6f930ea6ebd9e6c5,64,87.3,none,ambiguous
goal,scene_0036,both,text_only,pi05,tokens,0,False,,320,False,False,,True,False,False,,False,,False,0.1142,,,,,plane,,,6e37e267bebdecbd,913930ce124c3134,de673c3b57b65388,64,87.5,none,ambiguous
goal,scene_0036,both,text_only,pi05,tokens,1,False,,320,False,False,,True,True,True,plate_2,False,plate_2,True,0.0,,,,,plane,,,6e37e267bebdecbd,e6959428fbc9c3bc,bccf360b89c46727,64,86.8,none,ambiguous
goal,scene_0036,both,text_only,pi05,tokens,2,False,,320,False,False,,True,False,False,,False,,False,0.1169,,,,,plane,,,6e37e267bebdecbd,f1b5444a9fefbf20,d3bf6aaa149cf849,64,87.9,none,ambiguous
goal,scene_0036,both,text_only,pi05,tokens,3,False,,320,False,False,,True,True,True,akita_black_bowl_1,True,plate_1,False,0.0341,,,,,plane,,,6e37e267bebdecbd,cddceeceb14ea713,d7ebe414e577ed28,64,86.5,none,ambiguous
goal,scene_0036,both,text_only,pi05,tokens,4,False,,320,False,False,,True,False,False,,False,,False,0.1169,,,,,plane,,,6e37e267bebdecbd,cc52464ea700b372,f4bd112cf035afe0,64,86.4,none,ambiguous
goal,scene_0036,both,text_only,pi05,tokens,5,False,,320,False,False,,True,False,False,,False,,False,0.1255,,,,,plane,,,6e37e267bebdecbd,3dfdc65abef10d28,672f5759d0dc1655,64,87.8,none,ambiguous
goal,scene_0036,both,text_only,pi05,tokens,6,False,,320,False,False,,True,False,False,,False,,False,0.1169,,,,,plane,,,6e37e267bebdecbd,01abbdb3a7e66c3a,faa17af39c83d87e,64,86.5,none,ambiguous
goal,scene_0036,both,text_only,pi05,tokens,7,False,,320,False,False,,True,False,False,,False,,False,0.1214,,,,,plane,,,6e37e267bebdecbd,14824a4897f809c0,8d1d17c70b8c6d2a,64,87.3,none,ambiguous
goal,scene_0036,both,text_only,pi05,tokens,8,False,,320,False,False,,True,False,False,,False,,False,0.1273,,,,,plane,,,6e37e267bebdecbd,6ac945498692ee12,b83f2fdfb7bfecaa,64,86.7,none,ambiguous
goal,scene_0036,both,text_only,pi05,tokens,9,False,,320,False,False,,True,False,False,,False,,False,0.1169,,,,,plane,,,6e37e267bebdecbd,29c8314c47d9ccaf,ce1c4c5909546a3b,64,86.9,none,ambiguous
goal,scene_0036,both,text_only,pi05,tokens,10,False,,320,False,False,,True,False,False,,False,,False,0.1169,,,,,plane,,,6e37e267bebdecbd,27759f7ce7ed41db,b291b3cc7f8e77ab,64,87.1,none,ambiguous
goal,scene_0036,both,text_only,pi05,tokens,11,False,,320,False,False,,True,False,False,,False,,False,0.1177,,,,,plane,,,6e37e267bebdecbd,2c159eb8dfce98af,ea20a8e14c9a59a6,64,87.3,none,ambiguous
goal,scene_0036,both,text_only,pi05,tokens,12,False,,320,False,False,,True,False,False,,False,,False,0.1169,,,,,plane,,,6e37e267bebdecbd,44f29db9d7dacb19,5117f823a7c5baae,64,87.0,none,ambiguous
goal,scene_0036,both,text_only,pi05,tokens,13,False,,320,False,False,,True,True,True,akita_black_bowl_1,True,plate_1,False,0.0271,,,,,plane,,,6e37e267bebdecbd,e104441837d0d171,08ccb5f31419e584,64,86.3,none,ambiguous
goal,scene_0037,both,text_only,pi05,tokens,0,False,,320,False,False,,True,True,True,akita_black_bowl_1,False,akita_black_bowl_1,True,0.0,,,,,plane,,,c011c00afc56a04f,d783ef7dcfefde98,79a3bf28d11f4d7e,64,87.2,none,ambiguous
goal,scene_0037,both,text_only,pi05,tokens,1,False,,320,False,False,,True,True,True,akita_black_bowl_1,False,akita_black_bowl_1,True,0.0,,,,,plane,,,c011c00afc56a04f,cfd8745dcc2f4ebb,22339484c1175180,64,85.8,none,ambiguous
goal,scene_0037,both,text_only,pi05,tokens,2,False,,320,False,False,,True,True,True,akita_black_bowl_1,False,akita_black_bowl_1,True,0.0,,,,,plane,,,c011c00afc56a04f,a7f32cb710a0bc43,c9be972cec421084,64,86.6,none,ambiguous
goal,scene_0037,both,text_only,pi05,tokens,3,False,,320,False,False,,True,True,True,akita_black_bowl_1,False,akita_black_bowl_1,True,0.0,,,,,plane,,,c011c00afc56a04f,0f6e73fdbe86be69,701d7c80d6507c9a,64,86.8,none,ambiguous
goal,scene_0037,both,text_only,pi05,tokens,4,False,,320,False,False,,True,True,True,akita_black_bowl_1,False,akita_black_bowl_1,True,0.0,,,,,plane,,,c011c00afc56a04f,9db8e06c9a780a2a,fbb178ae1f016149,64,87.1,none,ambiguous
goal,scene_0037,both,text_only,pi05,tokens,5,False,,320,False,False,,True,True,True,akita_black_bowl_1,False,akita_black_bowl_1,True,0.0,,,,,plane,,,c011c00afc56a04f,d7d50100debd1f46,e8243abdf59a096d,64,86.5,none,ambiguous
goal,scene_0037,both,text_only,pi05,tokens,6,False,,320,False,False,,True,True,True,akita_black_bowl_1,False,akita_black_bowl_1,True,0.0,,,,,plane,,,c011c00afc56a04f,1d1457c637f1c7b1,3152fb313269642f,64,86.6,none,ambiguous
goal,scene_0037,both,text_only,pi05,tokens,7,False,,320,False,False,,True,True,True,akita_black_bowl_1,False,akita_black_bowl_1,True,0.0,,,,,plane,,,c011c00afc56a04f,dc0b772358124d7b,6deed1140996f1d8,64,85.9,none,ambiguous
goal,scene_0037,both,text_only,pi05,tokens,8,False,,320,False,False,,True,True,True,akita_black_bowl_1,False,akita_black_bowl_1,True,0.0,,,,,plane,,,c011c00afc56a04f,3bb5080f87dd68e8,dc5fa5399a4bf242,64,85.8,none,ambiguous
goal,scene_0037,both,text_only,pi05,tokens,9,False,,320,False,False,,True,True,True,akita_black_bowl_1,False,akita_black_bowl_1,True,0.0,,,,,plane,,,c011c00afc56a04f,9315e69f50d29c23,7efa0c16d5f3b3cb,64,86.8,none,ambiguous
goal,scene_0037,both,text_only,pi05,tokens,10,False,,320,False,False,,True,True,True,akita_black_bowl_1,False,akita_black_bowl_1,True,0.0,,,,,plane,,,c011c00afc56a04f,3ce13732d9a8f29f,6cabffc4f6862f8e,64,86.7,none,ambiguous
goal,scene_0037,both,text_only,pi05,tokens,11,False,,320,False,False,,True,True,True,akita_black_bowl_1,False,akita_black_bowl_1,True,0.0,,,,,plane,,,c011c00afc56a04f,5690fe016b8c1155,0b853dbb5d5f2bf2,64,87.2,none,ambiguous
goal,scene_0037,both,text_only,pi05,tokens,12,False,,320,False,False,,True,True,True,akita_black_bowl_1,False,akita_black_bowl_1,True,0.0,,,,,plane,,,c011c00afc56a04f,ee1cd55fb110eef3,0c75791d03b9f2d8,64,86.9,none,ambiguous
goal,scene_0037,both,text_only,pi05,tokens,13,False,,320,False,False,,True,True,True,akita_black_bowl_1,False,akita_black_bowl_1,True,0.0,,,,,plane,,,c011c00afc56a04f,a1e6bff315a68f95,2ad669f7120ce34c,64,86.5,none,ambiguous
