suite,dir,tier,condition,policy,sketch_route,rollout_idx,skipped,skip_reason,n_steps,success_final,success_sustained,first_success_step,grasp_success_flag,grasped_any,lifted,grasped_instance,correct_instance_grasped,nearest_destination,correct_destination,terminal_dist_xy,sketch_referent_object,sketch_referent_destination,sketch_fidelity_object,sketch_fidelity_destination,deproject,z_pick,z_place,init_state_hash,init_warmstart_hash,final_state_hash,n_infer_calls,infer_ms_mean,pi05_sketch_mode
spatial,scene_0000,control,auto,oracle,tokens,0,False,,200,True,True,166,True,True,True,akita_black_bowl_1,True,plate_1,True,0.0242,akita_black_bowl_1,plate_1,True,True,plane,0.92,0.92,d1b42b0dcd62c359,97c288a59c274363,3ea7d1f6488bfb47,,,
spatial,scene_0000,control,auto,oracle,tokens,1,False,,200,True,True,166,True,True,True,akita_black_bowl_1,True,plate_1,True,0.0239,akita_black_bowl_1,plate_1,True,True,plane,0.92,0.92,d1b42b0dcd62c359,2c9151149555ae37,ceeb06c46fb16059,,,
spatial,scene_0000,control,auto,oracle,tokens,2,False,,200,True,True,166,True,True,True,akita_black_bowl_1,True,plate_1,True,0.0244,akita_black_bowl_1,plate_1,True,True,plane,0.92,0.92,d1b42b0dcd62c359,c45e153747a151fb,bff79f26cc2d1ae0,,,
spatial,scene_0000,control,auto,oracle,tokens,3,False,,200,True,True,166,True,True,True,akita_black_bowl_1,True,plate_1,True,0.024,akita_black_bowl_1,plate_1,True,True,plane,0.92,0.92,d1b42b0dcd62c359,0d887455f71f564a,eeba677009bb94f7,,,
spatial,scene_0000,control,auto,oracle,tokens,4,False,,200,True,True,166,True,True,True,akita_black_bowl_1,True,plate_1,True,0.0243,akita_black_bowl_1,plate_1,True,True,plane,0.92,0.92,d1b42b0dcd62c359,87c429240bea8f6e,a39a17cea8f03814,,,
spatial,scene_0000,control,auto,oracle,tokens,5,False,,200,True,True,166,True,True,True,akita_black_bowl_1,True,plate_1,True,0.0239,akita_black_bowl_1,plate_1,True,True,plane,0.92,0.92,d1b42b0dcd62c359,47d6cb244a88c3a2,846552d5a442b83f,,,
spatial,scene_0000,control,auto,oracle,tokens,6,False,,200,True,True,166,True,True,True,akita_black_bowl_1,True,plate_1,True,0.0242,akita_black_bowl_1,plate_1,True,True,plane,0.92,0.92,d1b42b0dcd62c359,81fe68c8647cc183,d7fa39190b625729,,,
spatial,scene_0000,control,auto,oracle,tokens,7,False,,200,True,True,166,True,True,True,akita_black_bowl_1,True,plate_1,True,0.0238,akita_black_bowl_1,plate_1,True,True,plane,0.92,0.92,d1b42b0dcd62c359,003de3ac07274b85,6d235482fd2d0528,,,
spatial,scene_0000,control,auto,oracle,tokens,8,False,,200,True,True,166,True,True,True,akita_black_bowl_1,True,plate_1,True,0.024,akita_black_bowl_1,plate_1,True,True,plane,0.92,0.92,d1b42b0dcd62c359,e1a4620f28f0b4a6,4d1993a35b5de069,,,
spatial,scene_0000,control,auto,oracle,tokens,9,False,,200,True,True,166,True,True,True,akita_black_bowl_1,True,plate_1,True,0.0238,akita_black_bowl_1,plate_1,True,True,plane,0.92,0.92,d1b42b0dcd62c359,c8baad67892f573c,64c55242a50878f9,,,
spatial,scene_0000,control,human:aaron_test,oracle,tokens,0,False,,200,True,True,166,True,True,True,akita_black_bowl_1,True,plate_1,True,0.0136,akita_black_bowl_1,plate_1,True,True,plane,0.92,0.92,d1b42b0dcd62c359,88f9cb18620102a1,92339f906c509061,,,
spatial,scene_0000,control,human:aaron_test,oracle,tokens,1,False,,200,True,True,166,True,True,True,akita_black_bowl_1,True,plate_1,True,0.0133,akita_black_bowl_1,plate_1,True,True,plane,0.92,0.92,d1b42b0dcd62c359,fa7650baa69b72a8,46ff7448dae433c9,,,
spatial,scene_0000,control,human:aaron_test,oracle,tokens,2,False,,200,True,True,166,True,True,True,akita_black_bowl_1,True,plate_1,True,0.0134,akita_black_bowl_1,plate_1,True,True,plane,0.92,0.92,d1b42b0dcd62c359,b795a7260d2af131,f600556bb3d99089,,,
spatial,scene_0000,control,human:aaron_test,oracle,tokens,3,False,,200,True,True,166,True,True,True,akita_black_bowl_1,True,plate_1,True,0.0141,akita_black_bowl_1,plate_1,True,True,plane,0.92,0.92,d1b42b0dcd62c359,ff5cd5ce6e41afb8,e5d96f75cad594eb,,,
spatial,scene_0000,control,human:aaron_test,oracle,tokens,4,False,,200,True,True,166,True,True,True,akita_black_bowl_1,True,plate_1,True,0.0137,akita_black_bowl_1,plate_1,True,True,plane,0.92,0.92,d1b42b0dcd62c359,c9bc07f679c7ad0c,0a4e650d97ec652e,,,
spatial,scene_0000,control,human:aaron_test,oracle,tokens,5,False,,200,True,True,166,True,True,True,akita_black_bowl_1,True,plate_1,True,0.0137,akita_black_bowl_1,plate_1,True,True,plane,0.92,0.92,d1b42b0dcd62c359,31c843a17a66c1b4,a73428cbd0cea741,,,
spatial,scene_0000,control,human:aaron_test,oracle,tokens,6,False,,200,True,True,166,True,True,True,akita_black_bowl_1,True,plate_1,True,0.0134,akita_black_bowl_1,plate_1,True,True,plane,0.92,0.92,d1b42b0dcd62c359,d03daff408288cc4,a0e7b44d48aadd2b,,,
spatial,scene_0000,control,human:aaron_test,oracle,tokens,7,False,,200,True,True,166,True,True,True,akita_black_bowl_1,True,plate_1,True,0.0133,akita_black_bowl_1,plate_1,True,True,plane,0.92,0.92,d1b42b0dcd62c359,66dbedabfff72ec0,89016b90349a0a2d,,,
spatial,scene_0000,control,human:aaron_test,oracle,tokens,8,False,,200,True,True,166,True,True,True,akita_black_bowl_1,True,plate_1,True,0.0139,akita_black_bowl_1,plate_1,True,True,plane,0.92,0.92,d1b42b0dcd62c359,c806ac0e7614ebe4,c1c90619391e45f0,,,
spatial,scene_0000,control,human:aaron_test,oracle,tokens,9,False,,200,True,True,166,True,True,True,akita_black_bowl_1,True,plate_1,True,0.0135,akita_black_bowl_1,plate_1,True,True,plane,0.92,0.92,d1b42b0dcd62c359,54c3be7e97c6e52c,8c9b07e55c9f6aaa,,,
spatial,scene_0001,control,auto,oracle,tokens,0,False,,200,True,True,166,True,True,True,akita_black_bowl_1,True,plate_1,True,0.0098,akita_black_bowl_1,plate_1,True,True,plane,0.92,0.92,52a969ecb73b891c,cd14561cc66a6ea6,62165bbe642a68a6,,,
spatial,scene_0001,control,auto,oracle,tokens,1,False,,200,True,True,166,True,True,True,akita_black_bowl_1,True,plate_1,True,0.0098,akita_black_bowl_1,plate_1,True,True,plane,0.92,0.92,52a969ecb73b891c,29f46491781b60ee,2256e90e8a25e16d,,,
spatial,scene_0001,control,auto,oracle,tokens,2,False,,200,True,True,166,True,True,True,akita_black_bowl_1,True,plate_1,True,0.0097,akita_black_bowl_1,plate_1,True,True,plane,0.92,0.92,52a969ecb73b891c,173a77ea0d6344af,0eb5195d199155a5,,,
spatial,scene_0001,control,auto,oracle,tokens,3,False,,200,True,True,166,True,True,True,akita_black_bowl_1,True,plate_1,True,0.0099,akita_black_bowl_1,plate_1,True,True,plane,0.92,0.92,52a969ecb73b891c,708ac63168a78a4b,d8a65061597ae7a5,,,
spatial,scene_0001,control,auto,oracle,tokens,4,False,,200,True,True,166,True,True,True,akita_black_bowl_1,True,plate_1,True,0.0097,akita_black_bowl_1,plate_1,True,True,plane,0.92,0.92,52a969ecb73b891c,6fa6e83726b785a5,cc3776c75d3d5e93,,,
spatial,scene_0001,control,auto,oracle,tokens,5,False,,200,True,True,166,True,True,True,akita_black_bowl_1,True,plate_1,True,0.0097,akita_black_bowl_1,plate_1,True,True,plane,0.92,0.92,52a969ecb73b891c,a42bacc9083e4dd3,ad0068e1bfabbc91,,,
spatial,scene_0001,control,auto,oracle,tokens,6,False,,200,True,True,166,True,True,True,akita_black_bowl_1,True,plate_1,True,0.0099,akita_black_bowl_1,plate_1,True,True,plane,0.92,0.92,52a969ecb73b891c,ced4dbe69f9952ac,4e97d6065ec2bdf9,,,
spatial,scene_0001,control,auto,oracle,tokens,7,False,,200,True,True,166,True,True,True,akita_black_bowl_1,True,plate_1,True,0.0098,akita_black_bowl_1,plate_1,True,True,plane,0.92,0.92,52a969ecb73b891c,012350adbc634aa7,d9871f59072ee75e,,,
spatial,scene_0001,control,auto,oracle,tokens,8,False,,200,True,True,166,True,True,True,akita_black_bowl_1,True,plate_1,True,0.0101,akita_black_bowl_1,plate_1,True,True,plane,0.92,0.92,52a969ecb73b891c,411e56fee5005a18,cc3ffb40f258b249,,,
spatial,scene_0001,control,auto,oracle,tokens,9,False,,200,True,True,166,True,True,True,akita_black_bowl_1,True,plate_1,True,0.01,akita_black_bowl_1,plate_1,True,True,plane,0.92,0.92,52a969ecb73b891c,2fa4fc00ac1feff7,f36b3723f531ac5d,,,
spatial,scene_0001,control,human:aaron_test,oracle,tokens,0,False,,200,True,True,166,True,True,True,akita_black_bowl_1,True,plate_1,True,0.0176,akita_black_bowl_1,plate_1,True,True,plane,0.92,0.92,52a969ecb73b891c,a4067b2ad8daa76a,1b43e1a70d77b546,,,
spatial,scene_0001,control,human:aaron_test,oracle,tokens,1,False,,200,True,True,166,True,True,True,akita_black_bowl_1,True,plate_1,True,0.0176,akita_black_bowl_1,plate_1,True,True,plane,0.92,0.92,52a969ecb73b891c,65cc78e1cbdd552d,d511e4f4fe3e4547,,,
spatial,scene_0001,control,human:aaron_test,oracle,tokens,2,False,,200,True,True,166,True,True,True,akita_black_bowl_1,True,plate_1,True,0.0175,akita_black_bowl_1,plate_1,True,True,plane,0.92,0.92,52a969ecb73b891c,c916032903de7abe,27fab37bd01330b7,,,
spatial,scene_0001,control,human:aaron_test,oracle,tokens,3,False,,200,True,True,166,True,True,True,akita_black_bowl_1,True,plate_1,True,0.0174,akita_black_bowl_1,plate_1,True,True,plane,0.92,0.92,52a969ecb73b891c,a3092dfdb46389cb,59504c6b9748531b,,,
spatial,scene_0001,control,human:aaron_test,oracle,tokens,4,False,,200,True,True,166,True,True,True,akita_black_bowl_1,True,plate_1,True,0.0173,akita_black_bowl_1,plate_1,True,True,plane,0.92,0.92,52a969ecb73b891c,597304bc793510ab,8160ecf84a9d1038,,,
spatial,scene_0001,control,human:aaron_test,oracle,tokens,5,False,,200,True,True,166,True,True,True,akita_black_bowl_1,True,plate_1,True,0.0173,akita_black_bowl_1,plate_1,True,True,plane,0.92,0.92,52a969ecb73b891c,c2d044bdd0c9fbd0,695036fb0fd54e29,,,
spatial,scene_0001,control,human:aaron_test,oracle,tokens,6,False,,200,True,True,166,True,True,True,akita_black_bowl_1,True,plate_1,True,0.0172,akita_black_bowl_1,plate_1,True,True,plane,0.92,0.92,52a969ecb73b891c,683fa7c3b26e6d2d,e76eb655a41d4bf7,,,
spatial,scene_0001,control,human:aaron_test,oracle,tokens,7,False,,200,True,True,166,True,True,True,akita_black_bowl_1,True,plate_1,True,0.0172,akita_black_bowl_1,plate_1,True,True,plane,0.92,0.92,52a969ecb73b891c,e995c712325907bc,97ce30385491e8b6,,,
spatial,scene_0001,control,human:aaron_test,oracle,tokens,8,False,,200,True,True,166,True,True,True,akita_black_bowl_1,True,plate_1,True,0.0171,akita_black_bowl_1,plate_1,True,True,plane,0.92,0.92,52a969ecb73b891c,a8f0f61ccb92df4b,458ac3394db67a7a,,,
spatial,scene_0001,control,human:aaron_test,oracle,tokens,9,False,,200,True,True,166,True,True,True,akita_black_bowl_1,True,plate_1,True,0.017,akita_black_bowl_1,plate_1,True,True,plane,0.92,0.92,52a969ecb73b891c,d604d7088875eee4,a6a1a58c8e3eba2f,,,
spatial,scene_0008,referential,auto,oracle,tokens,0,False,,200,True,True,166,True,True,True,akita_black_bowl_2,True,plate_1,True,0.0262,akita_black_bowl_2,plate_1,True,True,plane,0.92,0.92,b5bc6f7854e8d826,e3543c4393596eae,23add6fff6c86a31,,,
spatial,scene_0008,referential,auto,oracle,tokens,1,False,,200,False,False,166,True,True,True,akita_black_bowl_2,True,plate_1,True,0.0262,akita_black_bowl_2,plate_1,True,True,plane,0.92,0.92,b5bc6f7854e8d826,a12f0c98d7c289e8,f9e6e13900aa928e,,,
spatial,scene_0008,referential,auto,oracle,tokens,2,False,,200,False,False,,True,True,True,akita_black_bowl_2,True,plate_1,True,0.0262,akita_black_bowl_2,plate_1,True,True,plane,0.92,0.92,b5bc6f7854e8d826,06d50aa2022170a6,df0f7f76d8eb767f,,,
spatial,scene_0008,referential,auto,oracle,tokens,3,False,,200,False,False,166,True,True,True,akita_black_bowl_2,True,plate_1,True,0.0263,akita_black_bowl_2,plate_1,True,True,plane,0.92,0.92,b5bc6f7854e8d826,7a05bafc69bb41d4,9d44b4b5ff236760,,,
spatial,scene_0008,referential,auto,oracle,tokens,4,False,,200,False,False,,True,True,True,akita_black_bowl_2,True,plate_1,True,0.0263,akita_black_bowl_2,plate_1,True,True,plane,0.92,0.92,b5bc6f7854e8d826,743e78f91b86c063,e1dc478bbc25fe28,,,
spatial,scene_0008,referential,auto,oracle,tokens,5,False,,200,False,False,,True,True,True,akita_black_bowl_2,True,plate_1,True,0.0264,akita_black_bowl_2,plate_1,True,True,plane,0.92,0.92,b5bc6f7854e8d826,6eaad7c65ae0d030,8610bf639098a39c,,,
spatial,scene_0008,referential,auto,oracle,tokens,6,False,,200,False,False,,True,True,True,akita_black_bowl_2,True,plate_1,True,0.0263,akita_black_bowl_2,plate_1,True,True,plane,0.92,0.92,b5bc6f7854e8d826,f7d87c1c4f74acd3,7b2b1613de049f8f,,,
spatial,scene_0008,referential,auto,oracle,tokens,7,False,,200,False,False,,True,True,True,akita_black_bowl_2,True,plate_1,True,0.0262,akita_black_bowl_2,plate_1,True,True,plane,0.92,0.92,b5bc6f7854e8d826,0bf3db1a97d00a32,6cf45bc4017c432b,,,
spatial,scene_0008,referential,auto,oracle,tokens,8,False,,200,False,False,,True,True,True,akita_black_bowl_2,True,plate_1,True,0.0263,akita_black_bowl_2,plate_1,True,True,plane,0.92,0.92,b5bc6f7854e8d826,37651570b549ae20,af037a18620a94f2,,,
spatial,scene_0008,referential,auto,oracle,tokens,9,False,,200,True,True,166,True,True,True,akita_black_bowl_2,True,plate_1,True,0.026,akita_black_bowl_2,plate_1,True,True,plane,0.92,0.92,b5bc6f7854e8d826,4c71e9f3dab68603,d5d9ceb44d256e5b,,,
spatial,scene_0008,referential,human:aaron_test,oracle,tokens,0,False,,200,False,False,,True,True,True,akita_black_bowl_3,False,plate_1,True,0.0165,akita_black_bowl_3,plate_1,True,True,plane,0.92,0.92,b5bc6f7854e8d826,5b2c09e3d6357476,ae06fe30b7cb5dbb,,,
spatial,scene_0008,referential,human:aaron_test,oracle,tokens,1,False,,200,False,False,,True,True,True,akita_black_bowl_3,False,plate_1,True,0.0157,akita_black_bowl_3,plate_1,True,True,plane,0.92,0.92,b5bc6f7854e8d826,d35ae085ce31bdae,f3a5ba2a1635f5e1,,,
spatial,scene_0008,referential,human:aaron_test,oracle,tokens,2,False,,200,False,False,,True,True,True,akita_black_bowl_3,False,plate_1,True,0.0165,akita_black_bowl_3,plate_1,True,True,plane,0.92,0.92,b5bc6f7854e8d826,7dd30a350f371b86,edfd99250c4e3dc6,,,
spatial,scene_0008,referential,human:aaron_test,oracle,tokens,3,False,,200,False,False,,True,True,True,akita_black_bowl_3,False,plate_1,True,0.0164,akita_black_bowl_3,plate_1,True,True,plane,0.92,0.92,b5bc6f7854e8d826,37a6c37c0fae571d,9ba9424b0234950a,,,
spatial,scene_0008,referential,human:aaron_test,oracle,tokens,4,False,,200,False,False,,True,True,True,akita_black_bowl_3,False,plate_1,True,0.0158,akita_black_bowl_3,plate_1,True,True,plane,0.92,0.92,b5bc6f7854e8d826,31b52e1fc48d63d2,cb870a721cd70739,,,
spatial,scene_0008,referential,human:aaron_test,oracle,tokens,5,False,,200,False,False,,True,True,True,akita_black_bowl_3,False,plate_1,True,0.0162,akita_black_bowl_3,plate_1,True,True,plane,0.92,0.92,b5bc6f7854e8d826,e16044fd47f68dc2,5c3d3be4f44af2c7,,,
spatial,scene_0008,referential,human:aaron_test,oracle,tokens,6,False,,200,False,False,,True,True,True,akita_black_bowl_3,False,plate_1,True,0.0163,akita_black_bowl_3,plate_1,True,True,plane,0.92,0.92,b5bc6f7854e8d826,14a7ba1140fec898,e1e870067b694cf6,,,
spatial,scene_0008,referential,human:aaron_test,oracle,tokens,7,False,,200,False,False,,True,True,True,akita_black_bowl_3,False,plate_1,True,0.0163,akita_black_bowl_3,plate_1,True,True,plane,0.92,0.92,b5bc6f7854e8d826,75d62a2caf5a673a,bf613d992bb97866,,,
spatial,scene_0008,referential,human:aaron_test,oracle,tokens,8,False,,200,False,False,,True,True,True,akita_black_bowl_3,False,plate_1,True,0.0157,akita_black_bowl_3,plate_1,True,True,plane,0.92,0.92,b5bc6f7854e8d826,29bc2599e0a5ceab,ecaace3c5bd4244e,,,
spatial,scene_0008,referential,human:aaron_test,oracle,tokens,9,False,,200,False,False,,True,True,True,akita_black_bowl_3,False,plate_1,True,0.0161,akita_black_bowl_3,plate_1,True,True,plane,0.92,0.92,b5bc6f7854e8d826,787d5bb3bdbe07a8,736155a404d3222e,,,
spatial,scene_0009,referential,auto,oracle,tokens,0,False,,200,False,False,,True,True,True,akita_black_bowl_2,True,plate_1,True,0.0331,akita_black_bowl_2,plate_1,True,True,plane,0.92,0.92,2ab3a665f4a9fe53,0b1f473de5a47a7e,2975e41dad337f42,,,
spatial,scene_0009,referential,auto,oracle,tokens,1,False,,200,False,False,,True,True,True,akita_black_bowl_2,True,plate_1,True,0.0332,akita_black_bowl_2,plate_1,True,True,plane,0.92,0.92,2ab3a665f4a9fe53,d7f2efcffcba9aa4,d40d42e60b4abe49,,,
spatial,scene_0009,referential,auto,oracle,tokens,2,False,,200,False,False,,True,True,True,akita_black_bowl_2,True,plate_1,True,0.0331,akita_black_bowl_2,plate_1,True,True,plane,0.92,0.92,2ab3a665f4a9fe53,98e34258bcacce1a,4cdd11ac6a4d6ed1,,,
spatial,scene_0009,referential,auto,oracle,tokens,3,False,,200,False,False,,True,True,True,akita_black_bowl_2,True,plate_1,True,0.033,akita_black_bowl_2,plate_1,True,True,plane,0.92,0.92,2ab3a665f4a9fe53,0d07678ce81b4750,06bbb1e487ec2ed8,,,
spatial,scene_0009,referential,auto,oracle,tokens,4,False,,200,False,False,,True,True,True,akita_black_bowl_2,True,plate_1,True,0.0332,akita_black_bowl_2,plate_1,True,True,plane,0.92,0.92,2ab3a665f4a9fe53,c87b512a3e42a7c5,36ab156179211126,,,
spatial,scene_0009,referential,auto,oracle,tokens,5,False,,200,False,False,,True,True,True,akita_black_bowl_2,True,plate_1,True,0.0332,akita_black_bowl_2,plate_1,True,True,plane,0.92,0.92,2ab3a665f4a9fe53,6f5dee12b497a6a9,f2d5cd5c62fa5ac7,,,
spatial,scene_0009,referential,auto,oracle,tokens,6,False,,200,False,False,,True,True,True,akita_black_bowl_2,True,plate_1,True,0.0326,akita_black_bowl_2,plate_1,True,True,plane,0.92,0.92,2ab3a665f4a9fe53,d45ee416a0400917,783370d5c55f559c,,,
spatial,scene_0009,referential,auto,oracle,tokens,7,False,,200,False,False,,True,True,True,akita_black_bowl_2,True,plate_1,True,0.0329,akita_black_bowl_2,plate_1,True,True,plane,0.92,0.92,2ab3a665f4a9fe53,faecaf779f073ed7,d3ebaa8def86123f,,,
spatial,scene_0009,referential,auto,oracle,tokens,8,False,,200,False,False,,True,True,True,akita_black_bowl_2,True,plate_1,True,0.0331,akita_black_bowl_2,plate_1,True,True,plane,0.92,0.92,2ab3a665f4a9fe53,e7fbc7edb126d061,164e3a08c0700a6c,,,
spatial,scene_0009,referential,auto,oracle,tokens,9,False,,200,False,False,,True,True,True,akita_black_bowl_2,True,plate_1,True,0.0329,akita_black_bowl_2,plate_1,True,True,plane,0.92,0.92,2ab3a665f4a9fe53,d391f28b39b205fa,d3b344f3fcc6f7c0,,,
spatial,scene_0009,referential,human:aaron_test,oracle,tokens,0,False,,200,False,False,,True,True,True,akita_black_bowl_1,False,plate_1,True,0.0067,akita_black_bowl_1,plate_1,True,True,plane,0.92,0.92,2ab3a665f4a9fe53,53058392e648c6dd,216c8f67959875e1,,,
spatial,scene_0009,referential,human:aaron_test,oracle,tokens,1,False,,200,False,False,,True,True,True,akita_black_bowl_1,False,plate_1,True,0.007,akita_black_bowl_1,plate_1,True,True,plane,0.92,0.92,2ab3a665f4a9fe53,da542d6bc6f8877d,d4fa25a74870867e,,,
spatial,scene_0009,referential,human:aaron_test,oracle,tokens,2,False,,200,False,False,,True,True,True,akita_black_bowl_1,False,plate_1,True,0.0068,akita_black_bowl_1,plate_1,True,True,plane,0.92,0.92,2ab3a665f4a9fe53,785ba3143d14ed17,48064ac69d5ed123,,,
spatial,scene_0009,referential,human:aaron_test,oracle,tokens,3,False,,200,False,False,,True,True,True,akita_black_bowl_1,False,plate_1,True,0.0071,akita_black_bowl_1,plate_1,True,True,plane,0.92,0.92,2ab3a665f4a9fe53,fe5812e970c01ebe,c48b7e6f9a128a77,,,
spatial,scene_0009,referential,human:aaron_test,oracle,tokens,4,False,,200,False,False,,True,True,True,akita_black_bowl_1,False,plate_1,True,0.0071,akita_black_bowl_1,plate_1,True,True,plane,0.92,0.92,2ab3a665f4a9fe53,9928288db6b79c0d,52ac779a6984896c,,,
spatial,scene_0009,referential,human:aaron_test,oracle,tokens,5,False,,200,False,False,,True,True,True,akita_black_bowl_1,False,plate_1,True,0.0072,akita_black_bowl_1,plate_1,True,True,plane,0.92,0.92,2ab3a665f4a9fe53,158a0aeaa40aef83,5f38c82013ac431a,,,
spatial,scene_0009,referential,human:aaron_test,oracle,tokens,6,False,,200,False,False,,True,True,True,akita_black_bowl_1,False,plate_1,True,0.007,akita_black_bowl_1,plate_1,True,True,plane,0.92,0.92,2ab3a665f4a9fe53,1406ab7b042686b6,7144cf741670d3e0,,,
spatial,scene_0009,referential,human:aaron_test,oracle,tokens,7,False,,200,False,False,,True,True,True,akita_black_bowl_1,False,plate_1,True,0.008,akita_black_bowl_1,plate_1,True,True,plane,0.92,0.92,2ab3a665f4a9fe53,c1f27b7c6df9ae20,8ae4943cd196571b,,,
spatial,scene_0009,referential,human:aaron_test,oracle,tokens,8,False,,200,False,False,,True,True,True,akita_black_bowl_1,False,plate_1,True,0.0064,akita_black_bowl_1,plate_1,True,True,plane,0.92,0.92,2ab3a665f4a9fe53,9205d96d7871a090,db2f11679c0468ab,,,
spatial,scene_0009,referential,human:aaron_test,oracle,tokens,9,False,,200,False,False,,True,True,True,akita_black_bowl_1,False,plate_1,True,0.007,akita_black_bowl_1,plate_1,True,True,plane,0.92,0.92,2ab3a665f4a9fe53,57e8306c4e35a811,e3b40bfcd308632b,,,
spatial,scene_0012,referential,auto,oracle,tokens,0,False,,200,True,True,166,True,True,True,akita_black_bowl_4,True,plate_1,True,0.0132,akita_black_bowl_4,plate_1,True,True,plane,0.92,0.92,82492353d93beba8,2380d54a74f89d9c,b7cbe01d3c160cb9,,,
spatial,scene_0012,referential,auto,oracle,tokens,1,False,,200,True,True,166,True,True,True,akita_black_bowl_4,True,plate_1,True,0.0129,akita_black_bowl_4,plate_1,True,True,plane,0.92,0.92,82492353d93beba8,e3e36c58a92179e8,11a27e70b6073b1c,,,
spatial,scene_0012,referential,auto,oracle,tokens,2,False,,200,True,True,166,True,True,True,akita_black_bowl_4,True,plate_1,True,0.0149,akita_black_bowl_4,plate_1,True,True,plane,0.92,0.92,82492353d93beba8,27da6d61f079a2e4,863948a573c517d5,,,
spatial,scene_0012,referential,auto,oracle,tokens,3,False,,200,True,True,166,True,True,True,akita_black_bowl_4,True,plate_1,True,0.0129,akita_black_bowl_4,plate_1,True,True,plane,0.92,0.92,82492353d93beba8,7ca1a033f7e3f06c,b4d2a98b1fdebb91,,,
spatial,scene_0012,referential,auto,oracle,tokens,4,False,,200,True,True,166,True,True,True,akita_black_bowl_4,True,plate_1,True,0.0129,akita_black_bowl_4,plate_1,True,True,plane,0.92,0.92,82492353d93beba8,867557d83fa6e24f,998506697deecb3d,,,
spatial,scene_0012,referential,auto,oracle,tokens,5,False,,200,True,True,166,True,True,True,akita_black_bowl_4,True,plate_1,True,0.013,akita_black_bowl_4,plate_1,True,True,plane,0.92,0.92,82492353d93beba8,64ceddd16ad475c4,4258baf82c166640,,,
spatial,scene_0012,referential,auto,oracle,tokens,6,False,,200,True,True,166,True,True,True,akita_black_bowl_4,True,plate_1,True,0.0139,akita_black_bowl_4,plate_1,True,True,plane,0.92,0.92,82492353d93beba8,1c69a5d498b89f71,16b77d099d2e0576,,,
spatial,scene_0012,referential,auto,oracle,tokens,7,False,,200,True,True,166,True,True,True,akita_black_bowl_4,True,plate_1,True,0.0128,akita_black_bowl_4,plate_1,True,True,plane,0.92,0.92,82492353d93beba8,1bb9c12398fe634f,ea078f9031bc4321,,,
spatial,scene_0012,referential,auto,oracle,tokens,8,False,,200,True,True,166,True,True,True,akita_black_bowl_4,True,plate_1,True,0.0128,akita_black_bowl_4,plate_1,True,True,plane,0.92,0.92,82492353d93beba8,edad873b5fc13874,27bca034d3c7ed3a,,,
spatial,scene_0012,referential,auto,oracle,tokens,9,False,,200,True,True,166,True,True,True,akita_black_bowl_4,True,plate_1,True,0.0128,akita_black_bowl_4,plate_1,True,True,plane,0.92,0.92,82492353d93beba8,67631348e2583cca,eb31b12b2d7d2128,,,
spatial,scene_0012,referential,human:aaron_test,oracle,tokens,0,False,,200,False,False,,True,False,False,,False,,False,0.1125,akita_black_bowl_4,plate_1,,,plane,0.92,0.92,82492353d93beba8,5add040360fc6ea7,c3c17db10eec350d,,,
spatial,scene_0012,referential,human:aaron_test,oracle,tokens,1,False,,200,False,False,,True,True,True,akita_black_bowl_4,True,,False,0.1236,akita_black_bowl_4,plate_1,True,,plane,0.92,0.92,82492353d93beba8,f9c96e0d5214d884,2e1a9388e5de6fc5,,,
spatial,scene_0012,referential,human:aaron_test,oracle,tokens,2,False,,200,False,False,,True,False,False,,False,,False,0.1173,akita_black_bowl_4,plate_1,,,plane,0.92,0.92,82492353d93beba8,20391d8cf1ad1f84,2a46172ab52eebde,,,
spatial,scene_0012,referential,human:aaron_test,oracle,tokens,3,False,,200,False,False,,True,False,False,,False,,False,0.1171,akita_black_bowl_4,plate_1,,,plane,0.92,0.92,82492353d93beba8,89d1a00456ce2f29,bcb4aa0ce464772a,,,
spatial,scene_0012,referential,human:aaron_test,oracle,tokens,4,False,,200,False,False,,True,True,True,akita_black_bowl_4,True,,False,0.1357,akita_black_bowl_4,plate_1,True,,plane,0.92,0.92,82492353d93beba8,53e17690defaa3a2,3ee614aaa5fcda8b,,,
spatial,scene_0012,referential,human:aaron_test,oracle,tokens,5,False,,200,False,False,,True,False,False,,False,,False,0.1178,akita_black_bowl_4,plate_1,,,plane,0.92,0.92,82492353d93beba8,642d35cf2e25ebf4,fd1b734c4b751dc4,,,
spatial,scene_0012,referential,human:aaron_test,oracle,tokens,6,False,,200,False,False,,True,False,False,,False,,False,0.1122,akita_black_bowl_4,plate_1,,,plane,0.92,0.92,82492353d93beba8,c8068b1095ec9301,6675d6c78f4d4b5e,,,
spatial,scene_0012,referential,human:aaron_test,oracle,tokens,7,False,,200,False,False,,True,False,False,,False,,False,0.1182,akita_black_bowl_4,plate_1,,,plane,0.92,0.92,82492353d93beba8,2c1b37eea86aaf2b,5303e20a90375d40,,,
spatial,scene_0012,referential,human:aaron_test,oracle,tokens,8,False,,200,False,False,,True,False,False,,False,,False,0.1136,akita_black_bowl_4,plate_1,,,plane,0.92,0.92,82492353d93beba8,a5a11e149cea7019,9b87fabd703d210c,,,
spatial,scene_0012,referential,human:aaron_test,oracle,tokens,9,False,,200,False,False,,True,False,False,,False,,False,0.1184,akita_black_bowl_4,plate_1,,,plane,0.92,0.92,82492353d93beba8,42d4dd0bf4ed9544,12774bb0c506c333,,,
spatial,scene_0016,referential,auto,oracle,tokens,0,False,,200,False,False,,True,False,False,,False,,False,0.2359,akita_black_bowl_2,plate_1,,,plane,0.92,0.92,41430078024def33,3832163c1b328321,a4453a702bbddd5d,,,
spatial,scene_0016,referential,auto,oracle,tokens,1,False,,200,False,False,,True,False,False,,False,,False,0.2356,akita_black_bowl_2,plate_1,,,plane,0.92,0.92,41430078024def33,918db778c897aa92,f4185d795bbd9536,,,
spatial,scene_0016,referential,auto,oracle,tokens,2,False,,200,False,False,,True,False,False,,False,,False,0.2356,akita_black_bowl_2,plate_1,,,plane,0.92,0.92,41430078024def33,76aad0a1c3d6bff6,02f1d3fef4547ebf,,,
spatial,scene_0016,referential,auto,oracle,tokens,3,False,,200,False,False,,True,False,False,,False,,False,0.2356,akita_black_bowl_2,plate_1,,,plane,0.92,0.92,41430078024def33,d02cee26d5b558bd,7bd85e8ea29797c5,,,
spatial,scene_0016,referential,auto,oracle,tokens,4,False,,200,False,False,,True,False,False,,False,,False,0.2357,akita_black_bowl_2,plate_1,,,plane,0.92,0.92,41430078024def33,143fb3bb4664994a,5c022bc964ae2af5,,,
spatial,scene_0016,referential,auto,oracle,tokens,5,False,,200,False,False,,True,False,False,,False,,False,0.2358,akita_black_bowl_2,plate_1,,,plane,0.92,0.92,41430078024def33,f4edafed36daabdb,021639c2d0c175ae,,,
spatial,scene_0016,referential,auto,oracle,tokens,6,False,,200,False,False,,True,False,False,,False,,False,0.2358,akita_black_bowl_2,plate_1,,,plane,0.92,0.92,41430078024def33,06fe64f3bd7931d9,d17cab77f8c21aad,,,
spatial,scene_0016,referential,auto,oracle,tokens,7,False,,200,False,False,,True,False,False,,False,,False,0.2356,akita_black_bowl_2,plate_1,,,plane,0.92,0.92,41430078024def33,c3e86494ad0f8bb2,7d62f4330c8d9f76,,,
spatial,scene_0016,referential,auto,oracle,tokens,8,False,,200,False,False,,True,False,False,,False,,False,0.2356,akita_black_bowl_2,plate_1,,,plane,0.92,0.92,41430078024def33,39030ca9cc57fa85,21b8f2ef992fa846,,,
spatial,scene_0016,referential,auto,oracle,tokens,9,False,,200,False,False,,True,False,False,,False,,False,0.2355,akita_black_bowl_2,plate_1,,,plane,0.92,0.92,41430078024def33,2f0ac468b2a2f5be,19226ccee64fc2e6,,,
spatial,scene_0016,referential,human:aaron_test,oracle,tokens,0,False,,200,False,False,,True,True,True,akita_black_bowl_4,False,plate_1,True,0.0128,akita_black_bowl_4,plate_1,True,True,plane,0.92,0.92,41430078024def33,c386229a3fe678f0,8dc5fd2bceb4fe74,,,
spatial,scene_0016,referential,human:aaron_test,oracle,tokens,1,False,,200,False,False,,True,True,True,akita_black_bowl_4,False,plate_1,True,0.0125,akita_black_bowl_4,plate_1,True,True,plane,0.92,0.92,41430078024def33,f839f9cf4301cc35,7db611464eeec004,,,
spatial,scene_0016,referential,human:aaron_test,oracle,tokens,2,False,,200,False,False,,True,True,True,akita_black_bowl_4,False,plate_1,True,0.0132,akita_black_bowl_4,plate_1,True,True,plane,0.92,0.92,41430078024def33,33c5faf2d7d67d52,1823481ee0a3eae2,,,
spatial,scene_0016,referential,human:aaron_test,oracle,tokens,3,False,,200,False,False,,True,True,True,akita_black_bowl_4,False,plate_1,True,0.013,akita_black_bowl_4,plate_1,True,True,plane,0.92,0.92,41430078024def33,244d486ac217a192,674e06f3cfcd21ae,,,
spatial,scene_0016,referential,human:aaron_test,oracle,tokens,4,False,,200,False,False,,True,True,True,akita_black_bowl_4,False,plate_1,True,0.0125,akita_black_bowl_4,plate_1,True,True,plane,0.92,0.92,41430078024def33,017fba0e02fef284,828ecea3415f5106,,,
spatial,scene_0016,referential,human:aaron_test,oracle,tokens,5,False,,200,False,False,,True,True,True,akita_black_bowl_4,False,plate_1,True,0.0126,akita_black_bowl_4,plate_1,True,True,plane,0.92,0.92,41430078024def33,4b035785582e14cb,8c54603404a6a72a,,,
spatial,scene_0016,referential,human:aaron_test,oracle,tokens,6,False,,200,False,False,,True,True,True,akita_black_bowl_4,False,plate_1,True,0.0126,akita_black_bowl_4,plate_1,True,True,plane,0.92,0.92,41430078024def33,228febb6265c54b4,defb633d2d5f07e5,,,
spatial,scene_0016,referential,human:aaron_test,oracle,tokens,7,False,,200,False,False,,True,True,True,akita_black_bowl_4,False,plate_1,True,0.0128,akita_black_bowl_4,plate_1,True,True,plane,0.92,0.92,41430078024def33,472c5f906cc5b7a7,c401cd0b7d3460a4,,,
spatial,scene_0016,referential,human:aaron_test,oracle,tokens,8,False,,200,False,False,,True,True,True,akita_black_bowl_4,False,plate_1,True,0.0125,akita_black_bowl_4,plate_1,True,True,plane,0.92,0.92,41430078024def33,8d61edb9edd2d3b2,4cd38d65aa7fd91f,,,
spatial,scene_0016,referential,human:aaron_test,oracle,tokens,9,False,,200,False,False,,True,True,True,akita_black_bowl_4,False,plate_1,True,0.0126,akita_black_bowl_4,plate_1,True,True,plane,0.92,0.92,41430078024def33,788ef7920b309791,21c1ca8cd083c8e7,,,
spatial,scene_0017,directional,auto,oracle,tokens,0,False,,200,True,True,165,True,True,True,akita_black_bowl_1,True,plate_1,True,0.0131,akita_black_bowl_1,plate_1,True,True,plane,0.92,0.92,42632e6e82720c09,c840352676cc46a1,7f6a46c42abde480,,,
spatial,scene_0017,directional,auto,oracle,tokens,1,False,,200,True,True,165,True,True,True,akita_black_bowl_1,True,plate_1,True,0.013,akita_black_bowl_1,plate_1,True,True,plane,0.92,0.92,42632e6e82720c09,9e00b497b9834d35,4e4102dcb849c91e,,,
spatial,scene_0017,directional,auto,oracle,tokens,2,False,,200,True,True,165,True,True,True,akita_black_bowl_1,True,plate_1,True,0.0128,akita_black_bowl_1,plate_1,True,True,plane,0.92,0.92,42632e6e82720c09,5f1ed28a8b5b051e,9a33c119952e88fc,,,
spatial,scene_0017,directional,auto,oracle,tokens,3,False,,200,True,True,165,True,True,True,akita_black_bowl_1,True,plate_1,True,0.0128,akita_black_bowl_1,plate_1,True,True,plane,0.92,0.92,42632e6e82720c09,6c74f36a0ea26f33,752903be1320f199,,,
spatial,scene_0017,directional,auto,oracle,tokens,4,False,,200,True,True,165,True,True,True,akita_black_bowl_1,True,plate_1,True,0.0128,akita_black_bowl_1,plate_1,True,True,plane,0.92,0.92,42632e6e82720c09,eb7486b161639141,b38fd16e68dd4818,,,
spatial,scene_0017,directional,auto,oracle,tokens,5,False,,200,True,True,165,True,True,True,akita_black_bowl_1,True,plate_1,True,0.0128,akita_black_bowl_1,plate_1,True,True,plane,0.92,0.92,42632e6e82720c09,07728b565625c6f6,61a005cda780c89e,,,
spatial,scene_0017,directional,auto,oracle,tokens,6,False,,200,True,True,165,True,True,True,akita_black_bowl_1,True,plate_1,True,0.0129,akita_black_bowl_1,plate_1,True,True,plane,0.92,0.92,42632e6e82720c09,12193596410bc192,902cd51ae94b2c09,,,
spatial,scene_0017,directional,auto,oracle,tokens,7,False,,200,True,True,165,True,True,True,akita_black_bowl_1,True,plate_1,True,0.0128,akita_black_bowl_1,plate_1,True,True,plane,0.92,0.92,42632e6e82720c09,61a3ff387e366c22,df9e3a68f973dab7,,,
spatial,scene_0017,directional,auto,oracle,tokens,8,False,,200,True,True,165,True,True,True,akita_black_bowl_1,True,plate_1,True,0.0129,akita_black_bowl_1,plate_1,True,True,plane,0.92,0.92,42632e6e82720c09,cf18873570aa87f3,389d942c16c16e4b,,,
spatial,scene_0017,directional,auto,oracle,tokens,9,False,,200,True,True,165,True,True,True,akita_black_bowl_1,True,plate_1,True,0.0128,akita_black_bowl_1,plate_1,True,True,plane,0.92,0.92,42632e6e82720c09,3c46a92295fc699b,8ca32f6904d04d66,,,
spatial,scene_0017,directional,human:aaron_test,oracle,tokens,0,False,,200,False,False,,True,True,True,akita_black_bowl_1,True,,False,0.2524,akita_black_bowl_1,plate_1,True,,plane,0.92,0.92,42632e6e82720c09,d403349e163d7485,2fc7a08ece33b6db,,,
spatial,scene_0017,directional,human:aaron_test,oracle,tokens,1,False,,200,False,False,,True,True,True,akita_black_bowl_1,True,,False,0.2527,akita_black_bowl_1,plate_1,True,,plane,0.92,0.92,42632e6e82720c09,817bbe9b4baf4f84,6ccbfdfb4db50d67,,,
spatial,scene_0017,directional,human:aaron_test,oracle,tokens,2,False,,200,False,False,,True,True,True,akita_black_bowl_1,True,,False,0.2527,akita_black_bowl_1,plate_1,True,,plane,0.92,0.92,42632e6e82720c09,03dfa1c1d42f6ef8,628d9ed14004c48a,,,
spatial,scene_0017,directional,human:aaron_test,oracle,tokens,3,False,,200,False,False,,True,True,True,akita_black_bowl_1,True,,False,0.2526,akita_black_bowl_1,plate_1,True,,plane,0.92,0.92,42632e6e82720c09,36923d593bb34b7b,e5a5df2e2b2b196f,,,
spatial,scene_0017,directional,human:aaron_test,oracle,tokens,4,False,,200,False,False,,True,True,True,akita_black_bowl_1,True,,False,0.2523,akita_black_bowl_1,plate_1,True,,plane,0.92,0.92,42632e6e82720c09,6548eef30c2ac3fc,5b44e27dfe3f0103,,,
spatial,scene_0017,directional,human:aaron_test,oracle,tokens,5,False,,200,False,False,,True,True,True,akita_black_bowl_1,True,,False,0.2496,akita_black_bowl_1,plate_1,True,,plane,0.92,0.92,42632e6e82720c09,6c290692f0aca375,e6c4f019d850a8c0,,,
spatial,scene_0017,directional,human:aaron_test,oracle,tokens,6,False,,200,False,False,,True,True,True,akita_black_bowl_1,True,,False,0.2516,akita_black_bowl_1,plate_1,True,,plane,0.92,0.92,42632e6e82720c09,efa4a2925791c87b,94a574f4005a70fc,,,
spatial,scene_0017,directional,human:aaron_test,oracle,tokens,7,False,,200,False,False,,True,True,True,akita_black_bowl_1,True,,False,0.2514,akita_black_bowl_1,plate_1,True,,plane,0.92,0.92,42632e6e82720c09,168e92fb7f950eb1,7dbdae18e4d7c0dd,,,
spatial,scene_0017,directional,human:aaron_test,oracle,tokens,8,False,,200,False,False,,True,True,True,akita_black_bowl_1,True,,False,0.2472,akita_black_bowl_1,plate_1,True,,plane,0.92,0.92,42632e6e82720c09,3adcfa61714fde3c,7f6be7bdcdd5d3f2,,,
spatial,scene_0017,directional,human:aaron_test,oracle,tokens,9,False,,200,False,False,,True,True,True,akita_black_bowl_1,True,,False,0.2492,akita_black_bowl_1,plate_1,True,,plane,0.92,0.92,42632e6e82720c09,857bed24a6a96725,28a5c2a7bb49d453,,,
spatial,scene_0021,directional,auto,oracle,tokens,0,False,,200,True,True,166,True,True,True,akita_black_bowl_1,True,plate_1,True,0.0025,akita_black_bowl_1,plate_1,True,True,plane,0.92,0.92,4b4c774a4be2986c,61eeaab5482998a2,b5bc048c169c95fb,,,
spatial,scene_0021,directional,auto,oracle,tokens,1,False,,200,True,True,166,True,True,True,akita_black_bowl_1,True,plate_1,True,0.0025,akita_black_bowl_1,plate_1,True,True,plane,0.92,0.92,4b4c774a4be2986c,205215b9c28427c8,9f7a1681693cfa4f,,,
spatial,scene_0021,directional,auto,oracle,tokens,2,False,,200,True,True,166,True,True,True,akita_black_bowl_1,True,plate_1,True,0.0025,akita_black_bowl_1,plate_1,True,True,plane,0.92,0.92,4b4c774a4be2986c,7cfa0381f043f5bb,34277723551449c0,,,
spatial,scene_0021,directional,auto,oracle,tokens,3,False,,200,True,True,166,True,True,True,akita_black_bowl_1,True,plate_1,True,0.0025,akita_black_bowl_1,plate_1,True,True,plane,0.92,0.92,4b4c774a4be2986c,22a00d45d1a72464,d2962ddf0a0da64f,,,
spatial,scene_0021,directional,auto,oracle,tokens,4,False,,200,True,True,166,True,True,True,akita_black_bowl_1,True,plate_1,True,0.0026,akita_black_bowl_1,plate_1,True,True,plane,0.92,0.92,4b4c774a4be2986c,33ab02d9c6fa07e7,e8372ba7b7eaf13b,,,
spatial,scene_0021,directional,auto,oracle,tokens,5,False,,200,True,True,166,True,True,True,akita_black_bowl_1,True,plate_1,True,0.0019,akita_black_bowl_1,plate_1,True,True,plane,0.92,0.92,4b4c774a4be2986c,218088a2a1a887c6,ae13a6267e77cdc0,,,
spatial,scene_0021,directional,auto,oracle,tokens,6,False,,200,True,True,166,True,True,True,akita_black_bowl_1,True,plate_1,True,0.0024,akita_black_bowl_1,plate_1,True,True,plane,0.92,0.92,4b4c774a4be2986c,c4dcb3cafc561138,7367489dfcc9e052,,,
spatial,scene_0021,directional,auto,oracle,tokens,7,False,,200,True,True,166,True,True,True,akita_black_bowl_1,True,plate_1,True,0.0022,akita_black_bowl_1,plate_1,True,True,plane,0.92,0.92,4b4c774a4be2986c,870eec6860fa60fb,c8274b6076b914ef,,,
spatial,scene_0021,directional,auto,oracle,tokens,8,False,,200,True,True,166,True,True,True,akita_black_bowl_1,True,plate_1,True,0.0027,akita_black_bowl_1,plate_1,True,True,plane,0.92,0.92,4b4c774a4be2986c,c06b1fec4b8cb49a,f745e168ab33f6fe,,,
spatial,scene_0021,directional,auto,oracle,tokens,9,False,,200,True,True,166,True,True,True,akita_black_bowl_1,True,plate_1,True,0.0022,akita_black_bowl_1,plate_1,True,True,plane,0.92,0.92,4b4c774a4be2986c,577716e0e6233cc6,86472bf3d12c8808,,,
spatial,scene_0021,directional,human:aaron_test,oracle,tokens,0,False,,200,False,False,,True,True,True,akita_black_bowl_1,True,plate_2,False,0.0142,akita_black_bowl_1,plate_2,True,True,plane,0.92,0.92,4b4c774a4be2986c,0223ccb31313c332,44d58d9979e3e323,,,
spatial,scene_0021,directional,human:aaron_test,oracle,tokens,1,False,,200,False,False,,True,True,True,akita_black_bowl_1,True,plate_2,False,0.0141,akita_black_bowl_1,plate_2,True,True,plane,0.92,0.92,4b4c774a4be2986c,0bd7eacae0546e50,83aa6cbdeb33e74b,,,
spatial,scene_0021,directional,human:aaron_test,oracle,tokens,2,False,,200,False,False,,True,True,True,akita_black_bowl_1,True,plate_2,False,0.0144,akita_black_bowl_1,plate_2,True,True,plane,0.92,0.92,4b4c774a4be2986c,ff52dadc123659d0,19753448d61b5ed8,,,
spatial,scene_0021,directional,human:aaron_test,oracle,tokens,3,False,,200,False,False,,True,True,True,akita_black_bowl_1,True,plate_2,False,0.0142,akita_black_bowl_1,plate_2,True,True,plane,0.92,0.92,4b4c774a4be2986c,5a4e2eaa3917706d,96469f4518c1ec83,,,
spatial,scene_0021,directional,human:aaron_test,oracle,tokens,4,False,,200,False,False,,True,True,True,akita_black_bowl_1,True,plate_2,False,0.014,akita_black_bowl_1,plate_2,True,True,plane,0.92,0.92,4b4c774a4be2986c,70499efb3e72e0e7,07d4881632229cdc,,,
spatial,scene_0021,directional,human:aaron_test,oracle,tokens,5,False,,200,False,False,,True,True,True,akita_black_bowl_1,True,plate_2,False,0.0142,akita_black_bowl_1,plate_2,True,True,plane,0.92,0.92,4b4c774a4be2986c,310648ae28144999,ca73a4accb1e8162,,,
spatial,scene_0021,directional,human:aaron_test,oracle,tokens,6,False,,200,False,False,,True,True,True,akita_black_bowl_1,True,plate_2,False,0.0142,akita_black_bowl_1,plate_2,True,True,plane,0.92,0.92,4b4c774a4be2986c,7604dd3259f9636f,14ca5ce9d3115883,,,
spatial,scene_0021,directional,human:aaron_test,oracle,tokens,7,False,,200,False,False,,True,True,True,akita_black_bowl_1,True,plate_2,False,0.0141,akita_black_bowl_1,plate_2,True,True,plane,0.92,0.92,4b4c774a4be2986c,eaa8bd4e69094a77,96a9f3926f2b545e,,,
spatial,scene_0021,directional,human:aaron_test,oracle,tokens,8,False,,200,False,False,,True,True,True,akita_black_bowl_1,True,plate_2,False,0.0142,akita_black_bowl_1,plate_2,True,True,plane,0.92,0.92,4b4c774a4be2986c,5183aac5b6ba2357,75296a05a1668da2,,,
spatial,scene_0021,directional,human:aaron_test,oracle,tokens,9,False,,200,False,False,,True,True,True,akita_black_bowl_1,True,plate_2,False,0.0141,akita_black_bowl_1,plate_2,True,True,plane,0.92,0.92,4b4c774a4be2986c,f22304dec72f980e,2a32f131f2505bf1,,,
spatial,scene_0025,directional,auto,oracle,tokens,0,False,,200,True,True,165,True,True,True,akita_black_bowl_1,True,plate_3,True,0.0207,akita_black_bowl_1,plate_3,True,True,plane,0.92,0.92,950129e7380d5320,c22208f5697e9e67,713ae5be4c233a31,,,
spatial,scene_0025,directional,auto,oracle,tokens,1,False,,200,True,True,165,True,True,True,akita_black_bowl_1,True,plate_3,True,0.0207,akita_black_bowl_1,plate_3,True,True,plane,0.92,0.92,950129e7380d5320,3b8729a92dd5381c,d64e1afbd4dcbf5b,,,
spatial,scene_0025,directional,auto,oracle,tokens,2,False,,200,True,True,165,True,True,True,akita_black_bowl_1,True,plate_3,True,0.0207,akita_black_bowl_1,plate_3,True,True,plane,0.92,0.92,950129e7380d5320,fc53fc1a50e852f1,4b60994a25498a2f,,,
spatial,scene_0025,directional,auto,oracle,tokens,3,False,,200,True,True,165,True,True,True,akita_black_bowl_1,True,plate_3,True,0.02,akita_black_bowl_1,plate_3,True,True,plane,0.92,0.92,950129e7380d5320,a67c5ce07a6cff00,63a4e379299b65fd,,,
spatial,scene_0025,directional,auto,oracle,tokens,4,False,,200,True,True,165,True,True,True,akita_black_bowl_1,True,plate_3,True,0.0196,akita_black_bowl_1,plate_3,True,True,plane,0.92,0.92,950129e7380d5320,c570761a72523784,082891b0fe0cec4f,,,
spatial,scene_0025,directional,auto,oracle,tokens,5,False,,200,True,True,166,True,True,True,akita_black_bowl_1,True,plate_3,True,0.0197,akita_black_bowl_1,plate_3,True,True,plane,0.92,0.92,950129e7380d5320,8e423a4ee1f330f8,3b59acbe4eaf0a5c,,,
spatial,scene_0025,directional,auto,oracle,tokens,6,False,,200,True,True,166,True,True,True,akita_black_bowl_1,True,plate_3,True,0.0198,akita_black_bowl_1,plate_3,True,True,plane,0.92,0.92,950129e7380d5320,d1f5bc725611303f,f010044d995374a4,,,
spatial,scene_0025,directional,auto,oracle,tokens,7,False,,200,True,True,166,True,True,True,akita_black_bowl_1,True,plate_3,True,0.0197,akita_black_bowl_1,plate_3,True,True,plane,0.92,0.92,950129e7380d5320,c5fd8e89ee3365e9,3d8e9c0893b3199b,,,
spatial,scene_0025,directional,auto,oracle,tokens,8,False,,200,True,True,166,True,True,True,akita_black_bowl_1,True,plate_3,True,0.0197,akita_black_bowl_1,plate_3,True,True,plane,0.92,0.92,950129e7380d5320,4a6c7b043e88e15e,9dcf1d306566cf52,,,
spatial,scene_0025,directional,auto,oracle,tokens,9,False,,200,True,True,166,True,True,True,akita_black_bowl_1,True,plate_3,True,0.0196,akita_black_bowl_1,plate_3,True,True,plane,0.92,0.92,950129e7380d5320,c06f9cbc040db475,0112b04a2b3a36c9,,,
spatial,scene_0025,directional,human:aaron_test,oracle,tokens,0,False,,200,False,False,,True,True,True,akita_black_bowl_1,True,plate_1,False,0.0155,akita_black_bowl_1,plate_1,True,True,plane,0.92,0.92,950129e7380d5320,e24e9ba26ed93a22,561f3107bb945314,,,
spatial,scene_0025,directional,human:aaron_test,oracle,tokens,1,False,,200,False,False,,True,True,True,akita_black_bowl_1,True,plate_1,False,0.0105,akita_black_bowl_1,plate_1,True,True,plane,0.92,0.92,950129e7380d5320,50da863830c66458,473fb3d5a81588ea,,,
spatial,scene_0025,directional,human:aaron_test,oracle,tokens,2,False,,200,False,False,,True,True,True,akita_black_bowl_1,True,plate_1,False,0.0148,akita_black_bowl_1,plate_1,True,True,plane,0.92,0.92,950129e7380d5320,8f99f5e579f20288,679a6de4267222d1,,,
spatial,scene_0025,directional,human:aaron_test,oracle,tokens,3,False,,200,False,False,,True,True,True,akita_black_bowl_1,True,plate_1,False,0.0137,akita_black_bowl_1,plate_1,True,True,plane,0.92,0.92,950129e7380d5320,816bd6cf8ec29f5a,c20719e47da2506a,,,
spatial,scene_0025,directional,human:aaron_test,oracle,tokens,4,False,,200,False,False,,True,True,True,akita_black_bowl_1,True,plate_1,False,0.0146,akita_black_bowl_1,plate_1,True,True,plane,0.92,0.92,950129e7380d5320,e2999f0b42d2cec2,1dc7f8366e5fc3ef,,,
spatial,scene_0025,directional,human:aaron_test,oracle,tokens,5,False,,200,False,False,,True,True,True,akita_black_bowl_1,True,plate_1,False,0.0134,akita_black_bowl_1,plate_1,True,True,plane,0.92,0.92,950129e7380d5320,cc96a5798cb782a3,c6259bba6d634ab8,,,
spatial,scene_0025,directional,human:aaron_test,oracle,tokens,6,False,,200,False,False,,True,True,True,akita_black_bowl_1,True,plate_1,False,0.0103,akita_black_bowl_1,plate_1,True,True,plane,0.92,0.92,950129e7380d5320,dc9d493053fda10a,8eb7b769fad1b76d,,,
spatial,scene_0025,directional,human:aaron_test,oracle,tokens,7,False,,200,False,False,,True,True,True,akita_black_bowl_1,True,plate_1,False,0.0141,akita_black_bowl_1,plate_1,True,True,plane,0.92,0.92,950129e7380d5320,56336349abbb6593,58fd176dd532ee2f,,,
spatial,scene_0025,directional,human:aaron_test,oracle,tokens,8,False,,200,False,False,,True,True,True,akita_black_bowl_1,True,plate_1,False,0.0097,akita_black_bowl_1,plate_1,True,True,plane,0.92,0.92,950129e7380d5320,2a572274f9ab9625,2eb743dd4a5fdd79,,,
spatial,scene_0025,directional,human:aaron_test,oracle,tokens,9,False,,200,False,False,,True,True,True,akita_black_bowl_1,True,plate_1,False,0.0096,akita_black_bowl_1,plate_1,True,True,plane,0.92,0.92,950129e7380d5320,524503c9459edd99,7003d723edeb8ecd,,,
spatial,scene_0029,both,auto,oracle,tokens,0,False,,200,False,False,,True,False,False,,False,,False,0.2359,akita_black_bowl_3,plate_2,,,plane,0.92,0.92,0195be60883fac6e,c4616e31c095fceb,7bad00c3cb967d0e,,,
spatial,scene_0029,both,auto,oracle,tokens,1,False,,200,False,False,,True,False,False,,False,,False,0.2409,akita_black_bowl_3,plate_2,,,plane,0.92,0.92,0195be60883fac6e,8afad8328c4f30e7,91fa09d28bd3e1dc,,,
spatial,scene_0029,both,auto,oracle,tokens,2,False,,200,False,False,,True,False,False,,False,,False,0.2351,akita_black_bowl_3,plate_2,,,plane,0.92,0.92,0195be60883fac6e,ca90cd88ad9dfc5b,b6428e8b59bdc263,,,
spatial,scene_0029,both,auto,oracle,tokens,3,False,,200,False,False,,True,False,False,,False,,False,0.2334,akita_black_bowl_3,plate_2,,,plane,0.92,0.92,0195be60883fac6e,64ee9dca2293176c,144a9dd88e898641,,,
spatial,scene_0029,both,auto,oracle,tokens,4,False,,200,False,False,,True,False,False,,False,,False,0.2335,akita_black_bowl_3,plate_2,,,plane,0.92,0.92,0195be60883fac6e,5475ca08a08bb646,cef2dc9fbe12561b,,,
spatial,scene_0029,both,auto,oracle,tokens,5,False,,200,False,False,,True,False,False,,False,,False,0.2328,akita_black_bowl_3,plate_2,,,plane,0.92,0.92,0195be60883fac6e,f182e131d9748d0a,c012b871ff05dad3,,,
spatial,scene_0029,both,auto,oracle,tokens,6,False,,200,False,False,,True,False,False,,False,,False,0.2361,akita_black_bowl_3,plate_2,,,plane,0.92,0.92,0195be60883fac6e,16cc0f3faa26ae58,45defd7de18cc777,,,
spatial,scene_0029,both,auto,oracle,tokens,7,False,,200,False,False,,True,False,False,,False,,False,0.2352,akita_black_bowl_3,plate_2,,,plane,0.92,0.92,0195be60883fac6e,c0f96fe286f86653,1c8293681702ac18,,,
spatial,scene_0029,both,auto,oracle,tokens,8,False,,200,False,False,,True,False,False,,False,,False,0.2342,akita_black_bowl_3,plate_2,,,plane,0.92,0.92,0195be60883fac6e,2491408d22ed85d9,61a8a51aabbb19fc,,,
spatial,scene_0029,both,auto,oracle,tokens,9,False,,200,False,False,,True,False,False,,False,,False,0.2286,akita_black_bowl_3,plate_2,,,plane,0.92,0.92,0195be60883fac6e,f027802d0866cb1f,661b163edfdacef0,,,
spatial,scene_0029,both,human:aaron_test,oracle,tokens,0,False,,200,False,False,,True,True,True,akita_black_bowl_1,False,plate_1,False,0.0197,akita_black_bowl_1,plate_1,True,True,plane,0.92,0.92,0195be60883fac6e,df7e24b9fa02ed10,ae9cd4639b82cdd5,,,
spatial,scene_0029,both,human:aaron_test,oracle,tokens,1,False,,200,False,False,,True,True,True,akita_black_bowl_1,False,plate_1,False,0.0201,akita_black_bowl_1,plate_1,True,True,plane,0.92,0.92,0195be60883fac6e,5f533f279f293055,2f2109c35441b70e,,,
spatial,scene_0029,both,human:aaron_test,oracle,tokens,2,False,,200,False,False,,True,True,True,akita_black_bowl_1,False,plate_1,False,0.0217,akita_black_bowl_1,plate_1,True,True,plane,0.92,0.92,0195be60883fac6e,05a5f3b0ea01da7b,aa5be4737947af7f,,,
spatial,scene_0029,both,human:aaron_test,oracle,tokens,3,False,,200,False,False,,True,True,True,akita_black_bowl_1,False,plate_1,False,0.0225,akita_black_bowl_1,plate_1,True,True,plane,0.92,0.92,0195be60883fac6e,6dd4d35cbc091b47,f2ea2a457fefcbf8,,,
spatial,scene_0029,both,human:aaron_test,oracle,tokens,4,False,,200,False,False,,True,True,True,akita_black_bowl_1,False,plate_1,False,0.0226,akita_black_bowl_1,plate_1,True,True,plane,0.92,0.92,0195be60883fac6e,dd38266feb99660f,b946b285bf6ad31c,,,
spatial,scene_0029,both,human:aaron_test,oracle,tokens,5,False,,200,False,False,,True,True,True,akita_black_bowl_1,False,plate_1,False,0.0223,akita_black_bowl_1,plate_1,True,True,plane,0.92,0.92,0195be60883fac6e,0a22196ae67d161d,669999389cc0eafe,,,
spatial,scene_0029,both,human:aaron_test,oracle,tokens,6,False,,200,False,False,,True,True,True,akita_black_bowl_1,False,plate_1,False,0.0208,akita_black_bowl_1,plate_1,True,True,plane,0.92,0.92,0195be60883fac6e,77aaa1c96af88ad8,690c6cd561fa5a42,,,
spatial,scene_0029,both,human:aaron_test,oracle,tokens,7,False,,200,False,False,,True,True,True,akita_black_bowl_1,False,plate_1,False,0.023,akita_black_bowl_1,plate_1,True,True,plane,0.92,0.92,0195be60883fac6e,d6bdb9e7d3e69345,60ce51692fbd2b27,,,
spatial,scene_0029,both,human:aaron_test,oracle,tokens,8,False,,200,False,False,,True,True,True,akita_black_bowl_1,False,plate_1,False,0.0224,akita_black_bowl_1,plate_1,True,True,plane,0.92,0.92,0195be60883fac6e,a0def37d1ec68818,2fbd76fe81ec9549,,,
spatial,scene_0029,both,human:aaron_test,oracle,tokens,9,False,,200,False,False,,True,True,True,akita_black_bowl_1,False,plate_1,False,0.0229,akita_black_bowl_1,plate_1,True,True,plane,0.92,0.92,0195be60883fac6e,43a8d4d0b33d6b1d,36e4a44daf8ec923,,,
spatial,scene_0030,both,auto,oracle,tokens,0,False,,200,True,True,166,True,True,True,akita_black_bowl_2,True,plate_1,True,0.009,akita_black_bowl_2,plate_1,True,True,plane,0.92,0.92,04aa0581369cd708,d96b7676a9459215,c92510d25abcb232,,,
spatial,scene_0030,both,auto,oracle,tokens,1,False,,200,True,True,166,True,True,True,akita_black_bowl_2,True,plate_1,True,0.0089,akita_black_bowl_2,plate_1,True,True,plane,0.92,0.92,04aa0581369cd708,9c54ed2f4b5acc99,5b9ef9716dc2b272,,,
spatial,scene_0030,both,auto,oracle,tokens,2,False,,200,True,True,166,True,True,True,akita_black_bowl_2,True,plate_1,True,0.0089,akita_black_bowl_2,plate_1,True,True,plane,0.92,0.92,04aa0581369cd708,2e0a9ce18e52945e,ab191e9458d54e8b,,,
spatial,scene_0030,both,auto,oracle,tokens,3,False,,200,True,True,166,True,True,True,akita_black_bowl_2,True,plate_1,True,0.0091,akita_black_bowl_2,plate_1,True,True,plane,0.92,0.92,04aa0581369cd708,f318ab870368715e,9da25237eb362c3d,,,
spatial,scene_0030,both,auto,oracle,tokens,4,False,,200,True,True,166,True,True,True,akita_black_bowl_2,True,plate_1,True,0.009,akita_black_bowl_2,plate_1,True,True,plane,0.92,0.92,04aa0581369cd708,9dc2d8657db69af3,e3f584acbe808ec8,,,
spatial,scene_0030,both,auto,oracle,tokens,5,False,,200,True,True,166,True,True,True,akita_black_bowl_2,True,plate_1,True,0.0091,akita_black_bowl_2,plate_1,True,True,plane,0.92,0.92,04aa0581369cd708,dadd66ea16589ce7,89c665d4e1ced5de,,,
spatial,scene_0030,both,auto,oracle,tokens,6,False,,200,True,True,166,True,True,True,akita_black_bowl_2,True,plate_1,True,0.0092,akita_black_bowl_2,plate_1,True,True,plane,0.92,0.92,04aa0581369cd708,77ed944b0a8f4510,2d6eb904d85f6b09,,,
spatial,scene_0030,both,auto,oracle,tokens,7,False,,200,True,True,166,True,True,True,akita_black_bowl_2,True,plate_1,True,0.009,akita_black_bowl_2,plate_1,True,True,plane,0.92,0.92,04aa0581369cd708,95a41eede81afa57,f17d1a6a8d5c58bb,,,
spatial,scene_0030,both,auto,oracle,tokens,8,False,,200,True,True,166,True,True,True,akita_black_bowl_2,True,plate_1,True,0.0094,akita_black_bowl_2,plate_1,True,True,plane,0.92,0.92,04aa0581369cd708,97c4a93c6c70dea5,957367920c904fc7,,,
spatial,scene_0030,both,auto,oracle,tokens,9,False,,200,True,True,166,True,True,True,akita_black_bowl_2,True,plate_1,True,0.0093,akita_black_bowl_2,plate_1,True,True,plane,0.92,0.92,04aa0581369cd708,4c7a132bf8202f38,54ed0b500406a8d3,,,
spatial,scene_0030,both,human:aaron_test,oracle,tokens,0,False,,200,False,False,,True,True,True,akita_black_bowl_3,False,plate_2,False,0.0266,akita_black_bowl_3,plate_2,True,True,plane,0.92,0.92,04aa0581369cd708,dca55091863bfbeb,247acd0cc7235a6b,,,
spatial,scene_0030,both,human:aaron_test,oracle,tokens,1,False,,200,False,False,,True,True,True,akita_black_bowl_3,False,plate_2,False,0.0265,akita_black_bowl_3,plate_2,True,True,plane,0.92,0.92,04aa0581369cd708,1eb8e1d963cc4baa,4831a1eb8e65801c,,,
spatial,scene_0030,both,human:aaron_test,oracle,tokens,2,False,,200,False,False,,True,True,True,akita_black_bowl_3,False,plate_2,False,0.0265,akita_black_bowl_3,plate_2,True,True,plane,0.92,0.92,04aa0581369cd708,39aa3438e32604ce,0ba0367a9c2c05cf,,,
spatial,scene_0030,both,human:aaron_test,oracle,tokens,3,False,,200,False,False,,True,True,True,akita_black_bowl_3,False,plate_2,False,0.0256,akita_black_bowl_3,plate_2,True,True,plane,0.92,0.92,04aa0581369cd708,4f884c4fc0ea943b,2513fc41980b5772,,,
spatial,scene_0030,both,human:aaron_test,oracle,tokens,4,False,,200,False,False,,True,True,True,akita_black_bowl_3,False,plate_2,False,0.0264,akita_black_bowl_3,plate_2,True,True,plane,0.92,0.92,04aa0581369cd708,b75606a5fc0148e9,e93a8e81b68ec33d,,,
spatial,scene_0030,both,human:aaron_test,oracle,tokens,5,False,,200,False,False,,True,True,True,akita_black_bowl_3,False,plate_2,False,0.0264,akita_black_bowl_3,plate_2,True,True,plane,0.92,0.92,04aa0581369cd708,6e1c44d0123130b8,3e74a5c6ac3adbcf,,,
spatial,scene_0030,both,human:aaron_test,oracle,tokens,6,False,,200,False,False,,True,True,True,akita_black_bowl_3,False,plate_2,False,0.0264,akita_black_bowl_3,plate_2,True,True,plane,0.92,0.92,04aa0581369cd708,5924ca55ad5d442f,33e45460f84e973d,,,
spatial,scene_0030,both,human:aaron_test,oracle,tokens,7,False,,200,False,False,,True,True,True,akita_black_bowl_3,False,plate_2,False,0.0262,akita_black_bowl_3,plate_2,True,True,plane,0.92,0.92,04aa0581369cd708,fdd8d6a496497ab5,76870fbc8c5fcd1c,,,
spatial,scene_0030,both,human:aaron_test,oracle,tokens,8,False,,200,False,False,,True,True,True,akita_black_bowl_3,False,plate_2,False,0.0264,akita_black_bowl_3,plate_2,True,True,plane,0.92,0.92,04aa0581369cd708,50626ae0db5e5852,b9e0c5ed05f2f035,,,
spatial,scene_0030,both,human:aaron_test,oracle,tokens,9,False,,200,False,False,,True,True,True,akita_black_bowl_3,False,plate_2,False,0.0265,akita_black_bowl_3,plate_2,True,True,plane,0.92,0.92,04aa0581369cd708,5188f0425aed057b,7da6e21a1707a9b2,,,
spatial,scene_0031,both,auto,oracle,tokens,0,False,,200,True,True,158,True,True,True,akita_black_bowl_1,True,plate_2,True,0.009,akita_black_bowl_1,plate_2,True,True,plane,0.92,0.92,8bc38b2af0044938,e09809b199158fdc,ae4003f30c4b9349,,,
spatial,scene_0031,both,auto,oracle,tokens,1,False,,200,True,True,158,True,True,True,akita_black_bowl_1,True,plate_2,True,0.0089,akita_black_bowl_1,plate_2,True,True,plane,0.92,0.92,8bc38b2af0044938,bc3939f83e60f1a8,2a12df520d040deb,,,
spatial,scene_0031,both,auto,oracle,tokens,2,False,,200,True,True,157,True,True,True,akita_black_bowl_1,True,plate_2,True,0.009,akita_black_bowl_1,plate_2,True,True,plane,0.92,0.92,8bc38b2af0044938,ea32f0920b18bad0,d95dc2c36eccd7d0,,,
spatial,scene_0031,both,auto,oracle,tokens,3,False,,200,True,True,157,True,True,True,akita_black_bowl_1,True,plate_2,True,0.0087,akita_black_bowl_1,plate_2,True,True,plane,0.92,0.92,8bc38b2af0044938,f88cbe99a8f4043f,1f31169b51609cd0,,,
spatial,scene_0031,both,auto,oracle,tokens,4,False,,200,True,True,157,True,True,True,akita_black_bowl_1,True,plate_2,True,0.0087,akita_black_bowl_1,plate_2,True,True,plane,0.92,0.92,8bc38b2af0044938,8031e8818bc3c159,81714d7c81c17585,,,
spatial,scene_0031,both,auto,oracle,tokens,5,False,,200,True,True,157,True,True,True,akita_black_bowl_1,True,plate_2,True,0.0087,akita_black_bowl_1,plate_2,True,True,plane,0.92,0.92,8bc38b2af0044938,59ff8f3c4d412fc5,728e2acb731b31b9,,,
spatial,scene_0031,both,auto,oracle,tokens,6,False,,200,True,True,157,True,True,True,akita_black_bowl_1,True,plate_2,True,0.0086,akita_black_bowl_1,plate_2,True,True,plane,0.92,0.92,8bc38b2af0044938,3032c2e6c08da4e7,d0179cc8ca778d4f,,,
spatial,scene_0031,both,auto,oracle,tokens,7,False,,200,True,True,157,True,True,True,akita_black_bowl_1,True,plate_2,True,0.0086,akita_black_bowl_1,plate_2,True,True,plane,0.92,0.92,8bc38b2af0044938,0a4239e9bef72cee,df61eef95bd632fb,,,
spatial,scene_0031,both,auto,oracle,tokens,8,False,,200,True,True,157,True,True,True,akita_black_bowl_1,True,plate_2,True,0.0089,akita_black_bowl_1,plate_2,True,True,plane,0.92,0.92,8bc38b2af0044938,ff0d41a42fa853b8,f30a692c45fdc437,,,
spatial,scene_0031,both,auto,oracle,tokens,9,False,,200,True,True,157,True,True,True,akita_black_bowl_1,True,plate_2,True,0.0085,akita_black_bowl_1,plate_2,True,True,plane,0.92,0.92,8bc38b2af0044938,386f4de7d1426007,b0fa0ab4bb558d50,,,
spatial,scene_0031,both,human:aaron_test,oracle,tokens,0,False,,200,False,False,,True,True,True,akita_black_bowl_3,False,plate_2,True,0.0139,akita_black_bowl_3,plate_2,True,True,plane,0.92,0.92,8bc38b2af0044938,960b3777667600d4,85ec5cb3750993ea,,,
spatial,scene_0031,both,human:aaron_test,oracle,tokens,1,False,,200,False,False,,True,True,True,akita_black_bowl_3,False,plate_2,True,0.0139,akita_black_bowl_3,plate_2,True,True,plane,0.92,0.92,8bc38b2af0044938,c88463a598a41bf9,4c0999613ab31fd4,,,
spatial,scene_0031,both,human:aaron_test,oracle,tokens,2,False,,200,False,False,,True,True,True,akita_black_bowl_3,False,plate_2,True,0.0133,akita_black_bowl_3,plate_2,True,True,plane,0.92,0.92,8bc38b2af0044938,65c9818511b83def,2932212bd4599ba4,,,
spatial,scene_0031,both,human:aaron_test,oracle,tokens,3,False,,200,False,False,,True,True,True,akita_black_bowl_3,False,plate_2,True,0.013,akita_black_bowl_3,plate_2,True,True,plane,0.92,0.92,8bc38b2af0044938,d318d66cf643bef4,00e15748c1be0ee7,,,
spatial,scene_0031,both,human:aaron_test,oracle,tokens,4,False,,200,False,False,,True,True,True,akita_black_bowl_3,False,plate_2,True,0.0139,akita_black_bowl_3,plate_2,True,True,plane,0.92,0.92,8bc38b2af0044938,7e8ac3a6008c7ae9,71a0bbe3041e3749,,,
spatial,scene_0031,both,human:aaron_test,oracle,tokens,5,False,,200,False,False,,True,True,True,akita_black_bowl_3,False,plate_2,True,0.014,akita_black_bowl_3,plate_2,True,True,plane,0.92,0.92,8bc38b2af0044938,f74dda448796b597,55544e6bf60ca8a7,,,
spatial,scene_0031,both,human:aaron_test,oracle,tokens,6,False,,200,False,False,,True,True,True,akita_black_bowl_3,False,plate_2,True,0.0118,akita_black_bowl_3,plate_2,True,True,plane,0.92,0.92,8bc38b2af0044938,efb7b8c45acc4e64,b1855c13bc2d7e10,,,
spatial,scene_0031,both,human:aaron_test,oracle,tokens,7,False,,200,False,False,,True,True,True,akita_black_bowl_3,False,plate_2,True,0.0125,akita_black_bowl_3,plate_2,True,True,plane,0.92,0.92,8bc38b2af0044938,ca1b74c980fc50aa,f5ba4340357da93e,,,
spatial,scene_0031,both,human:aaron_test,oracle,tokens,8,False,,200,False,False,,True,True,True,akita_black_bowl_3,False,plate_2,True,0.0128,akita_black_bowl_3,plate_2,True,True,plane,0.92,0.92,8bc38b2af0044938,370acf6dcb2ac75e,a60bb6659c676bc3,,,
spatial,scene_0031,both,human:aaron_test,oracle,tokens,9,False,,200,False,False,,True,True,True,akita_black_bowl_3,False,plate_2,True,0.0128,akita_black_bowl_3,plate_2,True,True,plane,0.92,0.92,8bc38b2af0044938,7fa72b64fcc77667,d9c56fb688324560,,,
object,scene_0000,control,auto,oracle,tokens,0,False,,200,False,False,,True,False,False,,False,,False,0.3036,milk_1,basket_1,,,plane,0.065,0.065,24568138ec1920e2,e004cf5c5c82bd69,1e044f397be9d749,,,
object,scene_0000,control,auto,oracle,tokens,1,False,,200,False,False,,True,False,False,,False,,False,0.3025,milk_1,basket_1,,,plane,0.065,0.065,24568138ec1920e2,36a3d5618408be05,5d1ec667de6b53c0,,,
object,scene_0000,control,auto,oracle,tokens,2,False,,200,False,False,,True,False,False,,False,,False,0.3026,milk_1,basket_1,,,plane,0.065,0.065,24568138ec1920e2,83f9351886b67815,9c40e01e7076ba4f,,,
object,scene_0000,control,auto,oracle,tokens,3,False,,200,False,False,,True,False,False,,False,,False,0.3037,milk_1,basket_1,,,plane,0.065,0.065,24568138ec1920e2,48c6b0b5e2585741,d94297f996dfa184,,,
object,scene_0000,control,auto,oracle,tokens,4,False,,200,False,False,,True,False,False,,False,,False,0.2973,milk_1,basket_1,,,plane,0.065,0.065,24568138ec1920e2,dd837fce56e7d056,417686a337a314d9,,,
object,scene_0000,control,auto,oracle,tokens,5,False,,200,False,False,,True,False,False,,False,,False,0.2985,milk_1,basket_1,,,plane,0.065,0.065,24568138ec1920e2,8c973b83ff25ed7a,a2905c1de9890e12,,,
object,scene_0000,control,auto,oracle,tokens,6,False,,200,False,False,,True,False,False,,False,,False,0.3026,milk_1,basket_1,,,plane,0.065,0.065,24568138ec1920e2,68fc7f5634f7164e,9832463fd9c97c36,,,
object,scene_0000,control,auto,oracle,tokens,7,False,,200,False,False,,True,False,False,,False,,False,0.3008,milk_1,basket_1,,,plane,0.065,0.065,24568138ec1920e2,e56db9fd1fd0f36f,49366ae68bf26136,,,
object,scene_0000,control,auto,oracle,tokens,8,False,,200,False,False,,True,False,False,,False,,False,0.3016,milk_1,basket_1,,,plane,0.065,0.065,24568138ec1920e2,c0df167779b610b0,2ad071d9676b24da,,,
object,scene_0000,control,auto,oracle,tokens,9,False,,200,False,False,,True,False,False,,False,,False,0.2987,milk_1,basket_1,,,plane,0.065,0.065,24568138ec1920e2,0399f622dbc645f3,44a929f0e6b4e68b,,,
object,scene_0000,control,human:aaron_test,oracle,tokens,0,False,,200,False,False,,True,True,True,milk_1,True,,False,0.1653,milk_1,basket_1,True,,plane,0.065,0.065,24568138ec1920e2,45b4b0369e8b1e16,a8cddccbf0a91875,,,
object,scene_0000,control,human:aaron_test,oracle,tokens,1,False,,200,False,False,,True,True,True,milk_1,True,,False,0.1725,milk_1,basket_1,True,,plane,0.065,0.065,24568138ec1920e2,1085887b479cde70,b140ef6c5c7c467c,,,
object,scene_0000,control,human:aaron_test,oracle,tokens,2,False,,200,False,False,,True,True,True,milk_1,True,,False,0.1724,milk_1,basket_1,True,,plane,0.065,0.065,24568138ec1920e2,0c4efe6dbd241ebb,2690620c8b536fbf,,,
object,scene_0000,control,human:aaron_test,oracle,tokens,3,False,,200,False,False,,True,True,True,milk_1,True,,False,0.1727,milk_1,basket_1,True,,plane,0.065,0.065,24568138ec1920e2,328d29e4836ca9a0,2a664defd8808883,,,
object,scene_0000,control,human:aaron_test,oracle,tokens,4,False,,200,False,False,,True,True,True,milk_1,True,,False,0.1729,milk_1,basket_1,True,,plane,0.065,0.065,24568138ec1920e2,732d6ec96432cbde,be9652607adcffc0,,,
object,scene_0000,control,human:aaron_test,oracle,tokens,5,False,,200,False,False,,True,True,True,milk_1,True,,False,0.163,milk_1,basket_1,True,,plane,0.065,0.065,24568138ec1920e2,cc6ae946c7643863,333b80e44e1a154f,,,
object,scene_0000,control,human:aaron_test,oracle,tokens,6,False,,200,False,False,,True,True,True,milk_1,True,,False,0.166,milk_1,basket_1,True,,plane,0.065,0.065,24568138ec1920e2,62920aceae3d8566,1b01d1b6b0b7191f,,,
object,scene_0000,control,human:aaron_test,oracle,tokens,7,False,,200,False,False,,True,True,True,milk_1,True,,False,0.1658,milk_1,basket_1,True,,plane,0.065,0.065,24568138ec1920e2,b907c0a28fe20f6a,75c462e500712a1d,,,
object,scene_0000,control,human:aaron_test,oracle,tokens,8,False,,200,False,False,,True,True,True,milk_1,True,,False,0.1662,milk_1,basket_1,True,,plane,0.065,0.065,24568138ec1920e2,62976517c6aa9728,74333587a94a0945,,,
object,scene_0000,control,human:aaron_test,oracle,tokens,9,False,,200,False,False,,True,True,True,milk_1,True,,False,0.167,milk_1,basket_1,True,,plane,0.065,0.065,24568138ec1920e2,6cbccebf72c2f614,3a747d78abc24f56,,,
object,scene_0001,control,auto,oracle,tokens,0,False,,200,True,True,150,True,True,True,alphabet_soup_1,True,basket_1,True,0.0056,alphabet_soup_1,basket_1,True,True,plane,0.065,0.065,8e586fbea44211db,8f7e1a694a5e58ed,52a2f68260046161,,,
object,scene_0001,control,auto,oracle,tokens,1,False,,200,True,True,157,True,True,True,alphabet_soup_1,True,basket_1,True,0.0326,alphabet_soup_1,basket_1,True,True,plane,0.065,0.065,8e586fbea44211db,91e57cadfa1ceff7,2b0793ef3992bab0,,,
object,scene_0001,control,auto,oracle,tokens,2,False,,200,True,True,150,True,True,True,alphabet_soup_1,True,basket_1,True,0.0164,alphabet_soup_1,basket_1,True,True,plane,0.065,0.065,8e586fbea44211db,b0e9a44f2b601f74,50e6693416880faf,,,
object,scene_0001,control,auto,oracle,tokens,3,False,,200,True,True,150,True,True,True,alphabet_soup_1,True,basket_1,True,0.0116,alphabet_soup_1,basket_1,True,True,plane,0.065,0.065,8e586fbea44211db,09d0040c045eba74,b2c37fdc7607661d,,,
object,scene_0001,control,auto,oracle,tokens,4,False,,200,True,True,143,True,True,True,alphabet_soup_1,True,basket_1,True,0.0104,alphabet_soup_1,basket_1,True,True,plane,0.065,0.065,8e586fbea44211db,3da1109fd8d7e18e,6e20b31a935117e1,,,
object,scene_0001,control,auto,oracle,tokens,5,False,,200,True,True,164,True,True,True,alphabet_soup_1,True,basket_1,True,0.0367,alphabet_soup_1,basket_1,True,True,plane,0.065,0.065,8e586fbea44211db,55c317d82b5f288e,6cd81fea304f7719,,,
object,scene_0001,control,auto,oracle,tokens,6,False,,200,True,True,147,True,True,True,alphabet_soup_1,True,basket_1,True,0.0201,alphabet_soup_1,basket_1,True,True,plane,0.065,0.065,8e586fbea44211db,f6c4e2b5a45e0e83,e59dd00bfd838e54,,,
object,scene_0001,control,auto,oracle,tokens,7,False,,200,True,True,158,True,True,True,alphabet_soup_1,True,basket_1,True,0.0233,alphabet_soup_1,basket_1,True,True,plane,0.065,0.065,8e586fbea44211db,83eacee0c20748d3,28f75fb05949fc42,,,
object,scene_0001,control,auto,oracle,tokens,8,False,,200,True,True,158,True,True,True,alphabet_soup_1,True,basket_1,True,0.0194,alphabet_soup_1,basket_1,True,True,plane,0.065,0.065,8e586fbea44211db,7db927e058925676,b6a337482b3fd0d5,,,
object,scene_0001,control,auto,oracle,tokens,9,False,,200,True,True,150,True,True,True,alphabet_soup_1,True,basket_1,True,0.0088,alphabet_soup_1,basket_1,True,True,plane,0.065,0.065,8e586fbea44211db,e4b56b2c259b2ca2,7d13ce638439eb47,,,
object,scene_0001,control,human:aaron_test,oracle,tokens,0,False,,200,False,False,,True,False,False,,False,,False,0.415,alphabet_soup_1,basket_1,,,plane,0.065,0.065,8e586fbea44211db,e942be75a2f668da,444c65367ff9ea13,,,
object,scene_0001,control,human:aaron_test,oracle,tokens,1,False,,200,False,False,,True,False,False,,False,,False,0.4254,alphabet_soup_1,basket_1,,,plane,0.065,0.065,8e586fbea44211db,cedba8a7da51c239,f8a7c295b19e905f,,,
object,scene_0001,control,human:aaron_test,oracle,tokens,2,False,,200,False,False,,True,True,True,alphabet_soup_1,True,,False,0.4403,alphabet_soup_1,basket_1,True,,plane,0.065,0.065,8e586fbea44211db,95a6ac8732a072a0,0f938601b1120d5d,,,
object,scene_0001,control,human:aaron_test,oracle,tokens,3,False,,200,False,False,,True,False,False,,False,,False,0.4155,alphabet_soup_1,basket_1,,,plane,0.065,0.065,8e586fbea44211db,1621bf170496b9a9,873392706527057e,,,
object,scene_0001,control,human:aaron_test,oracle,tokens,4,False,,200,False,False,,True,False,False,,False,,False,0.4191,alphabet_soup_1,basket_1,,,plane,0.065,0.065,8e586fbea44211db,f76a89aef51cb2f8,13c6d51656645eb3,,,
object,scene_0001,control,human:aaron_test,oracle,tokens,5,False,,200,False,False,,True,False,False,,False,,False,0.4133,alphabet_soup_1,basket_1,,,plane,0.065,0.065,8e586fbea44211db,ceb3e8daf78ee736,342ff29f73cf89b3,,,
object,scene_0001,control,human:aaron_test,oracle,tokens,6,False,,200,False,False,,True,False,False,,False,,False,0.4217,alphabet_soup_1,basket_1,,,plane,0.065,0.065,8e586fbea44211db,94f60537f4c8c050,be515f219a12427d,,,
object,scene_0001,control,human:aaron_test,oracle,tokens,7,False,,200,False,False,,True,True,True,alphabet_soup_1,True,,False,0.435,alphabet_soup_1,basket_1,True,,plane,0.065,0.065,8e586fbea44211db,72e5baf5af7aec62,18b4d17584686f9e,,,
object,scene_0001,control,human:aaron_test,oracle,tokens,8,False,,200,False,False,,True,True,True,alphabet_soup_1,True,,False,0.4375,alphabet_soup_1,basket_1,True,,plane,0.065,0.065,8e586fbea44211db,067b336e159ba647,3b0be7bd74a4e266,,,
object,scene_0001,control,human:aaron_test,oracle,tokens,9,False,,200,False,False,,True,False,False,,False,,False,0.4197,alphabet_soup_1,basket_1,,,plane,0.065,0.065,8e586fbea44211db,703161a6d1bf8f0d,2c8db5b0f253ed4e,,,
object,scene_0005,referential,auto,oracle,tokens,0,False,,200,False,False,,True,False,False,,False,,False,0.4392,bbq_sauce_1,basket_1,,,plane,0.065,0.065,c4c3d71f1749c5e0,d5d75e69d55ee7e7,e6a9c5aa06f7418e,,,
object,scene_0005,referential,auto,oracle,tokens,1,False,,200,False,False,,True,False,False,,False,,False,0.4393,bbq_sauce_1,basket_1,,,plane,0.065,0.065,c4c3d71f1749c5e0,00886e29b0c9fcf3,f5caf6ba2c487c69,,,
object,scene_0005,referential,auto,oracle,tokens,2,False,,200,False,False,,True,False,False,,False,,False,0.4393,bbq_sauce_1,basket_1,,,plane,0.065,0.065,c4c3d71f1749c5e0,5e00fe9723549202,0deff26adfb2f452,,,
object,scene_0005,referential,auto,oracle,tokens,3,False,,200,False,False,,True,False,False,,False,,False,0.4393,bbq_sauce_1,basket_1,,,plane,0.065,0.065,c4c3d71f1749c5e0,a8ec44c28708309b,aa2b0800c702d5c6,,,
object,scene_0005,referential,auto,oracle,tokens,4,False,,200,False,False,,True,False,False,,False,,False,0.4393,bbq_sauce_1,basket_1,,,plane,0.065,0.065,c4c3d71f1749c5e0,54019da774b9c0ba,14b67fc49b1ef478,,,
object,scene_0005,referential,auto,oracle,tokens,5,False,,200,False,False,,True,False,False,,False,,False,0.4417,bbq_sauce_1,basket_1,,,plane,0.065,0.065,c4c3d71f1749c5e0,c7219b59f8704c75,73bc7c6b42a8460f,,,
object,scene_0005,referential,auto,oracle,tokens,6,False,,200,False,False,,True,False,False,,False,,False,0.4402,bbq_sauce_1,basket_1,,,plane,0.065,0.065,c4c3d71f1749c5e0,e5a489a01aa5a062,d58a0e344812431d,,,
object,scene_0005,referential,auto,oracle,tokens,7,False,,200,False,False,,True,False,False,,False,,False,0.44,bbq_sauce_1,basket_1,,,plane,0.065,0.065,c4c3d71f1749c5e0,3b5d27ef72aef4e9,72fba8af0fdadd02,,,
object,scene_0005,referential,auto,oracle,tokens,8,False,,200,False,False,,True,False,False,,False,,False,0.4399,bbq_sauce_1,basket_1,,,plane,0.065,0.065,c4c3d71f1749c5e0,c9b31769497c8791,8d23289813edf0a2,,,
object,scene_0005,referential,auto,oracle,tokens,9,False,,200,False,False,,True,False,False,,False,,False,0.4399,bbq_sauce_1,basket_1,,,plane,0.065,0.065,c4c3d71f1749c5e0,2c2098c417a26156,ea0f4a76db122aea,,,
object,scene_0005,referential,human:aaron_test,oracle,tokens,0,False,,200,False,False,,True,True,True,bbq_sauce_1,True,,False,0.1602,bbq_sauce_1,basket_1,True,,plane,0.065,0.065,c4c3d71f1749c5e0,a36b6e5918337988,26d881c49dcf0ec6,,,
object,scene_0005,referential,human:aaron_test,oracle,tokens,1,False,,200,False,False,,True,True,True,bbq_sauce_1,True,,False,0.1606,bbq_sauce_1,basket_1,True,,plane,0.065,0.065,c4c3d71f1749c5e0,7c6ef11d3d140aae,51ba419e1fe8d587,,,
object,scene_0005,referential,human:aaron_test,oracle,tokens,2,False,,200,False,False,,True,True,True,bbq_sauce_1,True,,False,0.1603,bbq_sauce_1,basket_1,True,,plane,0.065,0.065,c4c3d71f1749c5e0,85a43a2461fe1b9f,600c1e06e5a4a734,,,
object,scene_0005,referential,human:aaron_test,oracle,tokens,3,False,,200,False,False,,True,True,True,bbq_sauce_1,True,,False,0.1604,bbq_sauce_1,basket_1,True,,plane,0.065,0.065,c4c3d71f1749c5e0,ea415dabeeecf9b5,38ffedc64593529e,,,
object,scene_0005,referential,human:aaron_test,oracle,tokens,4,False,,200,False,False,,True,True,True,bbq_sauce_1,True,,False,0.1604,bbq_sauce_1,basket_1,True,,plane,0.065,0.065,c4c3d71f1749c5e0,177e34c0aa4e9520,681fe7a873629f50,,,
object,scene_0005,referential,human:aaron_test,oracle,tokens,5,False,,200,False,False,,True,True,True,bbq_sauce_1,True,,False,0.1604,bbq_sauce_1,basket_1,True,,plane,0.065,0.065,c4c3d71f1749c5e0,9ce0c7d69e7c0f85,5bb938349755c95b,,,
object,scene_0005,referential,human:aaron_test,oracle,tokens,6,False,,200,False,False,,True,True,True,bbq_sauce_1,True,,False,0.1605,bbq_sauce_1,basket_1,True,,plane,0.065,0.065,c4c3d71f1749c5e0,ccd5100ebe1d3ebb,9c1d4a74f303c5d9,,,
object,scene_0005,referential,human:aaron_test,oracle,tokens,7,False,,200,False,False,,True,True,True,bbq_sauce_1,True,,False,0.1605,bbq_sauce_1,basket_1,True,,plane,0.065,0.065,c4c3d71f1749c5e0,780bcbe2deaec318,d03903fe805bd847,,,
object,scene_0005,referential,human:aaron_test,oracle,tokens,8,False,,200,False,False,,True,True,True,bbq_sauce_1,True,,False,0.1605,bbq_sauce_1,basket_1,True,,plane,0.065,0.065,c4c3d71f1749c5e0,6a4a2d1bdc15c885,b1e842b0d4903fa2,,,
object,scene_0005,referential,human:aaron_test,oracle,tokens,9,False,,200,False,False,,True,True,True,bbq_sauce_1,True,,False,0.1606,bbq_sauce_1,basket_1,True,,plane,0.065,0.065,c4c3d71f1749c5e0,1e95893c0f1706f2,115717c1056a1800,,,
object,scene_0007,referential,auto,oracle,tokens,0,False,,200,False,False,,True,False,False,,False,,False,0.5179,chocolate_pudding_2,basket_1,,,plane,0.065,0.065,5bd81ad1651554de,84e9b3789800c83d,b63c46a76178c9b5,,,
object,scene_0007,referential,auto,oracle,tokens,1,False,,200,False,False,,True,False,False,,False,,False,0.5179,chocolate_pudding_2,basket_1,,,plane,0.065,0.065,5bd81ad1651554de,2bc8ea0a3de07b1e,8dcd5a8dbb3df1d7,,,
object,scene_0007,referential,auto,oracle,tokens,2,False,,200,False,False,,True,False,False,,False,,False,0.5179,chocolate_pudding_2,basket_1,,,plane,0.065,0.065,5bd81ad1651554de,cf7ee0c568c7b494,ae99c307b0df43ab,,,
object,scene_0007,referential,auto,oracle,tokens,3,False,,200,False,False,,True,False,False,,False,,False,0.5179,chocolate_pudding_2,basket_1,,,plane,0.065,0.065,5bd81ad1651554de,006020f271c02818,134ed2ffb6d09b0d,,,
object,scene_0007,referential,auto,oracle,tokens,4,False,,200,False,False,,True,False,False,,False,,False,0.5179,chocolate_pudding_2,basket_1,,,plane,0.065,0.065,5bd81ad1651554de,21eb013569c7a192,ad7337d41b035fdf,,,
object,scene_0007,referential,auto,oracle,tokens,5,False,,200,False,False,,True,False,False,,False,,False,0.5179,chocolate_pudding_2,basket_1,,,plane,0.065,0.065,5bd81ad1651554de,5ea628f7305ce532,25bed32e43d9d7f7,,,
object,scene_0007,referential,auto,oracle,tokens,6,False,,200,False,False,,True,False,False,,False,,False,0.5179,chocolate_pudding_2,basket_1,,,plane,0.065,0.065,5bd81ad1651554de,042e0e52cfc0d0aa,79f6920a7848ce36,,,
object,scene_0007,referential,auto,oracle,tokens,7,False,,200,False,False,,True,False,False,,False,,False,0.5179,chocolate_pudding_2,basket_1,,,plane,0.065,0.065,5bd81ad1651554de,e3d58cfca6b3c93a,ab33cc7fd009210e,,,
object,scene_0007,referential,auto,oracle,tokens,8,False,,200,False,False,,True,False,False,,False,,False,0.5179,chocolate_pudding_2,basket_1,,,plane,0.065,0.065,5bd81ad1651554de,f06b4c2c7873e834,4aa20222657975c9,,,
object,scene_0007,referential,auto,oracle,tokens,9,False,,200,False,False,,True,False,False,,False,,False,0.5179,chocolate_pudding_2,basket_1,,,plane,0.065,0.065,5bd81ad1651554de,3b3aa797338f02dd,94c8481dcbcc6997,,,
object,scene_0007,referential,human:aaron_test,oracle,tokens,0,False,,200,False,False,,True,False,False,,False,,False,0.5179,chocolate_pudding_2,basket_1,,,plane,0.065,0.065,5bd81ad1651554de,0a3a175b21603c7f,84e0b31f8b042e24,,,
object,scene_0007,referential,human:aaron_test,oracle,tokens,1,False,,200,False,False,,True,False,False,,False,,False,0.5179,chocolate_pudding_2,basket_1,,,plane,0.065,0.065,5bd81ad1651554de,d3810bf18b98fa55,f0e9ef528ed759d2,,,
object,scene_0007,referential,human:aaron_test,oracle,tokens,2,False,,200,False,False,,True,False,False,,False,,False,0.5179,chocolate_pudding_2,basket_1,,,plane,0.065,0.065,5bd81ad1651554de,aabb3ffb588c91a8,03dec11e8b031b05,,,
object,scene_0007,referential,human:aaron_test,oracle,tokens,3,False,,200,False,False,,True,False,False,,False,,False,0.5179,chocolate_pudding_2,basket_1,,,plane,0.065,0.065,5bd81ad1651554de,1bd524cdaa6ff521,1f98d3bd5ca99249,,,
object,scene_0007,referential,human:aaron_test,oracle,tokens,4,False,,200,False,False,,True,False,False,,False,,False,0.5179,chocolate_pudding_2,basket_1,,,plane,0.065,0.065,5bd81ad1651554de,16247c15caa88a59,f15eb0defed9cde6,,,
object,scene_0007,referential,human:aaron_test,oracle,tokens,5,False,,200,False,False,,True,False,False,,False,,False,0.5179,chocolate_pudding_2,basket_1,,,plane,0.065,0.065,5bd81ad1651554de,7b73d0faf01826ee,39699f22ee2f5d90,,,
object,scene_0007,referential,human:aaron_test,oracle,tokens,6,False,,200,False,False,,True,False,False,,False,,False,0.5179,chocolate_pudding_2,basket_1,,,plane,0.065,0.065,5bd81ad1651554de,c3d1bfe42ad37ff1,225171da44c40179,,,
object,scene_0007,referential,human:aaron_test,oracle,tokens,7,False,,200,False,False,,True,False,False,,False,,False,0.5179,chocolate_pudding_2,basket_1,,,plane,0.065,0.065,5bd81ad1651554de,236967e98e25c792,e7cf7d02acdf0d73,,,
object,scene_0007,referential,human:aaron_test,oracle,tokens,8,False,,200,False,False,,True,False,False,,False,,False,0.5179,chocolate_pudding_2,basket_1,,,plane,0.065,0.065,5bd81ad1651554de,40056f7edea5f1da,458cba5fb8787a75,,,
object,scene_0007,referential,human:aaron_test,oracle,tokens,9,False,,200,False,False,,True,False,False,,False,,False,0.5179,chocolate_pudding_2,basket_1,,,plane,0.065,0.065,5bd81ad1651554de,cbb1b70524f3c933,0264426a21de0edc,,,
object,scene_0011,referential,auto,oracle,tokens,0,False,,200,False,False,,True,False,False,,False,,False,0.4614,butter_1,basket_1,,,plane,0.065,0.065,7460414c554dc100,44e167398206d8d4,bc8797a99bd45db0,,,
object,scene_0011,referential,auto,oracle,tokens,1,False,,200,False,False,,True,False,False,,False,,False,0.4614,butter_1,basket_1,,,plane,0.065,0.065,7460414c554dc100,9b4edd16082b5dcc,def6582965424c4e,,,
object,scene_0011,referential,auto,oracle,tokens,2,False,,200,False,False,,True,False,False,,False,,False,0.4614,butter_1,basket_1,,,plane,0.065,0.065,7460414c554dc100,6dbfe109ae7f5d58,8c18fd83840b4da1,,,
object,scene_0011,referential,auto,oracle,tokens,3,False,,200,False,False,,True,False,False,,False,,False,0.4614,butter_1,basket_1,,,plane,0.065,0.065,7460414c554dc100,b638f13688547aeb,8f9d4911c980f11c,,,
object,scene_0011,referential,auto,oracle,tokens,4,False,,200,False,False,,True,False,False,,False,,False,0.4614,butter_1,basket_1,,,plane,0.065,0.065,7460414c554dc100,053f6f4a63bedd05,221bf3eaa7b3277b,,,
object,scene_0011,referential,auto,oracle,tokens,5,False,,200,False,False,,True,False,False,,False,,False,0.4614,butter_1,basket_1,,,plane,0.065,0.065,7460414c554dc100,f763c3b3ed98a600,9336696e2a561ccb,,,
object,scene_0011,referential,auto,oracle,tokens,6,False,,200,False,False,,True,False,False,,False,,False,0.4614,butter_1,basket_1,,,plane,0.065,0.065,7460414c554dc100,f509c435a2edb356,0fde34e524f8a13c,,,
object,scene_0011,referential,auto,oracle,tokens,7,False,,200,False,False,,True,False,False,,False,,False,0.4614,butter_1,basket_1,,,plane,0.065,0.065,7460414c554dc100,1a162366098a487d,9f2a7ac492525c59,,,
object,scene_0011,referential,auto,oracle,tokens,8,False,,200,False,False,,True,False,False,,False,,False,0.4614,butter_1,basket_1,,,plane,0.065,0.065,7460414c554dc100,34567e97a277faf8,4d451091a7b678f1,,,
object,scene_0011,referential,auto,oracle,tokens,9,False,,200,False,False,,True,False,False,,False,,False,0.4614,butter_1,basket_1,,,plane,0.065,0.065,7460414c554dc100,3ee50f2ef912540b,1fb9514fd4c7e2b4,,,
object,scene_0011,referential,human:aaron_test,oracle,tokens,0,False,,200,False,False,,True,False,False,,False,,False,0.4614,butter_1,basket_1,,,plane,0.065,0.065,7460414c554dc100,15c90e4c6f5d5f34,af03a6d981ca1f6a,,,
object,scene_0011,referential,human:aaron_test,oracle,tokens,1,False,,200,False,False,,True,False,False,,False,,False,0.4614,butter_1,basket_1,,,plane,0.065,0.065,7460414c554dc100,28f1cf4e08fc5c28,8dc00b7ec4b52f40,,,
object,scene_0011,referential,human:aaron_test,oracle,tokens,2,False,,200,False,False,,True,False,False,,False,,False,0.4614,butter_1,basket_1,,,plane,0.065,0.065,7460414c554dc100,ea9ba0b51c3e113f,949ab0a1e4bc4e84,,,
object,scene_0011,referential,human:aaron_test,oracle,tokens,3,False,,200,False,False,,True,False,False,,False,,False,0.4614,butter_1,basket_1,,,plane,0.065,0.065,7460414c554dc100,b2e4ad421e857769,477c367f880d6bea,,,
object,scene_0011,referential,human:aaron_test,oracle,tokens,4,False,,200,False,False,,True,False,False,,False,,False,0.4614,butter_1,basket_1,,,plane,0.065,0.065,7460414c554dc100,f49f542f5f1cbf7e,5f2c277a4ecf641c,,,
object,scene_0011,referential,human:aaron_test,oracle,tokens,5,False,,200,False,False,,True,False,False,,False,,False,0.4614,butter_1,basket_1,,,plane,0.065,0.065,7460414c554dc100,d2725ae9dfa011c7,c8389b1e27751c48,,,
object,scene_0011,referential,human:aaron_test,oracle,tokens,6,False,,200,False,False,,True,False,False,,False,,False,0.4614,butter_1,basket_1,,,plane,0.065,0.065,7460414c554dc100,b6fbd2086a6d80e6,e722899c207d2eb5,,,
object,scene_0011,referential,human:aaron_test,oracle,tokens,7,False,,200,False,False,,True,False,False,,False,,False,0.4614,butter_1,basket_1,,,plane,0.065,0.065,7460414c554dc100,92315a9ff39654e0,b7ffe85fff6b6548,,,
object,scene_0011,referential,human:aaron_test,oracle,tokens,8,False,,200,False,False,,True,False,False,,False,,False,0.4614,butter_1,basket_1,,,plane,0.065,0.065,7460414c554dc100,a629ea1539249761,30d726624c840647,,,
object,scene_0011,referential,human:aaron_test,oracle,tokens,9,False,,200,False,False,,True,False,False,,False,,False,0.4614,butter_1,basket_1,,,plane,0.065,0.065,7460414c554dc100,3728ec97ceebfe3f,b045ec2cbcf35228,,,
object,scene_0013,referential,auto,oracle,tokens,0,False,,200,False,False,,True,False,False,,False,,False,0.234,tomato_sauce_2,basket_1,,,plane,0.065,0.065,ddf335b4891b38ce,bacfbae9bc13a4d0,d46458f5e65603ab,,,
object,scene_0013,referential,auto,oracle,tokens,1,False,,200,False,False,,True,False,False,,False,,False,0.234,tomato_sauce_2,basket_1,,,plane,0.065,0.065,ddf335b4891b38ce,7173ce0e861b4457,e019babeae45e6ed,,,
object,scene_0013,referential,auto,oracle,tokens,2,False,,200,False,False,,True,False,False,,False,,False,0.234,tomato_sauce_2,basket_1,,,plane,0.065,0.065,ddf335b4891b38ce,2b35bd5bc604cd33,634d4c6e3b580e27,,,
object,scene_0013,referential,auto,oracle,tokens,3,False,,200,False,False,,True,False,False,,False,,False,0.234,tomato_sauce_2,basket_1,,,plane,0.065,0.065,ddf335b4891b38ce,30cffc0771c33686,2e8deb92966c6dd6,,,
object,scene_0013,referential,auto,oracle,tokens,4,False,,200,False,False,,True,False,False,,False,,False,0.234,tomato_sauce_2,basket_1,,,plane,0.065,0.065,ddf335b4891b38ce,f91e2cd2148eb5a8,6d05f3137c53b835,,,
object,scene_0013,referential,auto,oracle,tokens,5,False,,200,False,False,,True,False,False,,False,,False,0.234,tomato_sauce_2,basket_1,,,plane,0.065,0.065,ddf335b4891b38ce,eaf8891a83a6f326,4d33873c5052a289,,,
object,scene_0013,referential,auto,oracle,tokens,6,False,,200,False,False,,True,False,False,,False,,False,0.234,tomato_sauce_2,basket_1,,,plane,0.065,0.065,ddf335b4891b38ce,b08499b8e0ec2af0,8a5e10c816ee17d2,,,
object,scene_0013,referential,auto,oracle,tokens,7,False,,200,False,False,,True,False,False,,False,,False,0.234,tomato_sauce_2,basket_1,,,plane,0.065,0.065,ddf335b4891b38ce,b5a022b738a9f2a8,ff8f313a4c43c4c2,,,
object,scene_0013,referential,auto,oracle,tokens,8,False,,200,False,False,,True,False,False,,False,,False,0.234,tomato_sauce_2,basket_1,,,plane,0.065,0.065,ddf335b4891b38ce,460a3243b28c630b,87e43b470d162de3,,,
object,scene_0013,referential,auto,oracle,tokens,9,False,,200,False,False,,True,False,False,,False,,False,0.234,tomato_sauce_2,basket_1,,,plane,0.065,0.065,ddf335b4891b38ce,da0f5936f05984ce,10a3c4c04d2770c6,,,
object,scene_0013,referential,human:aaron_test,oracle,tokens,0,False,,200,False,False,,True,False,False,,False,,False,0.234,tomato_sauce_1,basket_1,,,plane,0.065,0.065,ddf335b4891b38ce,24b57181c5e0dc2d,029d9bf85409cc35,,,
object,scene_0013,referential,human:aaron_test,oracle,tokens,1,False,,200,False,False,,True,False,False,,False,,False,0.234,tomato_sauce_1,basket_1,,,plane,0.065,0.065,ddf335b4891b38ce,a1379172ec79aecd,edd3a6a9e817624a,,,
object,scene_0013,referential,human:aaron_test,oracle,tokens,2,False,,200,False,False,,True,False,False,,False,,False,0.234,tomato_sauce_1,basket_1,,,plane,0.065,0.065,ddf335b4891b38ce,6e45917ff233f197,9f07bc3d74fc083f,,,
object,scene_0013,referential,human:aaron_test,oracle,tokens,3,False,,200,False,False,,True,False,False,,False,,False,0.234,tomato_sauce_1,basket_1,,,plane,0.065,0.065,ddf335b4891b38ce,8b3f69a2acd7f92a,1ea213890426d0d4,,,
object,scene_0013,referential,human:aaron_test,oracle,tokens,4,False,,200,False,False,,True,False,False,,False,,False,0.234,tomato_sauce_1,basket_1,,,plane,0.065,0.065,ddf335b4891b38ce,c72636b876835e02,c3f6b2498c98f7b2,,,
object,scene_0013,referential,human:aaron_test,oracle,tokens,5,False,,200,False,False,,True,False,False,,False,,False,0.234,tomato_sauce_1,basket_1,,,plane,0.065,0.065,ddf335b4891b38ce,64cd535ab3cbe514,0deb59dbbfeb5a7b,,,
object,scene_0013,referential,human:aaron_test,oracle,tokens,6,False,,200,False,False,,True,False,False,,False,,False,0.234,tomato_sauce_1,basket_1,,,plane,0.065,0.065,ddf335b4891b38ce,276b9b5fdf20f716,b717162d6e77b287,,,
object,scene_0013,referential,human:aaron_test,oracle,tokens,7,False,,200,False,False,,True,False,False,,False,,False,0.234,tomato_sauce_1,basket_1,,,plane,0.065,0.065,ddf335b4891b38ce,e04fc4f2d6cc75eb,7dd15f03f29d91fb,,,
object,scene_0013,referential,human:aaron_test,oracle,tokens,8,False,,200,False,False,,True,False,False,,False,,False,0.234,tomato_sauce_1,basket_1,,,plane,0.065,0.065,ddf335b4891b38ce,a3f09d6c5ff6a04c,fe2d5f3c474d8c76,,,
object,scene_0013,referential,human:aaron_test,oracle,tokens,9,False,,200,False,False,,True,False,False,,False,,False,0.234,tomato_sauce_1,basket_1,,,plane,0.065,0.065,ddf335b4891b38ce,4bf68d37a1f0e2fa,b5ce022fd7bfa009,,,
object,scene_0023,directional,auto,oracle,tokens,0,False,,200,False,False,,True,False,False,,False,,False,0.1991,orange_juice_1,basket_1,,,plane,0.065,0.065,d96da7f208aa257c,8eca7f25996d66f3,76e1c5e10963ecae,,,
object,scene_0023,directional,auto,oracle,tokens,1,False,,200,False,False,,True,False,False,,False,,False,0.1991,orange_juice_1,basket_1,,,plane,0.065,0.065,d96da7f208aa257c,9e2a3e525a613c1e,682f696b5e550526,,,
object,scene_0023,directional,auto,oracle,tokens,2,False,,200,False,False,,True,False,False,,False,,False,0.1991,orange_juice_1,basket_1,,,plane,0.065,0.065,d96da7f208aa257c,c939c5def29c1f51,2f09dcbe38c67864,,,
object,scene_0023,directional,auto,oracle,tokens,3,False,,200,False,False,,True,False,False,,False,,False,0.1991,orange_juice_1,basket_1,,,plane,0.065,0.065,d96da7f208aa257c,d9a16d86b8c4dcec,83554583075b7574,,,
object,scene_0023,directional,auto,oracle,tokens,4,False,,200,False,False,,True,False,False,,False,,False,0.1991,orange_juice_1,basket_1,,,plane,0.065,0.065,d96da7f208aa257c,c36938c043e0791d,e3c2cd242b8c05ec,,,
object,scene_0023,directional,auto,oracle,tokens,5,False,,200,False,False,,True,False,False,,False,,False,0.1991,orange_juice_1,basket_1,,,plane,0.065,0.065,d96da7f208aa257c,ed8842753251c73f,fb757e3caff60f18,,,
object,scene_0023,directional,auto,oracle,tokens,6,False,,200,False,False,,True,False,False,,False,,False,0.1991,orange_juice_1,basket_1,,,plane,0.065,0.065,d96da7f208aa257c,d6d7198e7d86349e,bfa872e7933be101,,,
object,scene_0023,directional,auto,oracle,tokens,7,False,,200,False,False,,True,False,False,,False,,False,0.1991,orange_juice_1,basket_1,,,plane,0.065,0.065,d96da7f208aa257c,c92041904681e656,e89b793c9848fdb4,,,
object,scene_0023,directional,auto,oracle,tokens,8,False,,200,False,False,,True,False,False,,False,,False,0.1991,orange_juice_1,basket_1,,,plane,0.065,0.065,d96da7f208aa257c,3409b58dc2411fa6,9385e9ee0715124b,,,
object,scene_0023,directional,auto,oracle,tokens,9,False,,200,False,False,,True,False,False,,False,,False,0.1991,orange_juice_1,basket_1,,,plane,0.065,0.065,d96da7f208aa257c,e6c90ebcc58d012d,3e2a66d3074ea701,,,
object,scene_0023,directional,human:aaron_test,oracle,tokens,0,False,,200,False,False,,True,True,True,orange_juice_1,True,,False,0.1855,orange_juice_1,basket_3,True,,plane,0.065,0.065,d96da7f208aa257c,291210a049406797,0a899e2b30172d52,,,
object,scene_0023,directional,human:aaron_test,oracle,tokens,1,False,,200,False,False,,True,True,True,orange_juice_1,True,,False,0.1838,orange_juice_1,basket_3,True,,plane,0.065,0.065,d96da7f208aa257c,376627058abdac46,29e990623f8c387f,,,
object,scene_0023,directional,human:aaron_test,oracle,tokens,2,False,,200,False,False,,True,True,True,orange_juice_1,True,,False,0.1828,orange_juice_1,basket_3,True,,plane,0.065,0.065,d96da7f208aa257c,be47440047435679,aead940d16febcfc,,,
object,scene_0023,directional,human:aaron_test,oracle,tokens,3,False,,200,False,False,,True,True,True,orange_juice_1,True,,False,0.1819,orange_juice_1,basket_3,True,,plane,0.065,0.065,d96da7f208aa257c,e5e0e5d07c8b4042,6e31fd9ea60a0cd0,,,
object,scene_0023,directional,human:aaron_test,oracle,tokens,4,False,,200,False,False,,True,True,True,orange_juice_1,True,,False,0.1858,orange_juice_1,basket_3,True,,plane,0.065,0.065,d96da7f208aa257c,034c63818bfad7a4,9c05a75e18c313a8,,,
object,scene_0023,directional,human:aaron_test,oracle,tokens,5,False,,200,False,False,,True,True,True,orange_juice_1,True,,False,0.1006,orange_juice_1,basket_3,True,,plane,0.065,0.065,d96da7f208aa257c,0c8d291b6ded8339,1a1b8aa5e0775768,,,
object,scene_0023,directional,human:aaron_test,oracle,tokens,6,False,,200,False,False,,True,True,True,orange_juice_1,True,,False,0.1125,orange_juice_1,basket_3,True,,plane,0.065,0.065,d96da7f208aa257c,1bc9e3bb0f5e6f1e,f1a4ad46e60ce847,,,
object,scene_0023,directional,human:aaron_test,oracle,tokens,7,False,,200,False,False,,True,True,True,orange_juice_1,True,,False,0.193,orange_juice_1,basket_3,True,,plane,0.065,0.065,d96da7f208aa257c,27c441c3133ad992,ce632c2d52e4b214,,,
object,scene_0023,directional,human:aaron_test,oracle,tokens,8,False,,200,False,False,,True,True,True,orange_juice_1,True,,False,0.109,orange_juice_1,basket_3,True,,plane,0.065,0.065,d96da7f208aa257c,949b26b15e925005,ae5d8c0e7d1ef6aa,,,
object,scene_0023,directional,human:aaron_test,oracle,tokens,9,False,,200,False,False,,True,True,True,orange_juice_1,True,basket_3,False,0.0726,orange_juice_1,basket_3,True,True,plane,0.065,0.065,d96da7f208aa257c,24f686e18c446290,55c465c8df7f9e67,,,
object,scene_0024,directional,auto,oracle,tokens,0,False,,200,False,False,,True,True,True,ketchup_1,True,,False,0.1428,ketchup_1,basket_1,True,,plane,0.065,0.065,a1e26648ca9788d4,0ed20f412051289b,bf3fd9820586d59c,,,
object,scene_0024,directional,auto,oracle,tokens,1,False,,200,False,False,,True,True,True,ketchup_1,True,,False,0.0963,ketchup_1,basket_1,True,,plane,0.065,0.065,a1e26648ca9788d4,b967b92f14f3e909,aa2e6b4aff8b9efd,,,
object,scene_0024,directional,auto,oracle,tokens,2,False,,200,False,False,,True,True,True,ketchup_1,True,,False,0.093,ketchup_1,basket_1,True,,plane,0.065,0.065,a1e26648ca9788d4,c6ce7d7eb139ed67,c296a6d874286628,,,
object,scene_0024,directional,auto,oracle,tokens,3,False,,200,False,False,,True,True,True,ketchup_1,True,,False,0.1491,ketchup_1,basket_1,True,,plane,0.065,0.065,a1e26648ca9788d4,1e9383efb41d9636,f2c474377ac5721b,,,
object,scene_0024,directional,auto,oracle,tokens,4,False,,200,False,False,,True,True,True,ketchup_1,True,,False,0.0937,ketchup_1,basket_1,True,,plane,0.065,0.065,a1e26648ca9788d4,c1319c054e61f4a2,ca03cc0c9a91d30c,,,
object,scene_0024,directional,auto,oracle,tokens,5,False,,200,False,False,,True,True,True,ketchup_1,True,,False,0.1699,ketchup_1,basket_1,True,,plane,0.065,0.065,a1e26648ca9788d4,1b3eda67c23157b8,823388448331f11d,,,
object,scene_0024,directional,auto,oracle,tokens,6,False,,200,False,False,,True,True,True,ketchup_1,True,,False,0.1456,ketchup_1,basket_1,True,,plane,0.065,0.065,a1e26648ca9788d4,1b1501f1510352c6,2886b35d46026172,,,
object,scene_0024,directional,auto,oracle,tokens,7,False,,200,False,False,,True,True,True,ketchup_1,True,,False,0.1471,ketchup_1,basket_1,True,,plane,0.065,0.065,a1e26648ca9788d4,ba8cc6b5f641d208,81b99a32239e6893,,,
object,scene_0024,directional,auto,oracle,tokens,8,False,,200,False,False,,True,True,True,ketchup_1,True,,False,0.1737,ketchup_1,basket_1,True,,plane,0.065,0.065,a1e26648ca9788d4,7dbe194d0b04880a,5845cdb5aea552e4,,,
object,scene_0024,directional,auto,oracle,tokens,9,False,,200,False,False,,True,True,True,ketchup_1,True,,False,0.1622,ketchup_1,basket_1,True,,plane,0.065,0.065,a1e26648ca9788d4,ce8bb3066b466fdb,562a913a088dba19,,,
object,scene_0024,directional,human:aaron_test,oracle,tokens,0,False,,200,False,False,,True,True,True,ketchup_1,True,,False,0.0938,ketchup_1,basket_3,True,,plane,0.065,0.065,a1e26648ca9788d4,6f75f68e4f5a7667,30f8165511eb0326,,,
object,scene_0024,directional,human:aaron_test,oracle,tokens,1,False,,200,False,False,,True,True,True,ketchup_1,True,,False,0.1584,ketchup_1,basket_3,True,,plane,0.065,0.065,a1e26648ca9788d4,cf1a09469ccfd690,cccbcdf27a005445,,,
object,scene_0024,directional,human:aaron_test,oracle,tokens,2,False,,200,False,False,,True,True,True,ketchup_1,True,,False,0.0846,ketchup_1,basket_3,True,,plane,0.065,0.065,a1e26648ca9788d4,403fb89b4679b7f1,63c7b5d179d14218,,,
object,scene_0024,directional,human:aaron_test,oracle,tokens,3,False,,200,False,False,,True,True,True,ketchup_1,True,,False,0.0847,ketchup_1,basket_3,True,,plane,0.065,0.065,a1e26648ca9788d4,8dfa94dbbee48526,0ff748c489fcdcf7,,,
object,scene_0024,directional,human:aaron_test,oracle,tokens,4,False,,200,False,False,,True,True,True,ketchup_1,True,,False,0.093,ketchup_1,basket_3,True,,plane,0.065,0.065,a1e26648ca9788d4,3a71577c26ab2ee3,90a75774033ede5d,,,
object,scene_0024,directional,human:aaron_test,oracle,tokens,5,False,,200,False,False,,True,True,True,ketchup_1,True,basket_3,False,0.0707,ketchup_1,basket_3,True,True,plane,0.065,0.065,a1e26648ca9788d4,bd9c890d52617481,0e449cff84cf0a95,,,
object,scene_0024,directional,human:aaron_test,oracle,tokens,6,False,,200,False,False,,True,True,True,ketchup_1,True,basket_3,False,0.0694,ketchup_1,basket_3,True,True,plane,0.065,0.065,a1e26648ca9788d4,4c71ffecd46ce4ca,e8270324276a5717,,,
object,scene_0024,directional,human:aaron_test,oracle,tokens,7,False,,200,False,False,,True,True,True,ketchup_1,True,,False,0.0964,ketchup_1,basket_3,True,,plane,0.065,0.065,a1e26648ca9788d4,7d1630683e29209d,1f4a7880e05db157,,,
object,scene_0024,directional,human:aaron_test,oracle,tokens,8,False,,200,False,False,,True,True,True,ketchup_1,True,basket_3,False,0.066,ketchup_1,basket_3,True,True,plane,0.065,0.065,a1e26648ca9788d4,fce936f0f425f958,63442fa755b4bae6,,,
object,scene_0024,directional,human:aaron_test,oracle,tokens,9,False,,200,False,False,,True,True,True,ketchup_1,True,,False,0.1544,ketchup_1,basket_3,True,,plane,0.065,0.065,a1e26648ca9788d4,0cc54dc11f547a7f,dd72f717f8f675ac,,,
object,scene_0025,directional,auto,oracle,tokens,0,False,,200,False,False,,True,False,False,,False,,False,0.2556,bbq_sauce_1,basket_1,,,plane,0.065,0.065,6361d032e466c1f8,b31ea9834bf1fa88,416fb9d2a23466c1,,,
object,scene_0025,directional,auto,oracle,tokens,1,False,,200,False,False,,True,False,False,,False,,False,0.2556,bbq_sauce_1,basket_1,,,plane,0.065,0.065,6361d032e466c1f8,7c66cf5d134240ef,887627aed22edf9b,,,
object,scene_0025,directional,auto,oracle,tokens,2,False,,200,False,False,,True,False,False,,False,,False,0.2556,bbq_sauce_1,basket_1,,,plane,0.065,0.065,6361d032e466c1f8,4e8239abdb1d4787,b3c2df98a4f25502,,,
object,scene_0025,directional,auto,oracle,tokens,3,False,,200,False,False,,True,False,False,,False,,False,0.2556,bbq_sauce_1,basket_1,,,plane,0.065,0.065,6361d032e466c1f8,c2bf8c6b30953571,ea110aebb28df1d1,,,
object,scene_0025,directional,auto,oracle,tokens,4,False,,200,False,False,,True,False,False,,False,,False,0.2556,bbq_sauce_1,basket_1,,,plane,0.065,0.065,6361d032e466c1f8,d1a9855f16518d34,ae879b7d0d1b3628,,,
object,scene_0025,directional,auto,oracle,tokens,5,False,,200,False,False,,True,False,False,,False,,False,0.2556,bbq_sauce_1,basket_1,,,plane,0.065,0.065,6361d032e466c1f8,ae4848436b8cbb21,c15dc92a2f164314,,,
object,scene_0025,directional,auto,oracle,tokens,6,False,,200,False,False,,True,False,False,,False,,False,0.2556,bbq_sauce_1,basket_1,,,plane,0.065,0.065,6361d032e466c1f8,942e32b7e9183675,e3cea2286c68aa71,,,
object,scene_0025,directional,auto,oracle,tokens,7,False,,200,False,False,,True,False,False,,False,,False,0.2556,bbq_sauce_1,basket_1,,,plane,0.065,0.065,6361d032e466c1f8,0e6d2f23ccce5f52,f9afc1e258535564,,,
object,scene_0025,directional,auto,oracle,tokens,8,False,,200,False,False,,True,False,False,,False,,False,0.2556,bbq_sauce_1,basket_1,,,plane,0.065,0.065,6361d032e466c1f8,d1e8c9735565e7b8,c379321c23fc081b,,,
object,scene_0025,directional,auto,oracle,tokens,9,False,,200,False,False,,True,False,False,,False,,False,0.2556,bbq_sauce_1,basket_1,,,plane,0.065,0.065,6361d032e466c1f8,914e3cd9e9144d82,9d037b575c7caf74,,,
object,scene_0025,directional,human:aaron_test,oracle,tokens,0,False,,200,False,False,,True,True,True,bbq_sauce_1,True,,False,0.1124,bbq_sauce_1,basket_1,True,,plane,0.065,0.065,6361d032e466c1f8,38356ced731f0195,b7cb16aa27ddca8b,,,
object,scene_0025,directional,human:aaron_test,oracle,tokens,1,False,,200,False,False,,True,True,True,bbq_sauce_1,True,,False,0.1125,bbq_sauce_1,basket_1,True,,plane,0.065,0.065,6361d032e466c1f8,a0e15050af88eb80,ce49804e7294e7e2,,,
object,scene_0025,directional,human:aaron_test,oracle,tokens,2,False,,200,False,False,,True,True,True,bbq_sauce_1,True,,False,0.1123,bbq_sauce_1,basket_1,True,,plane,0.065,0.065,6361d032e466c1f8,c7868ff8afbebfdb,4ee610d8b6d99216,,,
object,scene_0025,directional,human:aaron_test,oracle,tokens,3,False,,200,False,False,,True,True,True,bbq_sauce_1,True,,False,0.1123,bbq_sauce_1,basket_1,True,,plane,0.065,0.065,6361d032e466c1f8,e6fa9c1476aa44d4,59825c7c2327f3b0,,,
object,scene_0025,directional,human:aaron_test,oracle,tokens,4,False,,200,False,False,,True,True,True,bbq_sauce_1,True,,False,0.1125,bbq_sauce_1,basket_1,True,,plane,0.065,0.065,6361d032e466c1f8,929f7723d72a7e44,10e72b33cb25239e,,,
object,scene_0025,directional,human:aaron_test,oracle,tokens,5,False,,200,False,False,,True,True,True,bbq_sauce_1,True,,False,0.1125,bbq_sauce_1,basket_1,True,,plane,0.065,0.065,6361d032e466c1f8,52b7ba565e3aed21,aa7290710623a4fc,,,
object,scene_0025,directional,human:aaron_test,oracle,tokens,6,False,,200,False,False,,True,True,True,bbq_sauce_1,True,,False,0.1123,bbq_sauce_1,basket_1,True,,plane,0.065,0.065,6361d032e466c1f8,2f292686d8b46d1a,714e1843ba04aca5,,,
object,scene_0025,directional,human:aaron_test,oracle,tokens,7,False,,200,False,False,,True,True,True,bbq_sauce_1,True,,False,0.1123,bbq_sauce_1,basket_1,True,,plane,0.065,0.065,6361d032e466c1f8,0e64b57d50deb2f5,94815d274b957f3d,,,
object,scene_0025,directional,human:aaron_test,oracle,tokens,8,False,,200,False,False,,True,True,True,bbq_sauce_1,True,,False,0.1126,bbq_sauce_1,basket_1,True,,plane,0.065,0.065,6361d032e466c1f8,50385db0b1284e02,40d2c2643122e926,,,
object,scene_0025,directional,human:aaron_test,oracle,tokens,9,False,,200,False,False,,True,True,True,bbq_sauce_1,True,,False,0.1126,bbq_sauce_1,basket_1,True,,plane,0.065,0.065,6361d032e466c1f8,5726814becb3931d,14b06dc17fb6642c,,,
object,scene_0027,both,auto,oracle,tokens,0,False,,200,False,False,,True,False,False,,False,,False,0.2253,chocolate_pudding_1,basket_2,,,plane,0.065,0.065,2a169cf0400921fa,e1eae5e6e510789f,51a1c6fed363ba82,,,
object,scene_0027,both,auto,oracle,tokens,1,False,,200,False,False,,True,False,False,,False,,False,0.2253,chocolate_pudding_1,basket_2,,,plane,0.065,0.065,2a169cf0400921fa,aad096f5fde75b7f,ba61be958e7faa6e,,,
object,scene_0027,both,auto,oracle,tokens,2,False,,200,False,False,,True,False,False,,False,,False,0.2253,chocolate_pudding_1,basket_2,,,plane,0.065,0.065,2a169cf0400921fa,383778eb43f3f9ce,89387e4810b221af,,,
object,scene_0027,both,auto,oracle,tokens,3,False,,200,False,False,,True,False,False,,False,,False,0.2253,chocolate_pudding_1,basket_2,,,plane,0.065,0.065,2a169cf0400921fa,65965fb1c742eafc,3719c27bca7ec32c,,,
object,scene_0027,both,auto,oracle,tokens,4,False,,200,False,False,,True,False,False,,False,,False,0.2253,chocolate_pudding_1,basket_2,,,plane,0.065,0.065,2a169cf0400921fa,64f65d0f39572f5b,9dad28363c9c31d2,,,
object,scene_0027,both,auto,oracle,tokens,5,False,,200,False,False,,True,False,False,,False,,False,0.2253,chocolate_pudding_1,basket_2,,,plane,0.065,0.065,2a169cf0400921fa,4e1c4983dac572cc,ad032dffd33c6f88,,,
object,scene_0027,both,auto,oracle,tokens,6,False,,200,False,False,,True,False,False,,False,,False,0.2253,chocolate_pudding_1,basket_2,,,plane,0.065,0.065,2a169cf0400921fa,90edcb44bdbfcec4,64d2cd3b1422920c,,,
object,scene_0027,both,auto,oracle,tokens,7,False,,200,False,False,,True,False,False,,False,,False,0.2253,chocolate_pudding_1,basket_2,,,plane,0.065,0.065,2a169cf0400921fa,49f671c710d0cfe0,3c91dd45eefc6427,,,
object,scene_0027,both,auto,oracle,tokens,8,False,,200,False,False,,True,False,False,,False,,False,0.2253,chocolate_pudding_1,basket_2,,,plane,0.065,0.065,2a169cf0400921fa,90780c20e05a5ea0,d2c4f6fa25845eed,,,
object,scene_0027,both,auto,oracle,tokens,9,False,,200,False,False,,True,False,False,,False,,False,0.2254,chocolate_pudding_1,basket_2,,,plane,0.065,0.065,2a169cf0400921fa,8908ad10607c2eca,5076f2b4ff7227f2,,,
object,scene_0027,both,human:aaron_test,oracle,tokens,0,False,,200,False,False,,True,False,False,,False,,False,0.2253,chocolate_pudding_1,basket_2,,,plane,0.065,0.065,2a169cf0400921fa,788c6b131b65ff07,c7179d526ecd37f8,,,
object,scene_0027,both,human:aaron_test,oracle,tokens,1,False,,200,False,False,,True,False,False,,False,,False,0.2253,chocolate_pudding_1,basket_2,,,plane,0.065,0.065,2a169cf0400921fa,902dfccfbf8fb12e,e7c92b8f303ce3a8,,,
object,scene_0027,both,human:aaron_test,oracle,tokens,2,False,,200,False,False,,True,False,False,,False,,False,0.2253,chocolate_pudding_1,basket_2,,,plane,0.065,0.065,2a169cf0400921fa,ab45d2d95fae9e0d,181afb5f53a52d6e,,,
object,scene_0027,both,human:aaron_test,oracle,tokens,3,False,,200,False,False,,True,False,False,,False,,False,0.2253,chocolate_pudding_1,basket_2,,,plane,0.065,0.065,2a169cf0400921fa,97b28e812215a6c7,f9f6f6c502f22945,,,
object,scene_0027,both,human:aaron_test,oracle,tokens,4,False,,200,False,False,,True,False,False,,False,,False,0.2253,chocolate_pudding_1,basket_2,,,plane,0.065,0.065,2a169cf0400921fa,d05c081bf4b7e498,79dbb801b41a243d,,,
object,scene_0027,both,human:aaron_test,oracle,tokens,5,False,,200,False,False,,True,False,False,,False,,False,0.2253,chocolate_pudding_1,basket_2,,,plane,0.065,0.065,2a169cf0400921fa,a37f9def65fafcb6,1312cfd4bc3b20c6,,,
object,scene_0027,both,human:aaron_test,oracle,tokens,6,False,,200,False,False,,True,False,False,,False,,False,0.2253,chocolate_pudding_1,basket_2,,,plane,0.065,0.065,2a169cf0400921fa,e3d6fbbc07e6d6d9,c2753a3a159a63fb,,,
object,scene_0027,both,human:aaron_test,oracle,tokens,7,False,,200,False,False,,True,False,False,,False,,False,0.2253,chocolate_pudding_1,basket_2,,,plane,0.065,0.065,2a169cf0400921fa,dd14d1fa064f2363,10f2216829fdcd98,,,
object,scene_0027,both,human:aaron_test,oracle,tokens,8,False,,200,False,False,,True,False,False,,False,,False,0.2253,chocolate_pudding_1,basket_2,,,plane,0.065,0.065,2a169cf0400921fa,9366d6faa1dd8826,d59d718b3bc477d7,,,
object,scene_0027,both,human:aaron_test,oracle,tokens,9,False,,200,False,False,,True,False,False,,False,,False,0.2253,chocolate_pudding_1,basket_2,,,plane,0.065,0.065,2a169cf0400921fa,4b56da0c04326aa6,d3267637dc6a8f43,,,
object,scene_0029,both,auto,oracle,tokens,0,False,,200,False,False,,True,False,False,,False,,False,0.3434,butter_2,basket_1,,,plane,0.065,0.065,edb57583c0b7e793,2952b08c80edde83,032dba6a03f605aa,,,
object,scene_0029,both,auto,oracle,tokens,1,False,,200,False,False,,True,False,False,,False,,False,0.3434,butter_2,basket_1,,,plane,0.065,0.065,edb57583c0b7e793,52fe25dc4b969fff,837d3bdbedf83ba2,,,
object,scene_0029,both,auto,oracle,tokens,2,False,,200,False,False,,True,False,False,,False,,False,0.3434,butter_2,basket_1,,,plane,0.065,0.065,edb57583c0b7e793,1e71447b188669c3,1e333fb45725e4f1,,,
object,scene_0029,both,auto,oracle,tokens,3,False,,200,False,False,,True,False,False,,False,,False,0.3434,butter_2,basket_1,,,plane,0.065,0.065,edb57583c0b7e793,5a4b509251bd8cc3,111fff895d48f45e,,,
object,scene_0029,both,auto,oracle,tokens,4,False,,200,False,False,,True,False,False,,False,,False,0.3434,butter_2,basket_1,,,plane,0.065,0.065,edb57583c0b7e793,cbb46bf8658b13fd,dbc51ce1e70a39aa,,,
object,scene_0029,both,auto,oracle,tokens,5,False,,200,False,False,,True,False,False,,False,,False,0.3434,butter_2,basket_1,,,plane,0.065,0.065,edb57583c0b7e793,51415a79a393ff51,e2c08075d3344c6e,,,
object,scene_0029,both,auto,oracle,tokens,6,False,,200,False,False,,True,False,False,,False,,False,0.3434,butter_2,basket_1,,,plane,0.065,0.065,edb57583c0b7e793,58f3bf44938b8140,014e6917399abb42,,,
object,scene_0029,both,auto,oracle,tokens,7,False,,200,False,False,,True,False,False,,False,,False,0.3434,butter_2,basket_1,,,plane,0.065,0.065,edb57583c0b7e793,ea219e35f62d2164,c506ae8a1bfd4a8d,,,
object,scene_0029,both,auto,oracle,tokens,8,False,,200,False,False,,True,False,False,,False,,False,0.3434,butter_2,basket_1,,,plane,0.065,0.065,edb57583c0b7e793,56315d7ad1d68b34,b5fd167498756c99,,,
object,scene_0029,both,auto,oracle,tokens,9,False,,200,False,False,,True,False,False,,False,,False,0.3434,butter_2,basket_1,,,plane,0.065,0.065,edb57583c0b7e793,a7a7c1070f22998d,1fafa9b4a4cabb0a,,,
object,scene_0029,both,human:aaron_test,oracle,tokens,0,False,,200,False,False,,True,False,False,,False,,False,0.3434,cream_cheese_1,basket_1,,,plane,0.065,0.065,edb57583c0b7e793,7fe2d665f0f3e497,8f462570d4f653d8,,,
object,scene_0029,both,human:aaron_test,oracle,tokens,1,False,,200,False,False,,True,False,False,,False,,False,0.3434,cream_cheese_1,basket_1,,,plane,0.065,0.065,edb57583c0b7e793,648e40e05f235764,b6c40a65a54f135b,,,
object,scene_0029,both,human:aaron_test,oracle,tokens,2,False,,200,False,False,,True,False,False,,False,,False,0.3434,cream_cheese_1,basket_1,,,plane,0.065,0.065,edb57583c0b7e793,4764c1d6b2a729df,22a795504d80bf68,,,
object,scene_0029,both,human:aaron_test,oracle,tokens,3,False,,200,False,False,,True,False,False,,False,,False,0.3434,cream_cheese_1,basket_1,,,plane,0.065,0.065,edb57583c0b7e793,bb7654e5f701c41c,303cab477b33cebe,,,
object,scene_0029,both,human:aaron_test,oracle,tokens,4,False,,200,False,False,,True,False,False,,False,,False,0.3434,cream_cheese_1,basket_1,,,plane,0.065,0.065,edb57583c0b7e793,06aaa4f97f273885,47f8ec7ef36d6a33,,,
object,scene_0029,both,human:aaron_test,oracle,tokens,5,False,,200,False,False,,True,False,False,,False,,False,0.3434,cream_cheese_1,basket_1,,,plane,0.065,0.065,edb57583c0b7e793,54a6ff491c0b2f5a,c081377449d5e8eb,,,
object,scene_0029,both,human:aaron_test,oracle,tokens,6,False,,200,False,False,,True,False,False,,False,,False,0.3434,cream_cheese_1,basket_1,,,plane,0.065,0.065,edb57583c0b7e793,d4f95bcca755a4a8,a996dd9a45e27c48,,,
object,scene_0029,both,human:aaron_test,oracle,tokens,7,False,,200,False,False,,True,False,False,,False,,False,0.3434,cream_cheese_1,basket_1,,,plane,0.065,0.065,edb57583c0b7e793,852331fe2b48db4f,088dd13dfc7bb6c8,,,
object,scene_0029,both,human:aaron_test,oracle,tokens,8,False,,200,False,False,,True,False,False,,False,,False,0.3434,cream_cheese_1,basket_1,,,plane,0.065,0.065,edb57583c0b7e793,1cf0bb47f47ddd25,f7a0ebb0441be2bf,,,
object,scene_0029,both,human:aaron_test,oracle,tokens,9,False,,200,False,False,,True,False,False,,False,,False,0.3434,cream_cheese_1,basket_1,,,plane,0.065,0.065,edb57583c0b7e793,b296100b0cc34a5e,6735de01f62ff652,,,
object,scene_0033,both,auto,oracle,tokens,0,False,,200,False,False,,True,False,False,,False,,False,0.4871,orange_juice_3,basket_2,,,plane,0.065,0.065,d90cee800815002d,a025be50fced9f26,67489de28cba773d,,,
object,scene_0033,both,auto,oracle,tokens,1,False,,200,False,False,,True,False,False,,False,,False,0.487,orange_juice_3,basket_2,,,plane,0.065,0.065,d90cee800815002d,280a202715e7e533,ef65b4ec40c647ba,,,
object,scene_0033,both,auto,oracle,tokens,2,False,,200,False,False,,True,False,False,,False,,False,0.487,orange_juice_3,basket_2,,,plane,0.065,0.065,d90cee800815002d,1a029a7bb02a4575,181c3c3366b74348,,,
object,scene_0033,both,auto,oracle,tokens,3,False,,200,False,False,,True,False,False,,False,,False,0.487,orange_juice_3,basket_2,,,plane,0.065,0.065,d90cee800815002d,f8b2227015bdac53,d196bfce8d4c7837,,,
object,scene_0033,both,auto,oracle,tokens,4,False,,200,False,False,,True,False,False,,False,,False,0.487,orange_juice_3,basket_2,,,plane,0.065,0.065,d90cee800815002d,ddce27be37d47b84,56347f914b54067b,,,
object,scene_0033,both,auto,oracle,tokens,5,False,,200,False,False,,True,False,False,,False,,False,0.487,orange_juice_3,basket_2,,,plane,0.065,0.065,d90cee800815002d,9dc30bf6288f9727,11cd76fa1ee6b3d9,,,
object,scene_0033,both,auto,oracle,tokens,6,False,,200,False,False,,True,False,False,,False,,False,0.4869,orange_juice_3,basket_2,,,plane,0.065,0.065,d90cee800815002d,c8f4dd7c64dc94b3,4ed9eb0fdbe313d9,,,
object,scene_0033,both,auto,oracle,tokens,7,False,,200,False,False,,True,False,False,,False,,False,0.4869,orange_juice_3,basket_2,,,plane,0.065,0.065,d90cee800815002d,8b36f1e13bf41b32,ec5913a070f92eaf,,,
object,scene_0033,both,auto,oracle,tokens,8,False,,200,False,False,,True,False,False,,False,,False,0.4869,orange_juice_3,basket_2,,,plane,0.065,0.065,d90cee800815002d,549279717fc4304a,7783412169e4080b,,,
object,scene_0033,both,auto,oracle,tokens,9,False,,200,False,False,,True,False,False,,False,,False,0.487,orange_juice_3,basket_2,,,plane,0.065,0.065,d90cee800815002d,70cad85e28620a70,ce2d8e6787fd1c42,,,
object,scene_0033,both,human:aaron_test,oracle,tokens,0,False,,200,False,False,,True,True,True,orange_juice_1,False,,False,0.1716,orange_juice_1,basket_1,True,,plane,0.065,0.065,d90cee800815002d,c484c7a5e6524c74,0871c64c3a8cf140,,,
object,scene_0033,both,human:aaron_test,oracle,tokens,1,False,,200,False,False,,True,True,True,orange_juice_1,False,,False,0.1716,orange_juice_1,basket_1,True,,plane,0.065,0.065,d90cee800815002d,505166431d9e7e64,5dcd8b5a42b37cdd,,,
object,scene_0033,both,human:aaron_test,oracle,tokens,2,False,,200,False,False,,True,True,True,orange_juice_1,False,,False,0.1681,orange_juice_1,basket_1,True,,plane,0.065,0.065,d90cee800815002d,4bf75fd674f94245,0fc11d8c230ebd42,,,
object,scene_0033,both,human:aaron_test,oracle,tokens,3,False,,200,False,False,,True,True,True,orange_juice_1,False,,False,0.1674,orange_juice_1,basket_1,True,,plane,0.065,0.065,d90cee800815002d,a75d699782620d06,ccb27c1695ea3022,,,
object,scene_0033,both,human:aaron_test,oracle,tokens,4,False,,200,False,False,,True,True,True,orange_juice_1,False,,False,0.172,orange_juice_1,basket_1,True,,plane,0.065,0.065,d90cee800815002d,167f9cff48fac8a0,05ce8ea6913b53ff,,,
object,scene_0033,both,human:aaron_test,oracle,tokens,5,False,,200,False,False,,True,True,True,orange_juice_1,False,,False,0.172,orange_juice_1,basket_1,True,,plane,0.065,0.065,d90cee800815002d,22a28dad8e00cca4,9575b9b68f6b2721,,,
object,scene_0033,both,human:aaron_test,oracle,tokens,6,False,,200,False,False,,True,True,True,orange_juice_1,False,,False,0.1723,orange_juice_1,basket_1,True,,plane,0.065,0.065,d90cee800815002d,f2f07f44ab240418,d519301fc224f6b8,,,
object,scene_0033,both,human:aaron_test,oracle,tokens,7,False,,200,False,False,,True,True,True,orange_juice_1,False,,False,0.1702,orange_juice_1,basket_1,True,,plane,0.065,0.065,d90cee800815002d,970bf082403a12d5,1c5f1b1afe10b872,,,
object,scene_0033,both,human:aaron_test,oracle,tokens,8,False,,200,False,False,,True,True,True,orange_juice_1,False,,False,0.1723,orange_juice_1,basket_1,True,,plane,0.065,0.065,d90cee800815002d,970533d480040a78,4069b04859492314,,,
object,scene_0033,both,human:aaron_test,oracle,tokens,9,False,,200,False,False,,True,True,True,orange_juice_1,False,,False,0.1724,orange_juice_1,basket_1,True,,plane,0.065,0.065,d90cee800815002d,8331cb3e63d93596,c434b47b9a01df9d,,,
goal,scene_0001,control,auto,oracle,tokens,0,False,,200,True,True,159,True,True,True,akita_black_bowl_1,True,,False,,akita_black_bowl_1,akita_black_bowl_1,True,,plane,0.92,0.92,b1824863dc89cd32,60fa5313027e2beb,d18448b99c5af3f6,,,
goal,scene_0001,control,auto,oracle,tokens,1,False,,200,True,True,159,True,True,True,akita_black_bowl_1,True,,False,,akita_black_bowl_1,akita_black_bowl_1,True,,plane,0.92,0.92,b1824863dc89cd32,951dba0487ccfea5,e3550f04aa6ba74d,,,
goal,scene_0001,control,auto,oracle,tokens,2,False,,200,True,True,159,True,True,True,akita_black_bowl_1,True,,False,,akita_black_bowl_1,akita_black_bowl_1,True,,plane,0.92,0.92,b1824863dc89cd32,3532d94c2d9979af,45cfc524861275fb,,,
goal,scene_0001,control,auto,oracle,tokens,3,False,,200,True,True,159,True,True,True,akita_black_bowl_1,True,,False,,akita_black_bowl_1,akita_black_bowl_1,True,,plane,0.92,0.92,b1824863dc89cd32,be524bcaf153ac96,45dd17688749a6e8,,,
goal,scene_0001,control,auto,oracle,tokens,4,False,,200,True,True,159,True,True,True,akita_black_bowl_1,True,,False,,akita_black_bowl_1,akita_black_bowl_1,True,,plane,0.92,0.92,b1824863dc89cd32,e99926898a1743ce,66ad3705d4378f99,,,
goal,scene_0001,control,auto,oracle,tokens,5,False,,200,True,True,159,True,True,True,akita_black_bowl_1,True,,False,,akita_black_bowl_1,akita_black_bowl_1,True,,plane,0.92,0.92,b1824863dc89cd32,965ddd967b9fd4da,14dc92c8623640d9,,,
goal,scene_0001,control,auto,oracle,tokens,6,False,,200,True,True,159,True,True,True,akita_black_bowl_1,True,,False,,akita_black_bowl_1,akita_black_bowl_1,True,,plane,0.92,0.92,b1824863dc89cd32,13f8554cb1dc78d4,a269555f40d2259e,,,
goal,scene_0001,control,auto,oracle,tokens,7,False,,200,True,True,158,True,True,True,akita_black_bowl_1,True,,False,,akita_black_bowl_1,akita_black_bowl_1,True,,plane,0.92,0.92,b1824863dc89cd32,949742a4554477b8,8834146564108440,,,
goal,scene_0001,control,auto,oracle,tokens,8,False,,200,True,True,158,True,True,True,akita_black_bowl_1,True,,False,,akita_black_bowl_1,akita_black_bowl_1,True,,plane,0.92,0.92,b1824863dc89cd32,a1617b314bd67544,4defaaff351f258d,,,
goal,scene_0001,control,auto,oracle,tokens,9,False,,200,True,True,158,True,True,True,akita_black_bowl_1,True,,False,,akita_black_bowl_1,akita_black_bowl_1,True,,plane,0.92,0.92,b1824863dc89cd32,2a3454f73bead7ab,f31cc07ad44247ea,,,
goal,scene_0001,control,human:aaron_test,oracle,tokens,0,False,,200,True,True,157,True,True,True,akita_black_bowl_1,True,,False,,akita_black_bowl_1,akita_black_bowl_1,True,,plane,0.92,0.92,b1824863dc89cd32,92c88850fa0e96a9,010864a27952e90a,,,
goal,scene_0001,control,human:aaron_test,oracle,tokens,1,False,,200,True,True,156,True,True,True,akita_black_bowl_1,True,,False,,akita_black_bowl_1,akita_black_bowl_1,True,,plane,0.92,0.92,b1824863dc89cd32,05cc9c3cd9c7bb49,79661d41bf23bc88,,,
goal,scene_0001,control,human:aaron_test,oracle,tokens,2,False,,200,True,True,156,True,True,True,akita_black_bowl_1,True,,False,,akita_black_bowl_1,akita_black_bowl_1,True,,plane,0.92,0.92,b1824863dc89cd32,3ff214d5cd37819a,1da9c157c78956f4,,,
goal,scene_0001,control,human:aaron_test,oracle,tokens,3,False,,200,True,True,156,True,True,True,akita_black_bowl_1,True,,False,,akita_black_bowl_1,akita_black_bowl_1,True,,plane,0.92,0.92,b1824863dc89cd32,00ac66ffb52b79c6,907da435c4ee6951,,,
goal,scene_0001,control,human:aaron_test,oracle,tokens,4,False,,200,True,True,156,True,True,True,akita_black_bowl_1,True,,False,,akita_black_bowl_1,akita_black_bowl_1,True,,plane,0.92,0.92,b1824863dc89cd32,e199cc5f233ba9fb,c0c991cd4de93bbc,,,
goal,scene_0001,control,human:aaron_test,oracle,tokens,5,False,,200,True,True,156,True,True,True,akita_black_bowl_1,True,,False,,akita_black_bowl_1,akita_black_bowl_1,True,,plane,0.92,0.92,b1824863dc89cd32,2602eb7692407e00,06fed6f343c8a693,,,
goal,scene_0001,control,human:aaron_test,oracle,tokens,6,False,,200,True,True,156,True,True,True,akita_black_bowl_1,True,,False,,akita_black_bowl_1,akita_black_bowl_1,True,,plane,0.92,0.92,b1824863dc89cd32,3a3dbca346a16edb,9b9757e7c0bc7d34,,,
goal,scene_0001,control,human:aaron_test,oracle,tokens,7,False,,200,True,True,156,True,True,True,akita_black_bowl_1,True,,False,,akita_black_bowl_1,akita_black_bowl_1,True,,plane,0.92,0.92,b1824863dc89cd32,3a89ae8f2805dacf,752814d66e0def05,,,
goal,scene_0001,control,human:aaron_test,oracle,tokens,8,False,,200,True,True,156,True,True,True,akita_black_bowl_1,True,,False,,akita_black_bowl_1,akita_black_bowl_1,True,,plane,0.92,0.92,b1824863dc89cd32,df10d1ece09c4410,52e06a22ba8c18cb,,,
goal,scene_0001,control,human:aaron_test,oracle,tokens,9,False,,200,True,True,156,True,True,True,akita_black_bowl_1,True,,False,,akita_black_bowl_1,akita_black_bowl_1,True,,plane,0.92,0.92,b1824863dc89cd32,f12c82b5061b9fbd,86199006f0d6c6cd,,,
goal,scene_0002,control,auto,oracle,tokens,0,False,,200,False,False,,False,False,False,,False,,False,,wine_bottle_1,wine_bottle_1,,,plane,0.92,0.92,138934b0a0e6e560,cb602b8e2b566c4c,0d37fe032c63097e,,,
goal,scene_0002,control,auto,oracle,tokens,1,False,,200,False,False,,False,False,False,,False,,False,,wine_bottle_1,wine_bottle_1,,,plane,0.92,0.92,138934b0a0e6e560,788d70a45af1697e,c681bc0e88c6141a,,,
goal,scene_0002,control,auto,oracle,tokens,2,False,,200,False,False,,False,False,False,,False,,False,,wine_bottle_1,wine_bottle_1,,,plane,0.92,0.92,138934b0a0e6e560,6152298bc3035adc,b4e1ff08cd4c2369,,,
goal,scene_0002,control,auto,oracle,tokens,3,False,,200,False,False,,False,False,False,,False,,False,,wine_bottle_1,wine_bottle_1,,,plane,0.92,0.92,138934b0a0e6e560,8a784e3e4b954144,7e31cb8729ab0c26,,,
goal,scene_0002,control,auto,oracle,tokens,4,False,,200,False,False,,False,False,False,,False,,False,,wine_bottle_1,wine_bottle_1,,,plane,0.92,0.92,138934b0a0e6e560,ccfd6ee452853e76,a32bd9b963172a8c,,,
goal,scene_0002,control,auto,oracle,tokens,5,False,,200,False,False,,False,False,False,,False,,False,,wine_bottle_1,wine_bottle_1,,,plane,0.92,0.92,138934b0a0e6e560,9f94cffc18ba8dde,2f0261e294ceae6c,,,
goal,scene_0002,control,auto,oracle,tokens,6,False,,200,False,False,,False,False,False,,False,,False,,wine_bottle_1,wine_bottle_1,,,plane,0.92,0.92,138934b0a0e6e560,e4bf0b04e0682b8d,e849c0ede7558497,,,
goal,scene_0002,control,auto,oracle,tokens,7,False,,200,False,False,,False,False,False,,False,,False,,wine_bottle_1,wine_bottle_1,,,plane,0.92,0.92,138934b0a0e6e560,b5d6f9ee000c80cf,87971b819610ccb3,,,
goal,scene_0002,control,auto,oracle,tokens,8,False,,200,False,False,,False,False,False,,False,,False,,wine_bottle_1,wine_bottle_1,,,plane,0.92,0.92,138934b0a0e6e560,d514b87001a4579c,e1d3c7cab9d3a002,,,
goal,scene_0002,control,auto,oracle,tokens,9,False,,200,False,False,,False,False,False,,False,,False,,wine_bottle_1,wine_bottle_1,,,plane,0.92,0.92,138934b0a0e6e560,12d315babaea33c7,90cb344fd04ffcca,,,
goal,scene_0002,control,human:aaron_test,oracle,tokens,0,False,,200,False,False,,False,False,False,,False,,False,,wine_bottle_1,wine_bottle_1,,,plane,0.92,0.92,138934b0a0e6e560,6c3df5cdbaf0adf1,e0f1d821579d4040,,,
goal,scene_0002,control,human:aaron_test,oracle,tokens,1,False,,200,False,False,,False,False,False,,False,,False,,wine_bottle_1,wine_bottle_1,,,plane,0.92,0.92,138934b0a0e6e560,851d2ca510c14f2e,fdbe635defe88009,,,
goal,scene_0002,control,human:aaron_test,oracle,tokens,2,False,,200,False,False,,False,False,False,,False,,False,,wine_bottle_1,wine_bottle_1,,,plane,0.92,0.92,138934b0a0e6e560,e290614018ec18e0,8ec88aee2e552a39,,,
goal,scene_0002,control,human:aaron_test,oracle,tokens,3,False,,200,False,False,,False,False,False,,False,,False,,wine_bottle_1,wine_bottle_1,,,plane,0.92,0.92,138934b0a0e6e560,a119620691aca228,6842ddfd2a5f54e0,,,
goal,scene_0002,control,human:aaron_test,oracle,tokens,4,False,,200,False,False,,False,False,False,,False,,False,,wine_bottle_1,wine_bottle_1,,,plane,0.92,0.92,138934b0a0e6e560,cff7103b071eea0a,8fe2fc6054eb8f6f,,,
goal,scene_0002,control,human:aaron_test,oracle,tokens,5,False,,200,False,False,,False,False,False,,False,,False,,wine_bottle_1,wine_bottle_1,,,plane,0.92,0.92,138934b0a0e6e560,40f4694b6e854b52,20692d1e57f0bd0d,,,
goal,scene_0002,control,human:aaron_test,oracle,tokens,6,False,,200,False,False,,False,False,False,,False,,False,,wine_bottle_1,wine_bottle_1,,,plane,0.92,0.92,138934b0a0e6e560,b4ee5de3f4046eeb,337003a247a059b7,,,
goal,scene_0002,control,human:aaron_test,oracle,tokens,7,False,,200,False,False,,False,False,False,,False,,False,,wine_bottle_1,wine_bottle_1,,,plane,0.92,0.92,138934b0a0e6e560,5845f96aae06a19b,8767901e034f0b9a,,,
goal,scene_0002,control,human:aaron_test,oracle,tokens,8,False,,200,False,False,,False,False,False,,False,,False,,wine_bottle_1,wine_bottle_1,,,plane,0.92,0.92,138934b0a0e6e560,08ab8e80ec71ac0e,80c25c11e992c184,,,
goal,scene_0002,control,human:aaron_test,oracle,tokens,9,False,,200,False,False,,False,False,False,,False,,False,,wine_bottle_1,wine_bottle_1,,,plane,0.92,0.92,138934b0a0e6e560,e5111b22a7d7612c,1d6d547f5200fe41,,,
goal,scene_0005,referential,auto,oracle,tokens,0,False,,200,True,True,168,True,True,True,akita_black_bowl_1,True,plate_1,True,0.0171,akita_black_bowl_1,plate_1,True,True,plane,0.92,0.92,0d5a5137791b06c8,6e84a15792e81e4f,1247ebb43efc45c3,,,
goal,scene_0005,referential,auto,oracle,tokens,1,False,,200,True,True,168,True,True,True,akita_black_bowl_1,True,plate_1,True,0.0171,akita_black_bowl_1,plate_1,True,True,plane,0.92,0.92,0d5a5137791b06c8,c2b7b6c3c5633f29,98132478272c0de0,,,
goal,scene_0005,referential,auto,oracle,tokens,2,False,,200,True,True,168,True,True,True,akita_black_bowl_1,True,plate_1,True,0.0172,akita_black_bowl_1,plate_1,True,True,plane,0.92,0.92,0d5a5137791b06c8,a31d0394ec20f736,d5cfc51e85a2d02f,,,
goal,scene_0005,referential,auto,oracle,tokens,3,False,,200,True,True,168,True,True,True,akita_black_bowl_1,True,plate_1,True,0.0172,akita_black_bowl_1,plate_1,True,True,plane,0.92,0.92,0d5a5137791b06c8,34de0ae13fb5a081,1d78c353dc365e91,,,
goal,scene_0005,referential,auto,oracle,tokens,4,False,,200,True,True,168,True,True,True,akita_black_bowl_1,True,plate_1,True,0.0174,akita_black_bowl_1,plate_1,True,True,plane,0.92,0.92,0d5a5137791b06c8,7ddd75bd11351372,abc75bae2abef984,,,
goal,scene_0005,referential,auto,oracle,tokens,5,False,,200,True,True,168,True,True,True,akita_black_bowl_1,True,plate_1,True,0.0174,akita_black_bowl_1,plate_1,True,True,plane,0.92,0.92,0d5a5137791b06c8,d3c87e6b943f99ae,d135839b7cb71d81,,,
goal,scene_0005,referential,auto,oracle,tokens,6,False,,200,True,True,168,True,True,True,akita_black_bowl_1,True,plate_1,True,0.0172,akita_black_bowl_1,plate_1,True,True,plane,0.92,0.92,0d5a5137791b06c8,de6400e1dc6c6c26,6157894bd0242249,,,
goal,scene_0005,referential,auto,oracle,tokens,7,False,,200,True,True,168,True,True,True,akita_black_bowl_1,True,plate_1,True,0.0173,akita_black_bowl_1,plate_1,True,True,plane,0.92,0.92,0d5a5137791b06c8,94c39dd65b05c912,83f0a6808fdaa17b,,,
goal,scene_0005,referential,auto,oracle,tokens,8,False,,200,True,True,168,True,True,True,akita_black_bowl_1,True,plate_1,True,0.0176,akita_black_bowl_1,plate_1,True,True,plane,0.92,0.92,0d5a5137791b06c8,fdf8981ef26e2652,4eb69bbbeac1776f,,,
goal,scene_0005,referential,auto,oracle,tokens,9,False,,200,True,True,168,True,True,True,akita_black_bowl_1,True,plate_1,True,0.0179,akita_black_bowl_1,plate_1,True,True,plane,0.92,0.92,0d5a5137791b06c8,14a85e9a0c53a457,3eb260424ccecaf1,,,
goal,scene_0005,referential,human:aaron_test,oracle,tokens,0,False,,200,True,True,167,True,True,True,akita_black_bowl_1,True,plate_1,True,0.0223,akita_black_bowl_1,plate_1,True,True,plane,0.92,0.92,0d5a5137791b06c8,cc1544d2c5ca7055,3d4a384e115cbc74,,,
goal,scene_0005,referential,human:aaron_test,oracle,tokens,1,False,,200,True,True,167,True,True,True,akita_black_bowl_1,True,plate_1,True,0.0208,akita_black_bowl_1,plate_1,True,True,plane,0.92,0.92,0d5a5137791b06c8,42e375bfc0ba0852,1bfeef0341a62be0,,,
goal,scene_0005,referential,human:aaron_test,oracle,tokens,2,False,,200,True,True,167,True,True,True,akita_black_bowl_1,True,plate_1,True,0.0207,akita_black_bowl_1,plate_1,True,True,plane,0.92,0.92,0d5a5137791b06c8,ac6ec1dd219a4549,10d63ce38088751b,,,
goal,scene_0005,referential,human:aaron_test,oracle,tokens,3,False,,200,True,True,167,True,True,True,akita_black_bowl_1,True,plate_1,True,0.0218,akita_black_bowl_1,plate_1,True,True,plane,0.92,0.92,0d5a5137791b06c8,f21bc72d24362cac,ed9f6de22a22e289,,,
goal,scene_0005,referential,human:aaron_test,oracle,tokens,4,False,,200,True,True,167,True,True,True,akita_black_bowl_1,True,plate_1,True,0.0205,akita_black_bowl_1,plate_1,True,True,plane,0.92,0.92,0d5a5137791b06c8,8da091bd6d043d85,a990fcde3148a8f3,,,
goal,scene_0005,referential,human:aaron_test,oracle,tokens,5,False,,200,True,True,167,True,True,True,akita_black_bowl_1,True,plate_1,True,0.0205,akita_black_bowl_1,plate_1,True,True,plane,0.92,0.92,0d5a5137791b06c8,96f7855eb21b55a5,b943427de99df57b,,,
goal,scene_0005,referential,human:aaron_test,oracle,tokens,6,False,,200,True,True,167,True,True,True,akita_black_bowl_1,True,plate_1,True,0.0206,akita_black_bowl_1,plate_1,True,True,plane,0.92,0.92,0d5a5137791b06c8,cd4f03219ffda103,dd2f0e600e8f279a,,,
goal,scene_0005,referential,human:aaron_test,oracle,tokens,7,False,,200,True,True,167,True,True,True,akita_black_bowl_1,True,plate_1,True,0.0204,akita_black_bowl_1,plate_1,True,True,plane,0.92,0.92,0d5a5137791b06c8,9e429233c0afb07c,5482c34e7a45c1cc,,,
goal,scene_0005,referential,human:aaron_test,oracle,tokens,8,False,,200,True,True,167,True,True,True,akita_black_bowl_1,True,plate_1,True,0.0205,akita_black_bowl_1,plate_1,True,True,plane,0.92,0.92,0d5a5137791b06c8,99f381e15d44fad7,568124bc03f8ab5e,,,
goal,scene_0005,referential,human:aaron_test,oracle,tokens,9,False,,200,True,True,167,True,True,True,akita_black_bowl_1,True,plate_1,True,0.0205,akita_black_bowl_1,plate_1,True,True,plane,0.92,0.92,0d5a5137791b06c8,93445dd91f94a1ce,e59520ec171ab59a,,,
goal,scene_0010,referential,auto,oracle,tokens,0,False,,200,False,False,,False,False,False,,False,,False,,plate_1,plate_1,,,plane,0.92,0.92,fbb3e7946b7b4058,c0521df4f7c4bc32,680308b4bac0afdb,,,
goal,scene_0010,referential,auto,oracle,tokens,1,False,,200,False,False,,False,False,False,,False,,False,,plate_1,plate_1,,,plane,0.92,0.92,fbb3e7946b7b4058,a2b71e11b196580c,ffb1bdfabc2e9f1c,,,
goal,scene_0010,referential,auto,oracle,tokens,2,False,,200,False,False,,False,False,False,,False,,False,,plate_1,plate_1,,,plane,0.92,0.92,fbb3e7946b7b4058,488f340b59f7c1f5,e00fcaae6910ecc2,,,
goal,scene_0010,referential,auto,oracle,tokens,3,False,,200,False,False,,False,False,False,,False,,False,,plate_1,plate_1,,,plane,0.92,0.92,fbb3e7946b7b4058,5ca44a795d3478a3,2b2714d524e815e7,,,
goal,scene_0010,referential,auto,oracle,tokens,4,False,,200,False,False,,False,False,False,,False,,False,,plate_1,plate_1,,,plane,0.92,0.92,fbb3e7946b7b4058,7f85cace23f86d74,0e44146e2e0293d8,,,
goal,scene_0010,referential,auto,oracle,tokens,5,False,,200,False,False,,False,False,False,,False,,False,,plate_1,plate_1,,,plane,0.92,0.92,fbb3e7946b7b4058,b83898cfae8bc318,d10e59a780b17063,,,
goal,scene_0010,referential,auto,oracle,tokens,6,False,,200,False,False,,False,False,False,,False,,False,,plate_1,plate_1,,,plane,0.92,0.92,fbb3e7946b7b4058,391dbd5ba670bc07,9ba936b30f3468a4,,,
goal,scene_0010,referential,auto,oracle,tokens,7,False,,200,False,False,,False,False,False,,False,,False,,plate_1,plate_1,,,plane,0.92,0.92,fbb3e7946b7b4058,b30b2adf69bd4ae7,53fd7b44aff6389b,,,
goal,scene_0010,referential,auto,oracle,tokens,8,False,,200,False,False,,False,False,False,,False,,False,,plate_1,plate_1,,,plane,0.92,0.92,fbb3e7946b7b4058,e1edbd089aca30d8,a658d6c5b0ba2cfa,,,
goal,scene_0010,referential,auto,oracle,tokens,9,False,,200,False,False,,False,False,False,,False,,False,,plate_1,plate_1,,,plane,0.92,0.92,fbb3e7946b7b4058,1c821d8c7bfd3811,485e7c00d40f162d,,,
goal,scene_0010,referential,human:aaron_test,oracle,tokens,0,False,,200,False,False,,False,False,False,,False,,False,,plate_1,plate_2,,,plane,0.92,0.92,fbb3e7946b7b4058,3652839865d9642d,76fc8f16eca21b73,,,
goal,scene_0010,referential,human:aaron_test,oracle,tokens,1,False,,200,False,False,,False,False,False,,False,,False,,plate_1,plate_2,,,plane,0.92,0.92,fbb3e7946b7b4058,3203442c262c6d9e,f61d0d740d6b3e78,,,
goal,scene_0010,referential,human:aaron_test,oracle,tokens,2,False,,200,False,False,,False,False,False,,False,,False,,plate_1,plate_2,,,plane,0.92,0.92,fbb3e7946b7b4058,c07e81c2ef5eb4dc,1b03dc6f4e84e58d,,,
goal,scene_0010,referential,human:aaron_test,oracle,tokens,3,False,,200,False,False,,False,False,False,,False,,False,,plate_1,plate_2,,,plane,0.92,0.92,fbb3e7946b7b4058,dfde5912db1b89da,f5a2028d1fe4c528,,,
goal,scene_0010,referential,human:aaron_test,oracle,tokens,4,False,,200,False,False,,False,False,False,,False,,False,,plate_1,plate_2,,,plane,0.92,0.92,fbb3e7946b7b4058,5b36c6975068508f,7c98e6324fe6cdf8,,,
goal,scene_0010,referential,human:aaron_test,oracle,tokens,5,False,,200,False,False,,False,False,False,,False,,False,,plate_1,plate_2,,,plane,0.92,0.92,fbb3e7946b7b4058,7f7f723fd377d8f5,8fd9b960fc5c0473,,,
goal,scene_0010,referential,human:aaron_test,oracle,tokens,6,False,,200,False,False,,False,False,False,,False,,False,,plate_1,plate_2,,,plane,0.92,0.92,fbb3e7946b7b4058,be33425a10cb2abb,7ded55d4035c9f11,,,
goal,scene_0010,referential,human:aaron_test,oracle,tokens,7,False,,200,False,False,,False,False,False,,False,,False,,plate_1,plate_2,,,plane,0.92,0.92,fbb3e7946b7b4058,a4de69d61ed7f33b,0676169498a51cfd,,,
goal,scene_0010,referential,human:aaron_test,oracle,tokens,8,False,,200,False,False,,False,False,False,,False,,False,,plate_1,plate_2,,,plane,0.92,0.92,fbb3e7946b7b4058,7f3178bba8f711bb,4ee6227a45a0e42e,,,
goal,scene_0010,referential,human:aaron_test,oracle,tokens,9,False,,200,False,False,,False,False,False,,False,,False,,plate_1,plate_2,,,plane,0.92,0.92,fbb3e7946b7b4058,7aad91fe99ab8ad1,1a755eadfc06671e,,,
goal,scene_0013,referential,auto,oracle,tokens,0,False,,200,False,False,,False,False,False,,False,,False,,wine_bottle_1,wine_bottle_1,,,plane,0.92,0.92,bb1a5e9f3ed58759,1ab37789155c33cd,e75515b779135aa0,,,
goal,scene_0013,referential,auto,oracle,tokens,1,False,,200,False,False,,False,False,False,,False,,False,,wine_bottle_1,wine_bottle_1,,,plane,0.92,0.92,bb1a5e9f3ed58759,207d5458131da57e,683163576b8ed27f,,,
goal,scene_0013,referential,auto,oracle,tokens,2,False,,200,False,False,,False,False,False,,False,,False,,wine_bottle_1,wine_bottle_1,,,plane,0.92,0.92,bb1a5e9f3ed58759,b1ae1623e8f4404b,568599b89bace809,,,
goal,scene_0013,referential,auto,oracle,tokens,3,False,,200,False,False,,False,False,False,,False,,False,,wine_bottle_1,wine_bottle_1,,,plane,0.92,0.92,bb1a5e9f3ed58759,e5417774b14115be,88363071bb73bdb1,,,
goal,scene_0013,referential,auto,oracle,tokens,4,False,,200,False,False,,False,False,False,,False,,False,,wine_bottle_1,wine_bottle_1,,,plane,0.92,0.92,bb1a5e9f3ed58759,29974b476c15a619,9543636e768538a4,,,
goal,scene_0013,referential,auto,oracle,tokens,5,False,,200,False,False,,False,False,False,,False,,False,,wine_bottle_1,wine_bottle_1,,,plane,0.92,0.92,bb1a5e9f3ed58759,3caaf5ea38672ec2,f69eedad9cee28c6,,,
goal,scene_0013,referential,auto,oracle,tokens,6,False,,200,False,False,,False,False,False,,False,,False,,wine_bottle_1,wine_bottle_1,,,plane,0.92,0.92,bb1a5e9f3ed58759,9cd9d09309b9d139,a3f6ea1d05fa5035,,,
goal,scene_0013,referential,auto,oracle,tokens,7,False,,200,False,False,,False,False,False,,False,,False,,wine_bottle_1,wine_bottle_1,,,plane,0.92,0.92,bb1a5e9f3ed58759,87a2fc79c3783b71,cc4b736ccc653d8c,,,
goal,scene_0013,referential,auto,oracle,tokens,8,False,,200,False,False,,False,False,False,,False,,False,,wine_bottle_1,wine_bottle_1,,,plane,0.92,0.92,bb1a5e9f3ed58759,f891700f0fc3743e,f4ec5dbd7c937863,,,
goal,scene_0013,referential,auto,oracle,tokens,9,False,,200,False,False,,False,False,False,,False,,False,,wine_bottle_1,wine_bottle_1,,,plane,0.92,0.92,bb1a5e9f3ed58759,a6ca4fe1f0b87864,0e69ee249997364b,,,
goal,scene_0013,referential,human:aaron_test,oracle,tokens,0,False,,200,False,False,,False,False,False,,False,,False,,wine_bottle_1,wine_bottle_1,,,plane,0.92,0.92,bb1a5e9f3ed58759,e9b1b93f113382ab,7c9a2fb94ef66abf,,,
goal,scene_0013,referential,human:aaron_test,oracle,tokens,1,False,,200,False,False,,False,False,False,,False,,False,,wine_bottle_1,wine_bottle_1,,,plane,0.92,0.92,bb1a5e9f3ed58759,31109e249bfa304b,a6ad695929e23239,,,
goal,scene_0013,referential,human:aaron_test,oracle,tokens,2,False,,200,False,False,,False,False,False,,False,,False,,wine_bottle_1,wine_bottle_1,,,plane,0.92,0.92,bb1a5e9f3ed58759,744755f7677a65d8,ce4194693e537dc8,,,
goal,scene_0013,referential,human:aaron_test,oracle,tokens,3,False,,200,False,False,,False,False,False,,False,,False,,wine_bottle_1,wine_bottle_1,,,plane,0.92,0.92,bb1a5e9f3ed58759,ee9ca21d1cb81236,4828f83c6cdb0e8e,,,
goal,scene_0013,referential,human:aaron_test,oracle,tokens,4,False,,200,False,False,,False,False,False,,False,,False,,wine_bottle_1,wine_bottle_1,,,plane,0.92,0.92,bb1a5e9f3ed58759,86d84fc21e0ae9dd,dc11293bdac9a84a,,,
goal,scene_0013,referential,human:aaron_test,oracle,tokens,5,False,,200,False,False,,False,False,False,,False,,False,,wine_bottle_1,wine_bottle_1,,,plane,0.92,0.92,bb1a5e9f3ed58759,66512f90fcce008a,45dc173ec13acd61,,,
goal,scene_0013,referential,human:aaron_test,oracle,tokens,6,False,,200,False,False,,False,False,False,,False,,False,,wine_bottle_1,wine_bottle_1,,,plane,0.92,0.92,bb1a5e9f3ed58759,5f2f72bfee1eac47,937710f50d0e310c,,,
goal,scene_0013,referential,human:aaron_test,oracle,tokens,7,False,,200,False,False,,False,False,False,,False,,False,,wine_bottle_1,wine_bottle_1,,,plane,0.92,0.92,bb1a5e9f3ed58759,e0a10248c5261dd9,1d6294895167cb45,,,
goal,scene_0013,referential,human:aaron_test,oracle,tokens,8,False,,200,False,False,,False,False,False,,False,,False,,wine_bottle_1,wine_bottle_1,,,plane,0.92,0.92,bb1a5e9f3ed58759,2d24dc8d12070e4c,34b84b588ef2dce9,,,
goal,scene_0013,referential,human:aaron_test,oracle,tokens,9,False,,200,False,False,,False,False,False,,False,,False,,wine_bottle_1,wine_bottle_1,,,plane,0.92,0.92,bb1a5e9f3ed58759,0bb292b99e5a3198,a25619ac826e3229,,,
goal,scene_0015,referential,auto,oracle,tokens,0,False,,200,False,False,,True,False,False,,False,,False,0.1367,cream_cheese_1,akita_black_bowl_1,,,plane,0.92,0.92,b7beb333add70255,51b93b842f3e49f0,d5289f06a0179dfd,,,
goal,scene_0015,referential,auto,oracle,tokens,1,False,,200,False,False,,True,False,False,,False,,False,0.1368,cream_cheese_1,akita_black_bowl_1,,,plane,0.92,0.92,b7beb333add70255,570a63c4f7314648,7297b49f596c30e5,,,
goal,scene_0015,referential,auto,oracle,tokens,2,False,,200,False,False,,True,False,False,,False,,False,0.137,cream_cheese_1,akita_black_bowl_1,,,plane,0.92,0.92,b7beb333add70255,6b8dabb178dbee9a,6bfedbddee254969,,,
goal,scene_0015,referential,auto,oracle,tokens,3,False,,200,False,False,,True,False,False,,False,,False,0.1368,cream_cheese_1,akita_black_bowl_1,,,plane,0.92,0.92,b7beb333add70255,7de78f23270856c8,4de64d15e5578416,,,
goal,scene_0015,referential,auto,oracle,tokens,4,False,,200,False,False,,True,False,False,,False,,False,0.1371,cream_cheese_1,akita_black_bowl_1,,,plane,0.92,0.92,b7beb333add70255,d72986c368a0acef,fd7045e6b6fb6a59,,,
goal,scene_0015,referential,auto,oracle,tokens,5,False,,200,False,False,,True,False,False,,False,,False,0.1367,cream_cheese_1,akita_black_bowl_1,,,plane,0.92,0.92,b7beb333add70255,9a7f41be3404673a,c4d873ef279ceb84,,,
goal,scene_0015,referential,auto,oracle,tokens,6,False,,200,False,False,,True,False,False,,False,,False,0.1381,cream_cheese_1,akita_black_bowl_1,,,plane,0.92,0.92,b7beb333add70255,7b3c19bc3a758484,42fa638f2601d05e,,,
goal,scene_0015,referential,auto,oracle,tokens,7,False,,200,False,False,,True,False,False,,False,,False,0.1377,cream_cheese_1,akita_black_bowl_1,,,plane,0.92,0.92,b7beb333add70255,08783b20a5831ee1,33973ef2f923fa75,,,
goal,scene_0015,referential,auto,oracle,tokens,8,False,,200,False,False,,True,False,False,,False,,False,0.1375,cream_cheese_1,akita_black_bowl_1,,,plane,0.92,0.92,b7beb333add70255,e35cb108d28dbb75,f1eb33fac15d4bfb,,,
goal,scene_0015,referential,auto,oracle,tokens,9,False,,200,False,False,,True,False,False,,False,,False,0.1381,cream_cheese_1,akita_black_bowl_1,,,plane,0.92,0.92,b7beb333add70255,333816a529d1d41b,e1cadf561078ab1e,,,
goal,scene_0015,referential,human:aaron_test,oracle,tokens,0,False,,200,False,False,,True,False,False,,False,,False,0.1366,cream_cheese_3,akita_black_bowl_1,,,plane,0.92,0.92,b7beb333add70255,4b857a8c401e1811,61b6877c7337edce,,,
goal,scene_0015,referential,human:aaron_test,oracle,tokens,1,False,,200,False,False,,True,False,False,,False,,False,0.1366,cream_cheese_3,akita_black_bowl_1,,,plane,0.92,0.92,b7beb333add70255,f552437da7de481c,31f3d6ad7a45b08e,,,
goal,scene_0015,referential,human:aaron_test,oracle,tokens,2,False,,200,False,False,,True,False,False,,False,,False,0.1366,cream_cheese_3,akita_black_bowl_1,,,plane,0.92,0.92,b7beb333add70255,57ad1722fa21f417,8819877294bc86b4,,,
goal,scene_0015,referential,human:aaron_test,oracle,tokens,3,False,,200,False,False,,True,False,False,,False,,False,0.1366,cream_cheese_3,akita_black_bowl_1,,,plane,0.92,0.92,b7beb333add70255,8a8bfc45f849142f,42c5c3cdcb9d735f,,,
goal,scene_0015,referential,human:aaron_test,oracle,tokens,4,False,,200,False,False,,True,False,False,,False,,False,0.1366,cream_cheese_3,akita_black_bowl_1,,,plane,0.92,0.92,b7beb333add70255,09818560f6d48003,788b9847993495e9,,,
goal,scene_0015,referential,human:aaron_test,oracle,tokens,5,False,,200,False,False,,True,False,False,,False,,False,0.1366,cream_cheese_3,akita_black_bowl_1,,,plane,0.92,0.92,b7beb333add70255,4d62affb91ac12c9,73537aefcbd0108e,,,
goal,scene_0015,referential,human:aaron_test,oracle,tokens,6,False,,200,False,False,,True,False,False,,False,,False,0.1366,cream_cheese_3,akita_black_bowl_1,,,plane,0.92,0.92,b7beb333add70255,d259025b69d9b2e8,221e8e8a1ce17d6f,,,
goal,scene_0015,referential,human:aaron_test,oracle,tokens,7,False,,200,False,False,,True,False,False,,False,,False,0.1366,cream_cheese_3,akita_black_bowl_1,,,plane,0.92,0.92,b7beb333add70255,9693b91bcc5d633e,55e3284caef76cb3,,,
goal,scene_0015,referential,human:aaron_test,oracle,tokens,8,False,,200,False,False,,True,False,False,,False,,False,0.1366,cream_cheese_3,akita_black_bowl_1,,,plane,0.92,0.92,b7beb333add70255,d85037ffbc4a47b8,53f05a25c631515e,,,
goal,scene_0015,referential,human:aaron_test,oracle,tokens,9,False,,200,False,False,,True,False,False,,False,,False,0.1366,cream_cheese_3,akita_black_bowl_1,,,plane,0.92,0.92,b7beb333add70255,7f1d5b84e171bddf,2a62c5b2bbf70716,,,
goal,scene_0018,directional,auto,oracle,tokens,0,False,,200,False,False,,True,False,False,,False,,False,0.1552,akita_black_bowl_1,plate_1,,,plane,0.92,0.92,84d6631863c0a0bf,532376ed4a1dcc47,1dc4724aefb437ee,,,
goal,scene_0018,directional,auto,oracle,tokens,1,False,,200,False,False,,True,False,False,,False,,False,0.152,akita_black_bowl_1,plate_1,,,plane,0.92,0.92,84d6631863c0a0bf,a1310898ef060a1d,26f4ebbe1e0f2f31,,,
goal,scene_0018,directional,auto,oracle,tokens,2,False,,200,False,False,,True,False,False,,False,,False,0.1495,akita_black_bowl_1,plate_1,,,plane,0.92,0.92,84d6631863c0a0bf,dfffa45fe966c824,b765ed15d99f28c7,,,
goal,scene_0018,directional,auto,oracle,tokens,3,False,,200,False,False,,True,False,False,,False,,False,0.1527,akita_black_bowl_1,plate_1,,,plane,0.92,0.92,84d6631863c0a0bf,5738b3783a5e8cf9,0093aa54379ca989,,,
goal,scene_0018,directional,auto,oracle,tokens,4,False,,200,False,False,,True,False,False,,False,,False,0.1535,akita_black_bowl_1,plate_1,,,plane,0.92,0.92,84d6631863c0a0bf,913b2211f5264eae,195a55509d772f5a,,,
goal,scene_0018,directional,auto,oracle,tokens,5,False,,200,False,False,,True,False,False,,False,,False,0.1497,akita_black_bowl_1,plate_1,,,plane,0.92,0.92,84d6631863c0a0bf,f43c77aaa00b06f5,725435005ed4e2db,,,
goal,scene_0018,directional,auto,oracle,tokens,6,False,,200,False,False,,True,False,False,,False,,False,0.1493,akita_black_bowl_1,plate_1,,,plane,0.92,0.92,84d6631863c0a0bf,bd79def45a454989,fe446616d2412baf,,,
goal,scene_0018,directional,auto,oracle,tokens,7,False,,200,False,False,,True,False,False,,False,,False,0.1498,akita_black_bowl_1,plate_1,,,plane,0.92,0.92,84d6631863c0a0bf,2db34e0ca7f8f1d8,8abda0670167d504,,,
goal,scene_0018,directional,auto,oracle,tokens,8,False,,200,False,False,,True,False,False,,False,,False,0.1492,akita_black_bowl_1,plate_1,,,plane,0.92,0.92,84d6631863c0a0bf,60612bf1a676bca9,0734f1bfc67c22b2,,,
goal,scene_0018,directional,auto,oracle,tokens,9,False,,200,False,False,,True,False,False,,False,,False,0.1495,akita_black_bowl_1,plate_1,,,plane,0.92,0.92,84d6631863c0a0bf,ae1aeab4ce61eda5,feb2ae745b32ffb6,,,
goal,scene_0018,directional,human:aaron_test,oracle,tokens,0,False,,200,True,True,166,True,True,True,akita_black_bowl_1,True,plate_1,True,0.0182,akita_black_bowl_1,plate_1,True,True,plane,0.92,0.92,84d6631863c0a0bf,a0c0726aea490bab,2a4782275f8e8367,,,
goal,scene_0018,directional,human:aaron_test,oracle,tokens,1,False,,200,True,True,166,True,True,True,akita_black_bowl_1,True,plate_1,True,0.0195,akita_black_bowl_1,plate_1,True,True,plane,0.92,0.92,84d6631863c0a0bf,324d3f3ae9dabf80,898263a72cc6720c,,,
goal,scene_0018,directional,human:aaron_test,oracle,tokens,2,False,,200,True,True,166,True,True,True,akita_black_bowl_1,True,plate_1,True,0.0195,akita_black_bowl_1,plate_1,True,True,plane,0.92,0.92,84d6631863c0a0bf,054c1db8af4b6d47,99686863aee60771,,,
goal,scene_0018,directional,human:aaron_test,oracle,tokens,3,False,,200,True,True,166,True,True,True,akita_black_bowl_1,True,plate_1,True,0.0194,akita_black_bowl_1,plate_1,True,True,plane,0.92,0.92,84d6631863c0a0bf,5dc844b8789f6afe,1f359383bbf6dbf8,,,
goal,scene_0018,directional,human:aaron_test,oracle,tokens,4,False,,200,True,True,166,True,True,True,akita_black_bowl_1,True,plate_1,True,0.0195,akita_black_bowl_1,plate_1,True,True,plane,0.92,0.92,84d6631863c0a0bf,336e6f6dc35be73f,3ff6fdb9b323b3d2,,,
goal,scene_0018,directional,human:aaron_test,oracle,tokens,5,False,,200,True,True,166,True,True,True,akita_black_bowl_1,True,plate_1,True,0.0197,akita_black_bowl_1,plate_1,True,True,plane,0.92,0.92,84d6631863c0a0bf,443ca93cd8237528,9226ac355728b179,,,
goal,scene_0018,directional,human:aaron_test,oracle,tokens,6,False,,200,True,True,166,True,True,True,akita_black_bowl_1,True,plate_1,True,0.0197,akita_black_bowl_1,plate_1,True,True,plane,0.92,0.92,84d6631863c0a0bf,aaa089a0fce34436,9f0358a92f2022e8,,,
goal,scene_0018,directional,human:aaron_test,oracle,tokens,7,False,,200,True,True,166,True,True,True,akita_black_bowl_1,True,plate_1,True,0.0175,akita_black_bowl_1,plate_1,True,True,plane,0.92,0.92,84d6631863c0a0bf,c200c72a96d46890,e15123b4f14d88e0,,,
goal,scene_0018,directional,human:aaron_test,oracle,tokens,8,False,,200,True,True,166,True,True,True,akita_black_bowl_1,True,plate_1,True,0.018,akita_black_bowl_1,plate_1,True,True,plane,0.92,0.92,84d6631863c0a0bf,034738067b8f126d,fe379946a16a8772,,,
goal,scene_0018,directional,human:aaron_test,oracle,tokens,9,False,,200,True,True,166,True,True,True,akita_black_bowl_1,True,plate_1,True,0.0198,akita_black_bowl_1,plate_1,True,True,plane,0.92,0.92,84d6631863c0a0bf,697d17bf07edeba2,92d87d7056199830,,,
goal,scene_0019,directional,auto,oracle,tokens,0,False,,200,False,False,,True,True,True,akita_black_bowl_1,True,,False,0.1125,akita_black_bowl_1,plate_3,True,,plane,0.92,0.92,92995d25f4429307,8206c8df2f03f7df,91a7f799afeb8bad,,,
goal,scene_0019,directional,auto,oracle,tokens,1,False,,200,False,False,,True,True,True,akita_black_bowl_1,True,,False,0.1127,akita_black_bowl_1,plate_3,True,,plane,0.92,0.92,92995d25f4429307,701aa7fa49d4684f,6c912af95c794d0c,,,
goal,scene_0019,directional,auto,oracle,tokens,2,False,,200,False,False,,True,True,True,akita_black_bowl_1,True,,False,0.1107,akita_black_bowl_1,plate_3,True,,plane,0.92,0.92,92995d25f4429307,0fd3ac111b736fcb,60729bc5891d157a,,,
goal,scene_0019,directional,auto,oracle,tokens,3,False,,200,False,False,,True,True,True,akita_black_bowl_1,True,,False,0.1144,akita_black_bowl_1,plate_3,True,,plane,0.92,0.92,92995d25f4429307,f6af57d1226c3b63,d45da74b58fd68e3,,,
goal,scene_0019,directional,auto,oracle,tokens,4,False,,200,False,False,,True,True,True,akita_black_bowl_1,True,,False,0.1153,akita_black_bowl_1,plate_3,True,,plane,0.92,0.92,92995d25f4429307,82f1b91dcfa5d328,2a7d4a02418db4fd,,,
goal,scene_0019,directional,auto,oracle,tokens,5,False,,200,False,False,,True,True,True,akita_black_bowl_1,True,,False,0.1043,akita_black_bowl_1,plate_3,True,,plane,0.92,0.92,92995d25f4429307,bd7c1d5f190ae764,a8dd124becf34e13,,,
goal,scene_0019,directional,auto,oracle,tokens,6,False,,200,False,False,,True,True,True,akita_black_bowl_1,True,,False,0.1142,akita_black_bowl_1,plate_3,True,,plane,0.92,0.92,92995d25f4429307,426a5c61a8d0a155,b966933d43accd0d,,,
goal,scene_0019,directional,auto,oracle,tokens,7,False,,200,False,False,,True,True,True,akita_black_bowl_1,True,,False,0.1146,akita_black_bowl_1,plate_3,True,,plane,0.92,0.92,92995d25f4429307,b3b240eeb058d74c,b248832cf101f978,,,
goal,scene_0019,directional,auto,oracle,tokens,8,False,,200,False,False,,True,True,True,akita_black_bowl_1,True,,False,0.1135,akita_black_bowl_1,plate_3,True,,plane,0.92,0.92,92995d25f4429307,b4722ae3b35bf569,ac0645b51e7c7c81,,,
goal,scene_0019,directional,auto,oracle,tokens,9,False,,200,False,False,,True,True,True,akita_black_bowl_1,True,,False,0.1151,akita_black_bowl_1,plate_3,True,,plane,0.92,0.92,92995d25f4429307,7589d3dad3323199,525b01e842cb0fba,,,
goal,scene_0019,directional,human:aaron_test,oracle,tokens,0,False,,200,True,True,166,True,True,True,akita_black_bowl_1,True,plate_3,True,0.005,akita_black_bowl_1,plate_3,True,True,plane,0.92,0.92,92995d25f4429307,3a0693f949b461f3,73c3d37d89dd4d28,,,
goal,scene_0019,directional,human:aaron_test,oracle,tokens,1,False,,200,True,True,167,True,True,True,akita_black_bowl_1,True,plate_3,True,0.0131,akita_black_bowl_1,plate_3,True,True,plane,0.92,0.92,92995d25f4429307,ec1063873dbdae9d,a604fb121d8af111,,,
goal,scene_0019,directional,human:aaron_test,oracle,tokens,2,False,,200,True,True,169,True,True,True,akita_black_bowl_1,True,plate_3,True,0.0026,akita_black_bowl_1,plate_3,True,True,plane,0.92,0.92,92995d25f4429307,32b19b200b28e3f0,10c2823b90b071c2,,,
goal,scene_0019,directional,human:aaron_test,oracle,tokens,3,False,,200,True,True,165,True,True,True,akita_black_bowl_1,True,plate_3,True,0.0008,akita_black_bowl_1,plate_3,True,True,plane,0.92,0.92,92995d25f4429307,5c3e4438366f143f,7e29aee5e4da0e43,,,
goal,scene_0019,directional,human:aaron_test,oracle,tokens,4,False,,200,True,True,165,True,True,True,akita_black_bowl_1,True,plate_3,True,0.0046,akita_black_bowl_1,plate_3,True,True,plane,0.92,0.92,92995d25f4429307,6152f9268b7644e9,2fd4a559d5c26650,,,
goal,scene_0019,directional,human:aaron_test,oracle,tokens,5,False,,200,True,True,157,True,True,True,akita_black_bowl_1,True,plate_3,True,0.0174,akita_black_bowl_1,plate_3,True,True,plane,0.92,0.92,92995d25f4429307,24ce1109b0723acb,ea0ee014ae98a9c6,,,
goal,scene_0019,directional,human:aaron_test,oracle,tokens,6,False,,200,True,True,165,True,True,True,akita_black_bowl_1,True,plate_3,True,0.0056,akita_black_bowl_1,plate_3,True,True,plane,0.92,0.92,92995d25f4429307,704eec13fffef638,8a7f79e6c36f12a0,,,
goal,scene_0019,directional,human:aaron_test,oracle,tokens,7,False,,200,True,True,159,True,True,True,akita_black_bowl_1,True,plate_3,True,0.0174,akita_black_bowl_1,plate_3,True,True,plane,0.92,0.92,92995d25f4429307,d647e62e94d962a2,96f168abab6ed236,,,
goal,scene_0019,directional,human:aaron_test,oracle,tokens,8,False,,200,True,True,165,True,True,True,akita_black_bowl_1,True,plate_3,True,0.0011,akita_black_bowl_1,plate_3,True,True,plane,0.92,0.92,92995d25f4429307,b31cb6fb70fa9e4f,9d9cbc237986bb7c,,,
goal,scene_0019,directional,human:aaron_test,oracle,tokens,9,False,,200,True,True,165,True,True,True,akita_black_bowl_1,True,plate_3,True,0.0008,akita_black_bowl_1,plate_3,True,True,plane,0.92,0.92,92995d25f4429307,eea8992bf05ce274,8114760b35ace3e6,,,
goal,scene_0025,directional,auto,oracle,tokens,0,False,,200,True,True,169,True,True,True,akita_black_bowl_1,True,plate_2,True,0.0133,akita_black_bowl_1,plate_2,True,True,plane,0.92,0.92,027f37f8891d24e6,81cbf3896a8532be,e117f7f76ab22844,,,
goal,scene_0025,directional,auto,oracle,tokens,1,False,,200,False,False,170,True,True,True,akita_black_bowl_1,True,plate_2,True,0.0205,akita_black_bowl_1,plate_2,True,True,plane,0.92,0.92,027f37f8891d24e6,d3a34f4c6f8941e5,19bb355164da3e96,,,
goal,scene_0025,directional,auto,oracle,tokens,2,False,,200,False,False,172,True,True,True,akita_black_bowl_1,True,plate_2,True,0.0265,akita_black_bowl_1,plate_2,True,True,plane,0.92,0.92,027f37f8891d24e6,4005d11ee00d8612,920d93a29c191c2e,,,
goal,scene_0025,directional,auto,oracle,tokens,3,False,,200,True,True,168,True,True,True,akita_black_bowl_1,True,plate_2,True,0.0103,akita_black_bowl_1,plate_2,True,True,plane,0.92,0.92,027f37f8891d24e6,ab435663355a103a,4c4f1fbe2b0e5fe8,,,
goal,scene_0025,directional,auto,oracle,tokens,4,False,,200,False,False,170,True,True,True,akita_black_bowl_1,True,plate_2,True,0.0204,akita_black_bowl_1,plate_2,True,True,plane,0.92,0.92,027f37f8891d24e6,020b2349b986ccd6,0cfed9c8bca19c62,,,
goal,scene_0025,directional,auto,oracle,tokens,5,False,,200,False,False,170,True,True,True,akita_black_bowl_1,True,plate_2,True,0.0204,akita_black_bowl_1,plate_2,True,True,plane,0.92,0.92,027f37f8891d24e6,f7221af9638fa1c6,ed49bc6c07087d4a,,,
goal,scene_0025,directional,auto,oracle,tokens,6,False,,200,False,False,177,True,True,True,akita_black_bowl_1,True,plate_2,True,0.0284,akita_black_bowl_1,plate_2,True,True,plane,0.92,0.92,027f37f8891d24e6,1a400286672a1c7e,7d1b161190267562,,,
goal,scene_0025,directional,auto,oracle,tokens,7,False,,200,False,False,171,True,True,True,akita_black_bowl_1,True,plate_2,True,0.0201,akita_black_bowl_1,plate_2,True,True,plane,0.92,0.92,027f37f8891d24e6,57f9e5fc727d1332,cc9d59ffb7917a13,,,
goal,scene_0025,directional,auto,oracle,tokens,8,False,,200,False,False,171,True,True,True,akita_black_bowl_1,True,plate_2,True,0.0221,akita_black_bowl_1,plate_2,True,True,plane,0.92,0.92,027f37f8891d24e6,d69a7ed59a05dbd8,60b1c87bf0053804,,,
goal,scene_0025,directional,auto,oracle,tokens,9,False,,200,False,False,172,True,True,True,akita_black_bowl_1,True,plate_2,True,0.027,akita_black_bowl_1,plate_2,True,True,plane,0.92,0.92,027f37f8891d24e6,f4a2b0e332099a5c,c01398e77cc94cb0,,,
goal,scene_0025,directional,human:aaron_test,oracle,tokens,0,False,,200,False,False,,True,True,True,akita_black_bowl_1,True,,False,0.2352,akita_black_bowl_1,plate_3,True,,plane,0.92,0.92,027f37f8891d24e6,acc31b230ebe1baa,5c37a2e95c736b43,,,
goal,scene_0025,directional,human:aaron_test,oracle,tokens,1,False,,200,False,False,,True,True,True,akita_black_bowl_1,True,,False,0.2356,akita_black_bowl_1,plate_3,True,,plane,0.92,0.92,027f37f8891d24e6,a4c675890d7c8893,5e0260985b99e644,,,
goal,scene_0025,directional,human:aaron_test,oracle,tokens,2,False,,200,False,False,,True,True,True,akita_black_bowl_1,True,,False,0.2322,akita_black_bowl_1,plate_3,True,,plane,0.92,0.92,027f37f8891d24e6,a27e04a44cf953c5,d9c3a2a1bfc32453,,,
goal,scene_0025,directional,human:aaron_test,oracle,tokens,3,False,,200,False,False,,True,True,True,akita_black_bowl_1,True,,False,0.233,akita_black_bowl_1,plate_3,True,,plane,0.92,0.92,027f37f8891d24e6,5156c8c8201dc987,46190c2ccd0f8db0,,,
goal,scene_0025,directional,human:aaron_test,oracle,tokens,4,False,,200,False,False,,True,True,True,akita_black_bowl_1,True,,False,0.1572,akita_black_bowl_1,plate_3,True,,plane,0.92,0.92,027f37f8891d24e6,985aaac2e5744547,7331e0de3092caf5,,,
goal,scene_0025,directional,human:aaron_test,oracle,tokens,5,False,,200,False,False,,True,True,True,akita_black_bowl_1,True,,False,0.153,akita_black_bowl_1,plate_3,True,,plane,0.92,0.92,027f37f8891d24e6,efaa5a58fe96e1ad,4d738cf84860db7c,,,
goal,scene_0025,directional,human:aaron_test,oracle,tokens,6,False,,200,False,False,,True,True,True,akita_black_bowl_1,True,,False,0.1827,akita_black_bowl_1,plate_3,True,,plane,0.92,0.92,027f37f8891d24e6,ec53f9eb6b9d95b6,4a41f3f070e5ec78,,,
goal,scene_0025,directional,human:aaron_test,oracle,tokens,7,False,,200,False,False,,True,True,True,akita_black_bowl_1,True,,False,0.2173,akita_black_bowl_1,plate_3,True,,plane,0.92,0.92,027f37f8891d24e6,546905838c2cce10,732f5c837b427ae9,,,
goal,scene_0025,directional,human:aaron_test,oracle,tokens,8,False,,200,False,False,,True,True,True,akita_black_bowl_1,True,,False,0.2055,akita_black_bowl_1,plate_3,True,,plane,0.92,0.92,027f37f8891d24e6,99647af17ed6a104,46aeef4c704fa71e,,,
goal,scene_0025,directional,human:aaron_test,oracle,tokens,9,False,,200,False,False,,True,True,True,akita_black_bowl_1,True,,False,0.1121,akita_black_bowl_1,plate_3,True,,plane,0.92,0.92,027f37f8891d24e6,f077967c28617e94,98397616cc9e5464,,,
goal,scene_0026,both,auto,oracle,tokens,0,False,,200,True,True,154,True,True,True,akita_black_bowl_1,True,plate_2,True,0.0186,akita_black_bowl_1,plate_2,True,True,plane,0.92,0.92,5ffa2d92d0ac4eda,65aace6cf1e364e3,f988099b91fb655e,,,
goal,scene_0026,both,auto,oracle,tokens,1,False,,200,True,True,154,True,True,True,akita_black_bowl_1,True,plate_2,True,0.0186,akita_black_bowl_1,plate_2,True,True,plane,0.92,0.92,5ffa2d92d0ac4eda,127881002650e6dc,4525eae00c332f95,,,
goal,scene_0026,both,auto,oracle,tokens,2,False,,200,True,True,154,True,True,True,akita_black_bowl_1,True,plate_2,True,0.0186,akita_black_bowl_1,plate_2,True,True,plane,0.92,0.92,5ffa2d92d0ac4eda,08b3332af83c62cb,29753dcdb9d651fb,,,
goal,scene_0026,both,auto,oracle,tokens,3,False,,200,True,True,154,True,True,True,akita_black_bowl_1,True,plate_2,True,0.0188,akita_black_bowl_1,plate_2,True,True,plane,0.92,0.92,5ffa2d92d0ac4eda,c927bd3451768dfc,da2cf6c749ca6cf8,,,
goal,scene_0026,both,auto,oracle,tokens,4,False,,200,True,True,154,True,True,True,akita_black_bowl_1,True,plate_2,True,0.0189,akita_black_bowl_1,plate_2,True,True,plane,0.92,0.92,5ffa2d92d0ac4eda,8efdf5bdd7d0a834,68a6f355810f0d37,,,
goal,scene_0026,both,auto,oracle,tokens,5,False,,200,True,True,154,True,True,True,akita_black_bowl_1,True,plate_2,True,0.0188,akita_black_bowl_1,plate_2,True,True,plane,0.92,0.92,5ffa2d92d0ac4eda,498b98b9c135419d,7d1e971421494046,,,
goal,scene_0026,both,auto,oracle,tokens,6,False,,200,True,True,153,True,True,True,akita_black_bowl_1,True,plate_2,True,0.0189,akita_black_bowl_1,plate_2,True,True,plane,0.92,0.92,5ffa2d92d0ac4eda,c71c5af0a51d6ca5,81f2466d755fce0f,,,
goal,scene_0026,both,auto,oracle,tokens,7,False,,200,True,True,153,True,True,True,akita_black_bowl_1,True,plate_2,True,0.0189,akita_black_bowl_1,plate_2,True,True,plane,0.92,0.92,5ffa2d92d0ac4eda,2bfaf31890f2716c,4138ffb6004e9b2d,,,
goal,scene_0026,both,auto,oracle,tokens,8,False,,200,True,True,153,True,True,True,akita_black_bowl_1,True,plate_2,True,0.019,akita_black_bowl_1,plate_2,True,True,plane,0.92,0.92,5ffa2d92d0ac4eda,9b64b75fb3152938,ddf21eb84604acc7,,,
goal,scene_0026,both,auto,oracle,tokens,9,False,,200,True,True,153,True,True,True,akita_black_bowl_1,True,plate_2,True,0.0191,akita_black_bowl_1,plate_2,True,True,plane,0.92,0.92,5ffa2d92d0ac4eda,78b2bfa76601b034,317612d6bb62b8c2,,,
goal,scene_0026,both,human:aaron_test,oracle,tokens,0,False,,200,False,False,168,True,True,True,akita_black_bowl_1,True,plate_2,True,0.0264,akita_black_bowl_1,plate_2,True,True,plane,0.92,0.92,5ffa2d92d0ac4eda,a3aa6eaf9f36e51b,fc25821bd26cf59b,,,
goal,scene_0026,both,human:aaron_test,oracle,tokens,1,False,,200,True,True,168,True,True,True,akita_black_bowl_1,True,plate_2,True,0.026,akita_black_bowl_1,plate_2,True,True,plane,0.92,0.92,5ffa2d92d0ac4eda,2c8fc33b5ac38904,c3eddc5925e61038,,,
goal,scene_0026,both,human:aaron_test,oracle,tokens,2,False,,200,True,True,174,True,True,True,akita_black_bowl_1,True,plate_2,True,0.0262,akita_black_bowl_1,plate_2,True,True,plane,0.92,0.92,5ffa2d92d0ac4eda,ec23486c879d9d3b,cab062118c80daa1,,,
goal,scene_0026,both,human:aaron_test,oracle,tokens,3,False,,200,True,True,168,True,True,True,akita_black_bowl_1,True,plate_2,True,0.0261,akita_black_bowl_1,plate_2,True,True,plane,0.92,0.92,5ffa2d92d0ac4eda,d88aa00437c4c271,bbb1bf8a701d8bab,,,
goal,scene_0026,both,human:aaron_test,oracle,tokens,4,False,,200,False,False,168,True,True,True,akita_black_bowl_1,True,plate_2,True,0.0264,akita_black_bowl_1,plate_2,True,True,plane,0.92,0.92,5ffa2d92d0ac4eda,26122c17aeb2069f,a8f72310324fdfe7,,,
goal,scene_0026,both,human:aaron_test,oracle,tokens,5,False,,200,False,False,168,True,True,True,akita_black_bowl_1,True,plate_2,True,0.0265,akita_black_bowl_1,plate_2,True,True,plane,0.92,0.92,5ffa2d92d0ac4eda,ab05aac2135f76c0,027e67cdc8a9c6f5,,,
goal,scene_0026,both,human:aaron_test,oracle,tokens,6,False,,200,True,True,174,True,True,True,akita_black_bowl_1,True,plate_2,True,0.0263,akita_black_bowl_1,plate_2,True,True,plane,0.92,0.92,5ffa2d92d0ac4eda,963f2840344fb9c3,44c9dd7dfebaa2c5,,,
goal,scene_0026,both,human:aaron_test,oracle,tokens,7,False,,200,False,False,,True,True,True,akita_black_bowl_1,True,plate_2,True,0.0265,akita_black_bowl_1,plate_2,True,True,plane,0.92,0.92,5ffa2d92d0ac4eda,a0578aa594291d63,39e79fa3814b8ad7,,,
goal,scene_0026,both,human:aaron_test,oracle,tokens,8,False,,200,False,False,,True,True,True,akita_black_bowl_1,True,plate_2,True,0.0266,akita_black_bowl_1,plate_2,True,True,plane,0.92,0.92,5ffa2d92d0ac4eda,fb6eb844d57a6d8c,2801d6b0e3372b1b,,,
goal,scene_0026,both,human:aaron_test,oracle,tokens,9,False,,200,False,False,,True,True,True,akita_black_bowl_1,True,plate_2,True,0.0265,akita_black_bowl_1,plate_2,True,True,plane,0.92,0.92,5ffa2d92d0ac4eda,5d58f45ac1049648,3e1dd0134da51018,,,
goal,scene_0033,both,auto,oracle,tokens,0,False,,200,False,False,,True,True,True,akita_black_bowl_2,False,akita_black_bowl_2,True,0.0,cream_cheese_1,akita_black_bowl_2,False,True,plane,0.92,0.92,279ab1a55a89305e,87685b887b3c7a8b,834bc32b82b73320,,,
goal,scene_0033,both,auto,oracle,tokens,1,False,,200,False,False,,True,True,True,akita_black_bowl_2,False,akita_black_bowl_2,True,0.0,cream_cheese_1,akita_black_bowl_2,False,True,plane,0.92,0.92,279ab1a55a89305e,b8f3b02be0443c6d,e34619effa7d51a7,,,
goal,scene_0033,both,auto,oracle,tokens,2,False,,200,False,False,,True,True,True,akita_black_bowl_2,False,akita_black_bowl_2,True,0.0,cream_cheese_1,akita_black_bowl_2,False,True,plane,0.92,0.92,279ab1a55a89305e,d0d2ba31ed890ff6,56484d8e3288c855,,,
goal,scene_0033,both,auto,oracle,tokens,3,False,,200,False,False,,True,True,True,akita_black_bowl_2,False,akita_black_bowl_2,True,0.0,cream_cheese_1,akita_black_bowl_2,False,True,plane,0.92,0.92,279ab1a55a89305e,6340d71c46eca6c3,026222894dd58d24,,,
goal,scene_0033,both,auto,oracle,tokens,4,False,,200,False,False,,True,True,True,akita_black_bowl_2,False,akita_black_bowl_2,True,0.0,cream_cheese_1,akita_black_bowl_2,False,True,plane,0.92,0.92,279ab1a55a89305e,430bfc8488f6ea62,a55fdcf7588377b8,,,
goal,scene_0033,both,auto,oracle,tokens,5,False,,200,False,False,,True,True,True,akita_black_bowl_2,False,akita_black_bowl_2,True,0.0,cream_cheese_1,akita_black_bowl_2,False,True,plane,0.92,0.92,279ab1a55a89305e,77a0ac9007163831,8a6badff2f566abd,,,
goal,scene_0033,both,auto,oracle,tokens,6,False,,200,False,False,,True,True,True,akita_black_bowl_2,False,akita_black_bowl_2,True,0.0,cream_cheese_1,akita_black_bowl_2,False,True,plane,0.92,0.92,279ab1a55a89305e,d18cbea4c347245a,f95aadbcdee45c33,,,
goal,scene_0033,both,auto,oracle,tokens,7,False,,200,False,False,,True,True,True,akita_black_bowl_2,False,akita_black_bowl_2,True,0.0,cream_cheese_1,akita_black_bowl_2,False,True,plane,0.92,0.92,279ab1a55a89305e,45fdf4db1f8c342c,f972b2dd8c86f48e,,,
goal,scene_0033,both,auto,oracle,tokens,8,False,,200,False,False,,True,True,True,akita_black_bowl_2,False,akita_black_bowl_2,True,0.0,cream_cheese_1,akita_black_bowl_2,False,True,plane,0.92,0.92,279ab1a55a89305e,94b320e130a34000,b4589e639296af3d,,,
goal,scene_0033,both,auto,oracle,tokens,9,False,,200,False,False,,True,True,True,akita_black_bowl_2,False,akita_black_bowl_2,True,0.0,cream_cheese_1,akita_black_bowl_2,False,True,plane,0.92,0.92,279ab1a55a89305e,0135261311fc48c8,1e1a6dd2ab467ed3,,,
goal,scene_0033,both,human:aaron_test,oracle,tokens,0,False,,200,False,False,,True,False,False,,False,,False,0.1515,cream_cheese_1,akita_black_bowl_2,,,plane,0.92,0.92,279ab1a55a89305e,d556ccc89c9ab9c5,0ec9efe43ed26ea9,,,
goal,scene_0033,both,human:aaron_test,oracle,tokens,1,False,,200,False,False,,True,False,False,,False,,False,0.1516,cream_cheese_1,akita_black_bowl_2,,,plane,0.92,0.92,279ab1a55a89305e,510a92206ac4402e,255e107cc23f7a51,,,
goal,scene_0033,both,human:aaron_test,oracle,tokens,2,False,,200,False,False,,True,False,False,,False,,False,0.1516,cream_cheese_1,akita_black_bowl_2,,,plane,0.92,0.92,279ab1a55a89305e,da89590bec6197f9,1c0aba0116ab38b3,,,
goal,scene_0033,both,human:aaron_test,oracle,tokens,3,False,,200,False,False,,True,False,False,,False,,False,0.1516,cream_cheese_1,akita_black_bowl_2,,,plane,0.92,0.92,279ab1a55a89305e,1bbd3581fc3a2138,a05a13d6e72dc85b,,,
goal,scene_0033,both,human:aaron_test,oracle,tokens,4,False,,200,False,False,,True,False,False,,False,,False,0.1517,cream_cheese_1,akita_black_bowl_2,,,plane,0.92,0.92,279ab1a55a89305e,3fd6928417f1f07e,8319dfc958de5cf2,,,
goal,scene_0033,both,human:aaron_test,oracle,tokens,5,False,,200,False,False,,True,False,False,,False,,False,0.1517,cream_cheese_1,akita_black_bowl_2,,,plane,0.92,0.92,279ab1a55a89305e,cacd01521f9b55ed,fd4f3133c818fdf1,,,
goal,scene_0033,both,human:aaron_test,oracle,tokens,6,False,,200,False,False,,True,False,False,,False,,False,0.1519,cream_cheese_1,akita_black_bowl_2,,,plane,0.92,0.92,279ab1a55a89305e,c005cca72f6a30ec,c19f65648836e458,,,
goal,scene_0033,both,human:aaron_test,oracle,tokens,7,False,,200,False,False,,True,False,False,,False,,False,0.1527,cream_cheese_1,akita_black_bowl_2,,,plane,0.92,0.92,279ab1a55a89305e,02eff38c0f24bd51,f99373c06db2f88d,,,
goal,scene_0033,both,human:aaron_test,oracle,tokens,8,False,,200,False,False,,True,False,False,,False,,False,0.1521,cream_cheese_1,akita_black_bowl_2,,,plane,0.92,0.92,279ab1a55a89305e,e03f2080a421414c,f298b02113b97dad,,,
goal,scene_0033,both,human:aaron_test,oracle,tokens,9,False,,200,False,False,,True,False,False,,False,,False,0.1523,cream_cheese_1,akita_black_bowl_2,,,plane,0.92,0.92,279ab1a55a89305e,3b8bc3bf5fc1f166,471b2effe0eebdc3,,,
goal,scene_0034,both,auto,oracle,tokens,0,False,,200,True,True,166,True,True,True,akita_black_bowl_1,True,plate_1,True,0.0172,akita_black_bowl_1,plate_1,True,True,plane,0.92,0.92,f5a16e4edc475053,53e477834ffbe68a,db1962b55f3c356c,,,
goal,scene_0034,both,auto,oracle,tokens,1,False,,200,True,True,166,True,True,True,akita_black_bowl_1,True,plate_1,True,0.0169,akita_black_bowl_1,plate_1,True,True,plane,0.92,0.92,f5a16e4edc475053,1a4cc11f82382ab6,6212631dc6d7cf12,,,
goal,scene_0034,both,auto,oracle,tokens,2,False,,200,True,True,166,True,True,True,akita_black_bowl_1,True,plate_1,True,0.0179,akita_black_bowl_1,plate_1,True,True,plane,0.92,0.92,f5a16e4edc475053,ca62f714c1de4657,69da16518f76741f,,,
goal,scene_0034,both,auto,oracle,tokens,3,False,,200,True,True,166,True,True,True,akita_black_bowl_1,True,plate_1,True,0.018,akita_black_bowl_1,plate_1,True,True,plane,0.92,0.92,f5a16e4edc475053,e1edd92b0211b016,56471ac5b2d8f983,,,
goal,scene_0034,both,auto,oracle,tokens,4,False,,200,True,True,166,True,True,True,akita_black_bowl_1,True,plate_1,True,0.0179,akita_black_bowl_1,plate_1,True,True,plane,0.92,0.92,f5a16e4edc475053,a3046a45896ecef0,7a82dde41fedd881,,,
goal,scene_0034,both,auto,oracle,tokens,5,False,,200,True,True,166,True,True,True,akita_black_bowl_1,True,plate_1,True,0.0179,akita_black_bowl_1,plate_1,True,True,plane,0.92,0.92,f5a16e4edc475053,d99e55e8e60e3a6c,5f8ce53d49bf2f34,,,
goal,scene_0034,both,auto,oracle,tokens,6,False,,200,True,True,166,True,True,True,akita_black_bowl_1,True,plate_1,True,0.0179,akita_black_bowl_1,plate_1,True,True,plane,0.92,0.92,f5a16e4edc475053,f2b8f452e6e583b0,e494445e803a3946,,,
goal,scene_0034,both,auto,oracle,tokens,7,False,,200,True,True,166,True,True,True,akita_black_bowl_1,True,plate_1,True,0.0166,akita_black_bowl_1,plate_1,True,True,plane,0.92,0.92,f5a16e4edc475053,bc0b3666064c5669,c719bd986929e66c,,,
goal,scene_0034,both,auto,oracle,tokens,8,False,,200,True,True,166,True,True,True,akita_black_bowl_1,True,plate_1,True,0.0168,akita_black_bowl_1,plate_1,True,True,plane,0.92,0.92,f5a16e4edc475053,86b49bac940c7c6e,52f2ba06880f4fbe,,,
goal,scene_0034,both,auto,oracle,tokens,9,False,,200,True,True,166,True,True,True,akita_black_bowl_1,True,plate_1,True,0.0169,akita_black_bowl_1,plate_1,True,True,plane,0.92,0.92,f5a16e4edc475053,e34414b5ef112db7,08e99be52d48f352,,,
goal,scene_0034,both,human:aaron_test,oracle,tokens,0,False,,200,False,False,,True,True,True,akita_black_bowl_4,False,plate_1,True,0.0502,akita_black_bowl_4,plate_1,True,True,plane,0.92,0.92,f5a16e4edc475053,7aea96266f486153,97c0ae0b0c9dee6a,,,
goal,scene_0034,both,human:aaron_test,oracle,tokens,1,False,,200,False,False,,True,True,True,akita_black_bowl_4,False,plate_1,True,0.0485,akita_black_bowl_4,plate_1,True,True,plane,0.92,0.92,f5a16e4edc475053,636788089559498b,b272c3f5d14984ed,,,
goal,scene_0034,both,human:aaron_test,oracle,tokens,2,False,,200,False,False,,True,True,True,akita_black_bowl_4,False,plate_1,True,0.0488,akita_black_bowl_4,plate_1,True,True,plane,0.92,0.92,f5a16e4edc475053,e272784e9d980fc4,29da5d43a6b8c39e,,,
goal,scene_0034,both,human:aaron_test,oracle,tokens,3,False,,200,False,False,,True,True,True,akita_black_bowl_4,False,plate_1,True,0.0492,akita_black_bowl_4,plate_1,True,True,plane,0.92,0.92,f5a16e4edc475053,eab88e465f44f966,e877f772887c6210,,,
goal,scene_0034,both,human:aaron_test,oracle,tokens,4,False,,200,False,False,,True,True,True,akita_black_bowl_4,False,plate_1,True,0.0492,akita_black_bowl_4,plate_1,True,True,plane,0.92,0.92,f5a16e4edc475053,4456669925360556,05011f54e15b4e45,,,
goal,scene_0034,both,human:aaron_test,oracle,tokens,5,False,,200,False,False,,True,True,True,akita_black_bowl_4,False,plate_1,True,0.0491,akita_black_bowl_4,plate_1,True,True,plane,0.92,0.92,f5a16e4edc475053,b2faec4542a9527c,851d82fcb3afc337,,,
goal,scene_0034,both,human:aaron_test,oracle,tokens,6,False,,200,False,False,,True,True,True,akita_black_bowl_4,False,plate_1,True,0.0492,akita_black_bowl_4,plate_1,True,True,plane,0.92,0.92,f5a16e4edc475053,1ac003720cd56085,5539f92975ed3701,,,
goal,scene_0034,both,human:aaron_test,oracle,tokens,7,False,,200,False,False,,True,True,True,akita_black_bowl_4,False,plate_1,True,0.0491,akita_black_bowl_4,plate_1,True,True,plane,0.92,0.92,f5a16e4edc475053,edd31e442a2e3059,68f08e78fe99a165,,,
goal,scene_0034,both,human:aaron_test,oracle,tokens,8,False,,200,False,False,,True,True,True,akita_black_bowl_4,False,plate_1,True,0.0494,akita_black_bowl_4,plate_1,True,True,plane,0.92,0.92,f5a16e4edc475053,debc2951abf7fc00,b56ceba3e6412d6a,,,
goal,scene_0034,both,human:aaron_test,oracle,tokens,9,False,,200,False,False,,True,True,True,akita_black_bowl_4,False,plate_1,True,0.0494,akita_black_bowl_4,plate_1,True,True,plane,0.92,0.92,f5a16e4edc475053,9819dd09f95fc866,0f405c577f137ef8,,,
