suite,dir,tier,condition,policy,sketch_route,rollout_idx,skipped,skip_reason,n_steps,success_final,success_sustained,first_success_step,grasp_success_flag,grasped_any,lifted,grasped_instance,correct_instance_grasped,nearest_destination,correct_destination,terminal_dist_xy,sketch_referent_object,sketch_referent_destination,sketch_fidelity_object,sketch_fidelity_destination,deproject,z_pick,z_place,init_state_hash,init_warmstart_hash,final_state_hash,n_infer_calls,infer_ms_mean,pi05_sketch_mode,prompt_type
spatial,scene_0000,control,text_only,pi05,tokens,0,False,,240,True,True,74,True,True,True,akita_black_bowl_1,True,plate_1,True,0.012,,,,,plane,,,f07199b0dd672c7b,df202040cff53bcb,6de1f363aa52df08,48,156.3,none,explicit
spatial,scene_0000,control,text_only,pi05,tokens,1,False,,240,True,True,79,True,True,True,akita_black_bowl_1,True,plate_1,True,0.0025,,,,,plane,,,f07199b0dd672c7b,5dc3f3e456759f1b,eaa4bda801ed1629,48,149.7,none,explicit
spatial,scene_0000,control,text_only,pi05,tokens,2,False,,240,True,True,74,True,True,True,akita_black_bowl_1,True,plate_1,True,0.0041,,,,,plane,,,f07199b0dd672c7b,d9bdb80e28b1fb5a,cd690a98b079ca70,48,154.0,none,explicit
spatial,scene_0000,control,text_only,pi05,tokens,3,False,,240,True,True,80,True,True,True,akita_black_bowl_1,True,plate_1,True,0.0118,,,,,plane,,,f07199b0dd672c7b,99aba5a6cdc1e99f,86a4768237204067,48,153.2,none,explicit
spatial,scene_0000,control,text_only,pi05,tokens,4,False,,240,True,True,80,True,True,True,akita_black_bowl_1,True,plate_1,True,0.0059,,,,,plane,,,f07199b0dd672c7b,55b31f74ed5035fe,8a5f7471e0e6cbe8,48,160.7,none,explicit
spatial,scene_0000,control,text_only,pi05,tokens,5,False,,240,True,True,91,True,True,True,akita_black_bowl_1,True,plate_1,True,0.0077,,,,,plane,,,f07199b0dd672c7b,356d74cff2360062,d1c483e90b2c79ee,48,164.5,none,explicit
spatial,scene_0000,control,text_only,pi05,tokens,6,False,,240,True,True,77,True,True,True,akita_black_bowl_1,True,plate_1,True,0.0093,,,,,plane,,,f07199b0dd672c7b,045a9a73f627dd49,de34660ec9ff9acd,48,160.2,none,explicit
spatial,scene_0000,control,text_only,pi05,tokens,7,False,,240,True,True,78,True,True,True,akita_black_bowl_1,True,plate_1,True,0.008,,,,,plane,,,f07199b0dd672c7b,8630ab76f1b08b00,9a60f2df3dcac974,48,160.6,none,explicit
spatial,scene_0000,control,text_only,pi05,tokens,8,False,,240,True,True,82,True,True,True,akita_black_bowl_1,True,plate_1,True,0.0072,,,,,plane,,,f07199b0dd672c7b,17e734f4ab38d17a,d9dcc0655fc20708,48,158.8,none,explicit
spatial,scene_0000,control,text_only,pi05,tokens,9,False,,240,True,True,79,True,True,True,akita_black_bowl_1,True,plate_1,True,0.0033,,,,,plane,,,f07199b0dd672c7b,825ef939aeb0fd19,425a2d347380336f,48,154.3,none,explicit
spatial,scene_0000,control,text_only,pi05,tokens,10,False,,240,True,True,79,True,True,True,akita_black_bowl_1,True,plate_1,True,0.0114,,,,,plane,,,f07199b0dd672c7b,e136144ad887ad6e,3e8788a595be22f4,48,152.0,none,explicit
spatial,scene_0000,control,text_only,pi05,tokens,11,False,,240,True,True,91,True,True,True,akita_black_bowl_1,True,plate_1,True,0.013,,,,,plane,,,f07199b0dd672c7b,9a90a9f7a5af00d7,594134ccab1ad3eb,48,154.1,none,explicit
spatial,scene_0000,control,text_only,pi05,tokens,12,False,,240,True,True,78,True,True,True,akita_black_bowl_1,True,plate_1,True,0.0071,,,,,plane,,,f07199b0dd672c7b,84fb09f4733e2683,f949e0875ff33a89,48,149.7,none,explicit
spatial,scene_0000,control,text_only,pi05,tokens,13,False,,240,True,True,78,True,True,True,akita_black_bowl_1,True,plate_1,True,0.008,,,,,plane,,,f07199b0dd672c7b,27680e128878aa35,fa767205ee9cc500,48,145.7,none,explicit
spatial,scene_0001,control,text_only,pi05,tokens,0,False,,240,True,True,87,True,True,True,akita_black_bowl_1,True,plate_1,True,0.0082,,,,,plane,,,08a66c7918f503d9,15208c6776ec3405,97538bbf3047c471,48,141.6,none,explicit
spatial,scene_0001,control,text_only,pi05,tokens,1,False,,240,True,True,97,True,True,True,akita_black_bowl_1,True,plate_1,True,0.0175,,,,,plane,,,08a66c7918f503d9,7b239f46135f3ae8,d1125f020ecf0be2,48,147.2,none,explicit
spatial,scene_0001,control,text_only,pi05,tokens,2,False,,240,True,True,103,True,True,True,akita_black_bowl_1,True,plate_1,True,0.0199,,,,,plane,,,08a66c7918f503d9,607faa9ea953e47d,80ca8888da739587,48,145.6,none,explicit
spatial,scene_0001,control,text_only,pi05,tokens,3,False,,240,True,True,90,True,True,True,akita_black_bowl_1,True,plate_1,True,0.0178,,,,,plane,,,08a66c7918f503d9,687a681e32d5bb53,602e032fc8883c1d,48,145.9,none,explicit
spatial,scene_0001,control,text_only,pi05,tokens,4,False,,240,True,True,87,True,True,True,akita_black_bowl_1,True,plate_1,True,0.0142,,,,,plane,,,08a66c7918f503d9,0511d5f66bdf4d8e,7f5e41bc7f3e4260,48,153.0,none,explicit
spatial,scene_0001,control,text_only,pi05,tokens,5,False,,240,True,True,94,True,True,True,akita_black_bowl_1,True,plate_1,True,0.0024,,,,,plane,,,08a66c7918f503d9,1c9b6aae1dc8c47b,720d58db0793a860,48,143.0,none,explicit
spatial,scene_0001,control,text_only,pi05,tokens,6,False,,240,True,True,92,True,True,True,akita_black_bowl_1,True,plate_1,True,0.0085,,,,,plane,,,08a66c7918f503d9,72b9de7ee4150c8e,b5cfe136605e375e,48,172.1,none,explicit
spatial,scene_0001,control,text_only,pi05,tokens,7,False,,240,True,True,86,True,True,True,akita_black_bowl_1,True,plate_1,True,0.0099,,,,,plane,,,08a66c7918f503d9,23d4d6d07bcf75d5,c5e4d2d74d8eb73c,48,176.9,none,explicit
spatial,scene_0001,control,text_only,pi05,tokens,8,False,,240,True,True,92,True,True,True,akita_black_bowl_1,True,plate_1,True,0.003,,,,,plane,,,08a66c7918f503d9,c298d6ae84e7b26c,193d39b6fa9114cd,48,175.9,none,explicit
spatial,scene_0001,control,text_only,pi05,tokens,9,False,,240,True,True,88,True,True,True,akita_black_bowl_1,True,plate_1,True,0.0114,,,,,plane,,,08a66c7918f503d9,dd210566f925bd13,10f609461eaf9c38,48,177.4,none,explicit
spatial,scene_0001,control,text_only,pi05,tokens,10,False,,240,True,True,96,True,True,True,akita_black_bowl_1,True,plate_1,True,0.0078,,,,,plane,,,08a66c7918f503d9,6916d0ef0e78afe9,e48526febf634c75,48,151.6,none,explicit
spatial,scene_0001,control,text_only,pi05,tokens,11,False,,240,True,True,93,True,True,True,akita_black_bowl_1,True,plate_1,True,0.015,,,,,plane,,,08a66c7918f503d9,7ac9e2488f2aec4c,d68ef1a9e57ce7b5,48,149.4,none,explicit
spatial,scene_0001,control,text_only,pi05,tokens,12,False,,240,True,True,103,True,True,True,akita_black_bowl_1,True,plate_1,True,0.0079,,,,,plane,,,08a66c7918f503d9,fb5e4121d15411fe,f85ffd09d6eede13,48,146.2,none,explicit
spatial,scene_0001,control,text_only,pi05,tokens,13,False,,240,True,True,99,True,True,True,akita_black_bowl_1,True,plate_1,True,0.0055,,,,,plane,,,08a66c7918f503d9,04cd743ea9876d26,73141f1757111d6e,48,150.7,none,explicit
spatial,scene_0002,control,text_only,pi05,tokens,0,False,,240,False,False,,True,True,True,glazed_rim_porcelain_ramekin_1,False,plate_1,True,0.0514,,,,,plane,,,92c3ce3e58d6fcd4,6e5381b5ead27415,66f03cdf5033f719,48,169.1,none,explicit
spatial,scene_0002,control,text_only,pi05,tokens,1,False,,240,True,True,163,True,True,True,glazed_rim_porcelain_ramekin_1,False,plate_1,True,0.0761,,,,,plane,,,92c3ce3e58d6fcd4,6fa17961e97bfcc0,bfa7d7dff57faa25,48,167.2,none,explicit
spatial,scene_0002,control,text_only,pi05,tokens,2,False,,240,False,False,,True,True,True,akita_black_bowl_2,False,plate_1,True,0.0078,,,,,plane,,,92c3ce3e58d6fcd4,f68c1ba4b790afd8,57eb569b9a52d7d8,48,184.6,none,explicit
spatial,scene_0002,control,text_only,pi05,tokens,3,False,,240,False,False,,True,True,True,akita_black_bowl_1,True,plate_1,True,0.0437,,,,,plane,,,92c3ce3e58d6fcd4,252b981888da57f6,c9d7869d5344cb7b,48,170.0,none,explicit
spatial,scene_0002,control,text_only,pi05,tokens,4,False,,240,False,False,,True,True,True,cookies_1,False,plate_1,True,0.0076,,,,,plane,,,92c3ce3e58d6fcd4,aa0ee383722232e3,bc27011655aa46fc,48,159.4,none,explicit
spatial,scene_0002,control,text_only,pi05,tokens,5,False,,240,True,True,185,True,True,True,akita_black_bowl_1,True,plate_1,True,0.0187,,,,,plane,,,92c3ce3e58d6fcd4,528e81d509e7ec47,695ae0e53e9ec877,48,147.0,none,explicit
spatial,scene_0002,control,text_only,pi05,tokens,6,False,,240,True,True,171,True,True,True,glazed_rim_porcelain_ramekin_1,False,plate_1,True,0.0671,,,,,plane,,,92c3ce3e58d6fcd4,3b0d6bd863c0802f,7760a9816f1675fc,48,149.3,none,explicit
spatial,scene_0002,control,text_only,pi05,tokens,7,False,,240,False,False,,True,True,True,cookies_1,False,plate_1,True,0.0157,,,,,plane,,,92c3ce3e58d6fcd4,fdaee19dc5c00f9f,7c3c4eca9b17decf,48,138.4,none,explicit
spatial,scene_0002,control,text_only,pi05,tokens,8,False,,240,True,True,170,True,True,True,glazed_rim_porcelain_ramekin_1,False,plate_1,True,0.0777,,,,,plane,,,92c3ce3e58d6fcd4,c14f07e3cfedbdcb,b893af066b84977d,48,140.1,none,explicit
spatial,scene_0002,control,text_only,pi05,tokens,9,False,,240,True,True,228,True,True,True,akita_black_bowl_1,True,plate_1,True,0.0087,,,,,plane,,,92c3ce3e58d6fcd4,8d53ce7a1d81aeed,e5934cc2c4df0ba4,48,141.3,none,explicit
spatial,scene_0002,control,text_only,pi05,tokens,10,False,,240,False,True,172,True,True,True,glazed_rim_porcelain_ramekin_1,False,plate_1,True,0.0768,,,,,plane,,,92c3ce3e58d6fcd4,80ff601c019185b2,4014bd9de35b815f,48,145.2,none,explicit
spatial,scene_0002,control,text_only,pi05,tokens,11,False,,240,False,False,,True,True,True,akita_black_bowl_2,False,plate_1,True,0.0096,,,,,plane,,,92c3ce3e58d6fcd4,82a7322572bf7989,d378edcb15b24bba,48,148.2,none,explicit
spatial,scene_0002,control,text_only,pi05,tokens,12,False,,240,False,False,,True,True,True,cookies_1,False,plate_1,True,0.0047,,,,,plane,,,92c3ce3e58d6fcd4,6867e2debb39447f,a8a6b740139f37e2,48,153.8,none,explicit
spatial,scene_0002,control,text_only,pi05,tokens,13,False,,240,False,False,,True,True,True,glazed_rim_porcelain_ramekin_1,False,,False,0.2096,,,,,plane,,,92c3ce3e58d6fcd4,321f33645e81404c,5f66c186a853caf0,48,147.5,none,explicit
spatial,scene_0003,control,text_only,pi05,tokens,0,False,,240,True,True,98,True,True,True,akita_black_bowl_1,True,plate_1,True,0.0137,,,,,plane,,,3266883a85de4ab2,293d9df83668105c,71e478932d7a0b88,48,150.8,none,explicit
spatial,scene_0003,control,text_only,pi05,tokens,1,False,,240,True,True,107,True,True,True,akita_black_bowl_1,True,plate_1,True,0.0156,,,,,plane,,,3266883a85de4ab2,cb7133c7dc743f5d,1d351d9fe3dbdfef,48,150.7,none,explicit
spatial,scene_0003,control,text_only,pi05,tokens,2,False,,240,True,True,98,True,True,True,akita_black_bowl_1,True,plate_1,True,0.0281,,,,,plane,,,3266883a85de4ab2,039b77066ac4306a,2fbfb598b7e907a4,48,148.0,none,explicit
spatial,scene_0003,control,text_only,pi05,tokens,3,False,,240,True,True,95,True,True,True,akita_black_bowl_1,True,plate_1,True,0.0151,,,,,plane,,,3266883a85de4ab2,125ed33b78b0bd63,bc7da96b6b76cd8d,48,149.5,none,explicit
spatial,scene_0003,control,text_only,pi05,tokens,4,False,,240,True,True,99,True,True,True,akita_black_bowl_1,True,plate_1,True,0.0127,,,,,plane,,,3266883a85de4ab2,c7820c78d517735a,afe2334afaf9aa91,48,200.9,none,explicit
spatial,scene_0003,control,text_only,pi05,tokens,5,False,,240,True,True,112,True,True,True,akita_black_bowl_1,True,plate_1,True,0.0097,,,,,plane,,,3266883a85de4ab2,b2f8ac680bb57838,c75f9567b90d6786,48,162.2,none,explicit
spatial,scene_0003,control,text_only,pi05,tokens,6,False,,240,True,True,100,True,True,True,akita_black_bowl_1,True,plate_1,True,0.0122,,,,,plane,,,3266883a85de4ab2,6b73ea3dbce58207,60446e24cf698df3,48,146.4,none,explicit
spatial,scene_0003,control,text_only,pi05,tokens,7,False,,240,True,True,106,True,True,True,akita_black_bowl_1,True,plate_1,True,0.0158,,,,,plane,,,3266883a85de4ab2,22d114a8ebeee426,2d34821a8777afae,48,158.3,none,explicit
spatial,scene_0003,control,text_only,pi05,tokens,8,False,,240,True,True,104,True,True,True,akita_black_bowl_1,True,plate_1,True,0.0184,,,,,plane,,,3266883a85de4ab2,6edbf99b1ec996fa,370f8b659c64fecb,48,157.1,none,explicit
spatial,scene_0003,control,text_only,pi05,tokens,9,False,,240,True,True,95,True,True,True,akita_black_bowl_1,True,plate_1,True,0.0153,,,,,plane,,,3266883a85de4ab2,8a4a2b0fb01b3180,8010b592b84fbb86,48,168.0,none,explicit
spatial,scene_0003,control,text_only,pi05,tokens,10,False,,240,True,True,102,True,True,True,akita_black_bowl_1,True,plate_1,True,0.0134,,,,,plane,,,3266883a85de4ab2,b6fd92e70dba99e1,5f75aa5c757d3282,48,152.1,none,explicit
spatial,scene_0003,control,text_only,pi05,tokens,11,False,,240,True,True,101,True,True,True,akita_black_bowl_1,True,plate_1,True,0.0125,,,,,plane,,,3266883a85de4ab2,d16122802bc35912,eab0c99c322d852b,48,151.4,none,explicit
spatial,scene_0003,control,text_only,pi05,tokens,12,False,,240,True,True,102,True,True,True,akita_black_bowl_1,True,plate_1,True,0.0138,,,,,plane,,,3266883a85de4ab2,211c997ccd683b4d,0326509e9ed450aa,48,149.2,none,explicit
spatial,scene_0003,control,text_only,pi05,tokens,13,False,,240,True,True,102,True,True,True,akita_black_bowl_1,True,plate_1,True,0.0102,,,,,plane,,,3266883a85de4ab2,16e1df03f37ecfc9,ae890412b5f665a9,48,172.4,none,explicit
spatial,scene_0004,referential,text_only,pi05,tokens,0,False,,240,True,True,81,True,True,True,akita_black_bowl_1,True,plate_1,True,0.0075,,,,,plane,,,ae82ae1fd0a4a35a,a8dbb33ea9a30766,3d4bcfa5c25beba3,48,191.3,none,explicit
spatial,scene_0004,referential,text_only,pi05,tokens,1,False,,240,True,True,76,True,True,True,akita_black_bowl_1,True,plate_1,True,0.0068,,,,,plane,,,ae82ae1fd0a4a35a,cdb37b0626e62d34,81cf8067fbc44514,48,188.7,none,explicit
spatial,scene_0004,referential,text_only,pi05,tokens,2,False,,240,True,True,74,True,True,True,akita_black_bowl_1,True,plate_1,True,0.0063,,,,,plane,,,ae82ae1fd0a4a35a,faecc7fac036c06a,5c1e7df4538a211b,48,192.0,none,explicit
spatial,scene_0004,referential,text_only,pi05,tokens,3,False,,240,True,True,82,True,True,True,akita_black_bowl_1,True,plate_1,True,0.011,,,,,plane,,,ae82ae1fd0a4a35a,71bcb97db2ae1534,de56d61988f7b5d9,48,184.6,none,explicit
spatial,scene_0004,referential,text_only,pi05,tokens,4,False,,240,True,True,82,True,True,True,akita_black_bowl_1,True,plate_1,True,0.0135,,,,,plane,,,ae82ae1fd0a4a35a,1129275faf549a6e,f53292ecbc93c615,48,195.1,none,explicit
spatial,scene_0004,referential,text_only,pi05,tokens,5,False,,240,True,True,79,True,True,True,akita_black_bowl_1,True,plate_1,True,0.0118,,,,,plane,,,ae82ae1fd0a4a35a,388b26023c75a062,afac966199fdf4f1,48,185.8,none,explicit
spatial,scene_0004,referential,text_only,pi05,tokens,6,False,,240,True,True,89,True,True,True,akita_black_bowl_1,True,plate_1,True,0.0099,,,,,plane,,,ae82ae1fd0a4a35a,306f40c95c227259,af43447d83325a56,48,187.2,none,explicit
spatial,scene_0004,referential,text_only,pi05,tokens,7,False,,240,True,True,85,True,True,True,akita_black_bowl_1,True,plate_1,True,0.0054,,,,,plane,,,ae82ae1fd0a4a35a,49bbd745ffa82316,4f9be8c9035904f5,48,184.9,none,explicit
spatial,scene_0004,referential,text_only,pi05,tokens,8,False,,240,True,True,81,True,True,True,akita_black_bowl_1,True,plate_1,True,0.0089,,,,,plane,,,ae82ae1fd0a4a35a,0fc659d8c7f741ba,ee1b56deaa50bce7,48,163.4,none,explicit
spatial,scene_0004,referential,text_only,pi05,tokens,9,False,,240,True,True,78,True,True,True,akita_black_bowl_1,True,plate_1,True,0.003,,,,,plane,,,ae82ae1fd0a4a35a,11497b98ea8a3a20,cae06b6f51fa8aee,48,163.3,none,explicit
spatial,scene_0004,referential,text_only,pi05,tokens,10,False,,240,True,True,85,True,True,True,akita_black_bowl_1,True,plate_1,True,0.0044,,,,,plane,,,ae82ae1fd0a4a35a,b3d8ce58b115fb31,c1d619fcc05aff36,48,162.1,none,explicit
spatial,scene_0004,referential,text_only,pi05,tokens,11,False,,240,True,True,88,True,True,True,akita_black_bowl_1,True,plate_1,True,0.0065,,,,,plane,,,ae82ae1fd0a4a35a,f3a9918a20c52834,1f9bf61213c089b8,48,165.4,none,explicit
spatial,scene_0004,referential,text_only,pi05,tokens,12,False,,240,True,True,79,True,True,True,akita_black_bowl_1,True,plate_1,True,0.0056,,,,,plane,,,ae82ae1fd0a4a35a,78b022b07d669922,1d2aba0323657914,48,148.3,none,explicit
spatial,scene_0004,referential,text_only,pi05,tokens,13,False,,240,True,True,83,True,True,True,akita_black_bowl_1,True,plate_1,True,0.0071,,,,,plane,,,ae82ae1fd0a4a35a,3b2781f2579c239f,e2dfe489a2b7fc7e,48,139.6,none,explicit
spatial,scene_0005,referential,text_only,pi05,tokens,0,False,,240,False,True,85,True,True,True,akita_black_bowl_1,True,plate_1,True,0.0428,,,,,plane,,,6caf6cebff970c05,259feafda87a6e70,120101c99a9bfe9d,48,148.2,none,explicit
spatial,scene_0005,referential,text_only,pi05,tokens,1,False,,240,True,True,85,True,True,True,akita_black_bowl_1,True,plate_1,True,0.0084,,,,,plane,,,6caf6cebff970c05,da4c39d1a404f6a2,0766932b03212fe3,48,145.2,none,explicit
spatial,scene_0005,referential,text_only,pi05,tokens,2,False,,240,True,True,116,True,True,True,akita_black_bowl_1,True,plate_1,True,0.0109,,,,,plane,,,6caf6cebff970c05,f38f3c6e66e62baf,61a5435f6d4d1465,48,149.7,none,explicit
spatial,scene_0005,referential,text_only,pi05,tokens,3,False,,240,True,True,86,True,True,True,akita_black_bowl_1,True,plate_1,True,0.0156,,,,,plane,,,6caf6cebff970c05,d77133aea39f2a53,10e7371bddbd46ff,48,144.9,none,explicit
spatial,scene_0005,referential,text_only,pi05,tokens,4,False,,240,True,True,87,True,True,True,akita_black_bowl_1,True,plate_1,True,0.0237,,,,,plane,,,6caf6cebff970c05,d052a6227e3975e5,c5586c8a2cf30bc1,48,142.6,none,explicit
spatial,scene_0005,referential,text_only,pi05,tokens,5,False,,240,True,True,91,True,True,True,akita_black_bowl_1,True,plate_1,True,0.0198,,,,,plane,,,6caf6cebff970c05,c69b741626922764,0d0f00e944b8410f,48,144.6,none,explicit
spatial,scene_0005,referential,text_only,pi05,tokens,6,False,,240,True,True,124,True,True,True,akita_black_bowl_1,True,plate_1,True,0.0072,,,,,plane,,,6caf6cebff970c05,31d66a21f350625b,00e31fa23a801a0e,48,145.7,none,explicit
spatial,scene_0005,referential,text_only,pi05,tokens,7,False,,240,False,False,,True,True,True,akita_black_bowl_1,True,,False,0.1388,,,,,plane,,,6caf6cebff970c05,48238573d9c76061,09dcb1c03a95bd9c,48,149.5,none,explicit
spatial,scene_0005,referential,text_only,pi05,tokens,8,False,,240,False,False,121,True,True,True,akita_black_bowl_1,True,,False,0.1778,,,,,plane,,,6caf6cebff970c05,4296679d1a1d121c,1ec2faf7257575bd,48,150.5,none,explicit
spatial,scene_0005,referential,text_only,pi05,tokens,9,False,,240,True,True,87,True,True,True,akita_black_bowl_1,True,plate_1,True,0.0038,,,,,plane,,,6caf6cebff970c05,5e2f35d7518070b8,89bf4e08b9059cac,48,152.9,none,explicit
spatial,scene_0005,referential,text_only,pi05,tokens,10,False,,240,True,True,91,True,True,True,akita_black_bowl_1,True,plate_1,True,0.0118,,,,,plane,,,6caf6cebff970c05,3ff65c60dd1c5733,1b7c1493dfd537ca,48,148.3,none,explicit
spatial,scene_0005,referential,text_only,pi05,tokens,11,False,,240,False,True,84,True,True,True,akita_black_bowl_1,True,plate_1,True,0.0787,,,,,plane,,,6caf6cebff970c05,2340a77107199efc,20597433c484c783,48,163.3,none,explicit
spatial,scene_0005,referential,text_only,pi05,tokens,12,False,,240,True,True,83,True,True,True,akita_black_bowl_1,True,plate_1,True,0.0191,,,,,plane,,,6caf6cebff970c05,e6f8f2e535630e22,7df906d2669c69e1,48,162.9,none,explicit
spatial,scene_0005,referential,text_only,pi05,tokens,13,False,,240,True,True,95,True,True,True,akita_black_bowl_1,True,plate_1,True,0.0149,,,,,plane,,,6caf6cebff970c05,47ae18b094ac032e,75835bc1e21ec8c7,48,159.6,none,explicit
spatial,scene_0006,referential,text_only,pi05,tokens,0,False,,240,False,False,,True,True,True,akita_black_bowl_2,False,plate_1,True,0.0118,,,,,plane,,,142d7f6c44738d65,7f5090e3d52833b8,805e671d0aa883df,48,153.8,none,explicit
spatial,scene_0006,referential,text_only,pi05,tokens,1,False,,240,False,False,,True,True,True,akita_black_bowl_2,False,plate_1,True,0.0123,,,,,plane,,,142d7f6c44738d65,bb7b3d1dfd8a58e0,373790159af5e08c,48,149.9,none,explicit
spatial,scene_0006,referential,text_only,pi05,tokens,2,False,,240,False,False,,True,True,True,akita_black_bowl_2,False,plate_1,True,0.0102,,,,,plane,,,142d7f6c44738d65,fd33b22b2d28fd45,0b7a0c6f3c7784f2,48,152.2,none,explicit
spatial,scene_0006,referential,text_only,pi05,tokens,3,False,,240,False,False,,True,True,True,akita_black_bowl_2,False,plate_1,True,0.0111,,,,,plane,,,142d7f6c44738d65,14b3894e027cf77d,11c5b0f1f14275a4,48,151.4,none,explicit
spatial,scene_0006,referential,text_only,pi05,tokens,4,False,,240,False,False,,True,True,True,akita_black_bowl_2,False,plate_1,True,0.0115,,,,,plane,,,142d7f6c44738d65,7d416b7bcc7bb208,442334d59d018720,48,149.8,none,explicit
spatial,scene_0006,referential,text_only,pi05,tokens,5,False,,240,False,False,,True,True,True,akita_black_bowl_2,False,plate_1,True,0.0113,,,,,plane,,,142d7f6c44738d65,62767f1544a4a682,93d0cc0e9e6f648a,48,152.8,none,explicit
spatial,scene_0006,referential,text_only,pi05,tokens,6,False,,240,False,False,,True,True,True,akita_black_bowl_2,False,plate_1,True,0.0129,,,,,plane,,,142d7f6c44738d65,b3c2bc41f2582e77,e45748dc869f715f,48,155.4,none,explicit
spatial,scene_0006,referential,text_only,pi05,tokens,7,False,,240,False,False,,True,True,True,akita_black_bowl_2,False,plate_1,True,0.0119,,,,,plane,,,142d7f6c44738d65,8f98579f4a7ab0f9,f7e4429e4594e562,48,143.6,none,explicit
spatial,scene_0006,referential,text_only,pi05,tokens,8,False,,240,False,False,,True,True,True,akita_black_bowl_2,False,plate_1,True,0.0126,,,,,plane,,,142d7f6c44738d65,8a34784c52080c08,18f6eca899902d26,48,146.4,none,explicit
spatial,scene_0006,referential,text_only,pi05,tokens,9,False,,240,False,False,,True,True,True,akita_black_bowl_2,False,plate_1,True,0.0123,,,,,plane,,,142d7f6c44738d65,768fab632501aeec,ca06c587accb8959,48,149.0,none,explicit
spatial,scene_0006,referential,text_only,pi05,tokens,10,False,,240,False,False,,True,True,True,akita_black_bowl_2,False,plate_1,True,0.0127,,,,,plane,,,142d7f6c44738d65,1058e2e7f09f4e68,d684dfaadcd561df,48,156.1,none,explicit
spatial,scene_0006,referential,text_only,pi05,tokens,11,False,,240,False,False,,True,True,True,akita_black_bowl_2,False,plate_1,True,0.0122,,,,,plane,,,142d7f6c44738d65,b75ce5579370959c,eb7cbd156dd6303c,48,148.1,none,explicit
spatial,scene_0006,referential,text_only,pi05,tokens,12,False,,240,False,False,,True,True,True,akita_black_bowl_2,False,plate_1,True,0.01,,,,,plane,,,142d7f6c44738d65,228262683df128eb,1e7d8c6b1d02e93d,48,152.7,none,explicit
spatial,scene_0006,referential,text_only,pi05,tokens,13,False,,240,False,False,,True,True,True,akita_black_bowl_2,False,plate_1,True,0.0068,,,,,plane,,,142d7f6c44738d65,8a125fbb7963aa28,58a5d85c4e99c6be,48,153.0,none,explicit
spatial,scene_0007,referential,text_only,pi05,tokens,0,False,,240,False,False,,True,True,True,akita_black_bowl_4,False,plate_1,True,0.0156,,,,,plane,,,39e2b6db965f7d61,a547fd22c8a30fb5,d66ec7cedaa4e012,48,152.2,none,explicit
spatial,scene_0007,referential,text_only,pi05,tokens,1,False,,240,False,False,,True,True,True,akita_black_bowl_4,False,plate_1,True,0.0094,,,,,plane,,,39e2b6db965f7d61,b7d9952105003b79,61ad388597199793,48,154.9,none,explicit
spatial,scene_0007,referential,text_only,pi05,tokens,2,False,,240,False,False,,True,True,True,akita_black_bowl_4,False,plate_1,True,0.0051,,,,,plane,,,39e2b6db965f7d61,50fd1f90e819c1fa,17c1a15529d55273,48,146.8,none,explicit
spatial,scene_0007,referential,text_only,pi05,tokens,3,False,,240,False,False,,True,True,True,akita_black_bowl_4,False,plate_1,True,0.0693,,,,,plane,,,39e2b6db965f7d61,89ec4dc839b1140d,e6ed2ce87f82c4ee,48,150.5,none,explicit
spatial,scene_0007,referential,text_only,pi05,tokens,4,False,,240,False,False,,True,True,True,akita_black_bowl_4,False,plate_1,True,0.0157,,,,,plane,,,39e2b6db965f7d61,ab6219e322171a32,864a4c650a58869b,48,148.3,none,explicit
spatial,scene_0007,referential,text_only,pi05,tokens,5,False,,240,False,False,,True,True,True,akita_black_bowl_4,False,,False,0.1891,,,,,plane,,,39e2b6db965f7d61,ff7ad913aecae5e9,d2a968d7aedce17d,48,164.9,none,explicit
spatial,scene_0007,referential,text_only,pi05,tokens,6,False,,240,False,False,,True,True,True,akita_black_bowl_4,False,plate_1,True,0.0199,,,,,plane,,,39e2b6db965f7d61,8f07a546db35f904,d45e39d949d3b7e7,48,168.1,none,explicit
spatial,scene_0007,referential,text_only,pi05,tokens,7,False,,240,False,False,,True,True,True,akita_black_bowl_4,False,plate_1,True,0.0229,,,,,plane,,,39e2b6db965f7d61,82297ae31038d021,c0af43dd2dc47900,48,164.8,none,explicit
spatial,scene_0007,referential,text_only,pi05,tokens,8,False,,240,False,False,,True,True,True,akita_black_bowl_4,False,plate_1,True,0.0105,,,,,plane,,,39e2b6db965f7d61,2ba2b211159b6369,3c91ba8a0bc1e806,48,154.6,none,explicit
spatial,scene_0007,referential,text_only,pi05,tokens,9,False,,240,False,False,,True,True,True,akita_black_bowl_4,False,plate_1,True,0.0027,,,,,plane,,,39e2b6db965f7d61,a080f95656bfb56a,8d052195c1bf5c7f,48,155.8,none,explicit
spatial,scene_0007,referential,text_only,pi05,tokens,10,False,,240,False,False,,True,True,True,akita_black_bowl_4,False,plate_1,True,0.0066,,,,,plane,,,39e2b6db965f7d61,aaa0187e952216bd,2b25e59d43ea5661,48,156.2,none,explicit
spatial,scene_0007,referential,text_only,pi05,tokens,11,False,,240,False,False,,True,True,True,akita_black_bowl_4,False,plate_1,True,0.0183,,,,,plane,,,39e2b6db965f7d61,d6afeede112d6253,1feaf417c94e3e72,48,158.8,none,explicit
spatial,scene_0007,referential,text_only,pi05,tokens,12,False,,240,False,False,,True,True,True,akita_black_bowl_4,False,plate_1,True,0.0128,,,,,plane,,,39e2b6db965f7d61,0e7140ec69a47f03,d886ec97b604effd,48,153.7,none,explicit
spatial,scene_0007,referential,text_only,pi05,tokens,13,False,,240,False,False,,True,True,True,akita_black_bowl_4,False,plate_1,True,0.015,,,,,plane,,,39e2b6db965f7d61,39e7eb6f7bfcafd1,a480c989c2df8c12,48,152.3,none,explicit
spatial,scene_0008,referential,text_only,pi05,tokens,0,False,,240,True,True,83,True,True,True,akita_black_bowl_1,True,plate_1,True,0.0072,,,,,plane,,,90b15abb710803a8,67e5d1acfc056e36,c6262270ca39759e,48,155.8,none,explicit
spatial,scene_0008,referential,text_only,pi05,tokens,1,False,,240,True,True,79,True,True,True,akita_black_bowl_1,True,plate_1,True,0.0124,,,,,plane,,,90b15abb710803a8,1b158e3db96fed6c,f476c2cc54034706,48,153.8,none,explicit
spatial,scene_0008,referential,text_only,pi05,tokens,2,False,,240,True,True,85,True,True,True,akita_black_bowl_1,True,plate_1,True,0.0071,,,,,plane,,,90b15abb710803a8,91427217cf2b4ffc,0187376d3c786055,48,149.6,none,explicit
spatial,scene_0008,referential,text_only,pi05,tokens,3,False,,240,True,True,86,True,True,True,akita_black_bowl_1,True,plate_1,True,0.0072,,,,,plane,,,90b15abb710803a8,a9a0a463ee8b7f2c,930eccd3573b5511,48,158.5,none,explicit
spatial,scene_0008,referential,text_only,pi05,tokens,4,False,,240,True,True,82,True,True,True,akita_black_bowl_1,True,plate_1,True,0.0098,,,,,plane,,,90b15abb710803a8,8bf1a1c7abebce73,0b3e271c80eee1e0,48,159.2,none,explicit
spatial,scene_0008,referential,text_only,pi05,tokens,5,False,,240,True,True,82,True,True,True,akita_black_bowl_1,True,plate_1,True,0.0093,,,,,plane,,,90b15abb710803a8,f5cf5f10e7bd501d,cab199fa2da3ffbe,48,166.1,none,explicit
spatial,scene_0008,referential,text_only,pi05,tokens,6,False,,240,True,True,81,True,True,True,akita_black_bowl_1,True,plate_1,True,0.0129,,,,,plane,,,90b15abb710803a8,32deb47a959fb6fd,8a2b22b07df9a709,48,156.4,none,explicit
spatial,scene_0008,referential,text_only,pi05,tokens,7,False,,240,True,True,85,True,True,True,akita_black_bowl_1,True,plate_1,True,0.0081,,,,,plane,,,90b15abb710803a8,fe74e583947eda4c,72fcd65db846cbad,48,160.1,none,explicit
spatial,scene_0008,referential,text_only,pi05,tokens,8,False,,240,True,True,88,True,True,True,akita_black_bowl_1,True,plate_1,True,0.0119,,,,,plane,,,90b15abb710803a8,a2b5c264465c882f,682ce37ca6958466,48,160.7,none,explicit
spatial,scene_0008,referential,text_only,pi05,tokens,9,False,,240,True,True,83,True,True,True,akita_black_bowl_1,True,plate_1,True,0.0112,,,,,plane,,,90b15abb710803a8,ec9c0be86c54f4d0,9d36993a98f0849f,48,180.5,none,explicit
spatial,scene_0008,referential,text_only,pi05,tokens,10,False,,240,True,True,80,True,True,True,akita_black_bowl_1,True,plate_1,True,0.0103,,,,,plane,,,90b15abb710803a8,18b504a9c83d68e1,981662387db9fc0a,48,163.4,none,explicit
spatial,scene_0008,referential,text_only,pi05,tokens,11,False,,240,True,True,80,True,True,True,akita_black_bowl_1,True,plate_1,True,0.0057,,,,,plane,,,90b15abb710803a8,d851163324d0f916,168ec8622e28bfb0,48,156.2,none,explicit
spatial,scene_0008,referential,text_only,pi05,tokens,12,False,,240,True,True,84,True,True,True,akita_black_bowl_1,True,plate_1,True,0.011,,,,,plane,,,90b15abb710803a8,01558bea3b316d2c,53be871890f6faf7,48,161.1,none,explicit
spatial,scene_0008,referential,text_only,pi05,tokens,13,False,,240,True,True,84,True,True,True,akita_black_bowl_1,True,plate_1,True,0.0073,,,,,plane,,,90b15abb710803a8,fc06f165f7c0fd15,061f6cb66c0d5e6f,48,156.2,none,explicit
spatial,scene_0009,referential,text_only,pi05,tokens,0,False,,240,True,True,89,True,True,True,akita_black_bowl_1,True,plate_1,True,0.0117,,,,,plane,,,0ac7382ee6da0a67,cac9f61362f7734e,88624bcdb0a31d12,48,163.4,none,explicit
spatial,scene_0009,referential,text_only,pi05,tokens,1,False,,240,True,True,87,True,True,True,akita_black_bowl_1,True,plate_1,True,0.0346,,,,,plane,,,0ac7382ee6da0a67,da91a11257ecdb65,087c0e644d6fb277,48,164.4,none,explicit
spatial,scene_0009,referential,text_only,pi05,tokens,2,False,,240,True,True,85,True,True,True,akita_black_bowl_1,True,plate_1,True,0.0143,,,,,plane,,,0ac7382ee6da0a67,7c6e75d56f1bb174,c52806e8691e53d1,48,165.0,none,explicit
spatial,scene_0009,referential,text_only,pi05,tokens,3,False,,240,False,True,87,True,True,True,akita_black_bowl_1,True,plate_1,True,0.0054,,,,,plane,,,0ac7382ee6da0a67,7b51baf5e4307e15,7e09f8bf70c038a3,48,160.4,none,explicit
spatial,scene_0009,referential,text_only,pi05,tokens,4,False,,240,False,True,91,True,True,True,akita_black_bowl_1,True,plate_1,True,0.0313,,,,,plane,,,0ac7382ee6da0a67,90b5c4fce212bd21,bef21cccf9364256,48,162.9,none,explicit
spatial,scene_0009,referential,text_only,pi05,tokens,5,False,,240,True,True,83,True,True,True,akita_black_bowl_1,True,plate_1,True,0.0238,,,,,plane,,,0ac7382ee6da0a67,41b3d3456bc681d0,ce9e3fd4fd7d7b2a,48,153.2,none,explicit
spatial,scene_0009,referential,text_only,pi05,tokens,6,False,,240,True,True,89,True,True,True,akita_black_bowl_1,True,plate_1,True,0.0033,,,,,plane,,,0ac7382ee6da0a67,d1dd452169a248b0,521630dba3a81996,48,163.0,none,explicit
spatial,scene_0009,referential,text_only,pi05,tokens,7,False,,240,True,True,87,True,True,True,akita_black_bowl_1,True,plate_1,True,0.0139,,,,,plane,,,0ac7382ee6da0a67,082b6e903a68fdd1,2994b7af2d06d63c,48,159.4,none,explicit
spatial,scene_0009,referential,text_only,pi05,tokens,8,False,,240,True,True,86,True,True,True,akita_black_bowl_1,True,plate_1,True,0.0154,,,,,plane,,,0ac7382ee6da0a67,7c19f9d721bd2341,f2771fcd9473c4a8,48,160.8,none,explicit
spatial,scene_0009,referential,text_only,pi05,tokens,9,False,,240,True,True,92,True,True,True,akita_black_bowl_1,True,plate_1,True,0.0086,,,,,plane,,,0ac7382ee6da0a67,d68493a3b014617c,48b8a11f3a19dc39,48,153.4,none,explicit
spatial,scene_0009,referential,text_only,pi05,tokens,10,False,,240,True,True,86,True,True,True,akita_black_bowl_1,True,plate_1,True,0.0077,,,,,plane,,,0ac7382ee6da0a67,891fb8c9d5289675,d835c7180bb02130,48,153.9,none,explicit
spatial,scene_0009,referential,text_only,pi05,tokens,11,False,,240,True,True,87,True,True,True,akita_black_bowl_1,True,plate_1,True,0.0108,,,,,plane,,,0ac7382ee6da0a67,7ccf90c7709a1e41,7dab703bc2039a55,48,148.1,none,explicit
spatial,scene_0009,referential,text_only,pi05,tokens,12,False,,240,True,True,88,True,True,True,akita_black_bowl_1,True,plate_1,True,0.0151,,,,,plane,,,0ac7382ee6da0a67,fb0f49995620429b,56ec57b6333d26c8,48,153.5,none,explicit
spatial,scene_0009,referential,text_only,pi05,tokens,13,False,,240,True,True,95,True,True,True,akita_black_bowl_1,True,plate_1,True,0.0016,,,,,plane,,,0ac7382ee6da0a67,ba388c811905811b,471846dc871acd99,48,150.0,none,explicit
spatial,scene_0010,referential,text_only,pi05,tokens,0,False,,240,False,False,,True,True,True,akita_black_bowl_3,False,plate_1,True,0.0045,,,,,plane,,,722dbd0dd5d0a92a,b05b60ff9b0d4f46,1ec767b9cafcc6c6,48,146.7,none,explicit
spatial,scene_0010,referential,text_only,pi05,tokens,1,False,,240,False,False,,True,True,True,akita_black_bowl_3,False,plate_1,True,0.0032,,,,,plane,,,722dbd0dd5d0a92a,76dc880f24467878,6b835684d8785a6b,48,150.8,none,explicit
spatial,scene_0010,referential,text_only,pi05,tokens,2,False,,240,False,False,,True,True,True,akita_black_bowl_3,False,plate_1,True,0.0099,,,,,plane,,,722dbd0dd5d0a92a,8bf888844cc78f5f,45bf426c562afa66,48,148.4,none,explicit
spatial,scene_0010,referential,text_only,pi05,tokens,3,False,,240,False,False,,True,True,True,akita_black_bowl_3,False,plate_1,True,0.0131,,,,,plane,,,722dbd0dd5d0a92a,f4489c731a8867b6,22a5fcc41a309ebe,48,151.2,none,explicit
spatial,scene_0010,referential,text_only,pi05,tokens,4,False,,240,False,False,,True,True,True,akita_black_bowl_3,False,plate_1,True,0.007,,,,,plane,,,722dbd0dd5d0a92a,9e35c8fba41ee931,9a8bd870bf4f4f5a,48,151.7,none,explicit
spatial,scene_0010,referential,text_only,pi05,tokens,5,False,,240,False,False,,True,True,True,akita_black_bowl_3,False,plate_1,True,0.0069,,,,,plane,,,722dbd0dd5d0a92a,62c004b8291e2168,f0a3da7b07baca43,48,153.6,none,explicit
spatial,scene_0010,referential,text_only,pi05,tokens,6,False,,240,False,False,,True,True,True,akita_black_bowl_3,False,plate_1,True,0.0095,,,,,plane,,,722dbd0dd5d0a92a,d865bd27183c7ac7,729e4be875a3260c,48,149.8,none,explicit
spatial,scene_0010,referential,text_only,pi05,tokens,7,False,,240,False,False,,True,True,True,akita_black_bowl_3,False,plate_1,True,0.017,,,,,plane,,,722dbd0dd5d0a92a,9d2241ad7ca5de08,082a6478d671a0dc,48,159.9,none,explicit
spatial,scene_0010,referential,text_only,pi05,tokens,8,False,,240,False,False,,True,True,True,akita_black_bowl_3,False,plate_1,True,0.0172,,,,,plane,,,722dbd0dd5d0a92a,f7f6b3d1b08e306e,7125a34ec13a748a,48,150.8,none,explicit
spatial,scene_0010,referential,text_only,pi05,tokens,9,False,,240,False,False,,True,True,True,akita_black_bowl_3,False,plate_1,True,0.0066,,,,,plane,,,722dbd0dd5d0a92a,52a1f14d1947d9c8,89b473e947b81870,48,162.3,none,explicit
spatial,scene_0010,referential,text_only,pi05,tokens,10,False,,240,False,False,,True,True,True,akita_black_bowl_3,False,plate_1,True,0.0095,,,,,plane,,,722dbd0dd5d0a92a,388be5ec2f9864cb,fed7b37459b9bfe1,48,156.5,none,explicit
spatial,scene_0010,referential,text_only,pi05,tokens,11,False,,240,False,False,,True,True,True,akita_black_bowl_3,False,plate_1,True,0.0084,,,,,plane,,,722dbd0dd5d0a92a,a1a3a745f05e18b7,408fdbd8b640176f,48,153.4,none,explicit
spatial,scene_0010,referential,text_only,pi05,tokens,12,False,,240,False,False,,True,True,True,akita_black_bowl_3,False,plate_1,True,0.0088,,,,,plane,,,722dbd0dd5d0a92a,3c9089494c8080d2,1c72be86d7ef3f3c,48,153.1,none,explicit
spatial,scene_0010,referential,text_only,pi05,tokens,13,False,,240,False,False,,True,True,True,akita_black_bowl_3,False,plate_1,True,0.0102,,,,,plane,,,722dbd0dd5d0a92a,a87ce726fb2c4671,ffc5eb919b873b5d,48,149.7,none,explicit
spatial,scene_0011,referential,text_only,pi05,tokens,0,False,,240,False,False,,True,True,True,akita_black_bowl_4,False,plate_1,True,0.013,,,,,plane,,,0732edc788d5a360,e15728bd4954f9ce,239434a8972184bf,48,153.9,none,explicit
spatial,scene_0011,referential,text_only,pi05,tokens,1,False,,240,False,False,,True,True,True,akita_black_bowl_4,False,plate_1,True,0.0041,,,,,plane,,,0732edc788d5a360,aca64f7c3a2cd7de,502ff977378ffb52,48,162.4,none,explicit
spatial,scene_0011,referential,text_only,pi05,tokens,2,False,,240,False,False,,True,True,True,akita_black_bowl_4,False,plate_1,True,0.011,,,,,plane,,,0732edc788d5a360,b7512d0fdab131cb,735f1d13872f6b10,48,161.5,none,explicit
spatial,scene_0011,referential,text_only,pi05,tokens,3,False,,240,False,False,,True,True,True,akita_black_bowl_4,False,plate_1,True,0.005,,,,,plane,,,0732edc788d5a360,49fac72b93087a4f,3a7407b961d8057a,48,157.2,none,explicit
spatial,scene_0011,referential,text_only,pi05,tokens,4,False,,240,False,False,,True,True,True,akita_black_bowl_4,False,plate_1,True,0.003,,,,,plane,,,0732edc788d5a360,ac177f3340f03c0b,336114f50010fd52,48,158.6,none,explicit
spatial,scene_0011,referential,text_only,pi05,tokens,5,False,,240,False,False,,True,True,True,akita_black_bowl_4,False,plate_1,True,0.009,,,,,plane,,,0732edc788d5a360,59d9188220decfe6,7515db5a82251cf3,48,154.7,none,explicit
spatial,scene_0011,referential,text_only,pi05,tokens,6,False,,240,False,False,,True,True,True,akita_black_bowl_4,False,plate_1,True,0.006,,,,,plane,,,0732edc788d5a360,05cc9969ff0c9895,9e5a00292e461d36,48,166.7,none,explicit
spatial,scene_0011,referential,text_only,pi05,tokens,7,False,,240,False,False,,True,True,True,akita_black_bowl_4,False,plate_1,True,0.0039,,,,,plane,,,0732edc788d5a360,74e12f767427c1c8,093884ac883d786e,48,162.2,none,explicit
spatial,scene_0011,referential,text_only,pi05,tokens,8,False,,240,False,False,,True,True,True,akita_black_bowl_4,False,plate_1,True,0.0101,,,,,plane,,,0732edc788d5a360,2b1c4cce30c3884c,c85776c5ee66b0db,48,169.5,none,explicit
spatial,scene_0011,referential,text_only,pi05,tokens,9,False,,240,False,False,,True,True,True,akita_black_bowl_4,False,plate_1,True,0.0063,,,,,plane,,,0732edc788d5a360,bc71083236fb82b4,c93b9594803015c0,48,167.8,none,explicit
spatial,scene_0011,referential,text_only,pi05,tokens,10,False,,240,False,False,,True,True,True,akita_black_bowl_4,False,plate_1,True,0.0078,,,,,plane,,,0732edc788d5a360,263df876d25374e6,d7343940a6bb99f2,48,160.1,none,explicit
spatial,scene_0011,referential,text_only,pi05,tokens,11,False,,240,False,False,,True,True,True,akita_black_bowl_4,False,plate_1,True,0.0088,,,,,plane,,,0732edc788d5a360,73935cffb5dec4b0,81f283f20305be1e,48,162.2,none,explicit
spatial,scene_0011,referential,text_only,pi05,tokens,12,False,,240,False,False,,True,True,True,akita_black_bowl_4,False,plate_1,True,0.0037,,,,,plane,,,0732edc788d5a360,be027db82c1f9cc2,789b661df46545b5,48,162.7,none,explicit
spatial,scene_0011,referential,text_only,pi05,tokens,13,False,,240,False,False,,True,True,True,akita_black_bowl_4,False,plate_1,True,0.0079,,,,,plane,,,0732edc788d5a360,8bd54695e290726b,91cde98364d7a6c9,48,161.7,none,explicit
spatial,scene_0012,referential,text_only,pi05,tokens,0,False,,240,True,True,81,True,True,True,akita_black_bowl_1,True,plate_1,True,0.0118,,,,,plane,,,697bd5f85fc89900,aee2d45c191538f2,9ee85bed7615d029,48,154.5,none,explicit
spatial,scene_0012,referential,text_only,pi05,tokens,1,False,,240,True,True,79,True,True,True,akita_black_bowl_1,True,plate_1,True,0.0102,,,,,plane,,,697bd5f85fc89900,6b4aa6f590a2b4ce,6ea5e1cda4010a25,48,153.3,none,explicit
spatial,scene_0012,referential,text_only,pi05,tokens,2,False,,240,True,True,78,True,True,True,akita_black_bowl_1,True,plate_1,True,0.0056,,,,,plane,,,697bd5f85fc89900,d1d5a112e0ffd242,a29f28d99e765f41,48,152.5,none,explicit
spatial,scene_0012,referential,text_only,pi05,tokens,3,False,,240,True,True,82,True,True,True,akita_black_bowl_1,True,plate_1,True,0.0033,,,,,plane,,,697bd5f85fc89900,3725c17aa6353f3d,a017dfe16214428e,48,156.2,none,explicit
spatial,scene_0012,referential,text_only,pi05,tokens,4,False,,240,True,True,80,True,True,True,akita_black_bowl_1,True,plate_1,True,0.0065,,,,,plane,,,697bd5f85fc89900,fe10238cfcec88ca,bd35e42952c64581,48,156.7,none,explicit
spatial,scene_0012,referential,text_only,pi05,tokens,5,False,,240,True,True,84,True,True,True,akita_black_bowl_1,True,plate_1,True,0.0047,,,,,plane,,,697bd5f85fc89900,703a174b9e17685f,7809db697c87eda0,48,159.2,none,explicit
spatial,scene_0012,referential,text_only,pi05,tokens,6,False,,240,True,True,87,True,True,True,akita_black_bowl_1,True,plate_1,True,0.0069,,,,,plane,,,697bd5f85fc89900,fdaa7425ac3f5dac,5ff689cd5572a87e,48,149.9,none,explicit
spatial,scene_0012,referential,text_only,pi05,tokens,7,False,,240,True,True,83,True,True,True,akita_black_bowl_1,True,plate_1,True,0.0091,,,,,plane,,,697bd5f85fc89900,220260356c78fde1,36b8ef6585a210a0,48,151.2,none,explicit
spatial,scene_0012,referential,text_only,pi05,tokens,8,False,,240,True,True,96,True,True,True,akita_black_bowl_1,True,plate_1,True,0.0068,,,,,plane,,,697bd5f85fc89900,5ed11d9e7e23ed74,3adc7636cd313665,48,148.6,none,explicit
spatial,scene_0012,referential,text_only,pi05,tokens,9,False,,240,True,True,87,True,True,True,akita_black_bowl_1,True,plate_1,True,0.0027,,,,,plane,,,697bd5f85fc89900,7f0e0a9a478ea524,2279434a05d86f58,48,145.9,none,explicit
spatial,scene_0012,referential,text_only,pi05,tokens,10,False,,240,True,True,90,True,True,True,akita_black_bowl_1,True,plate_1,True,0.0088,,,,,plane,,,697bd5f85fc89900,cd828951f8d0a428,0aabdc0841236696,48,147.7,none,explicit
spatial,scene_0012,referential,text_only,pi05,tokens,11,False,,240,True,True,82,True,True,True,akita_black_bowl_1,True,plate_1,True,0.0054,,,,,plane,,,697bd5f85fc89900,2a5f1b6f7415326d,7b93105395cc8325,48,161.6,none,explicit
spatial,scene_0012,referential,text_only,pi05,tokens,12,False,,240,True,True,80,True,True,True,akita_black_bowl_1,True,plate_1,True,0.0046,,,,,plane,,,697bd5f85fc89900,eb016969b41a214e,61aa674e40669d77,48,150.9,none,explicit
spatial,scene_0012,referential,text_only,pi05,tokens,13,False,,240,True,True,80,True,True,True,akita_black_bowl_1,True,plate_1,True,0.0088,,,,,plane,,,697bd5f85fc89900,e7228a9c098446c8,c1e44c5167e7de7a,48,153.0,none,explicit
spatial,scene_0013,referential,text_only,pi05,tokens,0,False,,240,True,True,87,True,True,True,akita_black_bowl_1,True,plate_1,True,0.0076,,,,,plane,,,652adb2bb6f35367,36f08188017f48df,12cd51b338d4c0f6,48,147.3,none,explicit
spatial,scene_0013,referential,text_only,pi05,tokens,1,False,,240,True,True,90,True,True,True,akita_black_bowl_1,True,plate_1,True,0.0049,,,,,plane,,,652adb2bb6f35367,85feaaf2655ff22e,44aa03a2c94c7a0e,48,147.8,none,explicit
spatial,scene_0013,referential,text_only,pi05,tokens,2,False,,240,True,True,90,True,True,True,akita_black_bowl_1,True,plate_1,True,0.0064,,,,,plane,,,652adb2bb6f35367,5ea082b7528a58f6,6e722924ac03eef2,48,148.5,none,explicit
spatial,scene_0013,referential,text_only,pi05,tokens,3,False,,240,True,True,83,True,True,True,akita_black_bowl_1,True,plate_1,True,0.0091,,,,,plane,,,652adb2bb6f35367,605ea57a4681ac31,d29dd8b99aaf58f6,48,147.0,none,explicit
spatial,scene_0013,referential,text_only,pi05,tokens,4,False,,240,True,True,85,True,True,True,akita_black_bowl_1,True,plate_1,True,0.0052,,,,,plane,,,652adb2bb6f35367,a0525bb5d907242a,5351a1ecbb2f8746,48,151.7,none,explicit
spatial,scene_0013,referential,text_only,pi05,tokens,5,False,,240,True,True,90,True,True,True,akita_black_bowl_1,True,plate_1,True,0.0077,,,,,plane,,,652adb2bb6f35367,17a5a3e3362af19e,419084778a36efef,48,148.0,none,explicit
spatial,scene_0013,referential,text_only,pi05,tokens,6,False,,240,True,True,107,True,True,True,akita_black_bowl_1,True,plate_1,True,0.0033,,,,,plane,,,652adb2bb6f35367,46ce00173c8f2ee3,432dc062daeebb6a,48,145.9,none,explicit
spatial,scene_0013,referential,text_only,pi05,tokens,7,False,,240,True,True,89,True,True,True,akita_black_bowl_1,True,plate_1,True,0.0167,,,,,plane,,,652adb2bb6f35367,5bd31b870a1cdfb1,f72d3e12e88eeccd,48,143.6,none,explicit
spatial,scene_0013,referential,text_only,pi05,tokens,8,False,,240,True,True,92,True,True,True,akita_black_bowl_1,True,plate_1,True,0.0068,,,,,plane,,,652adb2bb6f35367,17b86034640a1232,926305931b482690,48,152.5,none,explicit
spatial,scene_0013,referential,text_only,pi05,tokens,9,False,,240,True,True,115,True,True,True,akita_black_bowl_1,True,plate_1,True,0.0147,,,,,plane,,,652adb2bb6f35367,58fef6cac2045886,4e5b2d6a2f3eab5c,48,146.3,none,explicit
spatial,scene_0013,referential,text_only,pi05,tokens,10,False,,240,True,True,88,True,True,True,akita_black_bowl_1,True,plate_1,True,0.0168,,,,,plane,,,652adb2bb6f35367,5dd3fa19a6b70af5,6a06008fed12d790,48,155.7,none,explicit
spatial,scene_0013,referential,text_only,pi05,tokens,11,False,,240,True,True,95,True,True,True,akita_black_bowl_1,True,plate_1,True,0.0065,,,,,plane,,,652adb2bb6f35367,1f1f017e332a31fa,f5b7d05fa05bd3f1,48,154.2,none,explicit
spatial,scene_0013,referential,text_only,pi05,tokens,12,False,,240,True,True,94,True,True,True,akita_black_bowl_1,True,plate_1,True,0.009,,,,,plane,,,652adb2bb6f35367,53507b1a41e1908c,b6115e2e1f2042ae,48,149.3,none,explicit
spatial,scene_0013,referential,text_only,pi05,tokens,13,False,,240,True,True,93,True,True,True,akita_black_bowl_1,True,plate_1,True,0.0081,,,,,plane,,,652adb2bb6f35367,955bd7c4f1d299f4,0dfb72fa5477d0bd,48,146.7,none,explicit
spatial,scene_0014,referential,text_only,pi05,tokens,0,False,,240,False,False,,True,True,True,akita_black_bowl_3,False,plate_1,True,0.0154,,,,,plane,,,421625ab9ff4bb51,23809c35ff47f7b4,4a382b9bc341315b,48,150.7,none,explicit
spatial,scene_0014,referential,text_only,pi05,tokens,1,False,,240,False,False,,True,True,True,akita_black_bowl_3,False,plate_1,True,0.01,,,,,plane,,,421625ab9ff4bb51,f3205f0c3e947543,d44632ec085f6cbe,48,152.4,none,explicit
spatial,scene_0014,referential,text_only,pi05,tokens,2,False,,240,False,False,,True,True,True,akita_black_bowl_3,False,plate_1,True,0.0166,,,,,plane,,,421625ab9ff4bb51,dfad684effa215f1,396845e0a5c58d22,48,150.0,none,explicit
spatial,scene_0014,referential,text_only,pi05,tokens,3,False,,240,False,False,,True,True,True,akita_black_bowl_3,False,plate_1,True,0.0174,,,,,plane,,,421625ab9ff4bb51,bd29d416710b3a99,3c62725021c75f08,48,146.9,none,explicit
spatial,scene_0014,referential,text_only,pi05,tokens,4,False,,240,False,False,,True,True,True,akita_black_bowl_3,False,plate_1,True,0.0108,,,,,plane,,,421625ab9ff4bb51,6b7439c5724a1d3d,4fdd6092e8e9a6dd,48,146.4,none,explicit
spatial,scene_0014,referential,text_only,pi05,tokens,5,False,,240,False,False,,True,True,True,akita_black_bowl_3,False,plate_1,True,0.0167,,,,,plane,,,421625ab9ff4bb51,5b9caa0deee9a94e,e593f8f63e150c06,48,147.4,none,explicit
spatial,scene_0014,referential,text_only,pi05,tokens,6,False,,240,False,False,,True,True,True,akita_black_bowl_3,False,plate_1,True,0.0064,,,,,plane,,,421625ab9ff4bb51,bba74aa3526bccfa,ed1483bf2d031d06,48,143.8,none,explicit
spatial,scene_0014,referential,text_only,pi05,tokens,7,False,,240,False,False,,True,True,True,akita_black_bowl_3,False,plate_1,True,0.0194,,,,,plane,,,421625ab9ff4bb51,2a4f2ee963756b9c,9bc03bb5a8dae5cb,48,175.8,none,explicit
spatial,scene_0014,referential,text_only,pi05,tokens,8,False,,240,False,False,,True,True,True,akita_black_bowl_3,False,plate_1,True,0.017,,,,,plane,,,421625ab9ff4bb51,3548c642b2918daa,a0961293fec13024,48,164.4,none,explicit
spatial,scene_0014,referential,text_only,pi05,tokens,9,False,,240,False,False,,True,True,True,akita_black_bowl_3,False,plate_1,True,0.0138,,,,,plane,,,421625ab9ff4bb51,e7bb532d06c16c99,00049cca8fed2828,48,156.0,none,explicit
spatial,scene_0014,referential,text_only,pi05,tokens,10,False,,240,False,False,,True,True,True,akita_black_bowl_3,False,plate_1,True,0.017,,,,,plane,,,421625ab9ff4bb51,211b76f8a52dc91e,dd61de4310d72a9d,48,155.8,none,explicit
spatial,scene_0014,referential,text_only,pi05,tokens,11,False,,240,False,False,,True,True,True,akita_black_bowl_3,False,plate_1,True,0.0157,,,,,plane,,,421625ab9ff4bb51,ab8d8a2c096ce3dc,f7308e3f52d8cb22,48,153.2,none,explicit
spatial,scene_0014,referential,text_only,pi05,tokens,12,False,,240,False,False,,True,True,True,akita_black_bowl_3,False,plate_1,True,0.0092,,,,,plane,,,421625ab9ff4bb51,68432ecfdca38d7f,422adf26bb1abc17,48,152.6,none,explicit
spatial,scene_0014,referential,text_only,pi05,tokens,13,False,,240,False,False,,True,True,True,akita_black_bowl_3,False,plate_1,True,0.0117,,,,,plane,,,421625ab9ff4bb51,6b1d703b13682049,8a2c5c8612cb0e32,48,145.7,none,explicit
spatial,scene_0015,referential,text_only,pi05,tokens,0,False,,240,False,False,,True,True,True,akita_black_bowl_4,False,plate_1,True,0.0226,,,,,plane,,,b0bc4188b573076e,d6372fd1f9e0b203,da32d34f3d7c4bd5,48,153.8,none,explicit
spatial,scene_0015,referential,text_only,pi05,tokens,1,False,,240,False,False,,True,True,True,akita_black_bowl_4,False,plate_1,True,0.0179,,,,,plane,,,b0bc4188b573076e,05b556bbd0786f54,1aaac9f6be1f225b,48,162.1,none,explicit
spatial,scene_0015,referential,text_only,pi05,tokens,2,False,,240,False,False,,True,True,True,akita_black_bowl_4,False,plate_1,True,0.0134,,,,,plane,,,b0bc4188b573076e,f1ce2083fc4b6675,c99a7d77a1c58d43,48,167.5,none,explicit
spatial,scene_0015,referential,text_only,pi05,tokens,3,False,,240,False,False,,True,True,True,akita_black_bowl_4,False,plate_1,True,0.0129,,,,,plane,,,b0bc4188b573076e,faf50df651d442b2,03ae3f85c0581815,48,160.4,none,explicit
spatial,scene_0015,referential,text_only,pi05,tokens,4,False,,240,False,False,,True,True,True,akita_black_bowl_4,False,plate_1,True,0.0093,,,,,plane,,,b0bc4188b573076e,e4beb1ec4fcfe25b,8531b5e9b1e70f28,48,156.6,none,explicit
spatial,scene_0015,referential,text_only,pi05,tokens,5,False,,240,False,False,,True,True,True,akita_black_bowl_4,False,plate_1,True,0.0036,,,,,plane,,,b0bc4188b573076e,98e94db4362355aa,f4136c3753d43afe,48,154.3,none,explicit
spatial,scene_0015,referential,text_only,pi05,tokens,6,False,,240,False,False,,True,True,True,akita_black_bowl_4,False,plate_1,True,0.0052,,,,,plane,,,b0bc4188b573076e,e0509b9c398e927e,fdba8bbc7745986b,48,153.3,none,explicit
spatial,scene_0015,referential,text_only,pi05,tokens,7,False,,240,False,False,,True,True,True,akita_black_bowl_4,False,plate_1,True,0.009,,,,,plane,,,b0bc4188b573076e,80006ae02b592dbd,d5c0e936e0e1224c,48,158.3,none,explicit
spatial,scene_0015,referential,text_only,pi05,tokens,8,False,,240,False,False,,True,True,True,akita_black_bowl_4,False,plate_1,True,0.0128,,,,,plane,,,b0bc4188b573076e,9b8057538562893a,a73b109a5d595e22,48,163.4,none,explicit
spatial,scene_0015,referential,text_only,pi05,tokens,9,False,,240,False,False,,True,True,True,akita_black_bowl_4,False,plate_1,True,0.0113,,,,,plane,,,b0bc4188b573076e,37b49bbb0814c154,1cf3e409e3d8215a,48,148.6,none,explicit
spatial,scene_0015,referential,text_only,pi05,tokens,10,False,,240,False,False,,True,True,True,akita_black_bowl_4,False,plate_1,True,0.0103,,,,,plane,,,b0bc4188b573076e,38bc299d93514fb8,543ba7d721ccfb7b,48,153.0,none,explicit
spatial,scene_0015,referential,text_only,pi05,tokens,11,False,,240,False,False,,True,True,True,akita_black_bowl_4,False,plate_1,True,0.0111,,,,,plane,,,b0bc4188b573076e,033007a56520b309,e3f7ec85f2f8d5bb,48,145.7,none,explicit
spatial,scene_0015,referential,text_only,pi05,tokens,12,False,,240,False,False,,True,True,True,akita_black_bowl_4,False,plate_1,True,0.0216,,,,,plane,,,b0bc4188b573076e,f30a72855ae3105b,79e729c328e3ad45,48,147.0,none,explicit
spatial,scene_0015,referential,text_only,pi05,tokens,13,False,,240,False,False,,True,True,True,akita_black_bowl_4,False,plate_1,True,0.0401,,,,,plane,,,b0bc4188b573076e,a499c0e397e771cc,8f442af098412c52,48,149.0,none,explicit
spatial,scene_0016,directional,text_only,pi05,tokens,0,False,,240,False,False,,True,False,False,,False,,False,0.0921,,,,,plane,,,13e70576ca74efab,4f90f24d0349af96,8a3fea7b0f9c5811,48,145.4,none,explicit
spatial,scene_0016,directional,text_only,pi05,tokens,1,False,,240,False,False,,True,False,False,,False,,False,0.1039,,,,,plane,,,13e70576ca74efab,c5061577e16900fa,1a4d1899cbc18fa0,48,147.3,none,explicit
spatial,scene_0016,directional,text_only,pi05,tokens,2,False,,240,False,False,,True,False,False,,False,,False,0.0843,,,,,plane,,,13e70576ca74efab,c987ce7ab6283c45,a3472eb999b975ea,48,150.1,none,explicit
spatial,scene_0016,directional,text_only,pi05,tokens,3,False,,240,False,False,,True,False,False,,False,,False,0.0837,,,,,plane,,,13e70576ca74efab,4548cdda31c9a619,87b3cbd5f39d6274,48,142.5,none,explicit
spatial,scene_0016,directional,text_only,pi05,tokens,4,False,,240,False,False,,True,False,False,,False,,False,0.0905,,,,,plane,,,13e70576ca74efab,d008d6af469a23de,db4868759abf1315,48,166.2,none,explicit
spatial,scene_0016,directional,text_only,pi05,tokens,5,False,,240,False,False,,True,False,False,,False,,False,0.0846,,,,,plane,,,13e70576ca74efab,a62114c2df3a292c,ffef9d7d1927987d,48,143.9,none,explicit
spatial,scene_0016,directional,text_only,pi05,tokens,6,False,,240,False,False,,True,True,True,akita_black_bowl_1,True,plate_1,False,0.046,,,,,plane,,,13e70576ca74efab,4e621dfd57863d8f,a343b4cb74e9a25b,48,144.1,none,explicit
spatial,scene_0016,directional,text_only,pi05,tokens,7,False,,240,False,False,,True,False,False,,False,plate_1,False,0.0311,,,,,plane,,,13e70576ca74efab,29fe22ef623da0fd,bba5984f146455bb,48,146.4,none,explicit
spatial,scene_0016,directional,text_only,pi05,tokens,8,False,,240,False,False,,True,False,False,,False,,False,0.0926,,,,,plane,,,13e70576ca74efab,775b6ec7b804f719,38fc40498be425bf,48,145.3,none,explicit
spatial,scene_0016,directional,text_only,pi05,tokens,9,False,,240,False,False,,True,False,False,,False,,False,0.0853,,,,,plane,,,13e70576ca74efab,42fb5a8a630bff2c,258518da31d68247,48,152.2,none,explicit
spatial,scene_0016,directional,text_only,pi05,tokens,10,False,,240,False,False,,True,False,False,,False,plate_1,False,0.0764,,,,,plane,,,13e70576ca74efab,08b8573b957cfe90,bac167dd9451b319,48,148.3,none,explicit
spatial,scene_0016,directional,text_only,pi05,tokens,11,False,,240,False,False,,True,True,True,akita_black_bowl_1,True,plate_1,False,0.0125,,,,,plane,,,13e70576ca74efab,727c6024003bbfeb,7fbd794835b5993a,48,144.1,none,explicit
spatial,scene_0016,directional,text_only,pi05,tokens,12,False,,240,False,False,,True,False,False,,False,,False,0.0823,,,,,plane,,,13e70576ca74efab,83fd409e4dd83b3e,db04b7747f75c87c,48,141.3,none,explicit
spatial,scene_0016,directional,text_only,pi05,tokens,13,False,,240,False,False,,True,False,False,,False,,False,0.0822,,,,,plane,,,13e70576ca74efab,500ec395cb1d37e0,1a3c766034b9db6e,48,170.9,none,explicit
spatial,scene_0017,directional,text_only,pi05,tokens,0,False,,240,True,True,85,True,True,True,akita_black_bowl_1,True,plate_2,True,0.0077,,,,,plane,,,17055259d2569f54,6663ed54b732ac7d,d10a73a10e029030,48,180.2,none,explicit
spatial,scene_0017,directional,text_only,pi05,tokens,1,False,,240,True,True,110,True,True,True,akita_black_bowl_1,True,plate_2,True,0.0157,,,,,plane,,,17055259d2569f54,6c0f16dfb7dfad3c,46346ef7b3762a89,48,172.1,none,explicit
spatial,scene_0017,directional,text_only,pi05,tokens,2,False,,240,True,True,101,True,True,True,akita_black_bowl_1,True,plate_2,True,0.0154,,,,,plane,,,17055259d2569f54,8c8f9d65602ca756,5fb4cb4d9c83fb36,48,178.4,none,explicit
spatial,scene_0017,directional,text_only,pi05,tokens,3,False,,240,True,True,96,True,True,True,akita_black_bowl_1,True,plate_2,True,0.01,,,,,plane,,,17055259d2569f54,78857c05efa11d59,f2cf2a6b5193f57d,48,179.3,none,explicit
spatial,scene_0017,directional,text_only,pi05,tokens,4,False,,240,True,True,114,True,True,True,akita_black_bowl_1,True,plate_2,True,0.0193,,,,,plane,,,17055259d2569f54,7ee2f60a3d6bf8aa,eb189b0c7fe91810,48,177.5,none,explicit
spatial,scene_0017,directional,text_only,pi05,tokens,5,False,,240,True,True,106,True,True,True,akita_black_bowl_1,True,plate_2,True,0.0049,,,,,plane,,,17055259d2569f54,7cfafb68d16c2945,68c0412d32f154df,48,183.4,none,explicit
spatial,scene_0017,directional,text_only,pi05,tokens,6,False,,240,True,True,105,True,True,True,akita_black_bowl_1,True,plate_2,True,0.014,,,,,plane,,,17055259d2569f54,774bc063d84e8af0,965f93627c58500f,48,180.9,none,explicit
spatial,scene_0017,directional,text_only,pi05,tokens,7,False,,240,True,True,94,True,True,True,akita_black_bowl_1,True,plate_2,True,0.0119,,,,,plane,,,17055259d2569f54,4f1add1a40a32e03,555370e373ca860d,48,173.1,none,explicit
spatial,scene_0017,directional,text_only,pi05,tokens,8,False,,240,True,True,110,True,True,True,akita_black_bowl_1,True,plate_2,True,0.005,,,,,plane,,,17055259d2569f54,6290a597eb220dcc,96f5149e2cefc7ed,48,152.4,none,explicit
spatial,scene_0017,directional,text_only,pi05,tokens,9,False,,240,True,True,87,True,True,True,akita_black_bowl_1,True,plate_2,True,0.0185,,,,,plane,,,17055259d2569f54,4cf78a9a0ee70944,74d0f3a90f220925,48,149.1,none,explicit
spatial,scene_0017,directional,text_only,pi05,tokens,10,False,,240,True,True,109,True,True,True,akita_black_bowl_1,True,plate_2,True,0.0176,,,,,plane,,,17055259d2569f54,474884392c815302,d95c0feac99e2017,48,145.9,none,explicit
spatial,scene_0017,directional,text_only,pi05,tokens,11,False,,240,True,True,103,True,True,True,akita_black_bowl_1,True,plate_2,True,0.0128,,,,,plane,,,17055259d2569f54,373cebdb4310d4f5,f71b34e0658825d2,48,142.6,none,explicit
spatial,scene_0017,directional,text_only,pi05,tokens,12,False,,240,True,True,105,True,True,True,akita_black_bowl_1,True,plate_2,True,0.0142,,,,,plane,,,17055259d2569f54,34ebd1a8eec58395,7ca18d22818c01f2,48,149.3,none,explicit
spatial,scene_0017,directional,text_only,pi05,tokens,13,False,,240,True,True,101,True,True,True,akita_black_bowl_1,True,plate_2,True,0.0199,,,,,plane,,,17055259d2569f54,1811cb15a5b83fd0,6ec66137099cafd2,48,139.7,none,explicit
spatial,scene_0018,directional,text_only,pi05,tokens,0,False,,240,False,False,,True,True,True,plate_2,False,plate_2,False,0.0,,,,,plane,,,7041c5bf821b2f75,6c1b03fa2d78d73a,0ee43940ae9218d6,48,142.4,none,explicit
spatial,scene_0018,directional,text_only,pi05,tokens,1,False,,240,False,False,,True,True,True,glazed_rim_porcelain_ramekin_1,False,plate_1,True,0.0137,,,,,plane,,,7041c5bf821b2f75,1f024b8e8e5aa83a,73ad6c530fa53ae1,48,142.8,none,explicit
spatial,scene_0018,directional,text_only,pi05,tokens,2,False,,240,False,False,,True,True,True,plate_2,False,plate_2,False,0.0,,,,,plane,,,7041c5bf821b2f75,25ef1e26762e3a68,b76b1efcaed85438,48,156.0,none,explicit
spatial,scene_0018,directional,text_only,pi05,tokens,3,False,,240,False,False,,True,True,True,plate_2,False,plate_2,False,0.0,,,,,plane,,,7041c5bf821b2f75,730ffb7fb98ec364,19eebfd2f7ee5923,48,144.1,none,explicit
spatial,scene_0018,directional,text_only,pi05,tokens,4,False,,240,False,False,,True,True,True,plate_2,False,plate_2,False,0.0,,,,,plane,,,7041c5bf821b2f75,6c1cb06337a39576,76207672ccbe1600,48,149.3,none,explicit
spatial,scene_0018,directional,text_only,pi05,tokens,5,False,,240,False,False,,True,True,True,plate_2,False,plate_2,False,0.0,,,,,plane,,,7041c5bf821b2f75,c14f0ceacd1646ee,a6d2f9d87e8cb205,48,140.0,none,explicit
spatial,scene_0018,directional,text_only,pi05,tokens,6,False,,240,False,False,,True,True,True,glazed_rim_porcelain_ramekin_1,False,plate_1,True,0.0517,,,,,plane,,,7041c5bf821b2f75,31b70c5f8fc0fd9d,7126c576b32557c1,48,136.2,none,explicit
spatial,scene_0018,directional,text_only,pi05,tokens,7,False,,240,False,False,,True,True,True,plate_2,False,plate_2,False,0.0,,,,,plane,,,7041c5bf821b2f75,cdb52662b93441dc,3ecf2a643a6c8a5b,48,141.9,none,explicit
spatial,scene_0018,directional,text_only,pi05,tokens,8,False,,240,False,False,,True,True,True,plate_2,False,plate_2,False,0.0,,,,,plane,,,7041c5bf821b2f75,f6a25cecf16957cb,d740cd0e06fda9a1,48,149.2,none,explicit
spatial,scene_0018,directional,text_only,pi05,tokens,9,False,,240,False,False,,True,True,True,plate_2,False,plate_2,False,0.0,,,,,plane,,,7041c5bf821b2f75,05b004ef809c8e2d,b3b3c9f219e0fbcb,48,144.2,none,explicit
spatial,scene_0018,directional,text_only,pi05,tokens,10,False,,240,False,False,,True,True,True,plate_2,False,plate_2,False,0.0,,,,,plane,,,7041c5bf821b2f75,fcd72ea895f2b6ab,9d621cd4fb3786ef,48,141.7,none,explicit
spatial,scene_0018,directional,text_only,pi05,tokens,11,False,,240,False,False,,True,True,True,plate_2,False,plate_2,False,0.0,,,,,plane,,,7041c5bf821b2f75,fbdad392b277eb8a,6e47d780e4aa6949,48,146.8,none,explicit
spatial,scene_0018,directional,text_only,pi05,tokens,12,False,,240,False,False,,True,True,True,glazed_rim_porcelain_ramekin_1,False,plate_1,True,0.016,,,,,plane,,,7041c5bf821b2f75,921fcbedf368835e,b5ed2e13a8298a76,48,140.8,none,explicit
spatial,scene_0018,directional,text_only,pi05,tokens,13,False,,240,False,False,,True,True,True,plate_2,False,plate_2,False,0.0,,,,,plane,,,7041c5bf821b2f75,364703e03f6a849a,54d4433b2b766b40,48,147.4,none,explicit
spatial,scene_0019,directional,text_only,pi05,tokens,0,False,,240,False,False,,True,True,True,akita_black_bowl_1,True,plate_3,False,0.0103,,,,,plane,,,56a96811a69b0ee4,51044e81f9c8e687,1f794de393541456,48,147.0,none,explicit
spatial,scene_0019,directional,text_only,pi05,tokens,1,False,,240,False,False,,True,True,True,akita_black_bowl_1,True,plate_3,False,0.0024,,,,,plane,,,56a96811a69b0ee4,ad8832629109b333,a90d3f5f1ea3c8af,48,139.8,none,explicit
spatial,scene_0019,directional,text_only,pi05,tokens,2,False,,240,False,False,,True,True,True,akita_black_bowl_1,True,plate_3,False,0.0051,,,,,plane,,,56a96811a69b0ee4,463b2aa9b2184534,e8737871a63fffbc,48,153.2,none,explicit
spatial,scene_0019,directional,text_only,pi05,tokens,3,False,,240,False,False,,True,True,True,akita_black_bowl_1,True,plate_3,False,0.0061,,,,,plane,,,56a96811a69b0ee4,5667795b205dc5f1,52438bbd82706013,48,147.9,none,explicit
spatial,scene_0019,directional,text_only,pi05,tokens,4,False,,240,False,False,,True,True,True,akita_black_bowl_1,True,plate_3,False,0.011,,,,,plane,,,56a96811a69b0ee4,3e021cd2e4f3e41f,3e445893651ba76d,48,154.8,none,explicit
spatial,scene_0019,directional,text_only,pi05,tokens,5,False,,240,False,False,,True,True,True,akita_black_bowl_1,True,plate_3,False,0.0045,,,,,plane,,,56a96811a69b0ee4,58a03e3e33e527e0,e06ee6293d12090c,48,154.0,none,explicit
spatial,scene_0019,directional,text_only,pi05,tokens,6,False,,240,False,False,,True,True,True,akita_black_bowl_1,True,plate_3,False,0.0039,,,,,plane,,,56a96811a69b0ee4,cb66ae3a8a587cf0,82cbb213561ac880,48,157.8,none,explicit
spatial,scene_0019,directional,text_only,pi05,tokens,7,False,,240,False,False,,True,True,True,akita_black_bowl_1,True,plate_3,False,0.0085,,,,,plane,,,56a96811a69b0ee4,08bf61da79b47a5c,1bff86548a859a7f,48,168.8,none,explicit
spatial,scene_0019,directional,text_only,pi05,tokens,8,False,,240,False,False,,True,True,True,akita_black_bowl_1,True,plate_3,False,0.0035,,,,,plane,,,56a96811a69b0ee4,ff1aec304828f7e2,62f38be15ac760a8,48,160.3,none,explicit
spatial,scene_0019,directional,text_only,pi05,tokens,9,False,,240,False,False,,True,True,True,akita_black_bowl_1,True,plate_3,False,0.0077,,,,,plane,,,56a96811a69b0ee4,59d476faf8c8216a,6ad287d2280e6a09,48,159.6,none,explicit
spatial,scene_0019,directional,text_only,pi05,tokens,10,False,,240,False,False,,True,True,True,akita_black_bowl_1,True,plate_3,False,0.0006,,,,,plane,,,56a96811a69b0ee4,fe120672771573b0,1546f7801c70f3ab,48,163.3,none,explicit
spatial,scene_0019,directional,text_only,pi05,tokens,11,False,,240,False,False,,True,True,True,akita_black_bowl_1,True,plate_3,False,0.0081,,,,,plane,,,56a96811a69b0ee4,a7cc79843278f5aa,37c5f6d24c9ff306,48,164.8,none,explicit
spatial,scene_0019,directional,text_only,pi05,tokens,12,False,,240,False,False,,True,True,True,akita_black_bowl_1,True,plate_3,False,0.0102,,,,,plane,,,56a96811a69b0ee4,96d2b5e0b1046903,cc7be21111a17187,48,162.0,none,explicit
spatial,scene_0019,directional,text_only,pi05,tokens,13,False,,240,False,False,,True,True,True,akita_black_bowl_1,True,plate_3,False,0.005,,,,,plane,,,56a96811a69b0ee4,ec8abf99479a5d98,996e535f773d50f4,48,169.9,none,explicit
spatial,scene_0020,directional,text_only,pi05,tokens,0,False,,240,True,True,76,True,True,True,akita_black_bowl_1,True,plate_1,True,0.0084,,,,,plane,,,bc092c3a45f91352,7465fdebebe49c4b,465255f964bbced5,48,166.6,none,explicit
spatial,scene_0020,directional,text_only,pi05,tokens,1,False,,240,True,True,83,True,True,True,akita_black_bowl_1,True,plate_1,True,0.0056,,,,,plane,,,bc092c3a45f91352,afc482a515948fab,fa8a2a0217700cb4,48,197.4,none,explicit
spatial,scene_0020,directional,text_only,pi05,tokens,2,False,,240,True,True,74,True,True,True,akita_black_bowl_1,True,plate_1,True,0.0109,,,,,plane,,,bc092c3a45f91352,6b2043c56a0157ba,fa107b3abb998e55,48,194.0,none,explicit
spatial,scene_0020,directional,text_only,pi05,tokens,3,False,,240,True,True,79,True,True,True,akita_black_bowl_1,True,plate_1,True,0.0062,,,,,plane,,,bc092c3a45f91352,9c80dd5d5704c396,1d31fb9c359a1818,48,181.0,none,explicit
spatial,scene_0020,directional,text_only,pi05,tokens,4,False,,240,True,True,84,True,True,True,akita_black_bowl_1,True,plate_1,True,0.004,,,,,plane,,,bc092c3a45f91352,6c61e2f688df3a4a,0a1d2256f0ca5424,48,188.0,none,explicit
spatial,scene_0020,directional,text_only,pi05,tokens,5,False,,240,True,True,77,True,True,True,akita_black_bowl_1,True,plate_1,True,0.0098,,,,,plane,,,bc092c3a45f91352,7181aac626806586,9e5b16322ca786ad,48,172.4,none,explicit
spatial,scene_0020,directional,text_only,pi05,tokens,6,False,,240,True,True,79,True,True,True,akita_black_bowl_1,True,plate_1,True,0.0038,,,,,plane,,,bc092c3a45f91352,405dc09f955353b6,f6b767481f570128,48,177.1,none,explicit
spatial,scene_0020,directional,text_only,pi05,tokens,7,False,,240,True,True,75,True,True,True,akita_black_bowl_1,True,plate_1,True,0.0062,,,,,plane,,,bc092c3a45f91352,b014be34f513e8b7,61a8bcdf488953f2,48,162.9,none,explicit
spatial,scene_0020,directional,text_only,pi05,tokens,8,False,,240,True,True,76,True,True,True,akita_black_bowl_1,True,plate_1,True,0.01,,,,,plane,,,bc092c3a45f91352,0f38bd3ef4befe75,5f2be6ed9ca3d9e5,48,165.8,none,explicit
spatial,scene_0020,directional,text_only,pi05,tokens,9,False,,240,True,True,83,True,True,True,akita_black_bowl_1,True,plate_1,True,0.0053,,,,,plane,,,bc092c3a45f91352,9dee6660dc5ac97b,d4e948eae180a038,48,162.6,none,explicit
spatial,scene_0020,directional,text_only,pi05,tokens,10,False,,240,True,True,78,True,True,True,akita_black_bowl_1,True,plate_1,True,0.0084,,,,,plane,,,bc092c3a45f91352,512dcb23ce5e5614,b2ed37100c259789,48,159.1,none,explicit
spatial,scene_0020,directional,text_only,pi05,tokens,11,False,,240,True,True,85,True,True,True,akita_black_bowl_1,True,plate_1,True,0.0089,,,,,plane,,,bc092c3a45f91352,9f146869eb2793e3,c8fff40d8989ffb7,48,158.9,none,explicit
spatial,scene_0020,directional,text_only,pi05,tokens,12,False,,240,False,True,86,True,True,True,akita_black_bowl_1,True,plate_1,True,0.0208,,,,,plane,,,bc092c3a45f91352,9f1ddb536740fab2,cc6e10f27cbf19a1,48,176.3,none,explicit
spatial,scene_0020,directional,text_only,pi05,tokens,13,False,,240,True,True,81,True,True,True,akita_black_bowl_1,True,plate_1,True,0.0056,,,,,plane,,,bc092c3a45f91352,4b8037193b9c2dd8,f62f46c8c2e52e61,48,161.7,none,explicit
spatial,scene_0021,directional,text_only,pi05,tokens,0,False,,240,False,False,,True,True,True,plate_2,False,plate_2,True,0.0,,,,,plane,,,575102c75eef60d5,7c5bedfabd3328eb,33485b63f9b1cab5,48,162.8,none,explicit
spatial,scene_0021,directional,text_only,pi05,tokens,1,False,,240,False,False,,True,True,True,akita_black_bowl_1,True,plate_1,False,0.0019,,,,,plane,,,575102c75eef60d5,4f23c21a80d8dfb7,a12f76972329d955,48,155.8,none,explicit
spatial,scene_0021,directional,text_only,pi05,tokens,2,False,,240,False,False,,True,True,True,akita_black_bowl_1,True,plate_1,False,0.0074,,,,,plane,,,575102c75eef60d5,0fbe943a3b2e2913,0da50f9e35462951,48,160.4,none,explicit
spatial,scene_0021,directional,text_only,pi05,tokens,3,False,,240,False,False,,True,True,True,akita_black_bowl_1,True,plate_1,False,0.0052,,,,,plane,,,575102c75eef60d5,1b529c4e38953e41,0ddfa9c55fdec42f,48,165.3,none,explicit
spatial,scene_0021,directional,text_only,pi05,tokens,4,False,,240,False,False,,True,True,True,akita_black_bowl_1,True,plate_1,False,0.0006,,,,,plane,,,575102c75eef60d5,95e136f9c4c12264,b2f79f7785494f19,48,157.7,none,explicit
spatial,scene_0021,directional,text_only,pi05,tokens,5,False,,240,False,False,,True,True,True,akita_black_bowl_1,True,plate_1,False,0.0106,,,,,plane,,,575102c75eef60d5,56698d0538f35a8c,919eef068ced5430,48,156.3,none,explicit
spatial,scene_0021,directional,text_only,pi05,tokens,6,False,,240,False,False,,True,True,True,akita_black_bowl_1,True,plate_1,False,0.001,,,,,plane,,,575102c75eef60d5,03dc47e0e07486e0,09376ac0a46d5ddb,48,158.8,none,explicit
spatial,scene_0021,directional,text_only,pi05,tokens,7,False,,240,False,False,,True,True,True,akita_black_bowl_1,True,plate_1,False,0.0069,,,,,plane,,,575102c75eef60d5,b54d528a4d9aeae0,d492b968cc137950,48,164.9,none,explicit
spatial,scene_0021,directional,text_only,pi05,tokens,8,False,,240,False,False,,True,True,True,akita_black_bowl_1,True,plate_1,False,0.0072,,,,,plane,,,575102c75eef60d5,6162d13a1f98b93c,6a28b5a9e482e5c3,48,173.5,none,explicit
spatial,scene_0021,directional,text_only,pi05,tokens,9,False,,240,False,False,,True,True,True,akita_black_bowl_1,True,plate_2,True,0.0756,,,,,plane,,,575102c75eef60d5,84796fdb70a55bf6,95525192ef972916,48,161.9,none,explicit
spatial,scene_0021,directional,text_only,pi05,tokens,10,False,,240,False,False,,True,True,True,akita_black_bowl_1,True,plate_1,False,0.0132,,,,,plane,,,575102c75eef60d5,05fbdd1da91587c7,424378164c63a79b,48,162.0,none,explicit
spatial,scene_0021,directional,text_only,pi05,tokens,11,False,,240,False,False,,True,True,True,akita_black_bowl_1,True,plate_1,False,0.0028,,,,,plane,,,575102c75eef60d5,24f3906f2fdffce1,8d01999a2702a80b,48,161.6,none,explicit
spatial,scene_0021,directional,text_only,pi05,tokens,12,False,,240,False,False,,True,True,True,akita_black_bowl_1,True,plate_1,False,0.0112,,,,,plane,,,575102c75eef60d5,d6acc6d4b7dd9f70,5a63e99f64cd6a92,48,157.5,none,explicit
spatial,scene_0021,directional,text_only,pi05,tokens,13,False,,240,False,False,,True,True,True,plate_2,False,plate_2,True,0.0,,,,,plane,,,575102c75eef60d5,a66cf4c1cce177ef,13a91930a772f515,48,164.2,none,explicit
spatial,scene_0022,directional,text_only,pi05,tokens,0,False,,240,False,False,,True,True,True,akita_black_bowl_1,True,plate_1,False,0.0164,,,,,plane,,,024abe15484d02fd,0eda2c1593ddda61,e86d32795692b011,48,157.9,none,explicit
spatial,scene_0022,directional,text_only,pi05,tokens,1,False,,240,False,False,,True,True,True,glazed_rim_porcelain_ramekin_1,False,plate_1,False,0.074,,,,,plane,,,024abe15484d02fd,88d18d2b9505b9b7,014db0121678b545,48,154.1,none,explicit
spatial,scene_0022,directional,text_only,pi05,tokens,2,False,,240,False,False,,True,True,True,akita_black_bowl_1,True,plate_1,False,0.0078,,,,,plane,,,024abe15484d02fd,a94c697c1583cdac,7a0496d3d006a48a,48,153.5,none,explicit
spatial,scene_0022,directional,text_only,pi05,tokens,3,False,,240,False,False,,True,True,True,akita_black_bowl_1,True,plate_1,False,0.0067,,,,,plane,,,024abe15484d02fd,d05d5199e39a954b,2945b4f06ebabf00,48,156.9,none,explicit
spatial,scene_0022,directional,text_only,pi05,tokens,4,False,,240,False,False,,True,True,True,akita_black_bowl_1,True,plate_1,False,0.0079,,,,,plane,,,024abe15484d02fd,7dfe09a2f7041552,70aacd9b9e98ca1e,48,146.8,none,explicit
spatial,scene_0022,directional,text_only,pi05,tokens,5,False,,240,False,False,,True,True,True,akita_black_bowl_1,True,plate_1,False,0.0066,,,,,plane,,,024abe15484d02fd,33d3a1178c30b4f8,37e886c85afc0e73,48,157.1,none,explicit
spatial,scene_0022,directional,text_only,pi05,tokens,6,False,,240,False,False,,True,True,True,akita_black_bowl_1,True,plate_1,False,0.0117,,,,,plane,,,024abe15484d02fd,0dca75e533097e48,40a1c0accc71756c,48,154.5,none,explicit
spatial,scene_0022,directional,text_only,pi05,tokens,7,False,,240,False,False,,True,True,True,akita_black_bowl_1,True,plate_1,False,0.0096,,,,,plane,,,024abe15484d02fd,6b67d9e55b62330f,b7f69f3ae6265e56,48,153.3,none,explicit
spatial,scene_0022,directional,text_only,pi05,tokens,8,False,,240,False,False,,True,True,True,akita_black_bowl_1,True,plate_1,False,0.0206,,,,,plane,,,024abe15484d02fd,18a99947f1fd9cf1,752312e97b23933a,48,162.9,none,explicit
spatial,scene_0022,directional,text_only,pi05,tokens,9,False,,240,False,False,,True,True,True,glazed_rim_porcelain_ramekin_1,False,plate_1,False,0.0731,,,,,plane,,,024abe15484d02fd,dd2cd2f2e788066c,28aa0bce94a2b675,48,165.8,none,explicit
spatial,scene_0022,directional,text_only,pi05,tokens,10,False,,240,False,False,,True,True,True,akita_black_bowl_1,True,plate_1,False,0.0208,,,,,plane,,,024abe15484d02fd,4fde895205de480a,f621fbe8eddf9b59,48,166.6,none,explicit
spatial,scene_0022,directional,text_only,pi05,tokens,11,False,,240,False,False,,True,True,True,akita_black_bowl_1,True,plate_1,False,0.0343,,,,,plane,,,024abe15484d02fd,787d9267dd259ea2,4567763aef441f3d,48,172.0,none,explicit
spatial,scene_0022,directional,text_only,pi05,tokens,12,False,,240,False,False,,True,True,True,akita_black_bowl_1,True,plate_1,False,0.0103,,,,,plane,,,024abe15484d02fd,51ef4afe0dd3634b,5dc6b3095e83cbac,48,163.2,none,explicit
spatial,scene_0022,directional,text_only,pi05,tokens,13,False,,240,False,False,,True,True,True,akita_black_bowl_1,True,plate_1,False,0.0141,,,,,plane,,,024abe15484d02fd,15eb4dbae8d15313,50884685bba8e5ff,48,169.3,none,explicit
spatial,scene_0023,directional,text_only,pi05,tokens,0,False,,240,False,False,,True,True,True,akita_black_bowl_1,True,plate_3,False,0.0098,,,,,plane,,,7fb05c3ea62898ee,380ea2b6a78d6afa,849b71b344ffd428,48,170.5,none,explicit
spatial,scene_0023,directional,text_only,pi05,tokens,1,False,,240,False,False,,True,True,True,akita_black_bowl_1,True,plate_3,False,0.0062,,,,,plane,,,7fb05c3ea62898ee,0dd1aec43cc2c9ef,8a4614bf6ac086e2,48,175.1,none,explicit
spatial,scene_0023,directional,text_only,pi05,tokens,2,False,,240,False,False,,True,True,True,akita_black_bowl_1,True,plate_3,False,0.0107,,,,,plane,,,7fb05c3ea62898ee,e2644a02164eff0f,70fcd99a2631600b,48,181.2,none,explicit
spatial,scene_0023,directional,text_only,pi05,tokens,3,False,,240,False,False,,True,True,True,akita_black_bowl_1,True,plate_3,False,0.0133,,,,,plane,,,7fb05c3ea62898ee,9de571c8a4498f26,3c5ebf76d5916b30,48,163.5,none,explicit
spatial,scene_0023,directional,text_only,pi05,tokens,4,False,,240,False,False,,True,True,True,akita_black_bowl_1,True,plate_3,False,0.0115,,,,,plane,,,7fb05c3ea62898ee,d13553a12e51b5fb,01482bab01de36e5,48,171.4,none,explicit
spatial,scene_0023,directional,text_only,pi05,tokens,5,False,,240,False,False,,True,True,True,akita_black_bowl_1,True,plate_3,False,0.0087,,,,,plane,,,7fb05c3ea62898ee,f6a186645268be22,715dda9c9a60f730,48,172.8,none,explicit
spatial,scene_0023,directional,text_only,pi05,tokens,6,False,,240,False,False,,True,True,True,akita_black_bowl_1,True,plate_3,False,0.0038,,,,,plane,,,7fb05c3ea62898ee,b5a6b34ba779cdba,f4539674ef61bdb0,48,167.9,none,explicit
spatial,scene_0023,directional,text_only,pi05,tokens,7,False,,240,False,False,,True,True,True,akita_black_bowl_1,True,plate_3,False,0.0062,,,,,plane,,,7fb05c3ea62898ee,bcc10fb6d9db9c79,18b974d98fd00d4c,48,180.8,none,explicit
spatial,scene_0023,directional,text_only,pi05,tokens,8,False,,240,False,False,,True,True,True,akita_black_bowl_1,True,plate_3,False,0.0012,,,,,plane,,,7fb05c3ea62898ee,dc95f19fd7c56f08,c0cbdda9188fc234,48,174.2,none,explicit
spatial,scene_0023,directional,text_only,pi05,tokens,9,False,,240,False,False,,True,True,True,akita_black_bowl_1,True,plate_3,False,0.0022,,,,,plane,,,7fb05c3ea62898ee,bcce8923664e22f9,d91f973d99719ca2,48,170.8,none,explicit
spatial,scene_0023,directional,text_only,pi05,tokens,10,False,,240,False,False,,True,True,True,akita_black_bowl_1,True,plate_3,False,0.0074,,,,,plane,,,7fb05c3ea62898ee,e824923bf8dd6277,9cf55a9b415f84d4,48,177.8,none,explicit
spatial,scene_0023,directional,text_only,pi05,tokens,11,False,,240,False,False,,True,True,True,akita_black_bowl_1,True,plate_3,False,0.0098,,,,,plane,,,7fb05c3ea62898ee,9a848ec66be4c68a,04c50928fef85c5e,48,174.6,none,explicit
spatial,scene_0023,directional,text_only,pi05,tokens,12,False,,240,False,False,,True,True,True,akita_black_bowl_1,True,plate_3,False,0.0026,,,,,plane,,,7fb05c3ea62898ee,acc972e6f525db32,f1d703d49afadb1c,48,166.5,none,explicit
spatial,scene_0023,directional,text_only,pi05,tokens,13,False,,240,False,False,,True,True,True,akita_black_bowl_1,True,plate_3,False,0.0059,,,,,plane,,,7fb05c3ea62898ee,1eac047aa85ca901,18f494c423a20214,48,179.6,none,explicit
spatial,scene_0024,directional,text_only,pi05,tokens,0,False,,240,True,True,85,True,True,True,akita_black_bowl_1,True,plate_1,True,0.0071,,,,,plane,,,7aade9b812f80b68,f87b2e1207ba51cb,9b2f72bf99f57209,48,171.7,none,explicit
spatial,scene_0024,directional,text_only,pi05,tokens,1,False,,240,True,True,87,True,True,True,akita_black_bowl_1,True,plate_1,True,0.008,,,,,plane,,,7aade9b812f80b68,d08d6f11875c1a5f,101fd4a18bb4cb24,48,172.2,none,explicit
spatial,scene_0024,directional,text_only,pi05,tokens,2,False,,240,True,True,79,True,True,True,akita_black_bowl_1,True,plate_1,True,0.0097,,,,,plane,,,7aade9b812f80b68,e3bd56489831ba14,9ab3c04bf3ed5416,48,170.7,none,explicit
spatial,scene_0024,directional,text_only,pi05,tokens,3,False,,240,True,True,78,True,True,True,akita_black_bowl_1,True,plate_1,True,0.0044,,,,,plane,,,7aade9b812f80b68,7bd6d83b1c986e20,f6f8906847ce0d06,48,173.9,none,explicit
spatial,scene_0024,directional,text_only,pi05,tokens,4,False,,240,True,True,79,True,True,True,akita_black_bowl_1,True,plate_1,True,0.0079,,,,,plane,,,7aade9b812f80b68,473c1bf2b5f11901,ccc958f3c8ff824e,48,170.5,none,explicit
spatial,scene_0024,directional,text_only,pi05,tokens,5,False,,240,True,True,79,True,True,True,akita_black_bowl_1,True,plate_1,True,0.0074,,,,,plane,,,7aade9b812f80b68,464802d7aab65819,c8c1c300ae43cdbe,48,168.2,none,explicit
spatial,scene_0024,directional,text_only,pi05,tokens,6,False,,240,True,True,79,True,True,True,akita_black_bowl_1,True,plate_1,True,0.008,,,,,plane,,,7aade9b812f80b68,a4333c0019cd0a05,7c3ec9439d56423f,48,168.8,none,explicit
spatial,scene_0024,directional,text_only,pi05,tokens,7,False,,240,True,True,81,True,True,True,akita_black_bowl_1,True,plate_1,True,0.0091,,,,,plane,,,7aade9b812f80b68,c95097609e9ac3a6,6fe079ef1081c821,48,174.3,none,explicit
spatial,scene_0024,directional,text_only,pi05,tokens,8,False,,240,True,True,80,True,True,True,akita_black_bowl_1,True,plate_1,True,0.0091,,,,,plane,,,7aade9b812f80b68,f0809cd5f4eba038,a5ee4e611296643b,48,165.4,none,explicit
spatial,scene_0024,directional,text_only,pi05,tokens,9,False,,240,True,True,91,True,True,True,akita_black_bowl_1,True,plate_1,True,0.0097,,,,,plane,,,7aade9b812f80b68,ae3d788e23a5e29b,18f0e3c1cb4118a9,48,172.1,none,explicit
spatial,scene_0024,directional,text_only,pi05,tokens,10,False,,240,True,True,91,True,True,True,akita_black_bowl_1,True,plate_1,True,0.0056,,,,,plane,,,7aade9b812f80b68,fe42c47c8bfcb149,6153fa979d8ee004,48,175.2,none,explicit
spatial,scene_0024,directional,text_only,pi05,tokens,11,False,,240,True,True,86,True,True,True,akita_black_bowl_1,True,plate_1,True,0.0009,,,,,plane,,,7aade9b812f80b68,7decd0549c8819ce,237b0df843b038c6,48,175.2,none,explicit
spatial,scene_0024,directional,text_only,pi05,tokens,12,False,,240,True,True,79,True,True,True,akita_black_bowl_1,True,plate_1,True,0.0022,,,,,plane,,,7aade9b812f80b68,4075e0a6e5bc2d6e,2f39c486caef2c3e,48,176.5,none,explicit
spatial,scene_0024,directional,text_only,pi05,tokens,13,False,,240,True,True,94,True,True,True,akita_black_bowl_1,True,plate_1,True,0.008,,,,,plane,,,7aade9b812f80b68,c384d5999da58a21,cc24e6737367c452,48,172.9,none,explicit
spatial,scene_0025,both,text_only,pi05,tokens,0,False,,240,False,False,,True,True,True,akita_black_bowl_1,True,plate_1,False,0.0061,,,,,plane,,,6b097b570d4d79aa,4a9aeff088d644ff,b7915523b8cd481b,48,175.6,none,explicit
spatial,scene_0025,both,text_only,pi05,tokens,1,False,,240,False,False,,True,True,True,akita_black_bowl_1,True,plate_1,False,0.0009,,,,,plane,,,6b097b570d4d79aa,761bab82f4fce61c,1f67ad51768577ee,48,175.8,none,explicit
spatial,scene_0025,both,text_only,pi05,tokens,2,False,,240,False,False,,True,True,True,akita_black_bowl_1,True,plate_1,False,0.0118,,,,,plane,,,6b097b570d4d79aa,7ffdf9723978ce7f,6e639332a68589d5,48,168.9,none,explicit
spatial,scene_0025,both,text_only,pi05,tokens,3,False,,240,False,False,,True,True,True,akita_black_bowl_1,True,plate_1,False,0.0117,,,,,plane,,,6b097b570d4d79aa,d15ca61cb908d7e3,9d15a318597e3bba,48,181.6,none,explicit
spatial,scene_0025,both,text_only,pi05,tokens,4,False,,240,False,False,,True,True,True,akita_black_bowl_1,True,plate_1,False,0.0136,,,,,plane,,,6b097b570d4d79aa,9303d14f7d76e2d3,bf1d8b596cf989fb,48,169.4,none,explicit
spatial,scene_0025,both,text_only,pi05,tokens,5,False,,240,False,False,,True,True,True,akita_black_bowl_1,True,plate_1,False,0.007,,,,,plane,,,6b097b570d4d79aa,4fd61586c237c7a6,5bd430dad74c6d2d,48,162.6,none,explicit
spatial,scene_0025,both,text_only,pi05,tokens,6,False,,240,False,False,,True,True,True,akita_black_bowl_1,True,plate_1,False,0.0014,,,,,plane,,,6b097b570d4d79aa,0741c0491a2af153,4f27017670a8c2a0,48,162.3,none,explicit
spatial,scene_0025,both,text_only,pi05,tokens,7,False,,240,False,False,,True,True,True,akita_black_bowl_1,True,plate_1,False,0.0116,,,,,plane,,,6b097b570d4d79aa,1e854cba06c4af7e,46a5329755960130,48,167.6,none,explicit
spatial,scene_0025,both,text_only,pi05,tokens,8,False,,240,False,False,,True,True,True,akita_black_bowl_1,True,plate_1,False,0.0115,,,,,plane,,,6b097b570d4d79aa,b90f3f633630886c,ffaf7ca30872913f,48,201.4,none,explicit
spatial,scene_0025,both,text_only,pi05,tokens,9,False,,240,False,False,,True,True,True,akita_black_bowl_1,True,plate_1,False,0.0095,,,,,plane,,,6b097b570d4d79aa,31606b4b9082bb17,017fcc3cb9b7746b,48,183.6,none,explicit
spatial,scene_0025,both,text_only,pi05,tokens,10,False,,240,False,False,,True,True,True,akita_black_bowl_1,True,plate_1,False,0.0034,,,,,plane,,,6b097b570d4d79aa,81930072855c922b,2d0777a308cba39c,48,167.3,none,explicit
spatial,scene_0025,both,text_only,pi05,tokens,11,False,,240,False,False,,True,True,True,akita_black_bowl_1,True,plate_1,False,0.0133,,,,,plane,,,6b097b570d4d79aa,01442e06a62bca79,348b843b85e0c588,48,177.8,none,explicit
spatial,scene_0025,both,text_only,pi05,tokens,12,False,,240,False,False,,True,True,True,akita_black_bowl_1,True,plate_1,False,0.0133,,,,,plane,,,6b097b570d4d79aa,cb5066bbdc6d8b35,0c411642eedd8182,48,173.6,none,explicit
spatial,scene_0025,both,text_only,pi05,tokens,13,False,,240,False,False,,True,True,True,akita_black_bowl_1,True,plate_1,False,0.0039,,,,,plane,,,6b097b570d4d79aa,22a98ec0a4ad870a,b8ada3aacebb7e75,48,178.5,none,explicit
spatial,scene_0026,both,text_only,pi05,tokens,0,False,,240,False,False,,True,True,True,akita_black_bowl_1,True,plate_1,False,0.0173,,,,,plane,,,e1d24c1fe9fb50bd,6aabd5626006573c,2b02b26e48e992ae,48,168.7,none,explicit
spatial,scene_0026,both,text_only,pi05,tokens,1,False,,240,False,False,,True,True,True,akita_black_bowl_1,True,plate_1,False,0.0138,,,,,plane,,,e1d24c1fe9fb50bd,011bc4a4590e3dd4,de1d740049cab0c9,48,166.7,none,explicit
spatial,scene_0026,both,text_only,pi05,tokens,2,False,,240,False,False,,True,True,True,akita_black_bowl_1,True,,False,0.1728,,,,,plane,,,e1d24c1fe9fb50bd,c354b01db8efb3d8,b2a79d170a53dd8e,48,173.9,none,explicit
spatial,scene_0026,both,text_only,pi05,tokens,3,False,,240,False,False,,True,True,True,akita_black_bowl_1,True,plate_1,False,0.0088,,,,,plane,,,e1d24c1fe9fb50bd,e8472a67ef5240c3,46b1952cc301cd19,48,173.2,none,explicit
spatial,scene_0026,both,text_only,pi05,tokens,4,False,,240,False,False,,True,True,True,akita_black_bowl_1,True,plate_1,False,0.0399,,,,,plane,,,e1d24c1fe9fb50bd,5c8e4025d7ea696a,a24c7f17d2405f4c,48,170.8,none,explicit
spatial,scene_0026,both,text_only,pi05,tokens,5,False,,240,False,False,,True,True,True,akita_black_bowl_1,True,plate_1,False,0.0085,,,,,plane,,,e1d24c1fe9fb50bd,9f936d340d8fbb83,9dfa105eac41d870,48,171.8,none,explicit
spatial,scene_0026,both,text_only,pi05,tokens,6,False,,240,False,False,,True,True,True,akita_black_bowl_1,True,plate_1,False,0.0094,,,,,plane,,,e1d24c1fe9fb50bd,c71de15c5825852c,1120b0447f946b9e,48,168.6,none,explicit
spatial,scene_0026,both,text_only,pi05,tokens,7,False,,240,False,False,,True,True,True,akita_black_bowl_1,True,plate_1,False,0.0136,,,,,plane,,,e1d24c1fe9fb50bd,05dc3b3fd928c9ea,052e41212d036ed7,48,180.1,none,explicit
spatial,scene_0026,both,text_only,pi05,tokens,8,False,,240,False,False,,True,True,True,akita_black_bowl_1,True,plate_1,False,0.0077,,,,,plane,,,e1d24c1fe9fb50bd,072cb2387e30f9b4,9b9ff87cad1b99a8,48,172.6,none,explicit
spatial,scene_0026,both,text_only,pi05,tokens,9,False,,240,False,False,,True,True,True,akita_black_bowl_1,True,plate_1,False,0.0143,,,,,plane,,,e1d24c1fe9fb50bd,46371ef754fc0f5a,a91692765601c942,48,170.8,none,explicit
spatial,scene_0026,both,text_only,pi05,tokens,10,False,,240,False,False,,True,True,True,akita_black_bowl_1,True,plate_1,False,0.0095,,,,,plane,,,e1d24c1fe9fb50bd,f507e112d8be2788,107c3437b82f4341,48,173.7,none,explicit
spatial,scene_0026,both,text_only,pi05,tokens,11,False,,240,False,False,,True,True,True,akita_black_bowl_1,True,plate_1,False,0.0149,,,,,plane,,,e1d24c1fe9fb50bd,ab28acc487d1b437,6c28fcec843f11bc,48,172.2,none,explicit
spatial,scene_0026,both,text_only,pi05,tokens,12,False,,240,False,False,,True,True,True,akita_black_bowl_1,True,plate_1,False,0.0297,,,,,plane,,,e1d24c1fe9fb50bd,83e3824756ba4d20,b30bfaca6fcde640,48,183.8,none,explicit
spatial,scene_0026,both,text_only,pi05,tokens,13,False,,240,False,False,,True,True,True,akita_black_bowl_1,True,plate_1,False,0.0131,,,,,plane,,,e1d24c1fe9fb50bd,d8edb78d1a705709,9ff71a724821989b,48,177.6,none,explicit
spatial,scene_0027,both,text_only,pi05,tokens,0,False,,240,False,False,,True,True,True,akita_black_bowl_3,False,plate_1,True,0.0087,,,,,plane,,,3565890febe5894f,0b085fbb9b33cf32,50f6f4a12984ea43,48,169.1,none,explicit
spatial,scene_0027,both,text_only,pi05,tokens,1,False,,240,False,False,,True,True,True,akita_black_bowl_3,False,plate_1,True,0.0104,,,,,plane,,,3565890febe5894f,5f04a0cdca2f2b6c,e9daea863df747ec,48,162.1,none,explicit
spatial,scene_0027,both,text_only,pi05,tokens,2,False,,240,False,False,,True,True,True,akita_black_bowl_3,False,plate_1,True,0.0109,,,,,plane,,,3565890febe5894f,d80d612960bfecf4,4ea0c8f732ba05df,48,177.8,none,explicit
spatial,scene_0027,both,text_only,pi05,tokens,3,False,,240,False,False,,True,True,True,akita_black_bowl_3,False,plate_1,True,0.0104,,,,,plane,,,3565890febe5894f,73eb7086e2eeb395,66fbb2ef3da6fd93,48,202.2,none,explicit
spatial,scene_0027,both,text_only,pi05,tokens,4,False,,240,False,False,,True,True,True,akita_black_bowl_3,False,plate_1,True,0.0087,,,,,plane,,,3565890febe5894f,14395b66c98f9d27,86ec3bd1dd687b8a,48,207.0,none,explicit
spatial,scene_0027,both,text_only,pi05,tokens,5,False,,240,False,False,,True,True,True,akita_black_bowl_3,False,plate_1,True,0.0015,,,,,plane,,,3565890febe5894f,f7964e6b9749be3e,38c2141cbb41fdf7,48,203.3,none,explicit
spatial,scene_0027,both,text_only,pi05,tokens,6,False,,240,False,False,,True,True,True,akita_black_bowl_3,False,plate_1,True,0.004,,,,,plane,,,3565890febe5894f,ddaeda720d008362,5be14925dbb78ea1,48,210.9,none,explicit
spatial,scene_0027,both,text_only,pi05,tokens,7,False,,240,False,False,,True,True,True,akita_black_bowl_3,False,plate_1,True,0.008,,,,,plane,,,3565890febe5894f,8e12f118a7c6f8d3,c5bba2099d776603,48,193.9,none,explicit
spatial,scene_0027,both,text_only,pi05,tokens,8,False,,240,False,False,,True,True,True,akita_black_bowl_3,False,plate_1,True,0.0154,,,,,plane,,,3565890febe5894f,814f19c298d96b46,41891af8ce9da1d3,48,179.7,none,explicit
spatial,scene_0027,both,text_only,pi05,tokens,9,False,,240,False,False,,True,True,True,akita_black_bowl_2,False,,False,0.2309,,,,,plane,,,3565890febe5894f,db5ad2733847abe9,540e3908859e2510,48,179.7,none,explicit
spatial,scene_0027,both,text_only,pi05,tokens,10,False,,240,False,False,,True,True,True,akita_black_bowl_3,False,plate_1,True,0.0056,,,,,plane,,,3565890febe5894f,b273e8a392bfe8c1,117062075e7f062a,48,185.7,none,explicit
spatial,scene_0027,both,text_only,pi05,tokens,11,False,,240,False,False,,True,True,True,akita_black_bowl_3,False,plate_1,True,0.004,,,,,plane,,,3565890febe5894f,d0f087519fd1ec5b,29cf51ccdcceb113,48,181.5,none,explicit
spatial,scene_0027,both,text_only,pi05,tokens,12,False,,240,False,False,,True,True,True,akita_black_bowl_3,False,plate_1,True,0.0152,,,,,plane,,,3565890febe5894f,da18c0a4c5abc341,7b3891b644f71e91,48,173.9,none,explicit
spatial,scene_0027,both,text_only,pi05,tokens,13,False,,240,False,False,,True,True,True,akita_black_bowl_3,False,plate_1,True,0.0131,,,,,plane,,,3565890febe5894f,8b28a960d5627bee,342dbf8b0c5613ab,48,171.1,none,explicit
spatial,scene_0028,both,text_only,pi05,tokens,0,False,,240,False,False,,True,True,True,akita_black_bowl_4,False,plate_1,False,0.0084,,,,,plane,,,0ffc9c772a303dbb,18e79e8336adcbb6,c7012ad28a7fc428,48,166.5,none,explicit
spatial,scene_0028,both,text_only,pi05,tokens,1,False,,240,False,False,,True,True,True,akita_black_bowl_4,False,plate_1,False,0.0288,,,,,plane,,,0ffc9c772a303dbb,e1a1491f799140bf,b97477f18bb92c5c,48,170.4,none,explicit
spatial,scene_0028,both,text_only,pi05,tokens,2,False,,240,False,False,,True,True,True,akita_black_bowl_4,False,plate_1,False,0.0221,,,,,plane,,,0ffc9c772a303dbb,78d26f3dda0764b7,ee8cc55734e9358f,48,172.3,none,explicit
spatial,scene_0028,both,text_only,pi05,tokens,3,False,,240,False,False,,True,True,True,akita_black_bowl_1,True,,False,0.1268,,,,,plane,,,0ffc9c772a303dbb,e9cf70db39bce464,e9035331e173106f,48,173.5,none,explicit
spatial,scene_0028,both,text_only,pi05,tokens,4,False,,240,False,False,,True,True,True,akita_black_bowl_4,False,plate_1,False,0.0163,,,,,plane,,,0ffc9c772a303dbb,d410974e2337e801,65622a1fc03c9402,48,172.8,none,explicit
spatial,scene_0028,both,text_only,pi05,tokens,5,False,,240,False,False,,True,True,True,akita_black_bowl_1,True,plate_1,False,0.0736,,,,,plane,,,0ffc9c772a303dbb,54aeae208502de93,9950dcf224194c51,48,173.4,none,explicit
spatial,scene_0028,both,text_only,pi05,tokens,6,False,,240,False,False,,True,True,True,akita_black_bowl_4,False,plate_1,False,0.0059,,,,,plane,,,0ffc9c772a303dbb,95bc64c53e4b5ac7,3766981d7d52b2f4,48,169.6,none,explicit
spatial,scene_0028,both,text_only,pi05,tokens,7,False,,240,False,False,,True,True,True,akita_black_bowl_4,False,plate_1,False,0.0056,,,,,plane,,,0ffc9c772a303dbb,cddc95242d91a023,6a394d1b47533daa,48,174.3,none,explicit
spatial,scene_0028,both,text_only,pi05,tokens,8,False,,240,False,False,,True,True,True,akita_black_bowl_4,False,plate_1,False,0.0412,,,,,plane,,,0ffc9c772a303dbb,514498da94cd0b02,d23ff8cd24ea3db1,48,188.6,none,explicit
spatial,scene_0028,both,text_only,pi05,tokens,9,False,,240,False,False,,True,True,True,akita_black_bowl_4,False,plate_1,False,0.0042,,,,,plane,,,0ffc9c772a303dbb,1706463dbe37e732,2d53dc6d904f88c2,48,183.3,none,explicit
spatial,scene_0028,both,text_only,pi05,tokens,10,False,,240,False,False,,True,True,True,akita_black_bowl_4,False,plate_1,False,0.014,,,,,plane,,,0ffc9c772a303dbb,fd38efcdd40d19d7,1a21444fb1287aae,48,182.4,none,explicit
spatial,scene_0028,both,text_only,pi05,tokens,11,False,,240,False,False,,True,True,True,akita_black_bowl_4,False,plate_1,False,0.0137,,,,,plane,,,0ffc9c772a303dbb,c8cb99c0cc91c7a5,1a9b6af729044aef,48,170.4,none,explicit
spatial,scene_0028,both,text_only,pi05,tokens,12,False,,240,False,False,,True,True,True,akita_black_bowl_4,False,plate_1,False,0.0004,,,,,plane,,,0ffc9c772a303dbb,45ca7e5e4e04b3ab,fea7ac62ad17b932,48,174.9,none,explicit
spatial,scene_0028,both,text_only,pi05,tokens,13,False,,240,False,False,,True,True,True,akita_black_bowl_4,False,plate_1,False,0.0578,,,,,plane,,,0ffc9c772a303dbb,bbcd8f6aceba022d,badd5b3037017a0a,48,166.6,none,explicit
spatial,scene_0029,both,text_only,pi05,tokens,0,False,,240,True,True,75,True,True,True,akita_black_bowl_1,True,plate_1,True,0.0141,,,,,plane,,,88f5f9de3dd4150b,66b6ac24522167d6,fda1c98529aec28c,48,172.4,none,explicit
spatial,scene_0029,both,text_only,pi05,tokens,1,False,,240,False,True,75,True,True,True,akita_black_bowl_1,True,plate_1,True,0.0399,,,,,plane,,,88f5f9de3dd4150b,3a82f4ef2cc5d18b,ac714f8b96f13f26,48,178.3,none,explicit
spatial,scene_0029,both,text_only,pi05,tokens,2,False,,240,True,True,76,True,True,True,akita_black_bowl_1,True,plate_1,True,0.011,,,,,plane,,,88f5f9de3dd4150b,8396eaf92b691d7f,b191c03c59b7c866,48,213.4,none,explicit
spatial,scene_0029,both,text_only,pi05,tokens,3,False,,240,True,True,76,True,True,True,akita_black_bowl_1,True,plate_1,True,0.0121,,,,,plane,,,88f5f9de3dd4150b,bb9d705531c19e15,c7f734addd6fbd83,48,207.9,none,explicit
spatial,scene_0029,both,text_only,pi05,tokens,4,False,,240,False,True,76,True,True,True,akita_black_bowl_1,True,,False,0.0935,,,,,plane,,,88f5f9de3dd4150b,b2d28161f2e898f0,a466c689d99713e5,48,223.4,none,explicit
spatial,scene_0029,both,text_only,pi05,tokens,5,False,,240,False,False,,True,True,True,akita_black_bowl_3,False,,False,0.1923,,,,,plane,,,88f5f9de3dd4150b,5f72b9ea79e576f4,0608beb0cbb218aa,48,193.9,none,explicit
spatial,scene_0029,both,text_only,pi05,tokens,6,False,,240,True,True,111,True,True,True,akita_black_bowl_1,True,plate_1,True,0.0222,,,,,plane,,,88f5f9de3dd4150b,37a5552bd58ccf1f,b9310a16f70c75c6,48,176.6,none,explicit
spatial,scene_0029,both,text_only,pi05,tokens,7,False,,240,True,True,75,True,True,True,akita_black_bowl_1,True,plate_1,True,0.0124,,,,,plane,,,88f5f9de3dd4150b,9c721232f94e218c,4416d98f80b693cf,48,178.7,none,explicit
spatial,scene_0029,both,text_only,pi05,tokens,8,False,,240,True,True,76,True,True,True,akita_black_bowl_1,True,plate_1,True,0.0089,,,,,plane,,,88f5f9de3dd4150b,a33464f9323d7ad2,25d5de1ad74898b3,48,181.9,none,explicit
spatial,scene_0029,both,text_only,pi05,tokens,9,False,,240,True,True,79,True,True,True,akita_black_bowl_1,True,plate_1,True,0.0102,,,,,plane,,,88f5f9de3dd4150b,bb2b95be1e42f17f,1f145febfe7299bb,48,174.1,none,explicit
spatial,scene_0029,both,text_only,pi05,tokens,10,False,,240,True,True,76,True,True,True,akita_black_bowl_1,True,plate_1,True,0.0067,,,,,plane,,,88f5f9de3dd4150b,cf2379c845fa9a6b,89dbfd4d2dc27233,48,174.9,none,explicit
spatial,scene_0029,both,text_only,pi05,tokens,11,False,,240,True,True,81,True,True,True,akita_black_bowl_1,True,plate_1,True,0.0069,,,,,plane,,,88f5f9de3dd4150b,e8bc06e29170ae9b,8b6b2a5a73aa4e90,48,174.9,none,explicit
spatial,scene_0029,both,text_only,pi05,tokens,12,False,,240,True,True,77,True,True,True,akita_black_bowl_3,False,plate_1,True,0.065,,,,,plane,,,88f5f9de3dd4150b,d835cf437669da85,1380d00fa638048e,48,183.6,none,explicit
spatial,scene_0029,both,text_only,pi05,tokens,13,False,,240,False,False,,True,True,True,akita_black_bowl_1,True,,False,0.1293,,,,,plane,,,88f5f9de3dd4150b,36f7a42858731690,dde016dd8e5187ee,48,178.7,none,explicit
spatial,scene_0030,both,text_only,pi05,tokens,0,False,,240,True,True,140,True,True,True,akita_black_bowl_1,True,plate_2,True,0.0155,,,,,plane,,,df70aab991cb1ec2,38e264410ad69981,1c608c85405f6bc1,48,181.2,none,explicit
spatial,scene_0030,both,text_only,pi05,tokens,1,False,,240,False,True,114,True,True,True,akita_black_bowl_1,True,plate_2,True,0.031,,,,,plane,,,df70aab991cb1ec2,b67505ad0b96a0d9,d699413f6f978de2,48,173.0,none,explicit
spatial,scene_0030,both,text_only,pi05,tokens,2,False,,240,True,True,106,True,True,True,akita_black_bowl_1,True,plate_2,True,0.0161,,,,,plane,,,df70aab991cb1ec2,d9e96aefdd2e9140,029b538735d96060,48,175.3,none,explicit
spatial,scene_0030,both,text_only,pi05,tokens,3,False,,240,True,True,202,True,True,True,akita_black_bowl_1,True,plate_2,True,0.0153,,,,,plane,,,df70aab991cb1ec2,75f09d19086fa3a6,c2a05f466a7116c8,48,161.2,none,explicit
spatial,scene_0030,both,text_only,pi05,tokens,4,False,,240,True,True,109,True,True,True,akita_black_bowl_1,True,plate_2,True,0.0118,,,,,plane,,,df70aab991cb1ec2,e2789aef2a79796c,3f0f1e87897c886d,48,174.8,none,explicit
spatial,scene_0030,both,text_only,pi05,tokens,5,False,,240,False,True,135,True,True,True,akita_black_bowl_1,True,plate_2,True,0.0338,,,,,plane,,,df70aab991cb1ec2,3a5400db4c1f7d53,f597a2afbc658a65,48,167.7,none,explicit
spatial,scene_0030,both,text_only,pi05,tokens,6,False,,240,False,False,,True,True,True,akita_black_bowl_1,True,plate_2,True,0.0543,,,,,plane,,,df70aab991cb1ec2,95c22aa100df34e1,b0a02c8aee417c50,48,164.5,none,explicit
spatial,scene_0030,both,text_only,pi05,tokens,7,False,,240,False,True,100,True,True,True,akita_black_bowl_1,True,plate_2,True,0.0314,,,,,plane,,,df70aab991cb1ec2,aa8fab8fb0c401f7,04ae8c14735ca2b9,48,159.7,none,explicit
spatial,scene_0030,both,text_only,pi05,tokens,8,False,,240,False,False,,True,True,True,akita_black_bowl_1,True,plate_2,True,0.0652,,,,,plane,,,df70aab991cb1ec2,3f66061a99ee5f1d,64fa16003d33543b,48,167.9,none,explicit
spatial,scene_0030,both,text_only,pi05,tokens,9,False,,240,False,False,,True,True,True,akita_black_bowl_1,True,plate_2,True,0.041,,,,,plane,,,df70aab991cb1ec2,5c32346e1cb6638f,77026e6a9dd01fcb,48,164.8,none,explicit
spatial,scene_0030,both,text_only,pi05,tokens,10,False,,240,False,True,107,True,True,True,akita_black_bowl_1,True,plate_2,True,0.0282,,,,,plane,,,df70aab991cb1ec2,2b96d1da6dc26df4,e72c79478f01e3a4,48,161.7,none,explicit
spatial,scene_0030,both,text_only,pi05,tokens,11,False,,240,False,True,112,True,True,True,akita_black_bowl_1,True,plate_2,True,0.0264,,,,,plane,,,df70aab991cb1ec2,e658ddbe5c94abd6,5d6f6a6cdc76e7f5,48,162.9,none,explicit
spatial,scene_0030,both,text_only,pi05,tokens,12,False,,240,True,True,115,True,True,True,akita_black_bowl_1,True,plate_2,True,0.0274,,,,,plane,,,df70aab991cb1ec2,3a84dbbced70b82a,7f215cadd8619428,48,161.8,none,explicit
spatial,scene_0030,both,text_only,pi05,tokens,13,False,,240,False,True,111,True,True,True,akita_black_bowl_1,True,plate_2,True,0.0587,,,,,plane,,,df70aab991cb1ec2,44d77036ddc41471,f84c13d35ff1b8ee,48,156.6,none,explicit
spatial,scene_0031,both,text_only,pi05,tokens,0,False,,240,False,False,,True,True,True,akita_black_bowl_3,False,plate_1,False,0.0254,,,,,plane,,,94a624a93a266e1c,c420201cdada266c,0c7aadc6dc25cddc,48,161.0,none,explicit
spatial,scene_0031,both,text_only,pi05,tokens,1,False,,240,False,False,,True,True,True,akita_black_bowl_3,False,plate_1,False,0.0179,,,,,plane,,,94a624a93a266e1c,4863756de18aec47,ad82b3262770aabd,48,162.0,none,explicit
spatial,scene_0031,both,text_only,pi05,tokens,2,False,,240,False,False,,True,True,True,akita_black_bowl_3,False,plate_1,False,0.0279,,,,,plane,,,94a624a93a266e1c,eb6b4db637f1fd25,8dc57996554e478f,48,160.7,none,explicit
spatial,scene_0031,both,text_only,pi05,tokens,3,False,,240,False,False,,True,True,True,akita_black_bowl_3,False,plate_1,False,0.0251,,,,,plane,,,94a624a93a266e1c,667f77aac1686f79,b60e3ba2fc4315b4,48,161.1,none,explicit
spatial,scene_0031,both,text_only,pi05,tokens,4,False,,240,False,False,,True,True,True,akita_black_bowl_3,False,plate_1,False,0.0111,,,,,plane,,,94a624a93a266e1c,2b26be01a21cc5ba,338cd07c4dd717d4,48,148.2,none,explicit
spatial,scene_0031,both,text_only,pi05,tokens,5,False,,240,False,False,,True,True,True,akita_black_bowl_3,False,plate_1,False,0.023,,,,,plane,,,94a624a93a266e1c,4b4182f2a4a57e51,7c334b0396367ff5,48,151.0,none,explicit
spatial,scene_0031,both,text_only,pi05,tokens,6,False,,240,False,False,,True,True,True,akita_black_bowl_3,False,plate_1,False,0.023,,,,,plane,,,94a624a93a266e1c,fac45a55c356bd8b,9ccb8443756b547a,48,151.1,none,explicit
spatial,scene_0031,both,text_only,pi05,tokens,7,False,,240,False,False,,True,True,True,akita_black_bowl_3,False,plate_1,False,0.0182,,,,,plane,,,94a624a93a266e1c,ce38bed14e478e7e,47656158f094e560,48,155.1,none,explicit
spatial,scene_0031,both,text_only,pi05,tokens,8,False,,240,False,False,,True,True,True,akita_black_bowl_3,False,plate_1,False,0.0104,,,,,plane,,,94a624a93a266e1c,524fcd1caa209bde,94dbf241ac487de0,48,148.6,none,explicit
spatial,scene_0031,both,text_only,pi05,tokens,9,False,,240,False,False,,True,True,True,akita_black_bowl_3,False,plate_1,False,0.0081,,,,,plane,,,94a624a93a266e1c,9f90450974c9f732,0ad9faae588d80db,48,152.3,none,explicit
spatial,scene_0031,both,text_only,pi05,tokens,10,False,,240,False,False,,True,True,True,akita_black_bowl_3,False,plate_1,False,0.0248,,,,,plane,,,94a624a93a266e1c,53f7b7c07d098c0a,99d6077dc406c669,48,157.3,none,explicit
spatial,scene_0031,both,text_only,pi05,tokens,11,False,,240,False,False,,True,True,True,akita_black_bowl_3,False,plate_1,False,0.0246,,,,,plane,,,94a624a93a266e1c,a6daba988fe682e4,1ec7dfe869c064bd,48,160.2,none,explicit
spatial,scene_0031,both,text_only,pi05,tokens,12,False,,240,False,False,,True,True,True,akita_black_bowl_3,False,plate_1,False,0.0081,,,,,plane,,,94a624a93a266e1c,4fb8a111a59eeb8f,a7174fc4d02bac6e,48,157.0,none,explicit
spatial,scene_0031,both,text_only,pi05,tokens,13,False,,240,False,False,,True,True,True,akita_black_bowl_3,False,plate_1,False,0.0192,,,,,plane,,,94a624a93a266e1c,ccd5166203bcead0,df289060573174b9,48,158.3,none,explicit
spatial,scene_0032,both,text_only,pi05,tokens,0,False,,240,False,False,,True,True,True,akita_black_bowl_3,False,plate_1,False,0.0071,,,,,plane,,,ca1c5b89eab9c5f7,307e7843405c8864,b5d004aa4adf804b,48,158.8,none,explicit
spatial,scene_0032,both,text_only,pi05,tokens,1,False,,240,False,False,,True,True,True,akita_black_bowl_3,False,plate_1,False,0.0063,,,,,plane,,,ca1c5b89eab9c5f7,c3debb77e7afdcb4,68efa84458c5ef23,48,162.4,none,explicit
spatial,scene_0032,both,text_only,pi05,tokens,2,False,,240,False,False,,True,True,True,akita_black_bowl_3,False,plate_1,False,0.0096,,,,,plane,,,ca1c5b89eab9c5f7,03f778adf677bff5,dc6b38e9396ef854,48,169.0,none,explicit
spatial,scene_0032,both,text_only,pi05,tokens,3,False,,240,False,False,,True,True,True,akita_black_bowl_3,False,plate_1,False,0.0125,,,,,plane,,,ca1c5b89eab9c5f7,e6e7f46bcd3d2cbf,441815e489e63a87,48,161.6,none,explicit
spatial,scene_0032,both,text_only,pi05,tokens,4,False,,240,False,False,,True,True,True,akita_black_bowl_3,False,plate_1,False,0.0082,,,,,plane,,,ca1c5b89eab9c5f7,81fed3dfde1d4dc7,ab52bee8e2bd7af0,48,160.9,none,explicit
spatial,scene_0032,both,text_only,pi05,tokens,5,False,,240,False,False,,True,True,True,akita_black_bowl_3,False,plate_1,False,0.0104,,,,,plane,,,ca1c5b89eab9c5f7,2aa46c2571562d36,53d988fcdaabe743,48,158.3,none,explicit
spatial,scene_0032,both,text_only,pi05,tokens,6,False,,240,False,False,,True,True,True,akita_black_bowl_3,False,plate_1,False,0.0115,,,,,plane,,,ca1c5b89eab9c5f7,2bcfbcc5efa5f712,fad181dddc0c1d0e,48,162.5,none,explicit
spatial,scene_0032,both,text_only,pi05,tokens,7,False,,240,False,False,,True,True,True,akita_black_bowl_3,False,plate_1,False,0.0037,,,,,plane,,,ca1c5b89eab9c5f7,93fe1b1c18877701,c29e6dcfb9893f4f,48,152.5,none,explicit
spatial,scene_0032,both,text_only,pi05,tokens,8,False,,240,False,False,,True,True,True,akita_black_bowl_3,False,plate_1,False,0.0129,,,,,plane,,,ca1c5b89eab9c5f7,d24d439954488ba1,80c6a20ae01b67d1,48,155.2,none,explicit
spatial,scene_0032,both,text_only,pi05,tokens,9,False,,240,False,False,,True,True,True,akita_black_bowl_3,False,plate_1,False,0.0031,,,,,plane,,,ca1c5b89eab9c5f7,12ac58ef68bdab08,6aaf37efa9bf5503,48,155.4,none,explicit
spatial,scene_0032,both,text_only,pi05,tokens,10,False,,240,False,False,,True,True,True,akita_black_bowl_3,False,plate_1,False,0.0206,,,,,plane,,,ca1c5b89eab9c5f7,d5129209e7b1fb66,0263f2a4c22f821b,48,168.0,none,explicit
spatial,scene_0032,both,text_only,pi05,tokens,11,False,,240,False,False,,True,True,True,akita_black_bowl_3,False,plate_1,False,0.0161,,,,,plane,,,ca1c5b89eab9c5f7,5ae65a3c69f90a0b,a6b737e8da0963e5,48,159.0,none,explicit
spatial,scene_0032,both,text_only,pi05,tokens,12,False,,240,False,False,,True,True,True,akita_black_bowl_3,False,plate_1,False,0.0078,,,,,plane,,,ca1c5b89eab9c5f7,4ae5cae393804726,1c43097c6e505ba4,48,166.8,none,explicit
spatial,scene_0032,both,text_only,pi05,tokens,13,False,,240,False,False,,True,True,True,akita_black_bowl_3,False,plate_1,False,0.0067,,,,,plane,,,ca1c5b89eab9c5f7,91a4f4ae69b3a8da,05bd236072dba674,48,161.2,none,explicit
spatial,scene_0033,both,text_only,pi05,tokens,0,False,,240,False,False,,True,True,True,akita_black_bowl_1,True,plate_1,False,0.0104,,,,,plane,,,ffcd8fb43f14f8d5,f73323ee9fa91570,4244e581df3dc8a0,48,163.7,none,explicit
spatial,scene_0033,both,text_only,pi05,tokens,1,False,,240,False,False,,True,True,True,akita_black_bowl_3,False,plate_1,False,0.0031,,,,,plane,,,ffcd8fb43f14f8d5,3c7dd1fb9969668d,b8bfad48095a182f,48,164.3,none,explicit
spatial,scene_0033,both,text_only,pi05,tokens,2,False,,240,False,False,,True,True,True,akita_black_bowl_3,False,plate_1,False,0.0094,,,,,plane,,,ffcd8fb43f14f8d5,46929938297e8b66,c8fe3660d2ba7327,48,167.2,none,explicit
spatial,scene_0033,both,text_only,pi05,tokens,3,False,,240,False,False,,True,True,True,akita_black_bowl_1,True,plate_1,False,0.0036,,,,,plane,,,ffcd8fb43f14f8d5,f0d8b3d8a2f64ad5,aad482eaceb8e87a,48,174.1,none,explicit
spatial,scene_0033,both,text_only,pi05,tokens,4,False,,240,False,False,,True,True,True,akita_black_bowl_1,True,plate_1,False,0.002,,,,,plane,,,ffcd8fb43f14f8d5,ed5fe0d83531ecca,ce0843d8e247a4dd,48,166.8,none,explicit
spatial,scene_0033,both,text_only,pi05,tokens,5,False,,240,False,False,,True,True,True,akita_black_bowl_1,True,plate_1,False,0.0119,,,,,plane,,,ffcd8fb43f14f8d5,7e0847fab078b193,37112b2c7db8172a,48,167.9,none,explicit
spatial,scene_0033,both,text_only,pi05,tokens,6,False,,240,False,False,,True,True,True,akita_black_bowl_3,False,plate_1,False,0.012,,,,,plane,,,ffcd8fb43f14f8d5,a16d6a2472cc761d,c509c6660cd2325f,48,170.6,none,explicit
spatial,scene_0033,both,text_only,pi05,tokens,7,False,,240,False,False,,True,True,True,akita_black_bowl_3,False,plate_1,False,0.0055,,,,,plane,,,ffcd8fb43f14f8d5,fcb1d324798d9429,1a4fe5dcfeb306aa,48,164.0,none,explicit
spatial,scene_0033,both,text_only,pi05,tokens,8,False,,240,False,False,,True,True,True,akita_black_bowl_1,True,plate_1,False,0.0104,,,,,plane,,,ffcd8fb43f14f8d5,a72d16dfc0123d39,81ce902e9a465cb2,48,173.6,none,explicit
spatial,scene_0033,both,text_only,pi05,tokens,9,False,,240,False,False,,True,True,True,akita_black_bowl_1,True,plate_1,False,0.014,,,,,plane,,,ffcd8fb43f14f8d5,a14f4e5269910d2e,eeacac10841e443e,48,164.7,none,explicit
spatial,scene_0033,both,text_only,pi05,tokens,10,False,,240,False,False,,True,True,True,akita_black_bowl_3,False,plate_1,False,0.0146,,,,,plane,,,ffcd8fb43f14f8d5,84bb08ded03659f3,ef6b3d28a2ec5643,48,166.8,none,explicit
spatial,scene_0033,both,text_only,pi05,tokens,11,False,,240,False,False,,True,True,True,akita_black_bowl_1,True,plate_1,False,0.0065,,,,,plane,,,ffcd8fb43f14f8d5,345c3f047456704f,e4fbb6b1190c16b2,48,168.2,none,explicit
spatial,scene_0033,both,text_only,pi05,tokens,12,False,,240,False,False,,True,True,True,akita_black_bowl_1,True,plate_1,False,0.0136,,,,,plane,,,ffcd8fb43f14f8d5,2bac275004ee888b,5efa2ac4e88df96f,48,174.5,none,explicit
spatial,scene_0033,both,text_only,pi05,tokens,13,False,,240,False,False,,True,True,True,akita_black_bowl_1,True,plate_1,False,0.0052,,,,,plane,,,ffcd8fb43f14f8d5,5a2ac68d53a41a98,591cfbdf08cecbba,48,162.4,none,explicit
spatial,scene_0034,both,text_only,pi05,tokens,0,False,,240,True,True,91,True,True,True,akita_black_bowl_1,True,plate_1,True,0.0106,,,,,plane,,,7953a953c112c358,f5fb8bf5c123167b,7f58ec955720324a,48,168.9,none,explicit
spatial,scene_0034,both,text_only,pi05,tokens,1,False,,240,True,True,90,True,True,True,akita_black_bowl_1,True,plate_1,True,0.0084,,,,,plane,,,7953a953c112c358,12e4839b3fd2e000,e2f139ed81bd8fcb,48,174.0,none,explicit
spatial,scene_0034,both,text_only,pi05,tokens,2,False,,240,True,True,95,True,True,True,akita_black_bowl_1,True,plate_1,True,0.0172,,,,,plane,,,7953a953c112c358,598457f67e89939a,47659fcd087f5172,48,165.8,none,explicit
spatial,scene_0034,both,text_only,pi05,tokens,3,False,,240,True,True,95,True,True,True,akita_black_bowl_1,True,plate_1,True,0.0136,,,,,plane,,,7953a953c112c358,c79cba2641cea6d2,0a48968d681b4f88,48,162.1,none,explicit
spatial,scene_0034,both,text_only,pi05,tokens,4,False,,240,True,True,90,True,True,True,akita_black_bowl_1,True,plate_1,True,0.0089,,,,,plane,,,7953a953c112c358,c315819e72e9f984,b9c29bd232abdc0b,48,163.2,none,explicit
spatial,scene_0034,both,text_only,pi05,tokens,5,False,,240,True,True,95,True,True,True,akita_black_bowl_1,True,plate_1,True,0.011,,,,,plane,,,7953a953c112c358,0047c0b1269e897d,56deaf358eec5e69,48,171.5,none,explicit
spatial,scene_0034,both,text_only,pi05,tokens,6,False,,240,True,True,96,True,True,True,akita_black_bowl_1,True,plate_1,True,0.0202,,,,,plane,,,7953a953c112c358,83e3b1a86a07ceb7,4c2f09f0a4e74a4e,48,159.4,none,explicit
spatial,scene_0034,both,text_only,pi05,tokens,7,False,,240,True,True,101,True,True,True,akita_black_bowl_1,True,plate_1,True,0.0086,,,,,plane,,,7953a953c112c358,a67e5e0a6d18f0be,6b2ba9dd54f9ecfa,48,163.7,none,explicit
spatial,scene_0034,both,text_only,pi05,tokens,8,False,,240,True,True,96,True,True,True,akita_black_bowl_1,True,plate_1,True,0.0142,,,,,plane,,,7953a953c112c358,b840b9293954a4ed,29790cde92f31f72,48,158.2,none,explicit
spatial,scene_0034,both,text_only,pi05,tokens,9,False,,240,False,True,95,True,True,True,akita_black_bowl_1,True,plate_1,True,0.011,,,,,plane,,,7953a953c112c358,1a3bec6c1b70bc58,39ea12684623ffc0,48,153.4,none,explicit
spatial,scene_0034,both,text_only,pi05,tokens,10,False,,240,True,True,97,True,True,True,akita_black_bowl_1,True,plate_1,True,0.0083,,,,,plane,,,7953a953c112c358,015fc0b2fe27bff4,ef30ee3dc584119c,48,162.2,none,explicit
spatial,scene_0034,both,text_only,pi05,tokens,11,False,,240,True,True,88,True,True,True,akita_black_bowl_1,True,plate_1,True,0.01,,,,,plane,,,7953a953c112c358,50dfea4d6e4d4a00,8fadd2b461800e39,48,153.5,none,explicit
spatial,scene_0034,both,text_only,pi05,tokens,12,False,,240,True,True,91,True,True,True,akita_black_bowl_1,True,plate_1,True,0.0116,,,,,plane,,,7953a953c112c358,f6645f0c355b2f08,068e1a9ee071101e,48,161.5,none,explicit
spatial,scene_0034,both,text_only,pi05,tokens,13,False,,240,True,True,90,True,True,True,akita_black_bowl_1,True,plate_1,True,0.0058,,,,,plane,,,7953a953c112c358,f1fb88dcca23de88,01d9cbf1d63e0af7,48,155.5,none,explicit
spatial,scene_0035,both,text_only,pi05,tokens,0,False,,240,False,False,,True,True,True,akita_black_bowl_3,False,plate_2,False,0.0118,,,,,plane,,,9d5da14032b281fc,8f484dd61c3e5f71,fd5c398013b7a0b7,48,157.4,none,explicit
spatial,scene_0035,both,text_only,pi05,tokens,1,False,,240,False,False,,True,True,True,akita_black_bowl_3,False,plate_2,False,0.0103,,,,,plane,,,9d5da14032b281fc,0f43799f550fe812,9ae47d4f4adb8530,48,152.5,none,explicit
spatial,scene_0035,both,text_only,pi05,tokens,2,False,,240,False,False,,True,True,True,akita_black_bowl_3,False,plate_2,False,0.0027,,,,,plane,,,9d5da14032b281fc,00efed8fa48a5637,c20a59443b61c418,48,152.7,none,explicit
spatial,scene_0035,both,text_only,pi05,tokens,3,False,,240,False,False,,True,True,True,akita_black_bowl_3,False,plate_2,False,0.0077,,,,,plane,,,9d5da14032b281fc,3164809d9125f03a,de4e43acfc2364af,48,157.5,none,explicit
spatial,scene_0035,both,text_only,pi05,tokens,4,False,,240,False,False,,True,True,True,akita_black_bowl_3,False,plate_2,False,0.0072,,,,,plane,,,9d5da14032b281fc,8eae3cf578cb85e5,668f530262691a18,48,159.7,none,explicit
spatial,scene_0035,both,text_only,pi05,tokens,5,False,,240,False,False,,True,True,True,akita_black_bowl_3,False,plate_2,False,0.0135,,,,,plane,,,9d5da14032b281fc,ecc7b9a225e41697,04de84e21502f660,48,164.2,none,explicit
spatial,scene_0035,both,text_only,pi05,tokens,6,False,,240,False,False,,True,True,True,akita_black_bowl_3,False,plate_2,False,0.0153,,,,,plane,,,9d5da14032b281fc,eec6b462178018a8,d851bdb7135bd8fb,48,156.5,none,explicit
spatial,scene_0035,both,text_only,pi05,tokens,7,False,,240,False,False,,True,True,True,akita_black_bowl_3,False,plate_2,False,0.0058,,,,,plane,,,9d5da14032b281fc,6c87853ba112511c,3b2f4ee10101f7a1,48,159.8,none,explicit
spatial,scene_0035,both,text_only,pi05,tokens,8,False,,240,False,False,,True,True,True,akita_black_bowl_3,False,plate_2,False,0.0071,,,,,plane,,,9d5da14032b281fc,3f1113d4c78c8ba1,660a037145392daa,48,152.0,none,explicit
spatial,scene_0035,both,text_only,pi05,tokens,9,False,,240,False,False,,True,True,True,akita_black_bowl_3,False,plate_2,False,0.0024,,,,,plane,,,9d5da14032b281fc,5c111a5528f987f2,8b121af7515f83e3,48,174.2,none,explicit
spatial,scene_0035,both,text_only,pi05,tokens,10,False,,240,False,False,,True,True,True,akita_black_bowl_3,False,plate_2,False,0.0048,,,,,plane,,,9d5da14032b281fc,633dc5d68f86bdd6,a16fb8db6c889e01,48,158.6,none,explicit
spatial,scene_0035,both,text_only,pi05,tokens,11,False,,240,False,False,,True,True,True,akita_black_bowl_3,False,plate_2,False,0.0028,,,,,plane,,,9d5da14032b281fc,58486c0e7b00dae7,ffa7aadad1132e4a,48,162.7,none,explicit
spatial,scene_0035,both,text_only,pi05,tokens,12,False,,240,False,False,,True,True,True,akita_black_bowl_3,False,plate_2,False,0.0011,,,,,plane,,,9d5da14032b281fc,9458650ac32d4fc6,27babb846dd19700,48,167.6,none,explicit
spatial,scene_0035,both,text_only,pi05,tokens,13,False,,240,False,False,,True,True,True,akita_black_bowl_3,False,plate_2,False,0.0079,,,,,plane,,,9d5da14032b281fc,cbc1a2ab3e80c55c,ab2a85682640a686,48,209.4,none,explicit
spatial,scene_0036,both,text_only,pi05,tokens,0,False,,240,False,False,,True,True,True,akita_black_bowl_3,False,plate_1,False,0.0057,,,,,plane,,,ba0364614c70bfde,a50589d9bc1da71c,1dace1efc9b7cd2d,48,171.0,none,explicit
spatial,scene_0036,both,text_only,pi05,tokens,1,False,,240,False,False,,True,True,True,akita_black_bowl_3,False,plate_1,False,0.0144,,,,,plane,,,ba0364614c70bfde,0d191bff71771163,a3a5adebce610a61,48,171.4,none,explicit
spatial,scene_0036,both,text_only,pi05,tokens,2,False,,240,False,False,,True,True,True,akita_black_bowl_3,False,plate_1,False,0.0091,,,,,plane,,,ba0364614c70bfde,b7fcf1bc1a7c9281,4e6e8f8875ace684,48,169.2,none,explicit
spatial,scene_0036,both,text_only,pi05,tokens,3,False,,240,False,False,,True,True,True,akita_black_bowl_3,False,plate_1,False,0.0259,,,,,plane,,,ba0364614c70bfde,e063b7dfc2e266ae,6a2201d9612afa48,48,164.1,none,explicit
spatial,scene_0036,both,text_only,pi05,tokens,4,False,,240,False,False,,True,True,True,akita_black_bowl_3,False,plate_1,False,0.0155,,,,,plane,,,ba0364614c70bfde,4668a9cc831282a2,d72bef11e754e2c5,48,170.4,none,explicit
spatial,scene_0036,both,text_only,pi05,tokens,5,False,,240,False,False,,True,True,True,akita_black_bowl_3,False,plate_1,False,0.0098,,,,,plane,,,ba0364614c70bfde,cf24d325210ec401,97ae5ea964ffb90a,48,166.4,none,explicit
spatial,scene_0036,both,text_only,pi05,tokens,6,False,,240,False,False,,True,True,True,akita_black_bowl_3,False,plate_1,False,0.028,,,,,plane,,,ba0364614c70bfde,cd2425e2ee0783ba,421cf3f5ecaedf3f,48,168.0,none,explicit
spatial,scene_0036,both,text_only,pi05,tokens,7,False,,240,False,False,,True,True,True,akita_black_bowl_3,False,plate_1,False,0.0497,,,,,plane,,,ba0364614c70bfde,ffffc63c85facd67,b3ebbeaf740b43f0,48,165.2,none,explicit
spatial,scene_0036,both,text_only,pi05,tokens,8,False,,240,False,False,,True,True,True,akita_black_bowl_3,False,plate_1,False,0.0129,,,,,plane,,,ba0364614c70bfde,d0df593e8ea9c773,533ec71d8da3c00c,48,160.2,none,explicit
spatial,scene_0036,both,text_only,pi05,tokens,9,False,,240,False,False,,True,True,True,akita_black_bowl_3,False,plate_1,False,0.0346,,,,,plane,,,ba0364614c70bfde,14418c320ec64366,6122979bf959eb55,48,169.3,none,explicit
spatial,scene_0036,both,text_only,pi05,tokens,10,False,,240,False,False,,True,True,True,akita_black_bowl_3,False,plate_1,False,0.0097,,,,,plane,,,ba0364614c70bfde,175f48dfca6a47db,6caf98c43562a910,48,178.7,none,explicit
spatial,scene_0036,both,text_only,pi05,tokens,11,False,,240,False,False,,True,True,True,akita_black_bowl_3,False,plate_1,False,0.0167,,,,,plane,,,ba0364614c70bfde,438eb00b6f75544e,b23c4d551b9315b9,48,172.7,none,explicit
spatial,scene_0036,both,text_only,pi05,tokens,12,False,,240,False,False,,True,True,True,akita_black_bowl_3,False,plate_1,False,0.0105,,,,,plane,,,ba0364614c70bfde,fc6bcd3ce3a4080e,14d188601bdd41c2,48,178.8,none,explicit
spatial,scene_0036,both,text_only,pi05,tokens,13,False,,240,False,False,,True,True,True,akita_black_bowl_3,False,plate_1,False,0.0135,,,,,plane,,,ba0364614c70bfde,4a20c24e07a83f63,37040587ad941d4d,48,194.5,none,explicit
