suite,dir,tier,condition,policy,sketch_route,rollout_idx,skipped,skip_reason,n_steps,success_final,success_sustained,first_success_step,grasp_success_flag,grasped_any,lifted,grasped_instance,correct_instance_grasped,nearest_destination,correct_destination,terminal_dist_xy,sketch_referent_object,sketch_referent_destination,sketch_fidelity_object,sketch_fidelity_destination,deproject,z_pick,z_place,init_state_hash,init_warmstart_hash,final_state_hash,n_infer_calls,infer_ms_mean,pi05_sketch_mode,prompt_type
spatial,scene_0000,control,text_only,sketchvla_prompt_conditioned_latent_action,blank,0,False,,240,False,False,,True,True,True,akita_black_bowl_1,True,,False,0.295,,,,,,,,d1b42b0dcd62c359,cfbb03cf6261e436,f539f9b426070d19,48,874.3,,ambiguous
spatial,scene_0000,control,text_only,sketchvla_prompt_conditioned_latent_action,blank,1,False,,240,False,False,,True,True,True,akita_black_bowl_1,True,,False,0.2631,,,,,,,,d1b42b0dcd62c359,c6b06ecedf487351,cae763d4be700b2d,48,893.4,,ambiguous
spatial,scene_0000,control,text_only,sketchvla_prompt_conditioned_latent_action,blank,2,False,,240,False,False,,True,True,True,akita_black_bowl_1,True,,False,0.2938,,,,,,,,d1b42b0dcd62c359,04c26b23db2a7ca8,4f63a79a140456ac,48,900.6,,ambiguous
spatial,scene_0000,control,text_only,sketchvla_prompt_conditioned_latent_action,blank,3,False,,240,False,False,,True,True,True,akita_black_bowl_1,True,,False,0.2807,,,,,,,,d1b42b0dcd62c359,248f6e5363774767,148c0f31b6c446df,48,927.2,,ambiguous
spatial,scene_0000,control,text_only,sketchvla_prompt_conditioned_latent_action,blank,4,False,,240,False,False,,True,True,True,akita_black_bowl_1,True,,False,0.2904,,,,,,,,d1b42b0dcd62c359,aa65bfdc9bf4f204,f55fe50d26bc7943,48,912.2,,ambiguous
spatial,scene_0000,control,text_only,sketchvla_prompt_conditioned_latent_action,blank,5,False,,240,False,False,,True,True,True,akita_black_bowl_1,True,,False,0.2736,,,,,,,,d1b42b0dcd62c359,75f74059da3c6d31,dfd7cdb3256c9c82,48,965.6,,ambiguous
spatial,scene_0000,control,text_only,sketchvla_prompt_conditioned_latent_action,blank,6,False,,240,False,False,,True,True,True,akita_black_bowl_1,True,,False,0.2989,,,,,,,,d1b42b0dcd62c359,45be480e7e214cbb,0a2bdd45b7ac70f0,48,875.1,,ambiguous
spatial,scene_0000,control,text_only,sketchvla_prompt_conditioned_latent_action,blank,7,False,,240,False,False,,True,True,True,akita_black_bowl_1,True,,False,0.2698,,,,,,,,d1b42b0dcd62c359,62ca97d02b8fa7b2,8af8137114f7574e,48,859.4,,ambiguous
spatial,scene_0000,control,text_only,sketchvla_prompt_conditioned_latent_action,blank,8,False,,240,False,False,,True,True,True,akita_black_bowl_1,True,,False,0.2856,,,,,,,,d1b42b0dcd62c359,528c1ab1c69fd749,5b1de5730793d81a,48,928.4,,ambiguous
spatial,scene_0000,control,text_only,sketchvla_prompt_conditioned_latent_action,blank,9,False,,240,False,False,,True,True,True,akita_black_bowl_1,True,,False,0.2816,,,,,,,,d1b42b0dcd62c359,c642c9e3d19034c2,ebb0e3e34203e6da,48,876.2,,ambiguous
spatial,scene_0000,control,text_only,sketchvla_prompt_conditioned_latent_action,blank,10,False,,240,False,False,,True,True,True,akita_black_bowl_1,True,,False,0.2673,,,,,,,,d1b42b0dcd62c359,a0be40161f6fc23c,92df8f3d2dd6bf22,48,894.2,,ambiguous
spatial,scene_0000,control,text_only,sketchvla_prompt_conditioned_latent_action,blank,11,False,,240,False,False,,True,True,True,akita_black_bowl_1,True,,False,0.284,,,,,,,,d1b42b0dcd62c359,43bab5fcb9f1350c,eed55a32b5f2c48c,48,843.5,,ambiguous
spatial,scene_0000,control,text_only,sketchvla_prompt_conditioned_latent_action,blank,12,False,,240,False,False,,True,True,True,akita_black_bowl_1,True,,False,0.292,,,,,,,,d1b42b0dcd62c359,41339790b01ea731,bb969653b2d2dc5e,48,872.1,,ambiguous
spatial,scene_0000,control,text_only,sketchvla_prompt_conditioned_latent_action,blank,13,False,,240,False,False,,True,True,True,akita_black_bowl_1,True,,False,0.2867,,,,,,,,d1b42b0dcd62c359,b61ef92e29c45045,9a919894ee456a2d,48,847.4,,ambiguous
spatial,scene_0001,control,text_only,sketchvla_prompt_conditioned_latent_action,blank,0,False,,240,False,False,,True,False,False,,False,,False,0.1893,,,,,,,,52a969ecb73b891c,fac78ca28fdacafa,731ad42cf166d55b,48,894.2,,ambiguous
spatial,scene_0001,control,text_only,sketchvla_prompt_conditioned_latent_action,blank,1,False,,240,False,False,,True,False,False,,False,,False,0.1446,,,,,,,,52a969ecb73b891c,5283c8ae389625c1,7ea178fedc727612,48,901.9,,ambiguous
spatial,scene_0001,control,text_only,sketchvla_prompt_conditioned_latent_action,blank,2,False,,240,False,False,,True,False,False,,False,,False,0.142,,,,,,,,52a969ecb73b891c,672b57f2b705bb98,2496c17c591360d0,48,907.4,,ambiguous
spatial,scene_0001,control,text_only,sketchvla_prompt_conditioned_latent_action,blank,3,False,,240,False,False,,True,False,False,,False,,False,0.1642,,,,,,,,52a969ecb73b891c,01518cc0bee35ff8,bd86190b11ce7cba,48,937.6,,ambiguous
spatial,scene_0001,control,text_only,sketchvla_prompt_conditioned_latent_action,blank,4,False,,240,False,False,,True,False,False,,False,,False,0.146,,,,,,,,52a969ecb73b891c,cf63f3acb23de169,a3656ae4335c5e57,48,921.9,,ambiguous
spatial,scene_0001,control,text_only,sketchvla_prompt_conditioned_latent_action,blank,5,False,,240,False,False,,True,False,False,,False,,False,0.1445,,,,,,,,52a969ecb73b891c,12ad92cb55ebbe26,221633931d11de6a,48,972.8,,ambiguous
spatial,scene_0001,control,text_only,sketchvla_prompt_conditioned_latent_action,blank,6,False,,240,False,False,,True,False,False,,False,,False,0.1479,,,,,,,,52a969ecb73b891c,3fc48d8b02e38e22,c02a6fc41fd81ac2,48,885.4,,ambiguous
spatial,scene_0001,control,text_only,sketchvla_prompt_conditioned_latent_action,blank,7,False,,240,False,False,,True,False,False,,False,,False,0.1446,,,,,,,,52a969ecb73b891c,1d4cf7e84f954424,1a5706dcfd9bbfe8,48,876.1,,ambiguous
spatial,scene_0001,control,text_only,sketchvla_prompt_conditioned_latent_action,blank,8,False,,240,False,False,,True,False,False,,False,,False,0.1485,,,,,,,,52a969ecb73b891c,113f323aeafc3196,3cf27d409811f9b2,48,943.3,,ambiguous
spatial,scene_0001,control,text_only,sketchvla_prompt_conditioned_latent_action,blank,9,False,,240,False,False,,True,False,False,,False,,False,0.1473,,,,,,,,52a969ecb73b891c,13f13d53de9fa58b,9afceef761b81dbf,48,893.9,,ambiguous
spatial,scene_0001,control,text_only,sketchvla_prompt_conditioned_latent_action,blank,10,False,,240,False,False,,True,False,False,,False,,False,0.1473,,,,,,,,52a969ecb73b891c,e0e7cfb066565baf,a6383ebcd6ce5af2,48,899.0,,ambiguous
spatial,scene_0001,control,text_only,sketchvla_prompt_conditioned_latent_action,blank,11,False,,240,False,False,,True,False,False,,False,,False,0.148,,,,,,,,52a969ecb73b891c,be321b6433b01712,2347ed037325d896,48,856.2,,ambiguous
spatial,scene_0001,control,text_only,sketchvla_prompt_conditioned_latent_action,blank,12,False,,240,False,False,,True,False,False,,False,,False,0.1523,,,,,,,,52a969ecb73b891c,f0b98a1daf130976,f9d11b64a8049fe1,48,885.1,,ambiguous
spatial,scene_0001,control,text_only,sketchvla_prompt_conditioned_latent_action,blank,13,False,,240,False,False,,True,False,False,,False,,False,0.1473,,,,,,,,52a969ecb73b891c,2c75adb13579244c,7b7dda9060e2b9c9,48,863.0,,ambiguous
spatial,scene_0002,control,text_only,sketchvla_prompt_conditioned_latent_action,blank,0,False,,240,False,False,,True,True,True,akita_black_bowl_1,True,,False,0.1588,,,,,,,,d623ad20cb2fe88c,bcaec38e34c4bf39,709ad5aa32bb28ad,48,868.8,,ambiguous
spatial,scene_0002,control,text_only,sketchvla_prompt_conditioned_latent_action,blank,1,False,,240,False,False,,True,True,True,akita_black_bowl_1,True,,False,0.1735,,,,,,,,d623ad20cb2fe88c,dd82429f8d03b462,185c9af4772b1d9f,48,868.7,,ambiguous
spatial,scene_0002,control,text_only,sketchvla_prompt_conditioned_latent_action,blank,2,False,,240,False,False,,True,True,True,akita_black_bowl_1,True,,False,0.1514,,,,,,,,d623ad20cb2fe88c,8641922af5ac86d2,f2088086e465765c,48,871.8,,ambiguous
spatial,scene_0002,control,text_only,sketchvla_prompt_conditioned_latent_action,blank,3,False,,240,False,False,,True,True,True,akita_black_bowl_1,True,,False,0.1582,,,,,,,,d623ad20cb2fe88c,791098dff36b2a66,014a130a7a3ef7c7,48,932.6,,ambiguous
spatial,scene_0002,control,text_only,sketchvla_prompt_conditioned_latent_action,blank,4,False,,240,False,False,,True,True,True,akita_black_bowl_1,True,,False,0.1603,,,,,,,,d623ad20cb2fe88c,65e91c436d0c6e80,34f3a73336e9faab,48,920.0,,ambiguous
spatial,scene_0002,control,text_only,sketchvla_prompt_conditioned_latent_action,blank,5,False,,240,False,False,,True,True,True,akita_black_bowl_1,True,,False,0.1827,,,,,,,,d623ad20cb2fe88c,095ddfa1f8d79b28,11bd6fd30303c0f4,48,990.3,,ambiguous
spatial,scene_0002,control,text_only,sketchvla_prompt_conditioned_latent_action,blank,6,False,,240,False,False,,True,True,True,akita_black_bowl_1,True,,False,0.1587,,,,,,,,d623ad20cb2fe88c,42df10a25d7ffd3b,e7ce04b20f44ba92,48,889.3,,ambiguous
spatial,scene_0002,control,text_only,sketchvla_prompt_conditioned_latent_action,blank,7,False,,240,False,False,,True,True,True,akita_black_bowl_1,True,,False,0.1381,,,,,,,,d623ad20cb2fe88c,66ac675ea9059a8b,a55aa47909a29ded,48,884.9,,ambiguous
spatial,scene_0002,control,text_only,sketchvla_prompt_conditioned_latent_action,blank,8,False,,240,False,False,,True,True,True,akita_black_bowl_1,True,,False,0.1451,,,,,,,,d623ad20cb2fe88c,829f560490416271,106156b1cb0ff268,48,915.9,,ambiguous
spatial,scene_0002,control,text_only,sketchvla_prompt_conditioned_latent_action,blank,9,False,,240,False,False,,True,True,True,akita_black_bowl_1,True,,False,0.1297,,,,,,,,d623ad20cb2fe88c,e6fb77d4761630fd,5018c865e1f50ee0,48,879.0,,ambiguous
spatial,scene_0002,control,text_only,sketchvla_prompt_conditioned_latent_action,blank,10,False,,240,False,False,,True,True,True,akita_black_bowl_1,True,,False,0.2064,,,,,,,,d623ad20cb2fe88c,26c2c0df0547fb3f,1ebff4854345fdaa,48,910.9,,ambiguous
spatial,scene_0002,control,text_only,sketchvla_prompt_conditioned_latent_action,blank,11,False,,240,False,False,,True,True,True,akita_black_bowl_1,True,,False,0.1749,,,,,,,,d623ad20cb2fe88c,fc6777534f08164d,d69d9ae23030dc62,48,889.6,,ambiguous
spatial,scene_0002,control,text_only,sketchvla_prompt_conditioned_latent_action,blank,12,False,,240,False,False,,True,True,True,akita_black_bowl_1,True,,False,0.1595,,,,,,,,d623ad20cb2fe88c,f5f2dc4039bd513b,967728b9cf4d4b38,48,870.0,,ambiguous
spatial,scene_0002,control,text_only,sketchvla_prompt_conditioned_latent_action,blank,13,False,,240,False,False,,True,True,True,akita_black_bowl_1,True,,False,0.154,,,,,,,,d623ad20cb2fe88c,c27965dd37fd099f,bc2fa8c04c565544,48,855.0,,ambiguous
spatial,scene_0003,control,text_only,sketchvla_prompt_conditioned_latent_action,blank,0,False,,240,False,False,,True,False,False,,False,,False,0.1211,,,,,,,,48f86918170bf94c,d49357f1eb98e9a0,cde25ffb0e83e06d,48,858.5,,ambiguous
spatial,scene_0003,control,text_only,sketchvla_prompt_conditioned_latent_action,blank,1,False,,240,False,False,,True,False,False,,False,,False,0.1237,,,,,,,,48f86918170bf94c,e7fc90955590f887,bf1cc0f4f30939c1,48,855.7,,ambiguous
spatial,scene_0003,control,text_only,sketchvla_prompt_conditioned_latent_action,blank,2,False,,240,False,False,,True,True,True,akita_black_bowl_1,True,,False,0.1143,,,,,,,,48f86918170bf94c,4594c452bf291ff6,c0065c849dcb51f3,48,861.8,,ambiguous
spatial,scene_0003,control,text_only,sketchvla_prompt_conditioned_latent_action,blank,3,False,,240,False,False,,True,False,False,,False,,False,0.1212,,,,,,,,48f86918170bf94c,e37497016969b202,ebae962cac9451aa,48,922.3,,ambiguous
spatial,scene_0003,control,text_only,sketchvla_prompt_conditioned_latent_action,blank,4,False,,240,False,False,,True,False,False,,False,,False,0.1386,,,,,,,,48f86918170bf94c,af08be08d10c35de,14e4e52d89e14e91,48,910.3,,ambiguous
spatial,scene_0003,control,text_only,sketchvla_prompt_conditioned_latent_action,blank,5,False,,240,False,False,,True,True,True,akita_black_bowl_1,True,,False,0.1107,,,,,,,,48f86918170bf94c,a2664ca28cd1b7bd,68fe749039f54edc,48,983.5,,ambiguous
spatial,scene_0003,control,text_only,sketchvla_prompt_conditioned_latent_action,blank,6,False,,240,False,False,,True,True,True,akita_black_bowl_1,True,,False,0.1293,,,,,,,,48f86918170bf94c,cbc5d004d7c2a9b4,bb09356a80e8622e,48,879.1,,ambiguous
spatial,scene_0003,control,text_only,sketchvla_prompt_conditioned_latent_action,blank,7,False,,240,False,False,,True,False,False,,False,,False,0.1206,,,,,,,,48f86918170bf94c,fd73578a204e6db9,7c46c5a7fae4cdc1,48,875.3,,ambiguous
spatial,scene_0003,control,text_only,sketchvla_prompt_conditioned_latent_action,blank,8,False,,240,False,False,,True,False,False,,False,,False,0.1247,,,,,,,,48f86918170bf94c,d72b94d8882b10c8,f740851be281183e,48,906.9,,ambiguous
spatial,scene_0003,control,text_only,sketchvla_prompt_conditioned_latent_action,blank,9,False,,240,False,False,,True,False,False,,False,,False,0.1225,,,,,,,,48f86918170bf94c,1bb7ffd48ab7c163,e480d559225dbe03,48,878.6,,ambiguous
spatial,scene_0003,control,text_only,sketchvla_prompt_conditioned_latent_action,blank,10,False,,240,False,False,,True,False,False,,False,,False,0.117,,,,,,,,48f86918170bf94c,e3a929704f27dc69,516f5d73bbac27ae,48,894.4,,ambiguous
spatial,scene_0003,control,text_only,sketchvla_prompt_conditioned_latent_action,blank,11,False,,240,False,False,,True,False,False,,False,,False,0.1349,,,,,,,,48f86918170bf94c,0c315cd5e1f5dd3d,5f728f225a75e060,48,881.4,,ambiguous
spatial,scene_0003,control,text_only,sketchvla_prompt_conditioned_latent_action,blank,12,False,,240,False,False,,True,False,False,,False,,False,0.1185,,,,,,,,48f86918170bf94c,d87061734040261b,3252b38fb5cc81a8,48,866.1,,ambiguous
spatial,scene_0003,control,text_only,sketchvla_prompt_conditioned_latent_action,blank,13,False,,240,False,False,,True,False,False,,False,,False,0.1119,,,,,,,,48f86918170bf94c,dd92d4c8359d5f9a,c6ebc8026fb44be4,48,842.7,,ambiguous
spatial,scene_0004,control,text_only,sketchvla_prompt_conditioned_latent_action,blank,0,False,,240,True,True,110,True,True,True,akita_black_bowl_1,True,plate_1,True,0.0197,,,,,,,,1720ae1e3a2db4e0,fe9149d67c1e3706,21ccbc798106276e,48,495.1,,ambiguous
spatial,scene_0004,control,text_only,sketchvla_prompt_conditioned_latent_action,blank,1,False,,240,True,True,104,True,True,True,akita_black_bowl_1,True,plate_1,True,0.0205,,,,,,,,1720ae1e3a2db4e0,f18b635539c6d47c,b2a7c6dc328f1037,48,480.2,,ambiguous
spatial,scene_0004,control,text_only,sketchvla_prompt_conditioned_latent_action,blank,2,False,,240,True,True,86,True,True,True,akita_black_bowl_1,True,plate_1,True,0.0206,,,,,,,,1720ae1e3a2db4e0,255309cd7f547d0a,5a8a20021ed0f087,48,511.2,,ambiguous
spatial,scene_0004,control,text_only,sketchvla_prompt_conditioned_latent_action,blank,3,False,,240,True,True,91,True,True,True,akita_black_bowl_1,True,plate_1,True,0.0211,,,,,,,,1720ae1e3a2db4e0,5f120beec1bda477,7fc83b49e71bbb28,48,497.5,,ambiguous
spatial,scene_0004,control,text_only,sketchvla_prompt_conditioned_latent_action,blank,4,False,,240,False,True,93,True,True,True,akita_black_bowl_1,True,plate_1,True,0.0133,,,,,,,,1720ae1e3a2db4e0,ee3eac39e4ed83c0,ba80c177bad18eda,48,502.2,,ambiguous
spatial,scene_0004,control,text_only,sketchvla_prompt_conditioned_latent_action,blank,5,False,,240,True,True,130,True,True,True,akita_black_bowl_1,True,plate_1,True,0.0201,,,,,,,,1720ae1e3a2db4e0,6dc7c956c8244a28,16503233588368b2,48,484.9,,ambiguous
spatial,scene_0004,control,text_only,sketchvla_prompt_conditioned_latent_action,blank,6,False,,240,True,True,92,True,True,True,akita_black_bowl_1,True,plate_1,True,0.0145,,,,,,,,1720ae1e3a2db4e0,bc95d2470abd92e8,28bd872492acc854,48,480.9,,ambiguous
spatial,scene_0004,control,text_only,sketchvla_prompt_conditioned_latent_action,blank,7,False,,240,True,True,92,True,True,True,akita_black_bowl_1,True,plate_1,True,0.0165,,,,,,,,1720ae1e3a2db4e0,4e2ca55f11fb71fc,e992cbd640123b01,48,489.5,,ambiguous
spatial,scene_0004,control,text_only,sketchvla_prompt_conditioned_latent_action,blank,8,False,,240,True,True,91,True,True,True,akita_black_bowl_1,True,plate_1,True,0.0128,,,,,,,,1720ae1e3a2db4e0,47fa1ed78579e6ea,657fd876c38bd888,48,491.0,,ambiguous
spatial,scene_0004,control,text_only,sketchvla_prompt_conditioned_latent_action,blank,9,False,,240,True,True,94,True,True,True,akita_black_bowl_1,True,plate_1,True,0.0156,,,,,,,,1720ae1e3a2db4e0,b73cc49a63cd2029,629b451639472bb2,48,483.4,,ambiguous
spatial,scene_0004,control,text_only,sketchvla_prompt_conditioned_latent_action,blank,10,False,,240,True,True,93,True,True,True,akita_black_bowl_1,True,plate_1,True,0.015,,,,,,,,1720ae1e3a2db4e0,24040f0780a9fd9a,9f94de8b1f401017,48,478.5,,ambiguous
spatial,scene_0004,control,text_only,sketchvla_prompt_conditioned_latent_action,blank,11,False,,240,True,True,95,True,True,True,akita_black_bowl_1,True,plate_1,True,0.0152,,,,,,,,1720ae1e3a2db4e0,9bc73aaa30604593,623d17fd3fb41a2b,48,471.5,,ambiguous
spatial,scene_0004,control,text_only,sketchvla_prompt_conditioned_latent_action,blank,12,False,,240,True,True,90,True,True,True,akita_black_bowl_1,True,plate_1,True,0.0132,,,,,,,,1720ae1e3a2db4e0,fdced6df84f0e313,9ef59f48d7593e57,48,493.2,,ambiguous
spatial,scene_0004,control,text_only,sketchvla_prompt_conditioned_latent_action,blank,13,False,,240,True,True,93,True,True,True,akita_black_bowl_1,True,plate_1,True,0.0156,,,,,,,,1720ae1e3a2db4e0,3c56a80ede66ae77,170c7a65d679fabb,48,511.0,,ambiguous
spatial,scene_0005,referential,text_only,sketchvla_prompt_conditioned_latent_action,blank,0,False,,240,False,False,,True,False,False,,False,,False,0.1989,,,,,,,,f0dc1eb55adde9e8,f6f3499b5b0addd6,79d07e43f1bd73ec,48,784.1,,ambiguous
spatial,scene_0005,referential,text_only,sketchvla_prompt_conditioned_latent_action,blank,1,False,,240,False,False,,True,False,False,,False,,False,0.1989,,,,,,,,f0dc1eb55adde9e8,31126a4bd36711c8,0a3f235453acece0,48,895.4,,ambiguous
spatial,scene_0005,referential,text_only,sketchvla_prompt_conditioned_latent_action,blank,2,False,,240,False,False,,True,False,False,,False,,False,0.1803,,,,,,,,f0dc1eb55adde9e8,c48778b0da6289af,1d85fc6aaeb81419,48,881.8,,ambiguous
spatial,scene_0005,referential,text_only,sketchvla_prompt_conditioned_latent_action,blank,3,False,,240,False,False,,True,False,False,,False,,False,0.2008,,,,,,,,f0dc1eb55adde9e8,0d7e0f877bebfd4d,b44b1fd549549340,48,911.1,,ambiguous
spatial,scene_0005,referential,text_only,sketchvla_prompt_conditioned_latent_action,blank,4,False,,240,False,False,,True,False,False,,False,,False,0.1989,,,,,,,,f0dc1eb55adde9e8,ed6a46d398118a02,a6cdf19d4f54a8d4,48,887.9,,ambiguous
spatial,scene_0005,referential,text_only,sketchvla_prompt_conditioned_latent_action,blank,5,False,,240,False,False,,True,False,False,,False,,False,0.1989,,,,,,,,f0dc1eb55adde9e8,ce7c7ee856c2b079,7ec99204c6549683,48,839.9,,ambiguous
spatial,scene_0005,referential,text_only,sketchvla_prompt_conditioned_latent_action,blank,6,False,,240,False,False,,True,False,False,,False,,False,0.2038,,,,,,,,f0dc1eb55adde9e8,cbf9997f0174e18f,cb8b878796920e21,48,856.8,,ambiguous
spatial,scene_0005,referential,text_only,sketchvla_prompt_conditioned_latent_action,blank,7,False,,240,False,False,,True,False,False,,False,,False,0.1982,,,,,,,,f0dc1eb55adde9e8,8b4e442a5c6abf22,3b67a1869104b5d9,48,853.2,,ambiguous
spatial,scene_0005,referential,text_only,sketchvla_prompt_conditioned_latent_action,blank,8,False,,240,False,False,,True,False,False,,False,,False,0.1989,,,,,,,,f0dc1eb55adde9e8,6c65ac1addc9ee57,27733667e8f20fa3,48,938.0,,ambiguous
spatial,scene_0005,referential,text_only,sketchvla_prompt_conditioned_latent_action,blank,9,False,,240,False,False,,True,False,False,,False,,False,0.1989,,,,,,,,f0dc1eb55adde9e8,36f4d4a18a2fcc1d,c63c367d25bbe456,48,839.3,,ambiguous
spatial,scene_0005,referential,text_only,sketchvla_prompt_conditioned_latent_action,blank,10,False,,240,False,False,,True,False,False,,False,,False,0.199,,,,,,,,f0dc1eb55adde9e8,49fe6eaf8a3ed078,cb894b5a6c23709e,48,908.9,,ambiguous
spatial,scene_0005,referential,text_only,sketchvla_prompt_conditioned_latent_action,blank,11,False,,240,False,False,,True,False,False,,False,,False,0.2005,,,,,,,,f0dc1eb55adde9e8,aa81422b8a463e6e,f3f7d0c915ef6457,48,895.4,,ambiguous
spatial,scene_0005,referential,text_only,sketchvla_prompt_conditioned_latent_action,blank,12,False,,240,False,False,,True,False,False,,False,,False,0.1976,,,,,,,,f0dc1eb55adde9e8,eb32be6a24253e78,34e295525de9d9dc,48,878.8,,ambiguous
spatial,scene_0005,referential,text_only,sketchvla_prompt_conditioned_latent_action,blank,13,False,,240,False,False,,True,False,False,,False,,False,0.1989,,,,,,,,f0dc1eb55adde9e8,0ccaeb3477a0a92b,bfe63509e2cee980,48,894.4,,ambiguous
spatial,scene_0006,referential,text_only,sketchvla_prompt_conditioned_latent_action,blank,0,False,,240,False,False,,True,False,False,,False,,False,0.318,,,,,,,,b1712668a66d84e4,03c3a4ce3bfbd3e3,e805c6605b618f3c,48,843.2,,ambiguous
spatial,scene_0006,referential,text_only,sketchvla_prompt_conditioned_latent_action,blank,1,False,,240,False,False,,True,True,True,akita_black_bowl_1,True,,False,0.3375,,,,,,,,b1712668a66d84e4,602a5c0cebf6dcc4,c54f34d095d8dbe4,48,868.6,,ambiguous
spatial,scene_0006,referential,text_only,sketchvla_prompt_conditioned_latent_action,blank,2,False,,240,False,False,,True,True,True,akita_black_bowl_1,True,,False,0.306,,,,,,,,b1712668a66d84e4,e00e24715ce53b91,03a4bfc1cf86fe1c,48,886.1,,ambiguous
spatial,scene_0006,referential,text_only,sketchvla_prompt_conditioned_latent_action,blank,3,False,,240,False,False,,True,True,True,akita_black_bowl_1,True,,False,0.359,,,,,,,,b1712668a66d84e4,34b2354bd3217663,99a00ed28fd78ef3,48,887.8,,ambiguous
spatial,scene_0006,referential,text_only,sketchvla_prompt_conditioned_latent_action,blank,4,False,,240,False,False,,True,True,True,akita_black_bowl_1,True,,False,0.3414,,,,,,,,b1712668a66d84e4,9414cc3c85921482,71cf03a1bd19d4ab,48,878.8,,ambiguous
spatial,scene_0006,referential,text_only,sketchvla_prompt_conditioned_latent_action,blank,5,False,,240,False,False,,True,True,True,akita_black_bowl_1,True,,False,0.3302,,,,,,,,b1712668a66d84e4,b98c3a59b2d88ef9,7ebbcb4b208e6484,48,813.5,,ambiguous
spatial,scene_0006,referential,text_only,sketchvla_prompt_conditioned_latent_action,blank,6,False,,240,False,False,,True,False,False,,False,,False,0.2871,,,,,,,,b1712668a66d84e4,2ec540adf3e11fd7,f895ec25a5b4b792,48,847.4,,ambiguous
spatial,scene_0006,referential,text_only,sketchvla_prompt_conditioned_latent_action,blank,7,False,,240,False,False,,True,False,False,,False,,False,0.3106,,,,,,,,b1712668a66d84e4,8ac862f150d094ad,03ecaca9208e5b65,48,873.4,,ambiguous
spatial,scene_0006,referential,text_only,sketchvla_prompt_conditioned_latent_action,blank,8,False,,240,False,False,,True,True,True,akita_black_bowl_1,True,,False,0.3241,,,,,,,,b1712668a66d84e4,8795540163d87cab,1c7424aeffe20d8d,48,913.0,,ambiguous
spatial,scene_0006,referential,text_only,sketchvla_prompt_conditioned_latent_action,blank,9,False,,240,False,False,,True,False,False,,False,,False,0.3193,,,,,,,,b1712668a66d84e4,55876db1e6b7b200,05d6452820acfef1,48,846.3,,ambiguous
spatial,scene_0006,referential,text_only,sketchvla_prompt_conditioned_latent_action,blank,10,False,,240,False,False,,True,True,True,akita_black_bowl_1,True,,False,0.3311,,,,,,,,b1712668a66d84e4,ec0c0308fb798f6e,0a978a105e9eaaf1,48,889.8,,ambiguous
spatial,scene_0006,referential,text_only,sketchvla_prompt_conditioned_latent_action,blank,11,False,,240,False,False,,True,True,True,akita_black_bowl_1,True,,False,0.3143,,,,,,,,b1712668a66d84e4,ec9c6ee062fa3e67,faea320adaa025c1,48,871.5,,ambiguous
spatial,scene_0006,referential,text_only,sketchvla_prompt_conditioned_latent_action,blank,12,False,,240,False,False,,True,False,False,,False,,False,0.275,,,,,,,,b1712668a66d84e4,8558fa79cf68cbbc,017e904b7d8b1edd,48,883.4,,ambiguous
spatial,scene_0006,referential,text_only,sketchvla_prompt_conditioned_latent_action,blank,13,False,,240,False,False,,True,True,True,akita_black_bowl_1,True,,False,0.3184,,,,,,,,b1712668a66d84e4,010625b0e487896f,7892685d635d6fff,48,856.0,,ambiguous
spatial,scene_0007,referential,text_only,sketchvla_prompt_conditioned_latent_action,blank,0,False,,240,False,False,,True,False,False,,False,,False,0.3624,,,,,,,,fb0befc59668784e,466b34ff793da988,175e1fa0ad73f771,48,502.2,,ambiguous
spatial,scene_0007,referential,text_only,sketchvla_prompt_conditioned_latent_action,blank,1,False,,240,False,False,,True,False,False,,False,,False,0.3606,,,,,,,,fb0befc59668784e,a8cedc3d9f1e6851,28cf29b54a5cf190,48,480.3,,ambiguous
spatial,scene_0007,referential,text_only,sketchvla_prompt_conditioned_latent_action,blank,2,False,,240,False,False,,True,False,False,,False,,False,0.3616,,,,,,,,fb0befc59668784e,f5e345e4599246f0,854af67ea45b1f9f,48,504.9,,ambiguous
spatial,scene_0007,referential,text_only,sketchvla_prompt_conditioned_latent_action,blank,3,False,,240,False,False,,True,True,True,glazed_rim_porcelain_ramekin_1,False,,False,0.2706,,,,,,,,fb0befc59668784e,03e7ab9585fc0325,af7a914aafdcb03e,48,504.8,,ambiguous
spatial,scene_0007,referential,text_only,sketchvla_prompt_conditioned_latent_action,blank,4,False,,240,False,False,,True,True,True,akita_black_bowl_2,False,,False,0.2386,,,,,,,,fb0befc59668784e,8d1ad6c3b6fe4f68,51e14cca0860dec7,48,491.8,,ambiguous
spatial,scene_0007,referential,text_only,sketchvla_prompt_conditioned_latent_action,blank,5,False,,240,False,False,,True,False,False,,False,,False,0.3602,,,,,,,,fb0befc59668784e,d757356bab808858,a5b51ad0cdf87a10,48,485.1,,ambiguous
spatial,scene_0007,referential,text_only,sketchvla_prompt_conditioned_latent_action,blank,6,False,,240,False,False,,True,True,True,akita_black_bowl_2,False,,False,0.2577,,,,,,,,fb0befc59668784e,5d88ee3a8c287268,45b537122d0eb55b,48,486.3,,ambiguous
spatial,scene_0007,referential,text_only,sketchvla_prompt_conditioned_latent_action,blank,7,False,,240,False,False,,True,False,False,,False,,False,0.3602,,,,,,,,fb0befc59668784e,1133bd28e34414ff,430512dfc0df9c08,48,505.4,,ambiguous
spatial,scene_0007,referential,text_only,sketchvla_prompt_conditioned_latent_action,blank,8,False,,240,False,False,,True,False,False,,False,,False,0.3637,,,,,,,,fb0befc59668784e,049ac01a59f426c7,b96a665cf5a8c682,48,493.1,,ambiguous
spatial,scene_0007,referential,text_only,sketchvla_prompt_conditioned_latent_action,blank,9,False,,240,False,False,,True,False,False,,False,,False,0.3605,,,,,,,,fb0befc59668784e,5fe37ce8a6637aa4,570f933d4fe89d35,48,493.6,,ambiguous
spatial,scene_0007,referential,text_only,sketchvla_prompt_conditioned_latent_action,blank,10,False,,240,False,False,,True,True,True,akita_black_bowl_2,False,,False,0.2479,,,,,,,,fb0befc59668784e,183324dcd52c7eca,21cd26efa7dcd740,48,463.9,,ambiguous
spatial,scene_0007,referential,text_only,sketchvla_prompt_conditioned_latent_action,blank,11,False,,240,False,False,,True,False,False,,False,,False,0.359,,,,,,,,fb0befc59668784e,1449080a7f87f172,8aa988a6b9f4ad22,48,479.8,,ambiguous
spatial,scene_0007,referential,text_only,sketchvla_prompt_conditioned_latent_action,blank,12,False,,240,False,False,,True,False,False,,False,,False,0.3602,,,,,,,,fb0befc59668784e,1dc7700fa4800e52,49724ec66ab03e7f,48,504.0,,ambiguous
spatial,scene_0007,referential,text_only,sketchvla_prompt_conditioned_latent_action,blank,13,False,,240,False,False,,True,True,True,akita_black_bowl_2,False,,False,0.2674,,,,,,,,fb0befc59668784e,6e2c46e2bb504d71,534159570eb668a8,48,467.8,,ambiguous
spatial,scene_0008,referential,text_only,sketchvla_prompt_conditioned_latent_action,blank,0,False,,240,False,False,,True,True,True,akita_black_bowl_1,False,,False,0.252,,,,,,,,b5bc6f7854e8d826,a0cfb253155c9e01,09b2122453f56cf6,48,820.3,,ambiguous
spatial,scene_0008,referential,text_only,sketchvla_prompt_conditioned_latent_action,blank,1,False,,240,False,False,,True,True,True,akita_black_bowl_1,False,,False,0.3205,,,,,,,,b5bc6f7854e8d826,787dea01ee5b87b8,04437229e3f0f808,48,829.0,,ambiguous
spatial,scene_0008,referential,text_only,sketchvla_prompt_conditioned_latent_action,blank,2,False,,240,False,False,,True,True,True,akita_black_bowl_1,False,,False,0.2779,,,,,,,,b5bc6f7854e8d826,fe9a7bbd62914ff5,e9798b35701f00a8,48,846.6,,ambiguous
spatial,scene_0008,referential,text_only,sketchvla_prompt_conditioned_latent_action,blank,3,False,,240,False,False,,True,True,True,akita_black_bowl_1,False,,False,0.3013,,,,,,,,b5bc6f7854e8d826,0be848a33724c6ea,cb135062142869f4,48,893.1,,ambiguous
spatial,scene_0008,referential,text_only,sketchvla_prompt_conditioned_latent_action,blank,4,False,,240,False,False,,True,True,True,akita_black_bowl_1,False,,False,0.3266,,,,,,,,b5bc6f7854e8d826,5d58eb788ec8349d,438f9cb9dffe9b76,48,830.9,,ambiguous
spatial,scene_0008,referential,text_only,sketchvla_prompt_conditioned_latent_action,blank,5,False,,240,False,False,,True,True,True,akita_black_bowl_1,False,,False,0.3084,,,,,,,,b5bc6f7854e8d826,3c89942281b5530d,9ec46bce6aa234f9,48,826.7,,ambiguous
spatial,scene_0008,referential,text_only,sketchvla_prompt_conditioned_latent_action,blank,6,False,,240,False,False,,True,True,True,akita_black_bowl_1,False,,False,0.2476,,,,,,,,b5bc6f7854e8d826,4d0a862fabf835b3,aaf385ec2888a7a7,48,878.4,,ambiguous
spatial,scene_0008,referential,text_only,sketchvla_prompt_conditioned_latent_action,blank,7,False,,240,False,False,,True,True,True,akita_black_bowl_1,False,,False,0.3193,,,,,,,,b5bc6f7854e8d826,a2135d1c41da655e,3a6c87d0647a3ee0,48,849.6,,ambiguous
spatial,scene_0008,referential,text_only,sketchvla_prompt_conditioned_latent_action,blank,8,False,,240,False,False,,True,True,True,akita_black_bowl_1,False,,False,0.3055,,,,,,,,b5bc6f7854e8d826,7396700753e33347,6453c3c8ee7ee74c,48,856.0,,ambiguous
spatial,scene_0008,referential,text_only,sketchvla_prompt_conditioned_latent_action,blank,9,False,,240,False,False,,True,True,True,akita_black_bowl_1,False,,False,0.3111,,,,,,,,b5bc6f7854e8d826,759ec882f24889f3,3a5fca6af0f8a477,48,857.0,,ambiguous
spatial,scene_0008,referential,text_only,sketchvla_prompt_conditioned_latent_action,blank,10,False,,240,False,False,,True,True,True,akita_black_bowl_1,False,,False,0.2635,,,,,,,,b5bc6f7854e8d826,9579b20981557a0e,f99005a8eda24c23,48,883.4,,ambiguous
spatial,scene_0008,referential,text_only,sketchvla_prompt_conditioned_latent_action,blank,11,False,,240,False,False,,True,True,True,akita_black_bowl_1,False,,False,0.3182,,,,,,,,b5bc6f7854e8d826,d02786ce7d151f85,cba3c6c6d77b003d,48,849.0,,ambiguous
spatial,scene_0008,referential,text_only,sketchvla_prompt_conditioned_latent_action,blank,12,False,,240,False,False,,True,True,True,akita_black_bowl_1,False,,False,0.2453,,,,,,,,b5bc6f7854e8d826,b704ca0e751bd7e6,3e0165d588ea5004,48,847.8,,ambiguous
spatial,scene_0008,referential,text_only,sketchvla_prompt_conditioned_latent_action,blank,13,False,,240,False,False,,True,True,True,akita_black_bowl_1,False,,False,0.3043,,,,,,,,b5bc6f7854e8d826,431c90f69b200501,69476d6521d3f3c5,48,861.7,,ambiguous
spatial,scene_0009,referential,text_only,sketchvla_prompt_conditioned_latent_action,blank,0,False,,240,False,False,,True,False,False,,False,,False,0.2166,,,,,,,,2ab3a665f4a9fe53,18c6128657ed8e01,63cfa35747bd634d,48,856.5,,ambiguous
spatial,scene_0009,referential,text_only,sketchvla_prompt_conditioned_latent_action,blank,1,False,,240,False,False,,True,True,True,akita_black_bowl_1,False,plate_1,True,0.0446,,,,,,,,2ab3a665f4a9fe53,b1ae4fde2705a772,0838f38cf588b39a,48,851.8,,ambiguous
spatial,scene_0009,referential,text_only,sketchvla_prompt_conditioned_latent_action,blank,2,False,,240,False,False,,True,False,False,,False,,False,0.2559,,,,,,,,2ab3a665f4a9fe53,55ef9aefb8adbde0,0d927ca9aeae6a18,48,869.2,,ambiguous
spatial,scene_0009,referential,text_only,sketchvla_prompt_conditioned_latent_action,blank,3,False,,240,False,False,,True,False,False,,False,,False,0.2251,,,,,,,,2ab3a665f4a9fe53,bfe8a71ec3a8dc94,56a5e306a944e77e,48,934.9,,ambiguous
spatial,scene_0009,referential,text_only,sketchvla_prompt_conditioned_latent_action,blank,4,False,,240,False,False,,True,False,False,,False,,False,0.222,,,,,,,,2ab3a665f4a9fe53,0ec2b30b8d365185,e1753b3e4e0140a2,48,842.6,,ambiguous
spatial,scene_0009,referential,text_only,sketchvla_prompt_conditioned_latent_action,blank,5,False,,240,False,False,,True,False,False,,False,,False,0.2239,,,,,,,,2ab3a665f4a9fe53,3b7d9ca966528268,7bce3602a313b39f,48,880.0,,ambiguous
spatial,scene_0009,referential,text_only,sketchvla_prompt_conditioned_latent_action,blank,6,False,,240,False,False,,True,True,True,akita_black_bowl_1,False,,False,0.1042,,,,,,,,2ab3a665f4a9fe53,44d4a9ff7744f6b0,b7c3a6b0280ab053,48,884.6,,ambiguous
spatial,scene_0009,referential,text_only,sketchvla_prompt_conditioned_latent_action,blank,7,False,,240,False,False,,True,False,False,,False,,False,0.2157,,,,,,,,2ab3a665f4a9fe53,9dc122b0928b14b2,fe013d7f0fe08cde,48,871.4,,ambiguous
spatial,scene_0009,referential,text_only,sketchvla_prompt_conditioned_latent_action,blank,8,False,,240,False,False,,True,False,False,,False,,False,0.235,,,,,,,,2ab3a665f4a9fe53,2d940c8a0b824421,a3aad7016ab24bd8,48,893.5,,ambiguous
spatial,scene_0009,referential,text_only,sketchvla_prompt_conditioned_latent_action,blank,9,False,,240,False,False,,True,True,True,plate_1,False,plate_1,True,0.0,,,,,,,,2ab3a665f4a9fe53,061f7b2c18617eed,6640dbc7afe47864,48,887.6,,ambiguous
spatial,scene_0009,referential,text_only,sketchvla_prompt_conditioned_latent_action,blank,10,False,,240,False,False,,True,False,False,,False,,False,0.2234,,,,,,,,2ab3a665f4a9fe53,69e1b2d54898a8ce,92bb94e8b06d5165,48,905.6,,ambiguous
spatial,scene_0009,referential,text_only,sketchvla_prompt_conditioned_latent_action,blank,11,False,,240,False,False,,True,False,False,,False,,False,0.2223,,,,,,,,2ab3a665f4a9fe53,4e7cd514c325cde6,a2f31857fa26a79a,48,868.3,,ambiguous
spatial,scene_0009,referential,text_only,sketchvla_prompt_conditioned_latent_action,blank,12,False,,240,False,False,,True,True,True,akita_black_bowl_1,False,plate_1,True,0.0176,,,,,,,,2ab3a665f4a9fe53,f86b853f0d65e0ab,b108472438d9710e,48,846.9,,ambiguous
spatial,scene_0009,referential,text_only,sketchvla_prompt_conditioned_latent_action,blank,13,False,,240,False,False,,True,False,False,,False,,False,0.2301,,,,,,,,2ab3a665f4a9fe53,7832eda7c511176e,d70de5d5635c20a8,48,858.0,,ambiguous
spatial,scene_0010,referential,text_only,sketchvla_prompt_conditioned_latent_action,blank,0,False,,240,False,False,,True,True,True,akita_black_bowl_1,False,,False,0.2331,,,,,,,,da9b7cfe6a551244,32a381815a164e49,86cff23cec8372a3,48,820.1,,ambiguous
spatial,scene_0010,referential,text_only,sketchvla_prompt_conditioned_latent_action,blank,1,False,,240,False,False,,True,True,True,akita_black_bowl_1,False,,False,0.2137,,,,,,,,da9b7cfe6a551244,c2cb7a2da1aba1f9,e00867bce4412887,48,856.5,,ambiguous
spatial,scene_0010,referential,text_only,sketchvla_prompt_conditioned_latent_action,blank,2,False,,240,False,False,,True,True,True,akita_black_bowl_1,False,,False,0.2121,,,,,,,,da9b7cfe6a551244,ad17308a9aa5600d,314f7d4b8d6e9a34,48,837.7,,ambiguous
spatial,scene_0010,referential,text_only,sketchvla_prompt_conditioned_latent_action,blank,3,False,,240,False,False,,True,True,True,akita_black_bowl_1,False,,False,0.2085,,,,,,,,da9b7cfe6a551244,6ee9dd120652ce98,44e32777d93e2b70,48,870.3,,ambiguous
spatial,scene_0010,referential,text_only,sketchvla_prompt_conditioned_latent_action,blank,4,False,,240,False,False,,True,True,True,akita_black_bowl_1,False,,False,0.1885,,,,,,,,da9b7cfe6a551244,6c50a43cd88d3c00,cc509231fe564e0f,48,843.4,,ambiguous
spatial,scene_0010,referential,text_only,sketchvla_prompt_conditioned_latent_action,blank,5,False,,240,False,False,,True,True,True,akita_black_bowl_1,False,,False,0.1922,,,,,,,,da9b7cfe6a551244,d045d356f91f5419,a1f513f6b0e2352c,48,852.0,,ambiguous
spatial,scene_0010,referential,text_only,sketchvla_prompt_conditioned_latent_action,blank,6,False,,240,False,False,,True,True,True,akita_black_bowl_1,False,,False,0.1712,,,,,,,,da9b7cfe6a551244,18122d8ae3b2d1f0,aa5ab94b52aa3cb6,48,836.1,,ambiguous
spatial,scene_0010,referential,text_only,sketchvla_prompt_conditioned_latent_action,blank,7,False,,240,False,False,,True,True,True,akita_black_bowl_1,False,,False,0.1849,,,,,,,,da9b7cfe6a551244,463cea38abfe635e,c65d56ba595fda80,48,854.9,,ambiguous
spatial,scene_0010,referential,text_only,sketchvla_prompt_conditioned_latent_action,blank,8,False,,240,False,False,,True,True,True,akita_black_bowl_1,False,,False,0.2315,,,,,,,,da9b7cfe6a551244,e45fe8ec1575fe73,242fefd54200eebc,48,818.7,,ambiguous
spatial,scene_0010,referential,text_only,sketchvla_prompt_conditioned_latent_action,blank,9,False,,240,False,False,,True,True,True,akita_black_bowl_1,False,,False,0.1998,,,,,,,,da9b7cfe6a551244,ca86c0849616a75d,e4e3cda30cb6ea9e,48,840.2,,ambiguous
spatial,scene_0010,referential,text_only,sketchvla_prompt_conditioned_latent_action,blank,10,False,,240,False,False,,True,True,True,akita_black_bowl_1,False,,False,0.2465,,,,,,,,da9b7cfe6a551244,619aca4cfc58aa6b,76516472d82649ea,48,790.1,,ambiguous
spatial,scene_0010,referential,text_only,sketchvla_prompt_conditioned_latent_action,blank,11,False,,240,False,False,,True,True,True,akita_black_bowl_1,False,,False,0.2307,,,,,,,,da9b7cfe6a551244,a74f5ed49c49dd33,5cdb6fb12a23b283,48,825.1,,ambiguous
spatial,scene_0010,referential,text_only,sketchvla_prompt_conditioned_latent_action,blank,12,False,,240,False,False,,True,True,True,akita_black_bowl_1,False,,False,0.229,,,,,,,,da9b7cfe6a551244,7d72141989e01169,8bda3ded90f58bf4,48,833.9,,ambiguous
spatial,scene_0010,referential,text_only,sketchvla_prompt_conditioned_latent_action,blank,13,False,,240,False,False,,True,True,True,akita_black_bowl_1,False,,False,0.2212,,,,,,,,da9b7cfe6a551244,bb7e7ab4441218c4,a6ef844f842811dd,48,889.1,,ambiguous
spatial,scene_0011,referential,text_only,sketchvla_prompt_conditioned_latent_action,blank,0,False,,240,False,False,,True,False,False,,False,,False,0.2938,,,,,,,,f8634dbe1cf1c475,2708f18322683c06,178dd95cc55d5d35,48,850.5,,ambiguous
spatial,scene_0011,referential,text_only,sketchvla_prompt_conditioned_latent_action,blank,1,False,,240,False,False,,True,False,False,,False,,False,0.3042,,,,,,,,f8634dbe1cf1c475,eba2585bb1bb305f,8504ddf86a0d26d1,48,857.6,,ambiguous
spatial,scene_0011,referential,text_only,sketchvla_prompt_conditioned_latent_action,blank,2,False,,240,False,False,,True,False,False,,False,,False,0.3028,,,,,,,,f8634dbe1cf1c475,4fea6392004cb6d6,10f0a4c232307433,48,824.0,,ambiguous
spatial,scene_0011,referential,text_only,sketchvla_prompt_conditioned_latent_action,blank,3,False,,240,False,False,,True,False,False,,False,,False,0.2969,,,,,,,,f8634dbe1cf1c475,7c6cedefd3970cfc,2ada936bfad3505e,48,879.3,,ambiguous
spatial,scene_0011,referential,text_only,sketchvla_prompt_conditioned_latent_action,blank,4,False,,240,False,False,,True,False,False,,False,,False,0.2964,,,,,,,,f8634dbe1cf1c475,192c3741f0476ae1,a89dd2e5fd1e0ca0,48,831.4,,ambiguous
spatial,scene_0011,referential,text_only,sketchvla_prompt_conditioned_latent_action,blank,5,False,,240,False,False,,True,False,False,,False,,False,0.2938,,,,,,,,f8634dbe1cf1c475,fd567181aa43b7d4,cde4ef8f7db61738,48,854.4,,ambiguous
spatial,scene_0011,referential,text_only,sketchvla_prompt_conditioned_latent_action,blank,6,False,,240,False,False,,True,False,False,,False,,False,0.2938,,,,,,,,f8634dbe1cf1c475,70b95936b29c297c,d00b8948763489aa,48,838.3,,ambiguous
spatial,scene_0011,referential,text_only,sketchvla_prompt_conditioned_latent_action,blank,7,False,,240,False,False,,True,True,True,glazed_rim_porcelain_ramekin_1,False,,False,0.1353,,,,,,,,f8634dbe1cf1c475,581018338e742764,17981f4f4d2ad461,48,866.1,,ambiguous
spatial,scene_0011,referential,text_only,sketchvla_prompt_conditioned_latent_action,blank,8,False,,240,False,False,,True,False,False,,False,,False,0.2938,,,,,,,,f8634dbe1cf1c475,b12a16c6d9a04b04,6a1dada10d71dae7,48,794.9,,ambiguous
spatial,scene_0011,referential,text_only,sketchvla_prompt_conditioned_latent_action,blank,9,False,,240,False,False,,True,False,False,,False,,False,0.3013,,,,,,,,f8634dbe1cf1c475,240dbce1e40112e6,3d614fa29eb97a46,48,836.1,,ambiguous
spatial,scene_0011,referential,text_only,sketchvla_prompt_conditioned_latent_action,blank,10,False,,240,False,False,,True,False,False,,False,,False,0.2954,,,,,,,,f8634dbe1cf1c475,5be1ea4ab5daa88a,8b715ad079b2efcb,48,779.8,,ambiguous
spatial,scene_0011,referential,text_only,sketchvla_prompt_conditioned_latent_action,blank,11,False,,240,False,False,,True,False,False,,False,,False,0.2938,,,,,,,,f8634dbe1cf1c475,6c30457fb7958c90,46ee520b6b9176b3,48,835.6,,ambiguous
spatial,scene_0011,referential,text_only,sketchvla_prompt_conditioned_latent_action,blank,12,False,,240,False,False,,True,False,False,,False,,False,0.2938,,,,,,,,f8634dbe1cf1c475,53e961ff89290ca4,49ed8ebfb3cb9f04,48,820.2,,ambiguous
spatial,scene_0011,referential,text_only,sketchvla_prompt_conditioned_latent_action,blank,13,False,,240,False,False,,True,True,True,akita_black_bowl_4,False,,False,1.793,,,,,,,,f8634dbe1cf1c475,92916c4d9f886996,f79bb8106c32162e,48,858.0,,ambiguous
spatial,scene_0012,referential,text_only,sketchvla_prompt_conditioned_latent_action,blank,0,False,,240,False,False,,True,False,False,,False,,False,0.124,,,,,,,,82492353d93beba8,b38b48c5c4a904ef,21df95323efc9500,48,472.7,,ambiguous
spatial,scene_0012,referential,text_only,sketchvla_prompt_conditioned_latent_action,blank,1,False,,240,False,False,,True,True,True,akita_black_bowl_2,False,,False,0.2118,,,,,,,,82492353d93beba8,3295a74835796f9c,6d3e41e3e7e5bf7b,48,489.1,,ambiguous
spatial,scene_0012,referential,text_only,sketchvla_prompt_conditioned_latent_action,blank,2,False,,240,False,False,,True,False,False,,False,,False,0.124,,,,,,,,82492353d93beba8,37701018b827a396,3fc113b5b36916e2,48,480.6,,ambiguous
spatial,scene_0012,referential,text_only,sketchvla_prompt_conditioned_latent_action,blank,3,False,,240,False,False,,True,False,False,,False,,False,0.124,,,,,,,,82492353d93beba8,111039ef9fbe87f7,4f70a731e4dc891c,48,488.2,,ambiguous
spatial,scene_0012,referential,text_only,sketchvla_prompt_conditioned_latent_action,blank,4,False,,240,False,False,,True,False,False,,False,,False,0.124,,,,,,,,82492353d93beba8,22e0e5f4bc640a65,3c24b75bda086f53,48,477.9,,ambiguous
spatial,scene_0012,referential,text_only,sketchvla_prompt_conditioned_latent_action,blank,5,False,,240,False,False,,True,False,False,,False,,False,0.124,,,,,,,,82492353d93beba8,1f14052b175b0216,c39685947847f2c6,48,501.7,,ambiguous
spatial,scene_0012,referential,text_only,sketchvla_prompt_conditioned_latent_action,blank,6,False,,240,False,False,,True,False,False,,False,,False,0.124,,,,,,,,82492353d93beba8,2520b32ec41ad01c,31f53e6f59be1854,48,491.5,,ambiguous
spatial,scene_0012,referential,text_only,sketchvla_prompt_conditioned_latent_action,blank,7,False,,240,False,False,,True,False,False,,False,,False,0.124,,,,,,,,82492353d93beba8,6d6ef7f809afcfe0,1189881481d2dc24,48,468.9,,ambiguous
spatial,scene_0012,referential,text_only,sketchvla_prompt_conditioned_latent_action,blank,8,False,,240,False,False,,True,False,False,,False,,False,0.124,,,,,,,,82492353d93beba8,937597aecb81e0d7,c56ac12186e426e2,48,494.0,,ambiguous
spatial,scene_0012,referential,text_only,sketchvla_prompt_conditioned_latent_action,blank,9,False,,240,False,False,,True,False,False,,False,,False,0.124,,,,,,,,82492353d93beba8,2a6a316b2da9a98a,a97be8423a44ec79,48,487.6,,ambiguous
spatial,scene_0012,referential,text_only,sketchvla_prompt_conditioned_latent_action,blank,10,False,,240,False,False,,True,True,True,akita_black_bowl_2,False,,False,0.2071,,,,,,,,82492353d93beba8,65dfce292bb6066b,d9e3ea7409b9cd0c,48,502.6,,ambiguous
spatial,scene_0012,referential,text_only,sketchvla_prompt_conditioned_latent_action,blank,11,False,,240,False,False,,True,False,False,,False,,False,0.124,,,,,,,,82492353d93beba8,259f54083bb42d65,594e27ae7b92e7d4,48,472.7,,ambiguous
spatial,scene_0012,referential,text_only,sketchvla_prompt_conditioned_latent_action,blank,12,False,,240,False,False,,True,True,True,akita_black_bowl_2,False,,False,0.2268,,,,,,,,82492353d93beba8,8339e49dc434a619,7c85fb4c2ed2717f,48,463.7,,ambiguous
spatial,scene_0012,referential,text_only,sketchvla_prompt_conditioned_latent_action,blank,13,False,,240,False,False,,True,True,True,akita_black_bowl_2,False,,False,0.2144,,,,,,,,82492353d93beba8,0d6151d590b23015,ffaccd9e8e1b555b,48,485.8,,ambiguous
spatial,scene_0013,referential,text_only,sketchvla_prompt_conditioned_latent_action,blank,0,False,,240,False,False,,True,True,True,plate_1,False,plate_1,True,0.0,,,,,,,,044dbe92450117a9,db9612eb05e0506c,7f4bb8a9c78d8151,48,826.8,,ambiguous
spatial,scene_0013,referential,text_only,sketchvla_prompt_conditioned_latent_action,blank,1,False,,240,False,False,,True,False,False,,False,,False,0.1644,,,,,,,,044dbe92450117a9,a539b18c7af15223,5616d85ae9de2aab,48,854.5,,ambiguous
spatial,scene_0013,referential,text_only,sketchvla_prompt_conditioned_latent_action,blank,2,False,,240,False,False,,True,True,True,plate_1,False,plate_1,True,0.0,,,,,,,,044dbe92450117a9,169948659e64aa64,60aff96d85b34cc6,48,816.2,,ambiguous
spatial,scene_0013,referential,text_only,sketchvla_prompt_conditioned_latent_action,blank,3,False,,240,False,False,,True,True,True,plate_1,False,plate_1,True,0.0,,,,,,,,044dbe92450117a9,bc77c521aeb85718,15f5958ec320c229,48,859.1,,ambiguous
spatial,scene_0013,referential,text_only,sketchvla_prompt_conditioned_latent_action,blank,4,False,,240,False,False,,True,True,True,plate_1,False,plate_1,True,0.0,,,,,,,,044dbe92450117a9,6069369ffa526381,1e8b3cd73e9dd3ce,48,816.5,,ambiguous
spatial,scene_0013,referential,text_only,sketchvla_prompt_conditioned_latent_action,blank,5,False,,240,False,False,,True,True,True,plate_1,False,plate_1,True,0.0,,,,,,,,044dbe92450117a9,745bf972aeca86b2,eaf8c8f97e57b4fa,48,852.8,,ambiguous
spatial,scene_0013,referential,text_only,sketchvla_prompt_conditioned_latent_action,blank,6,False,,240,False,False,,True,False,False,,False,,False,0.17,,,,,,,,044dbe92450117a9,299be5c2ef8c7a49,9947320a31e04ccb,48,812.0,,ambiguous
spatial,scene_0013,referential,text_only,sketchvla_prompt_conditioned_latent_action,blank,7,False,,240,False,False,,True,True,True,plate_1,False,plate_1,True,0.0,,,,,,,,044dbe92450117a9,ce9541d119fc1bec,1cc0530037ff727d,48,804.8,,ambiguous
spatial,scene_0013,referential,text_only,sketchvla_prompt_conditioned_latent_action,blank,8,False,,240,False,False,,True,True,True,plate_1,False,plate_1,True,0.0,,,,,,,,044dbe92450117a9,082e5182912f3151,b3b390a7a04b8774,48,805.4,,ambiguous
spatial,scene_0013,referential,text_only,sketchvla_prompt_conditioned_latent_action,blank,9,False,,240,False,False,,True,False,False,,False,,False,0.1475,,,,,,,,044dbe92450117a9,ab4df6bbac168b2f,3a07ac76e404b07f,48,824.4,,ambiguous
spatial,scene_0013,referential,text_only,sketchvla_prompt_conditioned_latent_action,blank,10,False,,240,False,False,,True,False,False,,False,,False,0.1338,,,,,,,,044dbe92450117a9,0c7a3fa3b09eba27,56de568e302eeb36,48,834.0,,ambiguous
spatial,scene_0013,referential,text_only,sketchvla_prompt_conditioned_latent_action,blank,11,False,,240,False,False,,True,True,True,plate_1,False,plate_1,True,0.0,,,,,,,,044dbe92450117a9,53638380b019c9ff,04586233ce0b264e,48,812.7,,ambiguous
spatial,scene_0013,referential,text_only,sketchvla_prompt_conditioned_latent_action,blank,12,False,,240,False,False,,True,True,True,plate_1,False,plate_1,True,0.0,,,,,,,,044dbe92450117a9,f156acd98477bb11,97dbcb26d0516534,48,818.0,,ambiguous
spatial,scene_0013,referential,text_only,sketchvla_prompt_conditioned_latent_action,blank,13,False,,240,False,False,,True,True,True,plate_1,False,plate_1,True,0.0,,,,,,,,044dbe92450117a9,b9fa79b7d91096c7,cec5c9adffce2b20,48,889.8,,ambiguous
spatial,scene_0014,referential,text_only,sketchvla_prompt_conditioned_latent_action,blank,0,False,,240,False,False,,True,True,True,akita_black_bowl_1,False,,False,0.0874,,,,,,,,6dcf92f4c3f012da,402d369b9b73b069,8cea8a844e1b2af2,48,808.2,,ambiguous
spatial,scene_0014,referential,text_only,sketchvla_prompt_conditioned_latent_action,blank,1,False,,240,False,False,,True,True,True,akita_black_bowl_1,False,,False,0.1069,,,,,,,,6dcf92f4c3f012da,36deb9c282a591f5,31c923d424e5db22,48,817.0,,ambiguous
spatial,scene_0014,referential,text_only,sketchvla_prompt_conditioned_latent_action,blank,2,False,,240,False,False,,True,True,True,akita_black_bowl_1,False,,False,0.0999,,,,,,,,6dcf92f4c3f012da,b7809c766934f5a7,24c62520eee32efb,48,794.0,,ambiguous
spatial,scene_0014,referential,text_only,sketchvla_prompt_conditioned_latent_action,blank,3,False,,240,False,False,,True,True,True,akita_black_bowl_1,False,plate_1,True,0.0721,,,,,,,,6dcf92f4c3f012da,b34da28bbf0299af,bedd27c4d426ff96,48,833.4,,ambiguous
spatial,scene_0014,referential,text_only,sketchvla_prompt_conditioned_latent_action,blank,4,False,,240,False,False,,True,True,True,akita_black_bowl_1,False,,False,0.0975,,,,,,,,6dcf92f4c3f012da,9b1098d6e3007215,5437575ba2fdf14c,48,784.3,,ambiguous
spatial,scene_0014,referential,text_only,sketchvla_prompt_conditioned_latent_action,blank,5,False,,240,False,False,,True,True,True,akita_black_bowl_1,False,,False,0.083,,,,,,,,6dcf92f4c3f012da,ca0be60bacdbb494,31912e86cb3aa16a,48,824.0,,ambiguous
spatial,scene_0014,referential,text_only,sketchvla_prompt_conditioned_latent_action,blank,6,False,,240,False,False,,True,True,True,akita_black_bowl_1,False,plate_1,True,0.0196,,,,,,,,6dcf92f4c3f012da,46dd8500f9fdffb1,a167d8c54bfeec2e,48,782.4,,ambiguous
spatial,scene_0014,referential,text_only,sketchvla_prompt_conditioned_latent_action,blank,7,False,,240,False,False,,True,True,True,akita_black_bowl_1,False,,False,0.085,,,,,,,,6dcf92f4c3f012da,b9f70f8df7f90e60,b1fc9267d72cbc47,48,766.1,,ambiguous
spatial,scene_0014,referential,text_only,sketchvla_prompt_conditioned_latent_action,blank,8,False,,240,False,False,,True,True,True,akita_black_bowl_1,False,,False,0.0978,,,,,,,,6dcf92f4c3f012da,af3d452a17ce1f2e,b62c433e5e0c7e20,48,771.4,,ambiguous
spatial,scene_0014,referential,text_only,sketchvla_prompt_conditioned_latent_action,blank,9,False,,240,False,False,,True,True,True,akita_black_bowl_1,False,,False,0.0985,,,,,,,,6dcf92f4c3f012da,f4075dff48379bf8,bf586a114c097eb5,48,818.2,,ambiguous
spatial,scene_0014,referential,text_only,sketchvla_prompt_conditioned_latent_action,blank,10,False,,240,False,False,,True,True,True,akita_black_bowl_1,False,,False,0.0811,,,,,,,,6dcf92f4c3f012da,dad957ba4af07d84,e016431c7e7146b8,48,795.9,,ambiguous
spatial,scene_0014,referential,text_only,sketchvla_prompt_conditioned_latent_action,blank,11,False,,240,False,False,,True,True,True,akita_black_bowl_1,False,,False,0.0929,,,,,,,,6dcf92f4c3f012da,1d0639dbdb026fa5,f2a7208fab0081ac,48,787.8,,ambiguous
spatial,scene_0014,referential,text_only,sketchvla_prompt_conditioned_latent_action,blank,12,False,,240,False,False,,True,True,True,akita_black_bowl_1,False,plate_1,True,0.0738,,,,,,,,6dcf92f4c3f012da,0b973bea5d9e62c7,2ddef03534ff9a6b,48,814.4,,ambiguous
spatial,scene_0014,referential,text_only,sketchvla_prompt_conditioned_latent_action,blank,13,False,,240,False,False,,True,True,True,akita_black_bowl_1,False,,False,0.0877,,,,,,,,6dcf92f4c3f012da,eb4fe11df9214484,6f9921617c9b04f4,48,832.3,,ambiguous
spatial,scene_0015,referential,text_only,sketchvla_prompt_conditioned_latent_action,blank,0,False,,240,False,False,,True,False,False,,False,,False,0.1667,,,,,,,,847d955ddcd8b335,8ef5084d77bb0026,2fc62f10bd90da08,48,505.6,,ambiguous
spatial,scene_0015,referential,text_only,sketchvla_prompt_conditioned_latent_action,blank,1,False,,240,False,False,,True,True,True,akita_black_bowl_3,False,,False,0.3171,,,,,,,,847d955ddcd8b335,d613af950e10382c,1f7cc5ef22cf582c,48,504.4,,ambiguous
spatial,scene_0015,referential,text_only,sketchvla_prompt_conditioned_latent_action,blank,2,False,,240,False,False,,True,False,False,,False,,False,0.1667,,,,,,,,847d955ddcd8b335,bbdf43b053ac88fd,74ee9f2fa9a70159,48,497.0,,ambiguous
spatial,scene_0015,referential,text_only,sketchvla_prompt_conditioned_latent_action,blank,3,False,,240,False,False,,True,False,False,,False,,False,0.1667,,,,,,,,847d955ddcd8b335,d77d32fce796d651,d69a4b1461b8c1c6,48,486.4,,ambiguous
spatial,scene_0015,referential,text_only,sketchvla_prompt_conditioned_latent_action,blank,4,False,,240,False,False,,True,True,True,akita_black_bowl_3,False,,False,0.3172,,,,,,,,847d955ddcd8b335,7d78c49c9012a4d7,2967814a298c54bc,48,485.5,,ambiguous
spatial,scene_0015,referential,text_only,sketchvla_prompt_conditioned_latent_action,blank,5,False,,240,False,False,,True,False,False,,False,,False,0.1667,,,,,,,,847d955ddcd8b335,ee23b32b93d04b97,09131e639486e7a1,48,476.0,,ambiguous
spatial,scene_0015,referential,text_only,sketchvla_prompt_conditioned_latent_action,blank,6,False,,240,False,False,,True,True,True,akita_black_bowl_3,False,,False,0.2922,,,,,,,,847d955ddcd8b335,bdb73d56b8cdd83f,13afedb3f6d90bff,48,467.9,,ambiguous
spatial,scene_0015,referential,text_only,sketchvla_prompt_conditioned_latent_action,blank,7,False,,240,False,False,,True,False,False,,False,,False,0.1667,,,,,,,,847d955ddcd8b335,45206b7eebd5fb5d,94a3c60f009c3641,48,458.5,,ambiguous
spatial,scene_0015,referential,text_only,sketchvla_prompt_conditioned_latent_action,blank,8,False,,240,False,False,,True,True,True,akita_black_bowl_3,False,,False,0.3054,,,,,,,,847d955ddcd8b335,d69b4a28c221af28,0637007a6af236d7,48,507.1,,ambiguous
spatial,scene_0015,referential,text_only,sketchvla_prompt_conditioned_latent_action,blank,9,False,,240,False,False,,True,True,True,akita_black_bowl_3,False,,False,0.2955,,,,,,,,847d955ddcd8b335,12003d4bc6028f90,17c45d7b7b225425,48,495.9,,ambiguous
spatial,scene_0015,referential,text_only,sketchvla_prompt_conditioned_latent_action,blank,10,False,,240,False,False,,True,False,False,,False,,False,0.1667,,,,,,,,847d955ddcd8b335,46d0126e3ae9734b,3e225806c6bc7296,48,455.7,,ambiguous
spatial,scene_0015,referential,text_only,sketchvla_prompt_conditioned_latent_action,blank,11,False,,240,False,False,,True,True,True,akita_black_bowl_3,False,,False,0.3049,,,,,,,,847d955ddcd8b335,e87a7186b51be83e,7bfc7424136646d9,48,493.9,,ambiguous
spatial,scene_0015,referential,text_only,sketchvla_prompt_conditioned_latent_action,blank,12,False,,240,False,False,,True,True,True,akita_black_bowl_3,False,,False,0.2989,,,,,,,,847d955ddcd8b335,3934730eff014bef,4f90f8231ff2e702,48,494.5,,ambiguous
spatial,scene_0015,referential,text_only,sketchvla_prompt_conditioned_latent_action,blank,13,False,,240,False,False,,True,True,True,akita_black_bowl_3,False,,False,0.2949,,,,,,,,847d955ddcd8b335,d1eeda56a939b8b5,3e36bef31690349c,48,468.4,,ambiguous
spatial,scene_0016,referential,text_only,sketchvla_prompt_conditioned_latent_action,blank,0,False,,240,False,False,,True,True,True,plate_1,False,plate_1,True,0.0,,,,,,,,41430078024def33,84685b892179f63d,f7aa3ddf0476dc2f,48,754.8,,ambiguous
spatial,scene_0016,referential,text_only,sketchvla_prompt_conditioned_latent_action,blank,1,False,,240,False,False,,True,True,True,glazed_rim_porcelain_ramekin_1,False,,False,0.1319,,,,,,,,41430078024def33,6219768f01de9840,034bc120ff838ff5,48,790.9,,ambiguous
spatial,scene_0016,referential,text_only,sketchvla_prompt_conditioned_latent_action,blank,2,False,,240,False,False,,True,True,True,glazed_rim_porcelain_ramekin_1,False,,False,0.1358,,,,,,,,41430078024def33,cffb62e92596298b,b4b57d232f7b8cd8,48,805.5,,ambiguous
spatial,scene_0016,referential,text_only,sketchvla_prompt_conditioned_latent_action,blank,3,False,,240,False,False,,True,False,False,,False,,False,0.2328,,,,,,,,41430078024def33,38ea2f422ebf6e14,c6650e5db94a2986,48,792.1,,ambiguous
spatial,scene_0016,referential,text_only,sketchvla_prompt_conditioned_latent_action,blank,4,False,,240,False,False,,True,False,False,,False,,False,0.2341,,,,,,,,41430078024def33,850fc27a89ba752a,c5bdce3738d23ca6,48,792.4,,ambiguous
spatial,scene_0016,referential,text_only,sketchvla_prompt_conditioned_latent_action,blank,5,False,,240,False,False,,True,False,False,,False,,False,0.2404,,,,,,,,41430078024def33,234ca404b1a65e1a,29465a3b517c9016,48,791.9,,ambiguous
spatial,scene_0016,referential,text_only,sketchvla_prompt_conditioned_latent_action,blank,6,False,,240,False,False,,True,False,False,,False,,False,0.2156,,,,,,,,41430078024def33,a33a9d94d93298d2,4183903c9356a469,48,788.4,,ambiguous
spatial,scene_0016,referential,text_only,sketchvla_prompt_conditioned_latent_action,blank,7,False,,240,False,False,,True,False,False,,False,,False,0.2284,,,,,,,,41430078024def33,7ec673ec35487430,01d6b44d9dee3810,48,787.1,,ambiguous
spatial,scene_0016,referential,text_only,sketchvla_prompt_conditioned_latent_action,blank,8,False,,240,False,False,,True,False,False,,False,,False,0.229,,,,,,,,41430078024def33,5b9842cd439c4811,092dfe7000d9aac9,48,805.9,,ambiguous
spatial,scene_0016,referential,text_only,sketchvla_prompt_conditioned_latent_action,blank,9,False,,240,False,False,,True,True,True,plate_1,False,plate_1,True,0.0,,,,,,,,41430078024def33,809cf9e02f04eb2e,75f4c42b906223e9,48,780.3,,ambiguous
spatial,scene_0016,referential,text_only,sketchvla_prompt_conditioned_latent_action,blank,10,False,,240,False,False,,True,True,True,akita_black_bowl_4,False,,False,0.1275,,,,,,,,41430078024def33,8a341c6887dd5467,1bd156f16616ef71,48,786.3,,ambiguous
spatial,scene_0016,referential,text_only,sketchvla_prompt_conditioned_latent_action,blank,11,False,,240,False,False,,True,False,False,,False,,False,0.2424,,,,,,,,41430078024def33,a5b19bed0b1965b0,2fa32a9207f07b32,48,773.5,,ambiguous
spatial,scene_0016,referential,text_only,sketchvla_prompt_conditioned_latent_action,blank,12,False,,240,False,False,,True,True,True,akita_black_bowl_4,False,,False,0.1418,,,,,,,,41430078024def33,d2250684a8c781c9,d537a9b569cc71b3,48,786.1,,ambiguous
spatial,scene_0016,referential,text_only,sketchvla_prompt_conditioned_latent_action,blank,13,False,,240,False,False,,True,True,True,akita_black_bowl_4,False,,False,0.236,,,,,,,,41430078024def33,b1e05dfa54d2e6d6,2b99e779a6741eeb,48,759.5,,ambiguous
spatial,scene_0017,directional,text_only,sketchvla_prompt_conditioned_latent_action,blank,0,False,,240,False,False,,True,False,False,,False,,False,0.2583,,,,,,,,42632e6e82720c09,96421454216746fb,0529983996cc5e58,48,822.9,,ambiguous
spatial,scene_0017,directional,text_only,sketchvla_prompt_conditioned_latent_action,blank,1,False,,240,False,False,,True,False,False,,False,,False,0.2527,,,,,,,,42632e6e82720c09,774e89b7ef7c009b,46f1c9eb322f7041,48,856.8,,ambiguous
spatial,scene_0017,directional,text_only,sketchvla_prompt_conditioned_latent_action,blank,2,False,,240,False,False,,True,False,False,,False,,False,0.2486,,,,,,,,42632e6e82720c09,b050a54aac99ca22,32c2c58048868a70,48,882.7,,ambiguous
spatial,scene_0017,directional,text_only,sketchvla_prompt_conditioned_latent_action,blank,3,False,,240,False,False,,True,False,False,,False,,False,0.2527,,,,,,,,42632e6e82720c09,d44ec300be9e33ac,8c40e98037d07c0a,48,857.0,,ambiguous
spatial,scene_0017,directional,text_only,sketchvla_prompt_conditioned_latent_action,blank,4,False,,240,False,False,,True,False,False,,False,,False,0.2529,,,,,,,,42632e6e82720c09,22d7e06adaba8e50,fb5c6d0cff185a00,48,862.6,,ambiguous
spatial,scene_0017,directional,text_only,sketchvla_prompt_conditioned_latent_action,blank,5,False,,240,False,False,,True,True,True,plate_2,False,plate_2,False,0.0,,,,,,,,42632e6e82720c09,1c96f40b9896530a,113bd065187f1ee7,48,864.8,,ambiguous
spatial,scene_0017,directional,text_only,sketchvla_prompt_conditioned_latent_action,blank,6,False,,240,False,False,,True,False,False,,False,,False,0.2563,,,,,,,,42632e6e82720c09,c3ed187b4982e054,c015dd244189ac90,48,862.6,,ambiguous
spatial,scene_0017,directional,text_only,sketchvla_prompt_conditioned_latent_action,blank,7,False,,240,False,False,,True,False,False,,False,,False,0.2542,,,,,,,,42632e6e82720c09,07c62746bc9e9609,dcfb21f558f3bee6,48,857.7,,ambiguous
spatial,scene_0017,directional,text_only,sketchvla_prompt_conditioned_latent_action,blank,8,False,,240,False,False,,True,False,False,,False,,False,0.2526,,,,,,,,42632e6e82720c09,edc15ed446d9741b,9872a086bcf44f65,48,880.7,,ambiguous
spatial,scene_0017,directional,text_only,sketchvla_prompt_conditioned_latent_action,blank,9,False,,240,False,False,,True,False,False,,False,,False,0.2526,,,,,,,,42632e6e82720c09,b399196e1f7da2bf,691224cc5c18cf0f,48,853.0,,ambiguous
spatial,scene_0017,directional,text_only,sketchvla_prompt_conditioned_latent_action,blank,10,False,,240,False,False,,True,False,False,,False,,False,0.2527,,,,,,,,42632e6e82720c09,b9bcf2ad71685574,800817e3dc13c5a0,48,859.4,,ambiguous
spatial,scene_0017,directional,text_only,sketchvla_prompt_conditioned_latent_action,blank,11,False,,240,False,False,,True,False,False,,False,,False,0.2527,,,,,,,,42632e6e82720c09,52d0a5d91a7f2c8d,4949ebf62df54d03,48,847.6,,ambiguous
spatial,scene_0017,directional,text_only,sketchvla_prompt_conditioned_latent_action,blank,12,False,,240,False,False,,True,False,False,,False,,False,0.2527,,,,,,,,42632e6e82720c09,c0b683d2bf5c209d,2e69b235cde9c268,48,862.2,,ambiguous
spatial,scene_0017,directional,text_only,sketchvla_prompt_conditioned_latent_action,blank,13,False,,240,False,False,,True,False,False,,False,,False,0.2484,,,,,,,,42632e6e82720c09,340b24a8a297ccbd,d21a6b5f47094731,48,833.8,,ambiguous
spatial,scene_0018,directional,text_only,sketchvla_prompt_conditioned_latent_action,blank,0,False,,240,False,False,,True,True,True,akita_black_bowl_1,True,,False,0.0973,,,,,,,,90048b4ce266733f,f22c8005df679751,6bc88d3935da5e63,48,507.1,,ambiguous
spatial,scene_0018,directional,text_only,sketchvla_prompt_conditioned_latent_action,blank,1,False,,240,False,False,,True,True,True,akita_black_bowl_1,True,plate_1,True,0.0725,,,,,,,,90048b4ce266733f,99755e197b8f1eb8,c121e9af1836d041,48,474.3,,ambiguous
spatial,scene_0018,directional,text_only,sketchvla_prompt_conditioned_latent_action,blank,2,False,,240,False,False,,True,True,True,akita_black_bowl_1,True,,False,0.1173,,,,,,,,90048b4ce266733f,4ca29cbd0ebb528e,f26fe9ca629ae1ec,48,504.3,,ambiguous
spatial,scene_0018,directional,text_only,sketchvla_prompt_conditioned_latent_action,blank,3,False,,240,False,False,,True,True,True,akita_black_bowl_1,True,,False,0.0954,,,,,,,,90048b4ce266733f,d4f73892503290a8,b3b7698511a0d433,48,484.1,,ambiguous
spatial,scene_0018,directional,text_only,sketchvla_prompt_conditioned_latent_action,blank,4,False,,240,False,False,,True,True,True,akita_black_bowl_1,True,,False,0.1321,,,,,,,,90048b4ce266733f,200bed5167024fc3,942027c9e2a66a23,48,482.5,,ambiguous
spatial,scene_0018,directional,text_only,sketchvla_prompt_conditioned_latent_action,blank,5,False,,240,False,False,,True,True,True,akita_black_bowl_1,True,plate_1,True,0.0692,,,,,,,,90048b4ce266733f,987db113067d489b,bbbc6f5a6cb3931b,48,472.9,,ambiguous
spatial,scene_0018,directional,text_only,sketchvla_prompt_conditioned_latent_action,blank,6,False,,240,False,False,,True,True,True,akita_black_bowl_1,True,,False,0.1088,,,,,,,,90048b4ce266733f,36414fd6faae3ddd,41a5249183e651e9,48,472.5,,ambiguous
spatial,scene_0018,directional,text_only,sketchvla_prompt_conditioned_latent_action,blank,7,False,,240,False,False,,True,True,True,akita_black_bowl_1,True,,False,0.1031,,,,,,,,90048b4ce266733f,fe8a93aa24ea2683,3e08ba0a02ed30c9,48,465.4,,ambiguous
spatial,scene_0018,directional,text_only,sketchvla_prompt_conditioned_latent_action,blank,8,False,,240,False,False,,True,True,True,akita_black_bowl_1,True,,False,0.1578,,,,,,,,90048b4ce266733f,2c52f7da17ebb2b2,a456fcf9f498311e,48,471.5,,ambiguous
spatial,scene_0018,directional,text_only,sketchvla_prompt_conditioned_latent_action,blank,9,False,,240,False,False,,True,True,True,akita_black_bowl_1,True,,False,0.0857,,,,,,,,90048b4ce266733f,0dc8d93da09fbeaa,132d73f541c9d9c0,48,502.6,,ambiguous
spatial,scene_0018,directional,text_only,sketchvla_prompt_conditioned_latent_action,blank,10,False,,240,False,False,,True,True,True,akita_black_bowl_1,True,,False,0.1137,,,,,,,,90048b4ce266733f,64687ac92beecfd8,845bc327843fec6a,48,498.9,,ambiguous
spatial,scene_0018,directional,text_only,sketchvla_prompt_conditioned_latent_action,blank,11,False,,240,False,False,,True,True,True,akita_black_bowl_1,True,,False,0.0941,,,,,,,,90048b4ce266733f,1674694cfb0b356a,f9e20f61a4bcf1da,48,487.6,,ambiguous
spatial,scene_0018,directional,text_only,sketchvla_prompt_conditioned_latent_action,blank,12,False,,240,False,False,,True,True,True,akita_black_bowl_1,True,,False,0.1303,,,,,,,,90048b4ce266733f,a4b29876f437156c,1754d03f67b5c5b3,48,514.2,,ambiguous
spatial,scene_0018,directional,text_only,sketchvla_prompt_conditioned_latent_action,blank,13,False,,240,False,False,,True,True,True,akita_black_bowl_1,True,,False,0.101,,,,,,,,90048b4ce266733f,93eaeb08a37f6af3,5b7434f08539d42c,48,492.0,,ambiguous
spatial,scene_0019,directional,text_only,sketchvla_prompt_conditioned_latent_action,blank,0,False,,240,False,False,,True,True,True,akita_black_bowl_1,True,plate_1,False,0.0445,,,,,,,,747f2caf4a8aa847,9d9a7d1c1488635c,1d9534b09d71ea69,48,849.1,,ambiguous
spatial,scene_0019,directional,text_only,sketchvla_prompt_conditioned_latent_action,blank,1,False,,240,False,False,,True,True,True,akita_black_bowl_1,True,,False,0.1934,,,,,,,,747f2caf4a8aa847,22d2d4cdfe069f33,01040bf4bb304872,48,895.0,,ambiguous
spatial,scene_0019,directional,text_only,sketchvla_prompt_conditioned_latent_action,blank,2,False,,240,False,False,,True,True,True,akita_black_bowl_1,True,plate_1,False,0.0519,,,,,,,,747f2caf4a8aa847,33627691bd4d4c3e,81cb577b1d9844a7,48,897.2,,ambiguous
spatial,scene_0019,directional,text_only,sketchvla_prompt_conditioned_latent_action,blank,3,False,,240,False,False,,True,True,True,akita_black_bowl_1,True,,False,0.2106,,,,,,,,747f2caf4a8aa847,f42c9371db792cfe,00164f85309fa20f,48,833.1,,ambiguous
spatial,scene_0019,directional,text_only,sketchvla_prompt_conditioned_latent_action,blank,4,False,,240,False,False,,True,True,True,akita_black_bowl_1,True,,False,0.0844,,,,,,,,747f2caf4a8aa847,b680ed7bb38deb22,f2b86e848107e3d9,48,826.2,,ambiguous
spatial,scene_0019,directional,text_only,sketchvla_prompt_conditioned_latent_action,blank,5,False,,240,False,False,,True,True,True,akita_black_bowl_1,True,plate_1,False,0.0711,,,,,,,,747f2caf4a8aa847,ff443eaa60d3d121,7194cb7e4ab46bcc,48,768.7,,ambiguous
spatial,scene_0019,directional,text_only,sketchvla_prompt_conditioned_latent_action,blank,6,False,,240,False,False,,True,True,True,akita_black_bowl_1,True,plate_1,False,0.0714,,,,,,,,747f2caf4a8aa847,716bbaa5f77b9941,b034329b5a794fab,48,769.9,,ambiguous
spatial,scene_0019,directional,text_only,sketchvla_prompt_conditioned_latent_action,blank,7,False,,240,False,False,,True,True,True,akita_black_bowl_1,True,plate_1,False,0.0764,,,,,,,,747f2caf4a8aa847,bdbecd04b594fd46,58b65bddef1031d4,48,805.6,,ambiguous
spatial,scene_0019,directional,text_only,sketchvla_prompt_conditioned_latent_action,blank,8,False,,240,False,False,,True,True,True,akita_black_bowl_1,True,plate_1,False,0.0526,,,,,,,,747f2caf4a8aa847,479d5e0e5fa03baa,06fdf97385a266bb,48,821.6,,ambiguous
spatial,scene_0019,directional,text_only,sketchvla_prompt_conditioned_latent_action,blank,9,False,,240,False,False,,True,True,True,akita_black_bowl_1,True,plate_1,False,0.0652,,,,,,,,747f2caf4a8aa847,6baa1f1c5a706f18,5e5aee46b57047dd,48,845.9,,ambiguous
spatial,scene_0019,directional,text_only,sketchvla_prompt_conditioned_latent_action,blank,10,False,,240,False,False,,True,True,True,akita_black_bowl_1,True,,False,0.1751,,,,,,,,747f2caf4a8aa847,de6a31eb2f342224,9fdb615c07a2c30c,48,852.7,,ambiguous
spatial,scene_0019,directional,text_only,sketchvla_prompt_conditioned_latent_action,blank,11,False,,240,False,False,,True,True,True,akita_black_bowl_1,True,plate_1,False,0.0692,,,,,,,,747f2caf4a8aa847,128f6ca3cdd81ca0,60b6431f38e52ff4,48,900.6,,ambiguous
spatial,scene_0019,directional,text_only,sketchvla_prompt_conditioned_latent_action,blank,12,False,,240,False,False,,True,True,True,akita_black_bowl_1,True,plate_1,False,0.054,,,,,,,,747f2caf4a8aa847,c2fe6f2842767927,114ab85e58d6e769,48,841.5,,ambiguous
spatial,scene_0019,directional,text_only,sketchvla_prompt_conditioned_latent_action,blank,13,False,,240,False,False,,True,True,True,akita_black_bowl_1,True,,False,0.0854,,,,,,,,747f2caf4a8aa847,d5c68040baa00657,653123217ea535a0,48,804.1,,ambiguous
spatial,scene_0020,directional,text_only,sketchvla_prompt_conditioned_latent_action,blank,0,False,,240,False,False,,True,False,False,,False,,False,0.1515,,,,,,,,15f0f655553d6c25,329d7de94fa24759,c782c2420f08147b,48,862.0,,ambiguous
spatial,scene_0020,directional,text_only,sketchvla_prompt_conditioned_latent_action,blank,1,False,,240,False,False,,True,False,False,,False,,False,0.1119,,,,,,,,15f0f655553d6c25,d21b05516436c07b,0ffdc67ab253bd9f,48,888.5,,ambiguous
spatial,scene_0020,directional,text_only,sketchvla_prompt_conditioned_latent_action,blank,2,False,,240,False,False,,True,True,True,plate_1,False,plate_1,False,0.0,,,,,,,,15f0f655553d6c25,910e7899d2f28e79,0758a23a20d89f9d,48,894.1,,ambiguous
spatial,scene_0020,directional,text_only,sketchvla_prompt_conditioned_latent_action,blank,3,False,,240,False,False,,True,False,False,,False,,False,0.1223,,,,,,,,15f0f655553d6c25,31401b224e6a3dea,026dc11e63473b6a,48,827.9,,ambiguous
spatial,scene_0020,directional,text_only,sketchvla_prompt_conditioned_latent_action,blank,4,False,,240,False,False,,True,True,True,plate_1,False,plate_1,False,0.0,,,,,,,,15f0f655553d6c25,1ad4a3b1fa453c6b,4c04839efb1281bf,48,816.6,,ambiguous
spatial,scene_0020,directional,text_only,sketchvla_prompt_conditioned_latent_action,blank,5,False,,240,False,False,,True,True,True,akita_black_bowl_1,True,,False,0.1584,,,,,,,,15f0f655553d6c25,b4bc7cd17996c7f7,9a381a93abb2ce97,48,762.4,,ambiguous
spatial,scene_0020,directional,text_only,sketchvla_prompt_conditioned_latent_action,blank,6,False,,240,False,False,,True,False,False,,False,,False,0.1225,,,,,,,,15f0f655553d6c25,90098e79f4e7af99,9580bd220d550d55,48,775.1,,ambiguous
spatial,scene_0020,directional,text_only,sketchvla_prompt_conditioned_latent_action,blank,7,False,,240,False,False,,True,False,False,,False,,False,0.1206,,,,,,,,15f0f655553d6c25,38320012468b6c8b,0695814e0a9f8be5,48,806.8,,ambiguous
spatial,scene_0020,directional,text_only,sketchvla_prompt_conditioned_latent_action,blank,8,False,,240,False,False,,True,False,False,,False,,False,0.1183,,,,,,,,15f0f655553d6c25,70f44eaeab87ea11,e8cbaf32e0f56db4,48,829.3,,ambiguous
spatial,scene_0020,directional,text_only,sketchvla_prompt_conditioned_latent_action,blank,9,False,,240,False,False,,True,False,False,,False,,False,0.1272,,,,,,,,15f0f655553d6c25,f5a0aa86a395d273,e242327ac4af6242,48,840.8,,ambiguous
spatial,scene_0020,directional,text_only,sketchvla_prompt_conditioned_latent_action,blank,10,False,,240,False,False,,True,False,False,,False,,False,0.1226,,,,,,,,15f0f655553d6c25,5aa8a2f63861710f,77ef432a4f9628c6,48,861.2,,ambiguous
spatial,scene_0020,directional,text_only,sketchvla_prompt_conditioned_latent_action,blank,11,False,,240,False,False,,True,False,False,,False,,False,0.1237,,,,,,,,15f0f655553d6c25,ddc25a42480f6133,dc97459e0c3508e5,48,914.5,,ambiguous
spatial,scene_0020,directional,text_only,sketchvla_prompt_conditioned_latent_action,blank,12,False,,240,False,False,,True,False,False,,False,,False,0.1262,,,,,,,,15f0f655553d6c25,8915fc4d8d36d46a,5694209f13a1f80b,48,832.0,,ambiguous
spatial,scene_0020,directional,text_only,sketchvla_prompt_conditioned_latent_action,blank,13,False,,240,False,False,,True,False,False,,False,,False,0.1209,,,,,,,,15f0f655553d6c25,71cb35d9e54e5b5a,92976e069647cfad,48,807.6,,ambiguous
spatial,scene_0021,directional,text_only,sketchvla_prompt_conditioned_latent_action,blank,0,False,,240,False,False,,True,True,True,plate_1,False,plate_1,True,0.0,,,,,,,,4b4c774a4be2986c,7a6f0e6151eb0da4,dff6d9a7226b4aa5,48,856.8,,ambiguous
spatial,scene_0021,directional,text_only,sketchvla_prompt_conditioned_latent_action,blank,1,False,,240,False,False,,True,True,True,plate_1,False,plate_1,True,0.0,,,,,,,,4b4c774a4be2986c,b8521aee74d278a0,f492a5bed4686985,48,872.3,,ambiguous
spatial,scene_0021,directional,text_only,sketchvla_prompt_conditioned_latent_action,blank,2,False,,240,False,False,,True,True,True,plate_1,False,plate_1,True,0.0,,,,,,,,4b4c774a4be2986c,345b45812fdd6e37,4ab866ce08966828,48,888.4,,ambiguous
spatial,scene_0021,directional,text_only,sketchvla_prompt_conditioned_latent_action,blank,3,False,,240,False,False,,True,True,True,plate_1,False,plate_1,True,0.0,,,,,,,,4b4c774a4be2986c,3cb90ae2ca8122fa,be39e4df3866fb9c,48,817.8,,ambiguous
spatial,scene_0021,directional,text_only,sketchvla_prompt_conditioned_latent_action,blank,4,False,,240,False,False,,True,False,False,,False,,False,0.2546,,,,,,,,4b4c774a4be2986c,d49e6961ee565a5b,9610f37e1739230f,48,836.8,,ambiguous
spatial,scene_0021,directional,text_only,sketchvla_prompt_conditioned_latent_action,blank,5,False,,240,False,False,,True,False,False,,False,,False,0.2422,,,,,,,,4b4c774a4be2986c,52a74509ddfe8ff9,043af577a94b355a,48,770.9,,ambiguous
spatial,scene_0021,directional,text_only,sketchvla_prompt_conditioned_latent_action,blank,6,False,,240,False,False,,True,True,True,plate_1,False,plate_1,True,0.0,,,,,,,,4b4c774a4be2986c,ed4761fdaa6a94aa,53affeeda0474e8b,48,788.3,,ambiguous
spatial,scene_0021,directional,text_only,sketchvla_prompt_conditioned_latent_action,blank,7,False,,240,False,False,,True,True,True,plate_1,False,plate_1,True,0.0,,,,,,,,4b4c774a4be2986c,2715ba1c0ab4d0e2,28426bc7fb197b33,48,809.8,,ambiguous
spatial,scene_0021,directional,text_only,sketchvla_prompt_conditioned_latent_action,blank,8,False,,240,False,False,,True,False,False,,False,,False,0.2491,,,,,,,,4b4c774a4be2986c,dfdeaa2c71638180,6cafa1a4741dcf9f,48,852.9,,ambiguous
spatial,scene_0021,directional,text_only,sketchvla_prompt_conditioned_latent_action,blank,9,False,,240,False,False,,True,False,False,,False,,False,0.2464,,,,,,,,4b4c774a4be2986c,d3a5a9c7e16283d7,2f646d8e06b09fe4,48,843.9,,ambiguous
spatial,scene_0021,directional,text_only,sketchvla_prompt_conditioned_latent_action,blank,10,False,,240,False,False,,True,True,True,plate_1,False,plate_1,True,0.0,,,,,,,,4b4c774a4be2986c,790c0e5877fdd0a8,e467e11d9e598512,48,857.2,,ambiguous
spatial,scene_0021,directional,text_only,sketchvla_prompt_conditioned_latent_action,blank,11,False,,240,False,False,,True,True,True,plate_1,False,plate_1,True,0.0,,,,,,,,4b4c774a4be2986c,1ecba9660070a0b9,809c5b2e17de65e9,48,898.3,,ambiguous
spatial,scene_0021,directional,text_only,sketchvla_prompt_conditioned_latent_action,blank,12,False,,240,False,False,,True,True,True,plate_1,False,plate_1,True,0.0,,,,,,,,4b4c774a4be2986c,8f9abd31b4446f83,1daba781f4a53bf6,48,825.6,,ambiguous
spatial,scene_0021,directional,text_only,sketchvla_prompt_conditioned_latent_action,blank,13,False,,240,False,False,,True,True,True,plate_1,False,plate_1,True,0.0,,,,,,,,4b4c774a4be2986c,cda0db2ccd714262,a2591a6b3efffc23,48,806.4,,ambiguous
spatial,scene_0022,directional,text_only,sketchvla_prompt_conditioned_latent_action,blank,0,False,,240,False,False,,True,False,False,,False,,False,0.1422,,,,,,,,294b70e310714e30,87eefcb13fce9f09,e08e86dcab0f7b27,48,863.4,,ambiguous
spatial,scene_0022,directional,text_only,sketchvla_prompt_conditioned_latent_action,blank,1,False,,240,False,False,,True,False,False,,False,,False,0.1297,,,,,,,,294b70e310714e30,f2bd74f5ec01f429,d90e4710f04806c1,48,864.2,,ambiguous
spatial,scene_0022,directional,text_only,sketchvla_prompt_conditioned_latent_action,blank,2,False,,240,False,False,,True,False,False,,False,,False,0.1251,,,,,,,,294b70e310714e30,b921f75f3f5358f6,f6999e8fe0e17252,48,877.2,,ambiguous
spatial,scene_0022,directional,text_only,sketchvla_prompt_conditioned_latent_action,blank,3,False,,240,False,False,,True,True,True,glazed_rim_porcelain_ramekin_1,False,plate_2,False,0.053,,,,,,,,294b70e310714e30,2ac0965e0832d669,e04a1212694c904e,48,808.1,,ambiguous
spatial,scene_0022,directional,text_only,sketchvla_prompt_conditioned_latent_action,blank,4,False,,240,False,False,,True,True,True,plate_1,False,plate_1,False,0.0,,,,,,,,294b70e310714e30,f51c9a3866e92dcd,744c824af3900e05,48,831.6,,ambiguous
spatial,scene_0022,directional,text_only,sketchvla_prompt_conditioned_latent_action,blank,5,False,,240,False,False,,True,True,True,glazed_rim_porcelain_ramekin_1,False,,False,0.0841,,,,,,,,294b70e310714e30,e589e0e62154d3e1,cefcc0a84710cba5,48,762.4,,ambiguous
spatial,scene_0022,directional,text_only,sketchvla_prompt_conditioned_latent_action,blank,6,False,,240,False,False,,True,False,False,,False,,False,0.1402,,,,,,,,294b70e310714e30,afd03d27c78bb184,3fc97ccd89519c73,48,794.2,,ambiguous
spatial,scene_0022,directional,text_only,sketchvla_prompt_conditioned_latent_action,blank,7,False,,240,False,False,,True,True,True,glazed_rim_porcelain_ramekin_1,False,plate_2,False,0.0778,,,,,,,,294b70e310714e30,0ab13f9a7c64a53b,3be677563f785076,48,806.0,,ambiguous
spatial,scene_0022,directional,text_only,sketchvla_prompt_conditioned_latent_action,blank,8,False,,240,False,False,,True,False,False,,False,,False,0.1225,,,,,,,,294b70e310714e30,ab8e71eff14253bc,03be07baa0828495,48,852.6,,ambiguous
spatial,scene_0022,directional,text_only,sketchvla_prompt_conditioned_latent_action,blank,9,False,,240,False,False,,True,False,False,,False,,False,0.125,,,,,,,,294b70e310714e30,28f4d9121a137528,355b8345ad602913,48,833.7,,ambiguous
spatial,scene_0022,directional,text_only,sketchvla_prompt_conditioned_latent_action,blank,10,False,,240,False,False,,True,False,False,,False,,False,0.1238,,,,,,,,294b70e310714e30,0d04b8ffd012002d,91b59f223899d49c,48,856.0,,ambiguous
spatial,scene_0022,directional,text_only,sketchvla_prompt_conditioned_latent_action,blank,11,False,,240,False,False,,True,True,True,glazed_rim_porcelain_ramekin_1,False,,False,0.0808,,,,,,,,294b70e310714e30,0a6a6626902cee8b,786cf1f5be923bc5,48,900.5,,ambiguous
spatial,scene_0022,directional,text_only,sketchvla_prompt_conditioned_latent_action,blank,12,False,,240,False,False,,True,False,False,,False,,False,0.1265,,,,,,,,294b70e310714e30,3adf7fdcceed1d7e,dfd7c63bd107b75b,48,816.0,,ambiguous
spatial,scene_0022,directional,text_only,sketchvla_prompt_conditioned_latent_action,blank,13,False,,240,False,False,,True,False,False,,False,,False,0.1432,,,,,,,,294b70e310714e30,7db6b762f1454090,be6675a623a0bf7f,48,810.7,,ambiguous
spatial,scene_0023,directional,text_only,sketchvla_prompt_conditioned_latent_action,blank,0,False,,240,False,False,,True,True,True,glazed_rim_porcelain_ramekin_1,False,,False,0.1077,,,,,,,,a8199a3e753c2770,d62c9f30be395f7c,02bb0f132598752d,48,493.8,,ambiguous
spatial,scene_0023,directional,text_only,sketchvla_prompt_conditioned_latent_action,blank,1,False,,240,False,False,,True,True,True,glazed_rim_porcelain_ramekin_1,False,,False,0.0987,,,,,,,,a8199a3e753c2770,6100e4834750e53e,eb84767db699b50e,48,502.7,,ambiguous
spatial,scene_0023,directional,text_only,sketchvla_prompt_conditioned_latent_action,blank,2,False,,240,False,False,,True,True,True,glazed_rim_porcelain_ramekin_1,False,,False,0.131,,,,,,,,a8199a3e753c2770,8ee59af899de0dcd,5c1df4d1041722ab,48,504.3,,ambiguous
spatial,scene_0023,directional,text_only,sketchvla_prompt_conditioned_latent_action,blank,3,False,,240,False,False,,True,True,True,glazed_rim_porcelain_ramekin_1,False,,False,0.1304,,,,,,,,a8199a3e753c2770,16ee1eed67acf7d5,c85f4ef9e09a7c03,48,476.2,,ambiguous
spatial,scene_0023,directional,text_only,sketchvla_prompt_conditioned_latent_action,blank,4,False,,240,False,False,,True,True,True,glazed_rim_porcelain_ramekin_1,False,,False,0.133,,,,,,,,a8199a3e753c2770,e6f92459714c0f53,1190eeac8ac047e9,48,468.6,,ambiguous
spatial,scene_0023,directional,text_only,sketchvla_prompt_conditioned_latent_action,blank,5,False,,240,False,False,,True,True,True,glazed_rim_porcelain_ramekin_1,False,,False,0.0994,,,,,,,,a8199a3e753c2770,1ca3c5f46cc0d1c3,505017071ab11705,48,496.1,,ambiguous
spatial,scene_0023,directional,text_only,sketchvla_prompt_conditioned_latent_action,blank,6,False,,240,False,False,,True,False,False,,False,,False,0.1233,,,,,,,,a8199a3e753c2770,c0fa9f965189cb83,38f14512c33e119c,48,475.5,,ambiguous
spatial,scene_0023,directional,text_only,sketchvla_prompt_conditioned_latent_action,blank,7,False,,240,False,False,,True,True,True,glazed_rim_porcelain_ramekin_1,False,,False,0.1397,,,,,,,,a8199a3e753c2770,13e8158d3f30c4ce,a04c973904a6c449,48,486.9,,ambiguous
spatial,scene_0023,directional,text_only,sketchvla_prompt_conditioned_latent_action,blank,8,False,,240,False,False,,True,False,False,,False,,False,0.1233,,,,,,,,a8199a3e753c2770,b4553f09de1886e0,19b3d3ade3c8383f,48,477.2,,ambiguous
spatial,scene_0023,directional,text_only,sketchvla_prompt_conditioned_latent_action,blank,9,False,,240,False,False,,True,True,True,plate_3,False,plate_3,False,0.0,,,,,,,,a8199a3e753c2770,39ff831cbbc073e9,ff99e17a16162b89,48,509.7,,ambiguous
spatial,scene_0023,directional,text_only,sketchvla_prompt_conditioned_latent_action,blank,10,False,,240,False,False,,True,False,False,,False,,False,0.1233,,,,,,,,a8199a3e753c2770,293280014cf87e3c,22a2264dd6303125,48,485.2,,ambiguous
spatial,scene_0023,directional,text_only,sketchvla_prompt_conditioned_latent_action,blank,11,False,,240,False,False,,True,False,False,,False,,False,0.1233,,,,,,,,a8199a3e753c2770,43dd739d530b76f4,5043e841f587e8f5,48,486.1,,ambiguous
spatial,scene_0023,directional,text_only,sketchvla_prompt_conditioned_latent_action,blank,12,False,,240,False,False,,True,True,True,glazed_rim_porcelain_ramekin_1,False,,False,0.1151,,,,,,,,a8199a3e753c2770,051ed87d9404fa2e,8cb993303b4186d9,48,497.1,,ambiguous
spatial,scene_0023,directional,text_only,sketchvla_prompt_conditioned_latent_action,blank,13,False,,240,False,False,,True,True,True,plate_3,False,plate_3,False,0.0,,,,,,,,a8199a3e753c2770,6794d60f2e8167ca,385d76f6e1c44c76,48,477.9,,ambiguous
spatial,scene_0024,directional,text_only,sketchvla_prompt_conditioned_latent_action,blank,0,False,,240,False,False,,True,True,True,plate_3,False,plate_3,True,0.0,,,,,,,,9ad1684dfbf5bc6d,97cd72f08434cdf4,252d1c507d0c103b,48,831.4,,ambiguous
spatial,scene_0024,directional,text_only,sketchvla_prompt_conditioned_latent_action,blank,1,False,,240,False,False,,True,True,True,plate_3,False,plate_3,True,0.0,,,,,,,,9ad1684dfbf5bc6d,25cbc5359f86626f,7143576bc2890b9d,48,864.3,,ambiguous
spatial,scene_0024,directional,text_only,sketchvla_prompt_conditioned_latent_action,blank,2,False,,240,False,False,,True,True,True,plate_3,False,plate_3,True,0.0,,,,,,,,9ad1684dfbf5bc6d,c2043d50f7da42cc,5209b10d819f98fa,48,817.7,,ambiguous
spatial,scene_0024,directional,text_only,sketchvla_prompt_conditioned_latent_action,blank,3,False,,240,False,False,,True,True,True,plate_3,False,plate_3,True,0.0,,,,,,,,9ad1684dfbf5bc6d,3f94c93237138057,c7160e7440e2bebc,48,860.2,,ambiguous
spatial,scene_0024,directional,text_only,sketchvla_prompt_conditioned_latent_action,blank,4,False,,240,False,False,,True,False,False,,False,,False,0.1231,,,,,,,,9ad1684dfbf5bc6d,e10e3c801438f3a3,f3446a804941e878,48,810.9,,ambiguous
spatial,scene_0024,directional,text_only,sketchvla_prompt_conditioned_latent_action,blank,5,False,,240,False,False,,True,True,True,plate_3,False,plate_3,True,0.0,,,,,,,,9ad1684dfbf5bc6d,c021a1bc5c1ec9bc,0cd990fd6024e26b,48,756.9,,ambiguous
spatial,scene_0024,directional,text_only,sketchvla_prompt_conditioned_latent_action,blank,6,False,,240,False,False,,True,False,False,,False,,False,0.1266,,,,,,,,9ad1684dfbf5bc6d,0cb0d257bac68deb,5c5edc537d424ab1,48,848.2,,ambiguous
spatial,scene_0024,directional,text_only,sketchvla_prompt_conditioned_latent_action,blank,7,False,,240,False,False,,True,True,True,plate_3,False,plate_3,True,0.0,,,,,,,,9ad1684dfbf5bc6d,a51bf379dc92b7d2,1d2abe717d2fe48b,48,783.5,,ambiguous
spatial,scene_0024,directional,text_only,sketchvla_prompt_conditioned_latent_action,blank,8,False,,240,False,False,,True,False,False,,False,,False,0.1404,,,,,,,,9ad1684dfbf5bc6d,5471e97674b85098,0f7abb1b4dc8e703,48,759.3,,ambiguous
spatial,scene_0024,directional,text_only,sketchvla_prompt_conditioned_latent_action,blank,9,False,,240,False,False,,True,False,False,,False,,False,0.1477,,,,,,,,9ad1684dfbf5bc6d,40cc8eed02cc2434,2ae2ecc4093e40a1,48,816.6,,ambiguous
spatial,scene_0024,directional,text_only,sketchvla_prompt_conditioned_latent_action,blank,10,False,,240,False,False,,True,False,False,,False,,False,0.1429,,,,,,,,9ad1684dfbf5bc6d,9cd3b1a4b8bc2300,4488d203941c3010,48,779.0,,ambiguous
spatial,scene_0024,directional,text_only,sketchvla_prompt_conditioned_latent_action,blank,11,False,,240,False,False,,True,False,False,,False,,False,0.1539,,,,,,,,9ad1684dfbf5bc6d,408eef27dc7e98be,7616700aede0c820,48,902.2,,ambiguous
spatial,scene_0024,directional,text_only,sketchvla_prompt_conditioned_latent_action,blank,12,False,,240,False,False,,True,False,False,,False,,False,0.1515,,,,,,,,9ad1684dfbf5bc6d,7bccf9f16d6dec28,12f02d07c2fb8ed5,48,894.9,,ambiguous
spatial,scene_0024,directional,text_only,sketchvla_prompt_conditioned_latent_action,blank,13,False,,240,False,False,,True,False,False,,False,,False,0.1175,,,,,,,,9ad1684dfbf5bc6d,495e3eeb5ef1619b,de8972f13b7a4a87,48,877.5,,ambiguous
spatial,scene_0025,directional,text_only,sketchvla_prompt_conditioned_latent_action,blank,0,False,,240,False,False,,True,True,True,akita_black_bowl_1,True,plate_1,False,0.0444,,,,,,,,950129e7380d5320,d89a9c38ca160e32,b7668453a9fd851c,48,853.8,,ambiguous
spatial,scene_0025,directional,text_only,sketchvla_prompt_conditioned_latent_action,blank,1,False,,240,False,False,,True,True,True,akita_black_bowl_1,True,plate_1,False,0.0317,,,,,,,,950129e7380d5320,b37fa34335b7a10b,3772e8513df62084,48,816.8,,ambiguous
spatial,scene_0025,directional,text_only,sketchvla_prompt_conditioned_latent_action,blank,2,False,,240,False,False,,True,True,True,akita_black_bowl_1,True,plate_1,False,0.0536,,,,,,,,950129e7380d5320,26c71adc971f55e9,2f8f920244c74eac,48,810.4,,ambiguous
spatial,scene_0025,directional,text_only,sketchvla_prompt_conditioned_latent_action,blank,3,False,,240,False,False,,True,True,True,akita_black_bowl_1,True,plate_1,False,0.0282,,,,,,,,950129e7380d5320,99b4ccd3e768912b,1daa4516bc9611eb,48,806.3,,ambiguous
spatial,scene_0025,directional,text_only,sketchvla_prompt_conditioned_latent_action,blank,4,False,,240,False,False,,True,True,True,plate_1,False,plate_1,False,0.0,,,,,,,,950129e7380d5320,9d2079120bbd3968,fef944257352e3d4,48,808.6,,ambiguous
spatial,scene_0025,directional,text_only,sketchvla_prompt_conditioned_latent_action,blank,5,False,,240,False,False,,True,True,True,akita_black_bowl_1,True,plate_1,False,0.0318,,,,,,,,950129e7380d5320,b2df8b9c79214d17,3518deba4572aaf7,48,745.4,,ambiguous
spatial,scene_0025,directional,text_only,sketchvla_prompt_conditioned_latent_action,blank,6,False,,240,False,False,,True,True,True,glazed_rim_porcelain_ramekin_1,False,,False,0.1103,,,,,,,,950129e7380d5320,ae7fa97a7bc82383,ea3002f5f6fdedaa,48,835.2,,ambiguous
spatial,scene_0025,directional,text_only,sketchvla_prompt_conditioned_latent_action,blank,7,False,,240,False,False,,True,True,True,akita_black_bowl_1,True,plate_1,False,0.039,,,,,,,,950129e7380d5320,a3beaf7229e5b54f,9afc3a3609758117,48,766.2,,ambiguous
spatial,scene_0025,directional,text_only,sketchvla_prompt_conditioned_latent_action,blank,8,False,,240,False,False,,True,True,True,akita_black_bowl_1,True,plate_1,False,0.0406,,,,,,,,950129e7380d5320,1665323dacf2c728,1223f2c5beba04bf,48,732.1,,ambiguous
spatial,scene_0025,directional,text_only,sketchvla_prompt_conditioned_latent_action,blank,9,False,,240,False,False,,True,True,True,akita_black_bowl_1,True,plate_1,False,0.0591,,,,,,,,950129e7380d5320,cf9eb5a7e09b1e3f,db89c120b6a0264b,48,767.8,,ambiguous
spatial,scene_0025,directional,text_only,sketchvla_prompt_conditioned_latent_action,blank,10,False,,240,False,False,,True,True,True,akita_black_bowl_1,True,plate_1,False,0.0183,,,,,,,,950129e7380d5320,90fea998d7b98fbf,a13607e8e085d05b,48,752.7,,ambiguous
spatial,scene_0025,directional,text_only,sketchvla_prompt_conditioned_latent_action,blank,11,False,,240,False,False,,True,True,True,akita_black_bowl_1,True,plate_1,False,0.0653,,,,,,,,950129e7380d5320,04371f8be0562a6d,6eb80aadd21b4a7a,48,918.5,,ambiguous
spatial,scene_0025,directional,text_only,sketchvla_prompt_conditioned_latent_action,blank,12,False,,240,False,False,,True,False,False,,False,,False,0.0944,,,,,,,,950129e7380d5320,7a2ff78c77f11e91,752c63abb73234b1,48,862.0,,ambiguous
spatial,scene_0025,directional,text_only,sketchvla_prompt_conditioned_latent_action,blank,13,False,,240,False,False,,True,True,True,akita_black_bowl_1,True,plate_1,False,0.0511,,,,,,,,950129e7380d5320,be80c3f5d28b4c35,2ab12b54483fff16,48,773.5,,ambiguous
spatial,scene_0026,both,text_only,sketchvla_prompt_conditioned_latent_action,blank,0,False,,240,False,False,,True,False,False,,False,,False,0.1612,,,,,,,,2139c737065fe13e,edbff1201190b502,60b150d602669b59,48,475.3,,ambiguous
spatial,scene_0026,both,text_only,sketchvla_prompt_conditioned_latent_action,blank,1,False,,240,False,False,,True,False,False,,False,,False,0.1613,,,,,,,,2139c737065fe13e,3a043f7364a4ec25,b1f67a69a1811f76,48,495.8,,ambiguous
spatial,scene_0026,both,text_only,sketchvla_prompt_conditioned_latent_action,blank,2,False,,240,False,False,,True,True,True,glazed_rim_porcelain_ramekin_2,False,,False,0.0912,,,,,,,,2139c737065fe13e,e826245c8cf603c8,3327af804fea4526,48,504.4,,ambiguous
spatial,scene_0026,both,text_only,sketchvla_prompt_conditioned_latent_action,blank,3,False,,240,False,False,,True,False,False,,False,,False,0.1612,,,,,,,,2139c737065fe13e,e3bf418a4a57a94f,f4f49be21c46fbc7,48,486.4,,ambiguous
spatial,scene_0026,both,text_only,sketchvla_prompt_conditioned_latent_action,blank,4,False,,240,False,False,,True,False,False,,False,,False,0.1612,,,,,,,,2139c737065fe13e,7f47c394224cc59b,f59a3e69f90a3e82,48,483.2,,ambiguous
spatial,scene_0026,both,text_only,sketchvla_prompt_conditioned_latent_action,blank,5,False,,240,False,False,,True,False,False,,False,,False,0.1612,,,,,,,,2139c737065fe13e,dda53bca70b9489c,5c0701674df6c15d,48,478.0,,ambiguous
spatial,scene_0026,both,text_only,sketchvla_prompt_conditioned_latent_action,blank,6,False,,240,False,False,,True,False,False,,False,,False,0.1612,,,,,,,,2139c737065fe13e,233bd7174562c198,1aedaf2e12895038,48,480.3,,ambiguous
spatial,scene_0026,both,text_only,sketchvla_prompt_conditioned_latent_action,blank,7,False,,240,False,False,,True,False,False,,False,,False,0.1612,,,,,,,,2139c737065fe13e,6c2c65b18f08f7fb,d1048186a3cd3cd2,48,507.8,,ambiguous
spatial,scene_0026,both,text_only,sketchvla_prompt_conditioned_latent_action,blank,8,False,,240,False,False,,True,False,False,,False,,False,0.1612,,,,,,,,2139c737065fe13e,0ef51eed15790a5d,b1c9506a0bad9ee2,48,497.5,,ambiguous
spatial,scene_0026,both,text_only,sketchvla_prompt_conditioned_latent_action,blank,9,False,,240,False,False,,True,False,False,,False,,False,0.1612,,,,,,,,2139c737065fe13e,2627df8daa8b1885,ed86f50eeb985886,48,484.0,,ambiguous
spatial,scene_0026,both,text_only,sketchvla_prompt_conditioned_latent_action,blank,10,False,,240,False,False,,True,False,False,,False,,False,0.1612,,,,,,,,2139c737065fe13e,fb3d6382b46ea0d6,ceafd3fd8fa61d60,48,499.2,,ambiguous
spatial,scene_0026,both,text_only,sketchvla_prompt_conditioned_latent_action,blank,11,False,,240,False,False,,True,True,True,glazed_rim_porcelain_ramekin_2,False,,False,0.11,,,,,,,,2139c737065fe13e,590cbb113fb5a08a,360f415352b020d5,48,490.2,,ambiguous
spatial,scene_0026,both,text_only,sketchvla_prompt_conditioned_latent_action,blank,12,False,,240,False,False,,True,False,False,,False,,False,0.1612,,,,,,,,2139c737065fe13e,13d02eda9e937b85,5df76229716d6bba,48,505.9,,ambiguous
spatial,scene_0026,both,text_only,sketchvla_prompt_conditioned_latent_action,blank,13,False,,240,False,False,,True,False,False,,False,,False,0.1612,,,,,,,,2139c737065fe13e,4eda5f0e7247ed19,da9184a104c17d15,48,501.4,,ambiguous
spatial,scene_0027,both,text_only,sketchvla_prompt_conditioned_latent_action,blank,0,False,,240,False,False,,True,False,False,,False,,False,0.1609,,,,,,,,f8a485fea0953861,2ca57145b54576c1,4908ef27b476f8bd,48,843.8,,ambiguous
spatial,scene_0027,both,text_only,sketchvla_prompt_conditioned_latent_action,blank,1,False,,240,False,False,,True,False,False,,False,,False,0.1469,,,,,,,,f8a485fea0953861,368f6b03c14bb2be,f189a990b127adf7,48,836.5,,ambiguous
spatial,scene_0027,both,text_only,sketchvla_prompt_conditioned_latent_action,blank,2,False,,240,False,False,,True,False,False,,False,,False,0.1486,,,,,,,,f8a485fea0953861,cd9e632a530b7c59,09c540811a0edf41,48,843.7,,ambiguous
spatial,scene_0027,both,text_only,sketchvla_prompt_conditioned_latent_action,blank,3,False,,240,False,False,,True,False,False,,False,,False,0.1486,,,,,,,,f8a485fea0953861,221081cf0893a807,097de454db06a2f8,48,797.4,,ambiguous
spatial,scene_0027,both,text_only,sketchvla_prompt_conditioned_latent_action,blank,4,False,,240,False,False,,True,True,True,glazed_rim_porcelain_ramekin_1,False,,False,0.1828,,,,,,,,f8a485fea0953861,feb9eea83aca8489,2da14e894eacb73f,48,778.0,,ambiguous
spatial,scene_0027,both,text_only,sketchvla_prompt_conditioned_latent_action,blank,5,False,,240,False,False,,True,True,True,cookies_2,False,,False,0.1379,,,,,,,,f8a485fea0953861,96bade327dfd0b60,d823ea5cff096bec,48,790.0,,ambiguous
spatial,scene_0027,both,text_only,sketchvla_prompt_conditioned_latent_action,blank,6,False,,240,False,False,,True,False,False,,False,,False,0.1486,,,,,,,,f8a485fea0953861,99921167c2f97635,6c39354d6ea58af8,48,780.6,,ambiguous
spatial,scene_0027,both,text_only,sketchvla_prompt_conditioned_latent_action,blank,7,False,,240,False,False,,True,False,False,,False,,False,0.1486,,,,,,,,f8a485fea0953861,170bf11bce7ace9e,16645d9e0bf34bbf,48,762.5,,ambiguous
spatial,scene_0027,both,text_only,sketchvla_prompt_conditioned_latent_action,blank,8,False,,240,False,False,,True,True,True,glazed_rim_porcelain_ramekin_1,False,,False,0.146,,,,,,,,f8a485fea0953861,7086f2061bdaffc4,5216f95b842a0d1d,48,770.5,,ambiguous
spatial,scene_0027,both,text_only,sketchvla_prompt_conditioned_latent_action,blank,9,False,,240,False,False,,True,True,True,cookies_2,False,,False,0.141,,,,,,,,f8a485fea0953861,103f1d2a8d6b5caf,9f1f0e188cec8bf1,48,751.3,,ambiguous
spatial,scene_0027,both,text_only,sketchvla_prompt_conditioned_latent_action,blank,10,False,,240,False,False,,True,False,False,,False,,False,0.1486,,,,,,,,f8a485fea0953861,bdca71136165ed5b,84f427114fb15ce1,48,826.2,,ambiguous
spatial,scene_0027,both,text_only,sketchvla_prompt_conditioned_latent_action,blank,11,False,,240,False,False,,True,False,False,,False,,False,0.1486,,,,,,,,f8a485fea0953861,a079b58c0275e79a,285b1de1205f6367,48,896.7,,ambiguous
spatial,scene_0027,both,text_only,sketchvla_prompt_conditioned_latent_action,blank,12,False,,240,False,False,,True,False,False,,False,,False,0.1486,,,,,,,,f8a485fea0953861,fd6b8fff87894267,701fb0ef71fabfde,48,813.7,,ambiguous
spatial,scene_0027,both,text_only,sketchvla_prompt_conditioned_latent_action,blank,13,False,,240,False,False,,True,True,True,cookies_2,False,,False,0.1324,,,,,,,,f8a485fea0953861,16b1242c5d892376,4844bd6a7574ae41,48,769.5,,ambiguous
spatial,scene_0028,both,text_only,sketchvla_prompt_conditioned_latent_action,blank,0,False,,240,False,False,,True,False,False,,False,,False,0.1531,,,,,,,,91c3fe477ec8f91f,31d76ac723a8a01f,cedbeec65be0e865,48,853.3,,ambiguous
spatial,scene_0028,both,text_only,sketchvla_prompt_conditioned_latent_action,blank,1,False,,240,False,False,,True,True,True,akita_black_bowl_2,False,,False,0.1462,,,,,,,,91c3fe477ec8f91f,73a92304c7964032,1e723a1b1e0a7307,48,835.3,,ambiguous
spatial,scene_0028,both,text_only,sketchvla_prompt_conditioned_latent_action,blank,2,False,,240,False,False,,True,False,False,,False,,False,0.1437,,,,,,,,91c3fe477ec8f91f,0bd6e8ae0250881a,61aecd821a9b6698,48,839.3,,ambiguous
spatial,scene_0028,both,text_only,sketchvla_prompt_conditioned_latent_action,blank,3,False,,240,False,False,,True,False,False,,False,,False,0.1795,,,,,,,,91c3fe477ec8f91f,9ddfd7eac509aec9,481193ca6f9197ff,48,781.7,,ambiguous
spatial,scene_0028,both,text_only,sketchvla_prompt_conditioned_latent_action,blank,4,False,,240,False,False,,True,True,True,akita_black_bowl_3,False,,False,0.1857,,,,,,,,91c3fe477ec8f91f,2d6f9bc870833fa4,08373aa98683386b,48,740.0,,ambiguous
spatial,scene_0028,both,text_only,sketchvla_prompt_conditioned_latent_action,blank,5,False,,240,False,False,,True,True,True,glazed_rim_porcelain_ramekin_1,False,,False,0.1479,,,,,,,,91c3fe477ec8f91f,3612397b6fbbf235,e40526f19b2d8484,48,755.0,,ambiguous
spatial,scene_0028,both,text_only,sketchvla_prompt_conditioned_latent_action,blank,6,False,,240,False,False,,True,True,True,glazed_rim_porcelain_ramekin_1,False,,False,0.1013,,,,,,,,91c3fe477ec8f91f,3974deb49efe19cc,627fa82e0c1cbdb4,48,776.5,,ambiguous
spatial,scene_0028,both,text_only,sketchvla_prompt_conditioned_latent_action,blank,7,False,,240,False,False,,True,True,True,glazed_rim_porcelain_ramekin_1,False,,False,0.1299,,,,,,,,91c3fe477ec8f91f,e5ee93140390c2a7,d489968b3dc84e1f,48,733.6,,ambiguous
spatial,scene_0028,both,text_only,sketchvla_prompt_conditioned_latent_action,blank,8,False,,240,False,False,,True,True,True,glazed_rim_porcelain_ramekin_1,False,,False,0.1525,,,,,,,,91c3fe477ec8f91f,61e18a4248d573dc,a2e7830a4cf1f037,48,768.4,,ambiguous
spatial,scene_0028,both,text_only,sketchvla_prompt_conditioned_latent_action,blank,9,False,,240,False,False,,True,False,False,,False,,False,0.1421,,,,,,,,91c3fe477ec8f91f,3220b74ff27b530a,3b2aa2acf3348b6d,48,724.8,,ambiguous
spatial,scene_0028,both,text_only,sketchvla_prompt_conditioned_latent_action,blank,10,False,,240,False,False,,True,False,False,,False,,False,0.1513,,,,,,,,91c3fe477ec8f91f,5952d8543ae39139,dbfda7ce4e74faca,48,833.7,,ambiguous
spatial,scene_0028,both,text_only,sketchvla_prompt_conditioned_latent_action,blank,11,False,,240,False,False,,True,False,False,,False,,False,0.1426,,,,,,,,91c3fe477ec8f91f,0057b9b771a7fb6b,96c8c6c21a79cc03,48,882.6,,ambiguous
spatial,scene_0028,both,text_only,sketchvla_prompt_conditioned_latent_action,blank,12,False,,240,False,False,,True,True,True,glazed_rim_porcelain_ramekin_1,False,,False,0.1373,,,,,,,,91c3fe477ec8f91f,13f560127e8b75af,5a0ea06b49b74e25,48,795.3,,ambiguous
spatial,scene_0028,both,text_only,sketchvla_prompt_conditioned_latent_action,blank,13,False,,240,False,False,,True,False,False,,False,,False,0.1712,,,,,,,,91c3fe477ec8f91f,9a202daf90bdb2a2,6282bb70309cb3ed,48,727.0,,ambiguous
spatial,scene_0029,both,text_only,sketchvla_prompt_conditioned_latent_action,blank,0,False,,240,False,False,,True,True,True,glazed_rim_porcelain_ramekin_1,False,,False,0.2047,,,,,,,,0195be60883fac6e,b12e144c685229da,7fea603c11586ac0,48,795.6,,ambiguous
spatial,scene_0029,both,text_only,sketchvla_prompt_conditioned_latent_action,blank,1,False,,240,False,False,,True,True,True,glazed_rim_porcelain_ramekin_1,False,,False,0.1978,,,,,,,,0195be60883fac6e,78feaefd6d38113f,b38c4bc39a34b424,48,786.4,,ambiguous
spatial,scene_0029,both,text_only,sketchvla_prompt_conditioned_latent_action,blank,2,False,,240,False,False,,True,True,True,glazed_rim_porcelain_ramekin_1,False,,False,0.1991,,,,,,,,0195be60883fac6e,576f76056eec1523,9a39d4f8f4e51c08,48,771.9,,ambiguous
spatial,scene_0029,both,text_only,sketchvla_prompt_conditioned_latent_action,blank,3,False,,240,False,False,,True,True,True,glazed_rim_porcelain_ramekin_1,False,,False,0.1883,,,,,,,,0195be60883fac6e,1792d3d35170e5c1,8a527bbe2ad9d4a2,48,831.6,,ambiguous
spatial,scene_0029,both,text_only,sketchvla_prompt_conditioned_latent_action,blank,4,False,,240,False,False,,True,True,True,glazed_rim_porcelain_ramekin_1,False,,False,0.1713,,,,,,,,0195be60883fac6e,dbc16978832a1067,e84e025bc4ccd9f9,48,779.1,,ambiguous
spatial,scene_0029,both,text_only,sketchvla_prompt_conditioned_latent_action,blank,5,False,,240,False,False,,True,False,False,,False,,False,0.2427,,,,,,,,0195be60883fac6e,bd203704746547a0,5d3c9ef96343a19c,48,763.7,,ambiguous
spatial,scene_0029,both,text_only,sketchvla_prompt_conditioned_latent_action,blank,6,False,,240,False,False,,True,True,True,glazed_rim_porcelain_ramekin_1,False,,False,0.1858,,,,,,,,0195be60883fac6e,64a67fce5d6bd2ef,c1e1de8b14ecfd52,48,747.1,,ambiguous
spatial,scene_0029,both,text_only,sketchvla_prompt_conditioned_latent_action,blank,7,False,,240,False,False,,True,True,True,glazed_rim_porcelain_ramekin_1,False,,False,0.1948,,,,,,,,0195be60883fac6e,3c88d16479d9af8e,da923c07e7c24149,48,792.8,,ambiguous
spatial,scene_0029,both,text_only,sketchvla_prompt_conditioned_latent_action,blank,8,False,,240,False,False,,True,True,True,glazed_rim_porcelain_ramekin_1,False,,False,0.1898,,,,,,,,0195be60883fac6e,e4ee1e6617e7abb2,c92dcf632704ff58,48,752.5,,ambiguous
spatial,scene_0029,both,text_only,sketchvla_prompt_conditioned_latent_action,blank,9,False,,240,False,False,,True,True,True,glazed_rim_porcelain_ramekin_1,False,,False,0.2006,,,,,,,,0195be60883fac6e,cb94f22f59d146e1,c4a7fedb4cf61831,48,723.5,,ambiguous
spatial,scene_0029,both,text_only,sketchvla_prompt_conditioned_latent_action,blank,10,False,,240,False,False,,True,True,True,glazed_rim_porcelain_ramekin_1,False,,False,0.1458,,,,,,,,0195be60883fac6e,6c4eb5e8e241bb3b,a297dbf2701387c4,48,794.7,,ambiguous
spatial,scene_0029,both,text_only,sketchvla_prompt_conditioned_latent_action,blank,11,False,,240,False,False,,True,True,True,glazed_rim_porcelain_ramekin_1,False,,False,0.1841,,,,,,,,0195be60883fac6e,89c2fc03cbce90d7,36d7c35342c6dc98,48,883.5,,ambiguous
spatial,scene_0029,both,text_only,sketchvla_prompt_conditioned_latent_action,blank,12,False,,240,False,False,,True,True,True,glazed_rim_porcelain_ramekin_1,False,,False,0.1735,,,,,,,,0195be60883fac6e,dbe6a61810be8f6f,d34563180b8cf0e9,48,778.9,,ambiguous
spatial,scene_0029,both,text_only,sketchvla_prompt_conditioned_latent_action,blank,13,False,,240,False,False,,True,True,True,glazed_rim_porcelain_ramekin_1,False,,False,0.1553,,,,,,,,0195be60883fac6e,b6ce7cde19ab63ca,6a9c9ac70000ac42,48,846.2,,ambiguous
spatial,scene_0030,both,text_only,sketchvla_prompt_conditioned_latent_action,blank,0,False,,240,False,False,,True,False,False,,False,,False,0.1472,,,,,,,,04aa0581369cd708,62ee24c86e5caa30,e6ccc580d7e3d9cf,48,843.7,,ambiguous
spatial,scene_0030,both,text_only,sketchvla_prompt_conditioned_latent_action,blank,1,False,,240,False,False,,True,True,True,akita_black_bowl_3,False,,False,0.2517,,,,,,,,04aa0581369cd708,34c9897b851d0ce7,7f4edd3d94f5fee2,48,780.8,,ambiguous
spatial,scene_0030,both,text_only,sketchvla_prompt_conditioned_latent_action,blank,2,False,,240,False,False,,True,False,False,,False,,False,0.1472,,,,,,,,04aa0581369cd708,ef77e4a5be2d1e86,f7a5424a697190b5,48,789.1,,ambiguous
spatial,scene_0030,both,text_only,sketchvla_prompt_conditioned_latent_action,blank,3,False,,240,False,False,,True,False,False,,False,,False,0.1472,,,,,,,,04aa0581369cd708,ea0f37a2d7fbb1af,03e3a5f1ad7714f1,48,831.1,,ambiguous
spatial,scene_0030,both,text_only,sketchvla_prompt_conditioned_latent_action,blank,4,False,,240,False,False,,True,False,False,,False,,False,0.1472,,,,,,,,04aa0581369cd708,5c907b6d09031b2c,2c87ff78b3640223,48,797.3,,ambiguous
spatial,scene_0030,both,text_only,sketchvla_prompt_conditioned_latent_action,blank,5,False,,240,False,False,,True,True,True,akita_black_bowl_3,False,,False,0.2325,,,,,,,,04aa0581369cd708,969747aa74fc48d9,f0dbd96ace47dcea,48,740.1,,ambiguous
spatial,scene_0030,both,text_only,sketchvla_prompt_conditioned_latent_action,blank,6,False,,240,False,False,,True,True,True,akita_black_bowl_3,False,,False,0.1318,,,,,,,,04aa0581369cd708,ab418a7fd9bebeed,646546d8340cf8f0,48,769.6,,ambiguous
spatial,scene_0030,both,text_only,sketchvla_prompt_conditioned_latent_action,blank,7,False,,240,False,False,,True,False,False,,False,,False,0.1472,,,,,,,,04aa0581369cd708,daf59731b081b9fa,8659a2ecd520a3eb,48,794.8,,ambiguous
spatial,scene_0030,both,text_only,sketchvla_prompt_conditioned_latent_action,blank,8,False,,240,False,False,,True,False,False,,False,,False,0.1472,,,,,,,,04aa0581369cd708,14db6f8614edc416,f60396b4fb2868a5,48,773.9,,ambiguous
spatial,scene_0030,both,text_only,sketchvla_prompt_conditioned_latent_action,blank,9,False,,240,False,False,,True,False,False,,False,,False,0.1472,,,,,,,,04aa0581369cd708,f493ae67ca456049,3d9f8e04a25b62a4,48,735.8,,ambiguous
spatial,scene_0030,both,text_only,sketchvla_prompt_conditioned_latent_action,blank,10,False,,240,False,False,,True,False,False,,False,,False,0.1472,,,,,,,,04aa0581369cd708,2614c51449de437c,73f6667d7906c00d,48,819.4,,ambiguous
spatial,scene_0030,both,text_only,sketchvla_prompt_conditioned_latent_action,blank,11,False,,240,False,False,,True,False,False,,False,,False,0.1472,,,,,,,,04aa0581369cd708,4bda7554c1781c81,12150f8e6c298b9c,48,899.2,,ambiguous
spatial,scene_0030,both,text_only,sketchvla_prompt_conditioned_latent_action,blank,12,False,,240,False,False,,True,False,False,,False,,False,0.1472,,,,,,,,04aa0581369cd708,3268f509da332d19,19b7b609cb1b08ef,48,793.0,,ambiguous
spatial,scene_0030,both,text_only,sketchvla_prompt_conditioned_latent_action,blank,13,False,,240,False,False,,True,False,False,,False,,False,0.1472,,,,,,,,04aa0581369cd708,170f837f8992bd3f,b24495d92bcbcb1e,48,823.6,,ambiguous
spatial,scene_0031,both,text_only,sketchvla_prompt_conditioned_latent_action,blank,0,False,,240,False,False,,True,True,True,akita_black_bowl_3,False,,False,0.1196,,,,,,,,8bc38b2af0044938,cae45d60e76b9a4e,91fa7c16f370ebff,48,486.3,,ambiguous
spatial,scene_0031,both,text_only,sketchvla_prompt_conditioned_latent_action,blank,1,False,,240,False,False,,True,True,True,akita_black_bowl_2,False,plate_2,True,0.0249,,,,,,,,8bc38b2af0044938,b26646d9eea35c54,73b70bd3732b49fe,48,485.8,,ambiguous
spatial,scene_0031,both,text_only,sketchvla_prompt_conditioned_latent_action,blank,2,False,,240,False,False,,True,True,True,akita_black_bowl_3,False,,False,0.0841,,,,,,,,8bc38b2af0044938,1f4af157d2a4e502,8727224ac8d0bdf5,48,484.6,,ambiguous
spatial,scene_0031,both,text_only,sketchvla_prompt_conditioned_latent_action,blank,3,False,,240,False,False,,True,False,False,,False,,False,0.222,,,,,,,,8bc38b2af0044938,1d5a7e79d4bc8635,9ca97e4e377bae17,48,491.5,,ambiguous
spatial,scene_0031,both,text_only,sketchvla_prompt_conditioned_latent_action,blank,4,False,,240,False,False,,True,True,True,akita_black_bowl_2,False,plate_2,True,0.0353,,,,,,,,8bc38b2af0044938,2e272d4badab0c21,0911605c77f7765e,48,483.3,,ambiguous
spatial,scene_0031,both,text_only,sketchvla_prompt_conditioned_latent_action,blank,5,False,,240,False,False,,True,False,False,,False,,False,0.2223,,,,,,,,8bc38b2af0044938,fd07b85560788c99,f6215fbb0d78df99,48,479.0,,ambiguous
spatial,scene_0031,both,text_only,sketchvla_prompt_conditioned_latent_action,blank,6,False,,240,False,False,,True,True,True,akita_black_bowl_3,False,plate_2,True,0.078,,,,,,,,8bc38b2af0044938,67ac916a3a1e0dc9,5256aca0f5cdac12,48,500.6,,ambiguous
spatial,scene_0031,both,text_only,sketchvla_prompt_conditioned_latent_action,blank,7,False,,240,False,False,,True,True,True,akita_black_bowl_2,False,plate_2,True,0.0368,,,,,,,,8bc38b2af0044938,807aa25a89e4cd71,e883a4f7ef29a88f,48,479.5,,ambiguous
spatial,scene_0031,both,text_only,sketchvla_prompt_conditioned_latent_action,blank,8,False,,240,False,False,,True,False,False,,False,,False,0.2194,,,,,,,,8bc38b2af0044938,f30491720d7d1fb7,83230ee47c476a55,48,493.3,,ambiguous
spatial,scene_0031,both,text_only,sketchvla_prompt_conditioned_latent_action,blank,9,False,,240,False,False,,True,True,True,akita_black_bowl_2,False,plate_2,True,0.0135,,,,,,,,8bc38b2af0044938,595c5a8777f08d92,941c7ddf01a8a58d,48,478.4,,ambiguous
spatial,scene_0031,both,text_only,sketchvla_prompt_conditioned_latent_action,blank,10,False,,240,False,False,,True,True,True,akita_black_bowl_3,False,plate_2,True,0.0778,,,,,,,,8bc38b2af0044938,21cf2795cfa8a5d9,69c8e2db5aae5742,48,483.6,,ambiguous
spatial,scene_0031,both,text_only,sketchvla_prompt_conditioned_latent_action,blank,11,False,,240,False,False,,True,True,True,akita_black_bowl_2,False,plate_2,True,0.0549,,,,,,,,8bc38b2af0044938,2dbb3bdf0a92ab29,1ccdbc0250a9eb0c,48,505.8,,ambiguous
spatial,scene_0031,both,text_only,sketchvla_prompt_conditioned_latent_action,blank,12,False,,240,False,False,,True,True,True,akita_black_bowl_2,False,plate_2,True,0.0149,,,,,,,,8bc38b2af0044938,9dddfa97c0f69a31,9fa4a799df0bbc08,48,485.5,,ambiguous
spatial,scene_0031,both,text_only,sketchvla_prompt_conditioned_latent_action,blank,13,False,,240,False,False,,True,True,True,akita_black_bowl_2,False,plate_2,True,0.0198,,,,,,,,8bc38b2af0044938,9c9e18a0ea77b711,349271f555c6271d,48,494.2,,ambiguous
spatial,scene_0032,both,text_only,sketchvla_prompt_conditioned_latent_action,blank,0,False,,240,False,False,,True,True,True,akita_black_bowl_2,False,,False,0.1477,,,,,,,,1ef5d1f411564ab6,822ff463526aa02f,d26276bfdf340cb4,48,839.5,,ambiguous
spatial,scene_0032,both,text_only,sketchvla_prompt_conditioned_latent_action,blank,1,False,,240,False,False,,True,False,False,,False,,False,0.1086,,,,,,,,1ef5d1f411564ab6,29c0dfb11dcefa6e,77dc45687316d713,48,831.2,,ambiguous
spatial,scene_0032,both,text_only,sketchvla_prompt_conditioned_latent_action,blank,2,False,,240,False,False,,True,True,True,akita_black_bowl_2,False,,False,0.1361,,,,,,,,1ef5d1f411564ab6,d26468564f359a8e,7be0fb9c13d6e64e,48,813.1,,ambiguous
spatial,scene_0032,both,text_only,sketchvla_prompt_conditioned_latent_action,blank,3,False,,240,False,False,,True,True,True,akita_black_bowl_2,False,,False,0.107,,,,,,,,1ef5d1f411564ab6,cc5a98e8427cf4ef,203ccb8584d3711d,48,811.0,,ambiguous
spatial,scene_0032,both,text_only,sketchvla_prompt_conditioned_latent_action,blank,4,False,,240,False,False,,True,True,True,akita_black_bowl_2,False,,False,0.1493,,,,,,,,1ef5d1f411564ab6,49380f74a1dc23b7,508b891361f1c2ee,48,835.0,,ambiguous
spatial,scene_0032,both,text_only,sketchvla_prompt_conditioned_latent_action,blank,5,False,,240,False,False,,True,False,False,,False,,False,0.1086,,,,,,,,1ef5d1f411564ab6,b498b5f7171bf06d,65a1b63afb9d4b28,48,718.1,,ambiguous
spatial,scene_0032,both,text_only,sketchvla_prompt_conditioned_latent_action,blank,6,False,,240,False,False,,True,False,False,,False,,False,0.1086,,,,,,,,1ef5d1f411564ab6,c5cb487275de67c3,1b54a6809edf2a64,48,800.5,,ambiguous
spatial,scene_0032,both,text_only,sketchvla_prompt_conditioned_latent_action,blank,7,False,,240,False,False,,True,False,False,,False,,False,0.1086,,,,,,,,1ef5d1f411564ab6,32a9ea73c1920146,e49a67d58cd57541,48,781.6,,ambiguous
spatial,scene_0032,both,text_only,sketchvla_prompt_conditioned_latent_action,blank,8,False,,240,False,False,,True,True,True,akita_black_bowl_2,False,,False,0.1314,,,,,,,,1ef5d1f411564ab6,1764678eea8bfa3b,bf63ffaa3a4e0c34,48,778.4,,ambiguous
spatial,scene_0032,both,text_only,sketchvla_prompt_conditioned_latent_action,blank,9,False,,240,False,False,,True,True,True,akita_black_bowl_2,False,,False,0.1415,,,,,,,,1ef5d1f411564ab6,16708ee1bd81b434,05f3ce1d1f5364ca,48,758.6,,ambiguous
spatial,scene_0032,both,text_only,sketchvla_prompt_conditioned_latent_action,blank,10,False,,240,False,False,,True,True,True,akita_black_bowl_2,False,,False,0.0941,,,,,,,,1ef5d1f411564ab6,2de96993ad86bd0b,7b52b555fcfc0faa,48,856.5,,ambiguous
spatial,scene_0032,both,text_only,sketchvla_prompt_conditioned_latent_action,blank,11,False,,240,False,False,,True,True,True,akita_black_bowl_2,False,,False,0.1403,,,,,,,,1ef5d1f411564ab6,ff7025dfa63a4c75,8aee10a182074408,48,893.2,,ambiguous
spatial,scene_0032,both,text_only,sketchvla_prompt_conditioned_latent_action,blank,12,False,,240,False,False,,True,True,True,akita_black_bowl_2,False,,False,0.1338,,,,,,,,1ef5d1f411564ab6,a762f01b51ab793d,ffeaa70b96011126,48,808.4,,ambiguous
spatial,scene_0032,both,text_only,sketchvla_prompt_conditioned_latent_action,blank,13,False,,240,False,False,,True,True,True,akita_black_bowl_2,False,,False,0.1657,,,,,,,,1ef5d1f411564ab6,74574be2010c9b63,c8c6c421a10411fb,48,843.8,,ambiguous
spatial,scene_0033,both,text_only,sketchvla_prompt_conditioned_latent_action,blank,0,False,,240,False,False,,True,True,True,glazed_rim_porcelain_ramekin_2,False,plate_3,True,0.0686,,,,,,,,d150379b3af48570,47069baa57f29fde,32b34e52fd5193cb,48,857.7,,ambiguous
spatial,scene_0033,both,text_only,sketchvla_prompt_conditioned_latent_action,blank,1,False,,240,False,False,,True,False,False,,False,,False,0.2181,,,,,,,,d150379b3af48570,21bdad220ca06bf3,7400857bc7429197,48,818.8,,ambiguous
spatial,scene_0033,both,text_only,sketchvla_prompt_conditioned_latent_action,blank,2,False,,240,False,False,,True,True,True,glazed_rim_porcelain_ramekin_2,False,,False,0.0808,,,,,,,,d150379b3af48570,8e630d80a27fc344,3273db7316bea879,48,820.0,,ambiguous
spatial,scene_0033,both,text_only,sketchvla_prompt_conditioned_latent_action,blank,3,False,,240,False,False,,True,True,True,glazed_rim_porcelain_ramekin_2,False,plate_3,True,0.0759,,,,,,,,d150379b3af48570,b110ef8d88cfec9d,953f44fa1b931f85,48,804.0,,ambiguous
spatial,scene_0033,both,text_only,sketchvla_prompt_conditioned_latent_action,blank,4,False,,240,False,False,,True,False,False,,False,,False,0.2181,,,,,,,,d150379b3af48570,62b350a7923a73b9,be18aa3753ce35c5,48,829.0,,ambiguous
spatial,scene_0033,both,text_only,sketchvla_prompt_conditioned_latent_action,blank,5,False,,240,False,False,,True,False,False,,False,,False,0.2181,,,,,,,,d150379b3af48570,7fdd1ee13c5f4dc4,22a65ddf8bdd8ae7,48,725.9,,ambiguous
spatial,scene_0033,both,text_only,sketchvla_prompt_conditioned_latent_action,blank,6,False,,240,False,False,,True,True,True,glazed_rim_porcelain_ramekin_2,False,,False,0.0839,,,,,,,,d150379b3af48570,0033fdb6938fae2a,4147710805930509,48,792.9,,ambiguous
spatial,scene_0033,both,text_only,sketchvla_prompt_conditioned_latent_action,blank,7,False,,240,False,False,,True,True,True,glazed_rim_porcelain_ramekin_2,False,plate_3,True,0.0721,,,,,,,,d150379b3af48570,13b615b1c675aa14,95e3503dd5c60440,48,755.7,,ambiguous
spatial,scene_0033,both,text_only,sketchvla_prompt_conditioned_latent_action,blank,8,False,,240,False,False,,True,True,True,glazed_rim_porcelain_ramekin_2,False,,False,0.0841,,,,,,,,d150379b3af48570,9b0cbba9d87352d7,b49d6bf0a62b9f52,48,764.9,,ambiguous
spatial,scene_0033,both,text_only,sketchvla_prompt_conditioned_latent_action,blank,9,False,,240,False,False,,True,False,False,,False,,False,0.2181,,,,,,,,d150379b3af48570,4c4cafaeae4ac5fe,99d488798aa0acb8,48,741.9,,ambiguous
spatial,scene_0033,both,text_only,sketchvla_prompt_conditioned_latent_action,blank,10,False,,240,False,False,,True,False,False,,False,,False,0.2181,,,,,,,,d150379b3af48570,6ebf7eab7f9205ac,3d7f69a00ffae31e,48,854.3,,ambiguous
spatial,scene_0033,both,text_only,sketchvla_prompt_conditioned_latent_action,blank,11,False,,240,False,False,,True,False,False,,False,,False,0.2181,,,,,,,,d150379b3af48570,ee8a72926a197ecd,571bdd69e8e7987f,48,886.5,,ambiguous
spatial,scene_0033,both,text_only,sketchvla_prompt_conditioned_latent_action,blank,12,False,,240,False,False,,True,True,True,glazed_rim_porcelain_ramekin_2,False,plate_3,True,0.0697,,,,,,,,d150379b3af48570,51855a34569bae3b,ca3ab48aaa3a6f75,48,826.3,,ambiguous
spatial,scene_0033,both,text_only,sketchvla_prompt_conditioned_latent_action,blank,13,False,,240,False,False,,True,True,True,glazed_rim_porcelain_ramekin_2,False,,False,0.0874,,,,,,,,d150379b3af48570,11242cabc489d80d,e9dc08c45e2c8a11,48,793.7,,ambiguous
spatial,scene_0034,both,text_only,sketchvla_prompt_conditioned_latent_action,blank,0,False,,240,False,False,,True,True,True,glazed_rim_porcelain_ramekin_2,False,,False,0.1247,,,,,,,,bfafef5672990090,5e1590e853a9bc5e,2ceb13df7941196a,48,483.3,,ambiguous
spatial,scene_0034,both,text_only,sketchvla_prompt_conditioned_latent_action,blank,1,False,,240,False,False,,True,True,True,glazed_rim_porcelain_ramekin_2,False,,False,0.1398,,,,,,,,bfafef5672990090,200e5fbf78f29599,67d02d7beff290fa,48,465.8,,ambiguous
spatial,scene_0034,both,text_only,sketchvla_prompt_conditioned_latent_action,blank,2,False,,240,False,False,,True,True,True,glazed_rim_porcelain_ramekin_2,False,,False,0.1019,,,,,,,,bfafef5672990090,11ad65db301f8d28,6503db085d1d4a98,48,483.0,,ambiguous
spatial,scene_0034,both,text_only,sketchvla_prompt_conditioned_latent_action,blank,3,False,,240,False,False,,True,True,True,glazed_rim_porcelain_ramekin_2,False,,False,0.1653,,,,,,,,bfafef5672990090,bf91c0f2772fd1ef,477ad8df5bc8df90,48,499.9,,ambiguous
spatial,scene_0034,both,text_only,sketchvla_prompt_conditioned_latent_action,blank,4,False,,240,False,False,,True,True,True,plate_1,False,plate_1,True,0.0,,,,,,,,bfafef5672990090,aead4edcd4d23116,992b3da876f13e29,48,475.9,,ambiguous
spatial,scene_0034,both,text_only,sketchvla_prompt_conditioned_latent_action,blank,5,False,,240,False,False,,True,True,True,glazed_rim_porcelain_ramekin_2,False,,False,0.1036,,,,,,,,bfafef5672990090,d518242ce0c6d601,976623cc1d6cfe3b,48,491.4,,ambiguous
spatial,scene_0034,both,text_only,sketchvla_prompt_conditioned_latent_action,blank,6,False,,240,False,False,,True,True,True,glazed_rim_porcelain_ramekin_2,False,,False,0.1334,,,,,,,,bfafef5672990090,4b9d5990f4dd0bf8,3f9481269ab5cfb4,48,496.2,,ambiguous
spatial,scene_0034,both,text_only,sketchvla_prompt_conditioned_latent_action,blank,7,False,,240,False,False,,True,True,True,glazed_rim_porcelain_ramekin_2,False,,False,0.1635,,,,,,,,bfafef5672990090,3c3352cbf8b533dd,ee85e7d6b5fe5e97,48,501.4,,ambiguous
spatial,scene_0034,both,text_only,sketchvla_prompt_conditioned_latent_action,blank,8,False,,240,False,False,,True,True,True,glazed_rim_porcelain_ramekin_2,False,,False,0.1233,,,,,,,,bfafef5672990090,ace607aa2dda65a6,cd468acc454f61d6,48,508.9,,ambiguous
spatial,scene_0034,both,text_only,sketchvla_prompt_conditioned_latent_action,blank,9,False,,240,False,False,,True,True,True,glazed_rim_porcelain_ramekin_2,False,,False,0.1107,,,,,,,,bfafef5672990090,53dec3948b471dd1,c6274f4144a5696f,48,497.7,,ambiguous
spatial,scene_0034,both,text_only,sketchvla_prompt_conditioned_latent_action,blank,10,False,,240,False,False,,True,True,True,glazed_rim_porcelain_ramekin_2,False,,False,0.1536,,,,,,,,bfafef5672990090,4c3dcb9e2edf6092,5b250256d16fd74f,48,507.3,,ambiguous
spatial,scene_0034,both,text_only,sketchvla_prompt_conditioned_latent_action,blank,11,False,,240,False,False,,True,False,False,,False,,False,0.1178,,,,,,,,bfafef5672990090,8a869696857d211e,1827bc0151231be4,48,478.4,,ambiguous
spatial,scene_0034,both,text_only,sketchvla_prompt_conditioned_latent_action,blank,12,False,,240,False,False,,True,True,True,glazed_rim_porcelain_ramekin_2,False,,False,0.1462,,,,,,,,bfafef5672990090,bb0128c16841fa5d,4b86b0b6046813c1,48,504.2,,ambiguous
spatial,scene_0034,both,text_only,sketchvla_prompt_conditioned_latent_action,blank,13,False,,240,False,False,,True,True,True,glazed_rim_porcelain_ramekin_2,False,,False,0.1089,,,,,,,,bfafef5672990090,d78ea8299fac590d,ad83aecd30b64074,48,462.6,,ambiguous
spatial,scene_0035,both,text_only,sketchvla_prompt_conditioned_latent_action,blank,0,False,,240,False,False,,True,False,False,,False,,False,0.1438,,,,,,,,7497f3aa3d791c76,c89f1d45a04c572a,c28763fe0ff4f5fa,48,772.6,,ambiguous
spatial,scene_0035,both,text_only,sketchvla_prompt_conditioned_latent_action,blank,1,False,,240,False,False,,True,False,False,,False,,False,0.1454,,,,,,,,7497f3aa3d791c76,2c4c9b1915cf4711,ef060fc9442b9b23,48,748.5,,ambiguous
spatial,scene_0035,both,text_only,sketchvla_prompt_conditioned_latent_action,blank,2,False,,240,False,False,,True,False,False,,False,,False,0.1454,,,,,,,,7497f3aa3d791c76,7410aa4423b52fbb,07962bf0e67b0aa7,48,755.5,,ambiguous
spatial,scene_0035,both,text_only,sketchvla_prompt_conditioned_latent_action,blank,3,False,,240,False,False,,True,False,False,,False,,False,0.1454,,,,,,,,7497f3aa3d791c76,d7fca4b010bccc30,133920dcff8e8dfb,48,775.4,,ambiguous
spatial,scene_0035,both,text_only,sketchvla_prompt_conditioned_latent_action,blank,4,False,,240,False,False,,True,False,False,,False,,False,0.1454,,,,,,,,7497f3aa3d791c76,620d4f9b6a2b8f71,10973b52578920b1,48,791.3,,ambiguous
spatial,scene_0035,both,text_only,sketchvla_prompt_conditioned_latent_action,blank,5,False,,240,False,False,,True,False,False,,False,,False,0.1449,,,,,,,,7497f3aa3d791c76,4f75c501325f18d9,fc068858eac41dd4,48,665.4,,ambiguous
spatial,scene_0035,both,text_only,sketchvla_prompt_conditioned_latent_action,blank,6,False,,240,False,False,,True,False,False,,False,,False,0.1454,,,,,,,,7497f3aa3d791c76,4fcba3c3ce9b061b,051bab96c58b51eb,48,641.5,,ambiguous
spatial,scene_0035,both,text_only,sketchvla_prompt_conditioned_latent_action,blank,7,False,,240,False,False,,True,False,False,,False,,False,0.1454,,,,,,,,7497f3aa3d791c76,766f13fd841e0d0c,17539d56d87e32f1,48,624.8,,ambiguous
spatial,scene_0035,both,text_only,sketchvla_prompt_conditioned_latent_action,blank,8,False,,240,False,False,,True,False,False,,False,,False,0.1454,,,,,,,,7497f3aa3d791c76,8610949e94d6ea14,4f18eaf562635643,48,654.0,,ambiguous
spatial,scene_0035,both,text_only,sketchvla_prompt_conditioned_latent_action,blank,9,False,,240,False,False,,True,False,False,,False,,False,0.1454,,,,,,,,7497f3aa3d791c76,5e111d4ef9d3aee6,941be8fe11b77e34,48,677.8,,ambiguous
spatial,scene_0035,both,text_only,sketchvla_prompt_conditioned_latent_action,blank,10,False,,240,False,False,,True,False,False,,False,,False,0.1454,,,,,,,,7497f3aa3d791c76,17aaf9a707367a16,568ae5dc3d62a3bc,48,668.7,,ambiguous
spatial,scene_0035,both,text_only,sketchvla_prompt_conditioned_latent_action,blank,11,False,,240,False,False,,True,False,False,,False,,False,0.1454,,,,,,,,7497f3aa3d791c76,4f97213620389870,883ae8d878b4c08b,48,716.5,,ambiguous
spatial,scene_0035,both,text_only,sketchvla_prompt_conditioned_latent_action,blank,12,False,,240,False,False,,True,True,True,glazed_rim_porcelain_ramekin_2,False,,False,0.1546,,,,,,,,7497f3aa3d791c76,1f0040754f5ad9bf,0f3c54425b28ecfd,48,712.0,,ambiguous
spatial,scene_0035,both,text_only,sketchvla_prompt_conditioned_latent_action,blank,13,False,,240,False,False,,True,False,False,,False,,False,0.1449,,,,,,,,7497f3aa3d791c76,eff37fe03d01b6b4,4372531bf6c87f19,48,661.6,,ambiguous
spatial,scene_0036,both,text_only,sketchvla_prompt_conditioned_latent_action,blank,0,False,,240,False,False,,True,True,True,plate_3,False,plate_3,False,0.0,,,,,,,,5ddf58cd0fd4545d,9b2cd119d27eecf9,c51a170250ca6d05,48,750.7,,ambiguous
spatial,scene_0036,both,text_only,sketchvla_prompt_conditioned_latent_action,blank,1,False,,240,False,False,,True,True,True,plate_3,False,plate_3,False,0.0,,,,,,,,5ddf58cd0fd4545d,38bfede802c0e726,0392019e684a3705,48,738.7,,ambiguous
spatial,scene_0036,both,text_only,sketchvla_prompt_conditioned_latent_action,blank,2,False,,240,False,False,,True,True,True,plate_3,False,plate_3,False,0.0,,,,,,,,5ddf58cd0fd4545d,c9c9f132aaf3782c,6ab399727668d5f0,48,744.8,,ambiguous
spatial,scene_0036,both,text_only,sketchvla_prompt_conditioned_latent_action,blank,3,False,,240,False,False,,True,True,True,plate_1,False,plate_1,False,0.0,,,,,,,,5ddf58cd0fd4545d,7ad3ee3ceef708a0,5103156934f13f12,48,784.1,,ambiguous
spatial,scene_0036,both,text_only,sketchvla_prompt_conditioned_latent_action,blank,4,False,,240,False,False,,True,False,False,,False,,False,0.1309,,,,,,,,5ddf58cd0fd4545d,4ef0eafb290950b4,78e76969b60436af,48,794.4,,ambiguous
spatial,scene_0036,both,text_only,sketchvla_prompt_conditioned_latent_action,blank,5,False,,240,False,False,,True,True,True,plate_1,False,plate_1,False,0.0,,,,,,,,5ddf58cd0fd4545d,def07256d831252e,c767df0874f8d04b,48,664.5,,ambiguous
spatial,scene_0036,both,text_only,sketchvla_prompt_conditioned_latent_action,blank,6,False,,240,False,False,,True,True,True,plate_1,False,plate_1,False,0.0,,,,,,,,5ddf58cd0fd4545d,2370cd77045a6306,fbf6ef1256da8e76,48,645.2,,ambiguous
spatial,scene_0036,both,text_only,sketchvla_prompt_conditioned_latent_action,blank,7,False,,240,False,False,,True,False,False,,False,,False,0.1214,,,,,,,,5ddf58cd0fd4545d,909d8dcb6f449078,7883841670a35a14,48,632.4,,ambiguous
spatial,scene_0036,both,text_only,sketchvla_prompt_conditioned_latent_action,blank,8,False,,240,False,False,,True,False,False,,False,,False,0.117,,,,,,,,5ddf58cd0fd4545d,2bdcaf6bea7ca413,9c9fa5808d24f620,48,660.0,,ambiguous
spatial,scene_0036,both,text_only,sketchvla_prompt_conditioned_latent_action,blank,9,False,,240,False,False,,True,False,False,,False,,False,0.1186,,,,,,,,5ddf58cd0fd4545d,bed99b9637d5d0a2,0f17b50b924d5143,48,682.4,,ambiguous
spatial,scene_0036,both,text_only,sketchvla_prompt_conditioned_latent_action,blank,10,False,,240,False,False,,True,True,True,plate_1,False,plate_1,False,0.0,,,,,,,,5ddf58cd0fd4545d,e4cb1f947339d576,050e365772a51c1b,48,661.9,,ambiguous
spatial,scene_0036,both,text_only,sketchvla_prompt_conditioned_latent_action,blank,11,False,,240,False,False,,True,True,True,plate_1,False,plate_1,False,0.0,,,,,,,,5ddf58cd0fd4545d,2d9454043df6d1dd,c08aa45c06cd295d,48,711.7,,ambiguous
spatial,scene_0036,both,text_only,sketchvla_prompt_conditioned_latent_action,blank,12,False,,240,False,False,,True,True,True,plate_1,False,plate_1,False,0.0,,,,,,,,5ddf58cd0fd4545d,1f880dfc49947cea,8fd4eb5519390368,48,737.0,,ambiguous
spatial,scene_0036,both,text_only,sketchvla_prompt_conditioned_latent_action,blank,13,False,,240,False,False,,True,False,False,,False,,False,0.1229,,,,,,,,5ddf58cd0fd4545d,366d6e6a116c4c50,e53d2242663c3b19,48,680.3,,ambiguous
spatial,scene_0037,both,text_only,sketchvla_prompt_conditioned_latent_action,blank,0,False,,240,False,False,,True,False,False,,False,,False,0.1171,,,,,,,,8f85ef2e321786bb,135f9312c66cf350,793a5cfa99a0623c,48,457.3,,ambiguous
spatial,scene_0037,both,text_only,sketchvla_prompt_conditioned_latent_action,blank,1,False,,240,False,False,,True,False,False,,False,,False,0.1171,,,,,,,,8f85ef2e321786bb,ba2b46964ae0e4c2,c55f691447cd0691,48,472.4,,ambiguous
spatial,scene_0037,both,text_only,sketchvla_prompt_conditioned_latent_action,blank,2,False,,240,False,False,,True,False,False,,False,,False,0.1171,,,,,,,,8f85ef2e321786bb,e64425791776bae2,a0b74125eaa03828,48,473.8,,ambiguous
spatial,scene_0037,both,text_only,sketchvla_prompt_conditioned_latent_action,blank,3,False,,240,False,False,,True,False,False,,False,,False,0.1171,,,,,,,,8f85ef2e321786bb,00932eb2a32244ac,2527e6c4457d9b80,48,468.2,,ambiguous
spatial,scene_0037,both,text_only,sketchvla_prompt_conditioned_latent_action,blank,4,False,,240,False,False,,True,False,False,,False,,False,0.1171,,,,,,,,8f85ef2e321786bb,b77717591957b4f4,32e456fa2e75a5ad,48,475.2,,ambiguous
spatial,scene_0037,both,text_only,sketchvla_prompt_conditioned_latent_action,blank,5,False,,240,False,False,,True,False,False,,False,,False,0.1171,,,,,,,,8f85ef2e321786bb,38fd076c65af0f9a,b15581b166c3e5ff,48,499.3,,ambiguous
spatial,scene_0037,both,text_only,sketchvla_prompt_conditioned_latent_action,blank,6,False,,240,False,False,,True,False,False,,False,,False,0.1171,,,,,,,,8f85ef2e321786bb,b39fbff03aad6787,16adb4c3c9e41ece,48,478.9,,ambiguous
spatial,scene_0037,both,text_only,sketchvla_prompt_conditioned_latent_action,blank,7,False,,240,False,False,,True,False,False,,False,,False,0.1171,,,,,,,,8f85ef2e321786bb,bae784915c37aa58,b26489032cc156bf,48,494.3,,ambiguous
spatial,scene_0037,both,text_only,sketchvla_prompt_conditioned_latent_action,blank,8,False,,240,False,False,,True,False,False,,False,,False,0.1171,,,,,,,,8f85ef2e321786bb,1dd1afc33948d338,ffddfbc2496a0c4a,48,500.4,,ambiguous
spatial,scene_0037,both,text_only,sketchvla_prompt_conditioned_latent_action,blank,9,False,,240,False,False,,True,False,False,,False,,False,0.1171,,,,,,,,8f85ef2e321786bb,0d10c3377cf41981,3c7904e7be351905,48,500.2,,ambiguous
spatial,scene_0037,both,text_only,sketchvla_prompt_conditioned_latent_action,blank,10,False,,240,False,False,,True,False,False,,False,,False,0.1171,,,,,,,,8f85ef2e321786bb,f92dee0ee73b3a4e,04e6c1fb6bb2f26f,48,479.5,,ambiguous
spatial,scene_0037,both,text_only,sketchvla_prompt_conditioned_latent_action,blank,11,False,,240,False,False,,True,True,True,akita_black_bowl_4,False,,False,0.1575,,,,,,,,8f85ef2e321786bb,af62b26cb2da0dd7,22966e47467e9b86,48,468.3,,ambiguous
spatial,scene_0037,both,text_only,sketchvla_prompt_conditioned_latent_action,blank,12,False,,240,False,False,,True,False,False,,False,,False,0.1171,,,,,,,,8f85ef2e321786bb,b6f1ebb4fe7ebf42,42996fb6a7efc928,48,482.5,,ambiguous
spatial,scene_0037,both,text_only,sketchvla_prompt_conditioned_latent_action,blank,13,False,,240,False,False,,True,False,False,,False,,False,0.1171,,,,,,,,8f85ef2e321786bb,396be83a0360b9a9,28e8c5bfe4924dfb,48,472.8,,ambiguous
