suite,dir,tier,condition,policy,sketch_route,rollout_idx,skipped,skip_reason,n_steps,success_final,success_sustained,first_success_step,grasp_success_flag,grasped_any,lifted,grasped_instance,correct_instance_grasped,nearest_destination,correct_destination,terminal_dist_xy,sketch_referent_object,sketch_referent_destination,sketch_fidelity_object,sketch_fidelity_destination,deproject,z_pick,z_place,init_state_hash,init_warmstart_hash,final_state_hash,n_infer_calls,infer_ms_mean,pi05_sketch_mode,prompt_type
spatial,scene_0000,control,auto,sketchvla_prompt_conditioned_latent_action,native,0,False,,240,False,False,,True,True,True,akita_black_bowl_1,True,,False,0.2878,akita_black_bowl_1,plate_1,True,,,,,d1b42b0dcd62c359,cfbb03cf6261e436,2d3d004f27ff3f13,48,988.7,,ambiguous
spatial,scene_0000,control,auto,sketchvla_prompt_conditioned_latent_action,native,1,False,,240,False,False,,True,True,True,akita_black_bowl_1,True,,False,0.2604,akita_black_bowl_1,plate_1,True,,,,,d1b42b0dcd62c359,f64dfd10959abedf,a7e412980205af8d,48,983.0,,ambiguous
spatial,scene_0000,control,auto,sketchvla_prompt_conditioned_latent_action,native,2,False,,240,False,False,,True,True,True,akita_black_bowl_1,True,,False,0.3369,akita_black_bowl_1,plate_1,True,,,,,d1b42b0dcd62c359,30f4436f0810701a,239b8713914cd9c4,48,982.2,,ambiguous
spatial,scene_0000,control,auto,sketchvla_prompt_conditioned_latent_action,native,3,False,,240,False,False,,True,True,True,akita_black_bowl_1,True,,False,0.2429,akita_black_bowl_1,plate_1,True,,,,,d1b42b0dcd62c359,ab7ccd493be06fc9,0cc938b4da3a8e51,48,1020.7,,ambiguous
spatial,scene_0000,control,auto,sketchvla_prompt_conditioned_latent_action,native,4,False,,240,False,False,,True,True,True,akita_black_bowl_1,True,,False,0.2829,akita_black_bowl_1,plate_1,True,,,,,d1b42b0dcd62c359,231f0e5c2b14adce,1af6e2a9da44d0f2,48,978.8,,ambiguous
spatial,scene_0000,control,auto,sketchvla_prompt_conditioned_latent_action,native,5,False,,240,False,False,,True,True,True,akita_black_bowl_1,True,,False,0.2487,akita_black_bowl_1,plate_1,True,,,,,d1b42b0dcd62c359,07f1a62a0a71248d,83f8ef76ce72007b,48,1011.9,,ambiguous
spatial,scene_0000,control,auto,sketchvla_prompt_conditioned_latent_action,native,6,False,,240,False,False,,True,True,True,akita_black_bowl_1,True,,False,0.3442,akita_black_bowl_1,plate_1,True,,,,,d1b42b0dcd62c359,ddfcf8990f449057,75051c59ac15c1cc,48,1013.9,,ambiguous
spatial,scene_0000,control,auto,sketchvla_prompt_conditioned_latent_action,native,7,False,,240,False,False,,True,True,True,akita_black_bowl_1,True,,False,0.2751,akita_black_bowl_1,plate_1,True,,,,,d1b42b0dcd62c359,a4ea84d80ff870e5,39c8f8ace5444a0d,48,988.2,,ambiguous
spatial,scene_0000,control,auto,sketchvla_prompt_conditioned_latent_action,native,8,False,,240,False,False,,True,True,True,akita_black_bowl_1,True,,False,0.2771,akita_black_bowl_1,plate_1,True,,,,,d1b42b0dcd62c359,081066a7d171025d,bf92353571a323eb,48,989.1,,ambiguous
spatial,scene_0000,control,auto,sketchvla_prompt_conditioned_latent_action,native,9,False,,240,False,False,,True,True,True,akita_black_bowl_1,True,,False,0.2528,akita_black_bowl_1,plate_1,True,,,,,d1b42b0dcd62c359,de2c752f9fd15923,c242e2b30a1a9327,48,969.9,,ambiguous
spatial,scene_0000,control,auto,sketchvla_prompt_conditioned_latent_action,native,10,False,,240,False,False,,True,True,True,akita_black_bowl_1,True,,False,0.2967,akita_black_bowl_1,plate_1,True,,,,,d1b42b0dcd62c359,c8071bcc0ce82ae0,09c5f485a241247b,48,988.5,,ambiguous
spatial,scene_0000,control,auto,sketchvla_prompt_conditioned_latent_action,native,11,False,,240,False,False,,True,True,True,akita_black_bowl_1,True,,False,0.2766,akita_black_bowl_1,plate_1,True,,,,,d1b42b0dcd62c359,c067b7cabfad8615,82a103292ae36997,48,969.2,,ambiguous
spatial,scene_0000,control,auto,sketchvla_prompt_conditioned_latent_action,native,12,False,,240,False,False,,True,True,True,akita_black_bowl_1,True,,False,0.2905,akita_black_bowl_1,plate_1,True,,,,,d1b42b0dcd62c359,836ce1c38349bce2,52a48e54d9766d51,48,1006.8,,ambiguous
spatial,scene_0000,control,auto,sketchvla_prompt_conditioned_latent_action,native,13,False,,240,False,False,,True,True,True,akita_black_bowl_1,True,,False,0.2877,akita_black_bowl_1,plate_1,True,,,,,d1b42b0dcd62c359,fc8d6ab7f3bc741d,87032b740d4f5014,48,994.2,,ambiguous
spatial,scene_0001,control,auto,sketchvla_prompt_conditioned_latent_action,native,0,False,,240,False,False,,True,False,False,,False,,False,0.1521,akita_black_bowl_1,plate_1,,,,,,52a969ecb73b891c,fac78ca28fdacafa,adad106bc04e7502,48,1009.4,,ambiguous
spatial,scene_0001,control,auto,sketchvla_prompt_conditioned_latent_action,native,1,False,,240,False,False,,True,False,False,,False,,False,0.1521,akita_black_bowl_1,plate_1,,,,,,52a969ecb73b891c,d08f1836bc066bed,3fb100df02c195b2,48,988.1,,ambiguous
spatial,scene_0001,control,auto,sketchvla_prompt_conditioned_latent_action,native,2,False,,240,False,False,,True,False,False,,False,,False,0.1408,akita_black_bowl_1,plate_1,,,,,,52a969ecb73b891c,3b01a6c986c1d09a,4593f6bacd1ca22b,48,994.4,,ambiguous
spatial,scene_0001,control,auto,sketchvla_prompt_conditioned_latent_action,native,3,False,,240,False,False,,True,False,False,,False,,False,0.1415,akita_black_bowl_1,plate_1,,,,,,52a969ecb73b891c,8b8a316e9a0a2baa,af5f0ebf37e41900,48,1027.8,,ambiguous
spatial,scene_0001,control,auto,sketchvla_prompt_conditioned_latent_action,native,4,False,,240,False,False,,True,False,False,,False,,False,0.1445,akita_black_bowl_1,plate_1,,,,,,52a969ecb73b891c,529c84c16002d7f9,974c4e1e4e51b83d,48,984.6,,ambiguous
spatial,scene_0001,control,auto,sketchvla_prompt_conditioned_latent_action,native,5,False,,240,False,False,,True,False,False,,False,,False,0.1443,akita_black_bowl_1,plate_1,,,,,,52a969ecb73b891c,201e81a1fd2851ec,725fa08c420bd762,48,1018.7,,ambiguous
spatial,scene_0001,control,auto,sketchvla_prompt_conditioned_latent_action,native,6,False,,240,False,False,,True,False,False,,False,,False,0.1356,akita_black_bowl_1,plate_1,,,,,,52a969ecb73b891c,1b9bf9f9250ffa74,df844ce66a0e6939,48,1027.3,,ambiguous
spatial,scene_0001,control,auto,sketchvla_prompt_conditioned_latent_action,native,7,False,,240,False,False,,True,False,False,,False,,False,0.1429,akita_black_bowl_1,plate_1,,,,,,52a969ecb73b891c,5c041feb6029509a,c492b911cdadfd03,48,991.1,,ambiguous
spatial,scene_0001,control,auto,sketchvla_prompt_conditioned_latent_action,native,8,False,,240,False,False,,True,False,False,,False,,False,0.1542,akita_black_bowl_1,plate_1,,,,,,52a969ecb73b891c,ed35e5af0fa2ea44,f945ddefa8c75fef,48,996.5,,ambiguous
spatial,scene_0001,control,auto,sketchvla_prompt_conditioned_latent_action,native,9,False,,240,False,False,,True,False,False,,False,,False,0.1513,akita_black_bowl_1,plate_1,,,,,,52a969ecb73b891c,76a66f6e5c358899,319412d08122f63c,48,974.9,,ambiguous
spatial,scene_0001,control,auto,sketchvla_prompt_conditioned_latent_action,native,10,False,,240,False,False,,True,False,False,,False,,False,0.142,akita_black_bowl_1,plate_1,,,,,,52a969ecb73b891c,f34c962d2e9923ab,a858e99fb710bf65,48,994.9,,ambiguous
spatial,scene_0001,control,auto,sketchvla_prompt_conditioned_latent_action,native,11,False,,240,False,False,,True,False,False,,False,,False,0.1456,akita_black_bowl_1,plate_1,,,,,,52a969ecb73b891c,c70bffb790b7d583,2690badad93ca10a,48,980.8,,ambiguous
spatial,scene_0001,control,auto,sketchvla_prompt_conditioned_latent_action,native,12,False,,240,False,False,,True,False,False,,False,,False,0.1501,akita_black_bowl_1,plate_1,,,,,,52a969ecb73b891c,b690d73057217a7d,3d9869bf8bd99099,48,1017.7,,ambiguous
spatial,scene_0001,control,auto,sketchvla_prompt_conditioned_latent_action,native,13,False,,240,False,False,,True,False,False,,False,,False,0.1408,akita_black_bowl_1,plate_1,,,,,,52a969ecb73b891c,391570e4bb8ea308,a630beab53a92d9e,48,1005.2,,ambiguous
spatial,scene_0002,control,auto,sketchvla_prompt_conditioned_latent_action,native,0,False,,240,False,False,,True,True,True,akita_black_bowl_1,True,,False,0.1523,akita_black_bowl_1,plate_1,True,,,,,d623ad20cb2fe88c,bcaec38e34c4bf39,1ccd4f18de0d9b9e,48,618.8,,ambiguous
spatial,scene_0002,control,auto,sketchvla_prompt_conditioned_latent_action,native,1,False,,240,False,False,,True,True,True,akita_black_bowl_1,True,,False,0.1388,akita_black_bowl_1,plate_1,True,,,,,d623ad20cb2fe88c,0b080a0ebdcd6b86,5d264be5141cd27a,48,628.1,,ambiguous
spatial,scene_0002,control,auto,sketchvla_prompt_conditioned_latent_action,native,2,False,,240,False,False,,True,True,True,akita_black_bowl_1,True,,False,0.1107,akita_black_bowl_1,plate_1,True,,,,,d623ad20cb2fe88c,b3ef2278dc23789e,367b396918571233,48,601.5,,ambiguous
spatial,scene_0002,control,auto,sketchvla_prompt_conditioned_latent_action,native,3,False,,240,False,False,,True,True,True,akita_black_bowl_1,True,,False,0.1555,akita_black_bowl_1,plate_1,True,,,,,d623ad20cb2fe88c,52590cbaa9093b82,bbc225ed5af3f028,48,626.1,,ambiguous
spatial,scene_0002,control,auto,sketchvla_prompt_conditioned_latent_action,native,4,False,,240,False,False,,True,True,True,akita_black_bowl_1,True,,False,0.1604,akita_black_bowl_1,plate_1,True,,,,,d623ad20cb2fe88c,990aa62ea906d0e4,6ebc4c3052e48b46,48,589.0,,ambiguous
spatial,scene_0002,control,auto,sketchvla_prompt_conditioned_latent_action,native,5,False,,240,False,False,,True,True,True,akita_black_bowl_1,True,,False,0.1451,akita_black_bowl_1,plate_1,True,,,,,d623ad20cb2fe88c,cfff67a928248488,62efc38f083924e3,48,607.3,,ambiguous
spatial,scene_0002,control,auto,sketchvla_prompt_conditioned_latent_action,native,6,False,,240,False,False,,True,True,True,akita_black_bowl_1,True,,False,0.1504,akita_black_bowl_1,plate_1,True,,,,,d623ad20cb2fe88c,9d178cb0e0c596d0,8809b4cce68e6d97,48,592.1,,ambiguous
spatial,scene_0002,control,auto,sketchvla_prompt_conditioned_latent_action,native,7,False,,240,False,False,,True,True,True,akita_black_bowl_1,True,,False,0.1713,akita_black_bowl_1,plate_1,True,,,,,d623ad20cb2fe88c,e30948bd1b824284,7f7aa4c566e1f2d9,48,574.8,,ambiguous
spatial,scene_0002,control,auto,sketchvla_prompt_conditioned_latent_action,native,8,False,,240,False,False,,True,True,True,akita_black_bowl_1,True,,False,0.1599,akita_black_bowl_1,plate_1,True,,,,,d623ad20cb2fe88c,755ca7b7d5828bfa,e3cd4e3a31f0c115,48,605.6,,ambiguous
spatial,scene_0002,control,auto,sketchvla_prompt_conditioned_latent_action,native,9,False,,240,False,False,,True,True,True,akita_black_bowl_1,True,,False,0.175,akita_black_bowl_1,plate_1,True,,,,,d623ad20cb2fe88c,efcd033c4e805804,74ec872048209ba9,48,583.2,,ambiguous
spatial,scene_0002,control,auto,sketchvla_prompt_conditioned_latent_action,native,10,False,,240,False,False,,True,True,True,akita_black_bowl_1,True,,False,0.174,akita_black_bowl_1,plate_1,True,,,,,d623ad20cb2fe88c,f22956f9e35a8e70,f03e2a234a01f11d,48,580.2,,ambiguous
spatial,scene_0002,control,auto,sketchvla_prompt_conditioned_latent_action,native,11,False,,240,False,False,,True,True,True,akita_black_bowl_1,True,,False,0.1598,akita_black_bowl_1,plate_1,True,,,,,d623ad20cb2fe88c,102a701eeb3f9cff,e0088e967591a978,48,635.8,,ambiguous
spatial,scene_0002,control,auto,sketchvla_prompt_conditioned_latent_action,native,12,False,,240,False,False,,True,True,True,akita_black_bowl_1,True,,False,0.1453,akita_black_bowl_1,plate_1,True,,,,,d623ad20cb2fe88c,6012c0da06c6f2a4,49c27958496f1f5e,48,559.3,,ambiguous
spatial,scene_0002,control,auto,sketchvla_prompt_conditioned_latent_action,native,13,False,,240,False,False,,True,True,True,akita_black_bowl_1,True,,False,0.1663,akita_black_bowl_1,plate_1,True,,,,,d623ad20cb2fe88c,bafd14d3a43f4e40,3d52908f13a73f3a,48,585.3,,ambiguous
spatial,scene_0003,control,auto,sketchvla_prompt_conditioned_latent_action,native,0,False,,240,False,False,,True,False,False,,False,,False,0.1313,akita_black_bowl_1,plate_1,,,,,,48f86918170bf94c,d49357f1eb98e9a0,26256e7b3bbce17c,48,614.1,,ambiguous
spatial,scene_0003,control,auto,sketchvla_prompt_conditioned_latent_action,native,1,False,,240,False,False,,True,False,False,,False,,False,0.1197,akita_black_bowl_1,plate_1,,,,,,48f86918170bf94c,1241984c27ad7fbc,e068bbc99a4b73f8,48,595.5,,ambiguous
spatial,scene_0003,control,auto,sketchvla_prompt_conditioned_latent_action,native,2,False,,240,False,False,,True,False,False,,False,,False,0.1434,akita_black_bowl_1,plate_1,,,,,,48f86918170bf94c,9d788c8086d1b806,edd830122183bd72,48,584.2,,ambiguous
spatial,scene_0003,control,auto,sketchvla_prompt_conditioned_latent_action,native,3,False,,240,False,False,,True,False,False,,False,,False,0.1231,akita_black_bowl_1,plate_1,,,,,,48f86918170bf94c,7b39221a4fce07b0,929d1f36ff1ec0ae,48,573.7,,ambiguous
spatial,scene_0003,control,auto,sketchvla_prompt_conditioned_latent_action,native,4,False,,240,False,False,,True,False,False,,False,,False,0.118,akita_black_bowl_1,plate_1,,,,,,48f86918170bf94c,32d475fea094dd3f,af68ae6b1b189343,48,603.5,,ambiguous
spatial,scene_0003,control,auto,sketchvla_prompt_conditioned_latent_action,native,5,False,,240,False,False,,True,True,True,akita_black_bowl_1,True,,False,0.1314,akita_black_bowl_1,plate_1,True,,,,,48f86918170bf94c,5586a34173cac09c,c1bdf9a6af096917,48,616.3,,ambiguous
spatial,scene_0003,control,auto,sketchvla_prompt_conditioned_latent_action,native,6,False,,240,False,False,,True,False,False,,False,,False,0.1222,akita_black_bowl_1,plate_1,,,,,,48f86918170bf94c,2bba985cae4f5508,9b9f2b73b53b20f5,48,620.2,,ambiguous
spatial,scene_0003,control,auto,sketchvla_prompt_conditioned_latent_action,native,7,False,,240,False,False,,True,False,False,,False,,False,0.1375,akita_black_bowl_1,plate_1,,,,,,48f86918170bf94c,1afa65d770a22b22,b89d3cdbb81691d5,48,590.6,,ambiguous
spatial,scene_0003,control,auto,sketchvla_prompt_conditioned_latent_action,native,8,False,,240,False,False,,True,False,False,,False,,False,0.1092,akita_black_bowl_1,plate_1,,,,,,48f86918170bf94c,51727d7e24d6b7d8,8387e6a1808f627d,48,572.1,,ambiguous
spatial,scene_0003,control,auto,sketchvla_prompt_conditioned_latent_action,native,9,False,,240,False,False,,True,True,True,akita_black_bowl_1,True,,False,0.1176,akita_black_bowl_1,plate_1,True,,,,,48f86918170bf94c,47c54439aeec523e,5980b241db5ff1f8,48,595.2,,ambiguous
spatial,scene_0003,control,auto,sketchvla_prompt_conditioned_latent_action,native,10,False,,240,False,False,,True,False,False,,False,,False,0.1186,akita_black_bowl_1,plate_1,,,,,,48f86918170bf94c,bc894c1e960c2e31,08774d8b8a6903cc,48,573.3,,ambiguous
spatial,scene_0003,control,auto,sketchvla_prompt_conditioned_latent_action,native,11,False,,240,False,False,,True,False,False,,False,,False,0.1174,akita_black_bowl_1,plate_1,,,,,,48f86918170bf94c,454197030240610e,a662de5d9f35f28f,48,628.6,,ambiguous
spatial,scene_0003,control,auto,sketchvla_prompt_conditioned_latent_action,native,12,False,,240,False,False,,True,False,False,,False,,False,0.1231,akita_black_bowl_1,plate_1,,,,,,48f86918170bf94c,318a1d5ff581b63f,4f01a143d7385dba,48,570.0,,ambiguous
spatial,scene_0003,control,auto,sketchvla_prompt_conditioned_latent_action,native,13,False,,240,False,False,,True,True,True,akita_black_bowl_1,True,,False,0.1215,akita_black_bowl_1,plate_1,True,,,,,48f86918170bf94c,24d7ca94e5be9a54,7e626beebc3af6bf,48,616.8,,ambiguous
spatial,scene_0004,control,auto,sketchvla_prompt_conditioned_latent_action,native,0,False,,240,False,True,90,True,True,True,akita_black_bowl_1,True,plate_1,True,0.0215,akita_black_bowl_1,plate_1,True,True,,,,1720ae1e3a2db4e0,fe9149d67c1e3706,ae79a1157f2d9d0f,48,968.3,,ambiguous
spatial,scene_0004,control,auto,sketchvla_prompt_conditioned_latent_action,native,1,False,,240,True,True,89,True,True,True,akita_black_bowl_1,True,plate_1,True,0.0186,akita_black_bowl_1,plate_1,True,True,,,,1720ae1e3a2db4e0,04940759f9699bec,4e50e7f192783f67,48,1087.1,,ambiguous
spatial,scene_0004,control,auto,sketchvla_prompt_conditioned_latent_action,native,2,False,,240,True,True,92,True,True,True,akita_black_bowl_1,True,plate_1,True,0.0148,akita_black_bowl_1,plate_1,True,True,,,,1720ae1e3a2db4e0,9bea717367428880,aa085d74e6a990f5,48,1103.9,,ambiguous
spatial,scene_0004,control,auto,sketchvla_prompt_conditioned_latent_action,native,3,False,,240,True,True,90,True,True,True,akita_black_bowl_1,True,plate_1,True,0.0061,akita_black_bowl_1,plate_1,True,True,,,,1720ae1e3a2db4e0,2450cb120bf33eb3,f87a2dab959626af,48,1150.4,,ambiguous
spatial,scene_0004,control,auto,sketchvla_prompt_conditioned_latent_action,native,4,False,,240,False,True,86,True,True,True,akita_black_bowl_1,True,plate_1,True,0.0356,akita_black_bowl_1,plate_1,True,True,,,,1720ae1e3a2db4e0,79d39b5def7bac68,1a3dc389944ec05d,48,1126.4,,ambiguous
spatial,scene_0004,control,auto,sketchvla_prompt_conditioned_latent_action,native,5,False,,240,False,True,116,True,True,True,akita_black_bowl_1,True,plate_1,True,0.0291,akita_black_bowl_1,plate_1,True,True,,,,1720ae1e3a2db4e0,4642ff02dea9553a,e20cdb5fe285b26b,48,1121.7,,ambiguous
spatial,scene_0004,control,auto,sketchvla_prompt_conditioned_latent_action,native,6,False,,240,True,True,91,True,True,True,akita_black_bowl_1,True,plate_1,True,0.0195,akita_black_bowl_1,plate_1,True,True,,,,1720ae1e3a2db4e0,aa5dd0ba1013f57c,ba1a8485097b0dca,48,1077.7,,ambiguous
spatial,scene_0004,control,auto,sketchvla_prompt_conditioned_latent_action,native,7,False,,240,True,True,171,True,True,True,akita_black_bowl_1,True,plate_1,True,0.0168,akita_black_bowl_1,plate_1,True,True,,,,1720ae1e3a2db4e0,d6aca88cf719b20a,c0a6a0afd6b5732d,48,1109.0,,ambiguous
spatial,scene_0004,control,auto,sketchvla_prompt_conditioned_latent_action,native,8,False,,240,True,True,92,True,True,True,akita_black_bowl_1,True,plate_1,True,0.0123,akita_black_bowl_1,plate_1,True,True,,,,1720ae1e3a2db4e0,a49f05ecdcb5fcdf,df33a8ea94a9ed7f,48,1123.1,,ambiguous
spatial,scene_0004,control,auto,sketchvla_prompt_conditioned_latent_action,native,9,False,,240,True,True,91,True,True,True,akita_black_bowl_1,True,plate_1,True,0.0254,akita_black_bowl_1,plate_1,True,True,,,,1720ae1e3a2db4e0,2624772c9e53ee16,4fde6da7e7bf97bd,48,1090.5,,ambiguous
spatial,scene_0004,control,auto,sketchvla_prompt_conditioned_latent_action,native,10,False,,240,True,True,99,True,True,True,akita_black_bowl_1,True,plate_1,True,0.0189,akita_black_bowl_1,plate_1,True,True,,,,1720ae1e3a2db4e0,958d1b1a9a51170f,e0e2cc54bc824840,48,1059.6,,ambiguous
spatial,scene_0004,control,auto,sketchvla_prompt_conditioned_latent_action,native,11,False,,240,True,True,92,True,True,True,akita_black_bowl_1,True,plate_1,True,0.018,akita_black_bowl_1,plate_1,True,True,,,,1720ae1e3a2db4e0,e21a6a662895dc74,fc4e8ab583948312,48,1071.4,,ambiguous
spatial,scene_0004,control,auto,sketchvla_prompt_conditioned_latent_action,native,12,False,,240,True,True,93,True,True,True,akita_black_bowl_1,True,plate_1,True,0.0137,akita_black_bowl_1,plate_1,True,True,,,,1720ae1e3a2db4e0,2931443d9508d46f,8f98ae18e50db7e0,48,1106.1,,ambiguous
spatial,scene_0004,control,auto,sketchvla_prompt_conditioned_latent_action,native,13,False,,240,True,True,93,True,True,True,akita_black_bowl_1,True,plate_1,True,0.0178,akita_black_bowl_1,plate_1,True,True,,,,1720ae1e3a2db4e0,5fb1a602becf3426,8b42bada67803f96,48,1136.0,,ambiguous
spatial,scene_0005,referential,auto,sketchvla_prompt_conditioned_latent_action,native,0,False,,240,False,False,,True,True,True,plate_1,False,plate_1,True,0.0,akita_black_bowl_2,plate_1,False,True,,,,f0dc1eb55adde9e8,f6f3499b5b0addd6,5ef6f7feb83eebf1,48,1034.3,,ambiguous
spatial,scene_0005,referential,auto,sketchvla_prompt_conditioned_latent_action,native,1,False,,240,False,False,,True,True,True,plate_1,False,plate_1,True,0.0,akita_black_bowl_2,plate_1,False,True,,,,f0dc1eb55adde9e8,68b12427282ad1a9,cfd00b29fa7301af,48,1109.3,,ambiguous
spatial,scene_0005,referential,auto,sketchvla_prompt_conditioned_latent_action,native,2,False,,240,False,False,,True,True,True,plate_1,False,plate_1,True,0.0,akita_black_bowl_2,plate_1,False,True,,,,f0dc1eb55adde9e8,e6fb3f46df6cc7bc,95696e0e862df2e1,48,1098.8,,ambiguous
spatial,scene_0005,referential,auto,sketchvla_prompt_conditioned_latent_action,native,3,False,,240,False,False,,True,False,False,,False,,False,0.2184,akita_black_bowl_2,plate_1,,,,,,f0dc1eb55adde9e8,07a6b3e81e6813e8,5afd1ade7d9bab07,48,1140.7,,ambiguous
spatial,scene_0005,referential,auto,sketchvla_prompt_conditioned_latent_action,native,4,False,,240,False,False,,True,False,False,,False,,False,0.1984,akita_black_bowl_2,plate_1,,,,,,f0dc1eb55adde9e8,26d818d0efd5e6c7,f25220cfdff348be,48,1135.6,,ambiguous
spatial,scene_0005,referential,auto,sketchvla_prompt_conditioned_latent_action,native,5,False,,240,False,False,,True,False,False,,False,,False,0.1989,akita_black_bowl_2,plate_1,,,,,,f0dc1eb55adde9e8,6ad710b2385f90a6,2649a9083ef20731,48,1133.7,,ambiguous
spatial,scene_0005,referential,auto,sketchvla_prompt_conditioned_latent_action,native,6,False,,240,False,False,,True,False,False,,False,,False,0.1919,akita_black_bowl_2,plate_1,,,,,,f0dc1eb55adde9e8,005e4dbbbfd87ab5,61b0e9efb9b5374a,48,1094.9,,ambiguous
spatial,scene_0005,referential,auto,sketchvla_prompt_conditioned_latent_action,native,7,False,,240,False,False,,True,False,False,,False,,False,0.2006,akita_black_bowl_2,plate_1,,,,,,f0dc1eb55adde9e8,a17f010493f3ad00,729e475f9d18db72,48,1096.3,,ambiguous
spatial,scene_0005,referential,auto,sketchvla_prompt_conditioned_latent_action,native,8,False,,240,False,False,,True,False,False,,False,,False,0.2224,akita_black_bowl_2,plate_1,,,,,,f0dc1eb55adde9e8,485ad9df4c7221a0,cf97e66ffd302399,48,1142.2,,ambiguous
spatial,scene_0005,referential,auto,sketchvla_prompt_conditioned_latent_action,native,9,False,,240,False,False,,True,False,False,,False,,False,0.1989,akita_black_bowl_2,plate_1,,,,,,f0dc1eb55adde9e8,86814cfb4b986d6e,7deb5b6c66336152,48,1085.6,,ambiguous
spatial,scene_0005,referential,auto,sketchvla_prompt_conditioned_latent_action,native,10,False,,240,False,False,,True,False,False,,False,,False,0.1878,akita_black_bowl_2,plate_1,,,,,,f0dc1eb55adde9e8,239ea6398819056f,1e6955765cceab6c,48,1062.8,,ambiguous
spatial,scene_0005,referential,auto,sketchvla_prompt_conditioned_latent_action,native,11,False,,240,False,False,,True,False,False,,False,,False,0.1989,akita_black_bowl_2,plate_1,,,,,,f0dc1eb55adde9e8,5662dd63523e205e,62a001109e2674ff,48,1086.0,,ambiguous
spatial,scene_0005,referential,auto,sketchvla_prompt_conditioned_latent_action,native,12,False,,240,False,False,,True,False,False,,False,,False,0.2007,akita_black_bowl_2,plate_1,,,,,,f0dc1eb55adde9e8,cbf759294125ed73,af668b1f6857784f,48,1100.6,,ambiguous
spatial,scene_0005,referential,auto,sketchvla_prompt_conditioned_latent_action,native,13,False,,240,False,False,,True,False,False,,False,,False,0.1989,akita_black_bowl_2,plate_1,,,,,,f0dc1eb55adde9e8,9109177251c39213,81f371e7c710ee1c,48,1104.7,,ambiguous
spatial,scene_0006,referential,auto,sketchvla_prompt_conditioned_latent_action,native,0,False,,240,False,False,,True,True,True,akita_black_bowl_1,True,,False,0.3293,akita_black_bowl_1,plate_1,True,,,,,b1712668a66d84e4,03c3a4ce3bfbd3e3,fa50ea2865535c23,48,548.6,,ambiguous
spatial,scene_0006,referential,auto,sketchvla_prompt_conditioned_latent_action,native,1,False,,240,False,False,,True,True,True,akita_black_bowl_1,True,,False,0.319,akita_black_bowl_1,plate_1,True,,,,,b1712668a66d84e4,70cfc12598c10ca0,f44ca4fe3d752a6d,48,565.4,,ambiguous
spatial,scene_0006,referential,auto,sketchvla_prompt_conditioned_latent_action,native,2,False,,240,False,False,,True,True,True,akita_black_bowl_1,True,,False,0.3087,akita_black_bowl_1,plate_1,True,,,,,b1712668a66d84e4,59fa5df93dd8901b,c740f3724f2d4894,48,550.0,,ambiguous
spatial,scene_0006,referential,auto,sketchvla_prompt_conditioned_latent_action,native,3,False,,240,False,False,,True,True,True,akita_black_bowl_1,True,,False,0.3215,akita_black_bowl_1,plate_1,True,,,,,b1712668a66d84e4,c26a45793be43516,cd7a0415fadd9abe,48,552.5,,ambiguous
spatial,scene_0006,referential,auto,sketchvla_prompt_conditioned_latent_action,native,4,False,,240,False,False,,True,True,True,akita_black_bowl_1,True,,False,0.3122,akita_black_bowl_1,plate_1,True,,,,,b1712668a66d84e4,3579c17f71617111,f4373b2bb76811d6,48,578.8,,ambiguous
spatial,scene_0006,referential,auto,sketchvla_prompt_conditioned_latent_action,native,5,False,,240,False,False,,True,True,True,akita_black_bowl_1,True,,False,0.3559,akita_black_bowl_1,plate_1,True,,,,,b1712668a66d84e4,94c9c4788c9a7520,3303b8c047f64f59,48,565.5,,ambiguous
spatial,scene_0006,referential,auto,sketchvla_prompt_conditioned_latent_action,native,6,False,,240,False,False,,True,True,True,akita_black_bowl_1,True,,False,0.3428,akita_black_bowl_1,plate_1,True,,,,,b1712668a66d84e4,9e13eae75ca49170,f30791da6dad8dd8,48,561.9,,ambiguous
spatial,scene_0006,referential,auto,sketchvla_prompt_conditioned_latent_action,native,7,False,,240,False,False,,True,False,False,,False,,False,0.3254,akita_black_bowl_1,plate_1,,,,,,b1712668a66d84e4,5a5b26fba22a50ad,1efb04bada4cef48,48,557.6,,ambiguous
spatial,scene_0006,referential,auto,sketchvla_prompt_conditioned_latent_action,native,8,False,,240,False,False,,True,True,True,akita_black_bowl_1,True,,False,0.342,akita_black_bowl_1,plate_1,True,,,,,b1712668a66d84e4,a815232c9679dfd4,080382e23771d1d7,48,530.4,,ambiguous
spatial,scene_0006,referential,auto,sketchvla_prompt_conditioned_latent_action,native,9,False,,240,False,False,,True,True,True,akita_black_bowl_1,True,,False,0.3001,akita_black_bowl_1,plate_1,True,,,,,b1712668a66d84e4,80576605baad8cc9,abd7d4d06bc060b0,48,555.0,,ambiguous
spatial,scene_0006,referential,auto,sketchvla_prompt_conditioned_latent_action,native,10,False,,240,False,False,,True,True,True,akita_black_bowl_1,True,,False,0.3296,akita_black_bowl_1,plate_1,True,,,,,b1712668a66d84e4,146a0baddcf9d4c4,312d8175935dc305,48,534.5,,ambiguous
spatial,scene_0006,referential,auto,sketchvla_prompt_conditioned_latent_action,native,11,False,,240,False,False,,True,False,False,,False,,False,0.3165,akita_black_bowl_1,plate_1,,,,,,b1712668a66d84e4,91bac32dc1541299,020bff39cb6bdc75,48,555.6,,ambiguous
spatial,scene_0006,referential,auto,sketchvla_prompt_conditioned_latent_action,native,12,False,,240,False,False,,True,True,True,akita_black_bowl_1,True,,False,0.3415,akita_black_bowl_1,plate_1,True,,,,,b1712668a66d84e4,e511a435cf213aef,bb7cc076f8e0f521,48,543.4,,ambiguous
spatial,scene_0006,referential,auto,sketchvla_prompt_conditioned_latent_action,native,13,False,,240,False,False,,True,False,False,,False,,False,0.3107,akita_black_bowl_1,plate_1,,,,,,b1712668a66d84e4,a8835315cb9542b5,e04b80fc51781dfb,48,581.8,,ambiguous
spatial,scene_0007,referential,auto,sketchvla_prompt_conditioned_latent_action,native,0,False,,240,False,False,,True,False,False,,False,,False,0.3709,akita_black_bowl_1,plate_1,,,,,,fb0befc59668784e,466b34ff793da988,6e5e98119300b028,48,562.6,,ambiguous
spatial,scene_0007,referential,auto,sketchvla_prompt_conditioned_latent_action,native,1,False,,240,False,False,,True,False,False,,False,,False,0.3602,akita_black_bowl_1,plate_1,,,,,,fb0befc59668784e,8044d8815b95f6de,a8ed7959a262009c,48,574.6,,ambiguous
spatial,scene_0007,referential,auto,sketchvla_prompt_conditioned_latent_action,native,2,False,,240,False,False,,True,False,False,,False,,False,0.3603,akita_black_bowl_1,plate_1,,,,,,fb0befc59668784e,69af4c4f530fed08,21de9b3ddae949b6,48,518.2,,ambiguous
spatial,scene_0007,referential,auto,sketchvla_prompt_conditioned_latent_action,native,3,False,,240,False,False,,True,True,True,akita_black_bowl_2,False,,False,0.2759,akita_black_bowl_1,plate_1,False,,,,,fb0befc59668784e,cf4df0c638cf0405,6e3e16239e110022,48,547.9,,ambiguous
spatial,scene_0007,referential,auto,sketchvla_prompt_conditioned_latent_action,native,4,False,,240,False,False,,True,True,True,akita_black_bowl_2,False,,False,0.2867,akita_black_bowl_1,plate_1,False,,,,,fb0befc59668784e,42e63bf7132b7e5c,1f943bcab4e5be13,48,582.2,,ambiguous
spatial,scene_0007,referential,auto,sketchvla_prompt_conditioned_latent_action,native,5,False,,240,False,False,,True,False,False,,False,,False,0.3611,akita_black_bowl_1,plate_1,,,,,,fb0befc59668784e,ff22cd8f6b4c2f2d,a29f1f6221e3db27,48,570.2,,ambiguous
spatial,scene_0007,referential,auto,sketchvla_prompt_conditioned_latent_action,native,6,False,,240,False,False,,True,False,False,,False,,False,0.3731,akita_black_bowl_1,plate_1,,,,,,fb0befc59668784e,5b89963d15f76be9,a78e2ae72e939fd0,48,575.7,,ambiguous
spatial,scene_0007,referential,auto,sketchvla_prompt_conditioned_latent_action,native,7,False,,240,False,False,,True,True,True,akita_black_bowl_2,False,,False,0.2527,akita_black_bowl_1,plate_1,False,,,,,fb0befc59668784e,cce7fc9046e2adea,0fd2f6dca075322e,48,567.8,,ambiguous
spatial,scene_0007,referential,auto,sketchvla_prompt_conditioned_latent_action,native,8,False,,240,False,False,,True,False,False,,False,,False,0.3605,akita_black_bowl_1,plate_1,,,,,,fb0befc59668784e,642f416185ddcd0e,b30d0919205a8dff,48,558.5,,ambiguous
spatial,scene_0007,referential,auto,sketchvla_prompt_conditioned_latent_action,native,9,False,,240,False,False,,True,True,True,plate_1,False,plate_1,True,0.0,akita_black_bowl_1,plate_1,False,True,,,,fb0befc59668784e,299b61a0177bc3dc,b346b29da246abc7,48,569.3,,ambiguous
spatial,scene_0007,referential,auto,sketchvla_prompt_conditioned_latent_action,native,10,False,,240,False,False,,True,False,False,,False,,False,0.3602,akita_black_bowl_1,plate_1,,,,,,fb0befc59668784e,02b822151d4838d1,d86636d1471a9b0d,48,540.6,,ambiguous
spatial,scene_0007,referential,auto,sketchvla_prompt_conditioned_latent_action,native,11,False,,240,False,False,,True,True,True,plate_1,False,plate_1,True,0.0,akita_black_bowl_1,plate_1,False,True,,,,fb0befc59668784e,26bc344b713e0138,11db91cfb4ff4683,48,562.1,,ambiguous
spatial,scene_0007,referential,auto,sketchvla_prompt_conditioned_latent_action,native,12,False,,240,False,False,,True,False,False,,False,,False,0.3602,akita_black_bowl_1,plate_1,,,,,,fb0befc59668784e,2f556d1e9ffb2e30,76d6ca9be36e1091,48,558.5,,ambiguous
spatial,scene_0007,referential,auto,sketchvla_prompt_conditioned_latent_action,native,13,False,,240,False,False,,True,True,True,akita_black_bowl_2,False,,False,0.274,akita_black_bowl_1,plate_1,False,,,,,fb0befc59668784e,7ffcfe8da745d35e,ff45950f05e9001a,48,576.7,,ambiguous
spatial,scene_0008,referential,auto,sketchvla_prompt_conditioned_latent_action,native,0,False,,240,False,False,,True,True,True,akita_black_bowl_1,False,,False,0.3204,akita_black_bowl_2,plate_1,False,,,,,b5bc6f7854e8d826,a0cfb253155c9e01,a042990047fa018e,48,917.6,,ambiguous
spatial,scene_0008,referential,auto,sketchvla_prompt_conditioned_latent_action,native,1,False,,240,False,False,,True,True,True,akita_black_bowl_1,False,,False,0.3186,akita_black_bowl_2,plate_1,False,,,,,b5bc6f7854e8d826,6fa21da4f74e2b21,97d4afed3b8db040,48,944.7,,ambiguous
spatial,scene_0008,referential,auto,sketchvla_prompt_conditioned_latent_action,native,2,False,,240,False,False,,True,True,True,akita_black_bowl_1,False,,False,0.3189,akita_black_bowl_2,plate_1,False,,,,,b5bc6f7854e8d826,b047a36ba79b980c,10e78d1a3b538d45,48,951.0,,ambiguous
spatial,scene_0008,referential,auto,sketchvla_prompt_conditioned_latent_action,native,3,False,,240,False,False,,True,True,True,akita_black_bowl_1,False,,False,0.3117,akita_black_bowl_2,plate_1,False,,,,,b5bc6f7854e8d826,2d587997e11b8ed4,bf03b0249404bd50,48,941.4,,ambiguous
spatial,scene_0008,referential,auto,sketchvla_prompt_conditioned_latent_action,native,4,False,,240,False,False,,True,True,True,akita_black_bowl_1,False,,False,0.3159,akita_black_bowl_2,plate_1,False,,,,,b5bc6f7854e8d826,e0c3ee8dfdf922fb,40b7520f9de40e17,48,920.1,,ambiguous
spatial,scene_0008,referential,auto,sketchvla_prompt_conditioned_latent_action,native,5,False,,240,False,False,,True,True,True,akita_black_bowl_1,False,,False,0.2991,akita_black_bowl_2,plate_1,False,,,,,b5bc6f7854e8d826,32346deefa4bd8b8,23bfbdcb54181bdd,48,964.6,,ambiguous
spatial,scene_0008,referential,auto,sketchvla_prompt_conditioned_latent_action,native,6,False,,240,False,False,,True,True,True,akita_black_bowl_1,False,,False,0.3254,akita_black_bowl_2,plate_1,False,,,,,b5bc6f7854e8d826,af65e2a688ff1883,062748851f607d8a,48,966.1,,ambiguous
spatial,scene_0008,referential,auto,sketchvla_prompt_conditioned_latent_action,native,7,False,,240,False,False,,True,True,True,akita_black_bowl_1,False,,False,0.2983,akita_black_bowl_2,plate_1,False,,,,,b5bc6f7854e8d826,3c287c5170c5173b,1030e5dc6cccfc90,48,944.5,,ambiguous
spatial,scene_0008,referential,auto,sketchvla_prompt_conditioned_latent_action,native,8,False,,240,False,False,,True,True,True,akita_black_bowl_1,False,,False,0.2556,akita_black_bowl_2,plate_1,False,,,,,b5bc6f7854e8d826,674d87297097e53d,6613afcaa64d49f4,48,940.9,,ambiguous
spatial,scene_0008,referential,auto,sketchvla_prompt_conditioned_latent_action,native,9,False,,240,False,False,,True,True,True,akita_black_bowl_1,False,,False,0.3004,akita_black_bowl_2,plate_1,False,,,,,b5bc6f7854e8d826,5c27c674cd6e4d03,84a24a2bbb7ea765,48,929.2,,ambiguous
spatial,scene_0008,referential,auto,sketchvla_prompt_conditioned_latent_action,native,10,False,,240,False,False,,True,True,True,akita_black_bowl_1,False,,False,0.3364,akita_black_bowl_2,plate_1,False,,,,,b5bc6f7854e8d826,91b9339a275a5110,3cc59294225e8e74,48,959.7,,ambiguous
spatial,scene_0008,referential,auto,sketchvla_prompt_conditioned_latent_action,native,11,False,,240,False,False,,True,True,True,akita_black_bowl_1,False,,False,0.282,akita_black_bowl_2,plate_1,False,,,,,b5bc6f7854e8d826,e72c90c6d8da1d48,125f0125f630df61,48,941.6,,ambiguous
spatial,scene_0008,referential,auto,sketchvla_prompt_conditioned_latent_action,native,12,False,,240,False,False,,True,True,True,akita_black_bowl_1,False,,False,0.2782,akita_black_bowl_2,plate_1,False,,,,,b5bc6f7854e8d826,ddc5765161964180,05178ec74e1e6d59,48,941.4,,ambiguous
spatial,scene_0008,referential,auto,sketchvla_prompt_conditioned_latent_action,native,13,False,,240,False,False,,True,True,True,akita_black_bowl_1,False,,False,0.2683,akita_black_bowl_2,plate_1,False,,,,,b5bc6f7854e8d826,b7e52c7c8d993a21,1d9bf8b2fd8838f9,48,905.1,,ambiguous
spatial,scene_0009,referential,auto,sketchvla_prompt_conditioned_latent_action,native,0,False,,240,False,False,,True,True,True,plate_1,False,plate_1,True,0.0,akita_black_bowl_2,plate_1,False,True,,,,2ab3a665f4a9fe53,18c6128657ed8e01,fc03dd2c04c1c22f,48,950.1,,ambiguous
spatial,scene_0009,referential,auto,sketchvla_prompt_conditioned_latent_action,native,1,False,,240,False,False,,True,True,True,akita_black_bowl_1,False,plate_1,True,0.0488,akita_black_bowl_2,plate_1,False,True,,,,2ab3a665f4a9fe53,2074548d3ea291ed,2a33e40e9cdba81b,48,943.8,,ambiguous
spatial,scene_0009,referential,auto,sketchvla_prompt_conditioned_latent_action,native,2,False,,240,False,False,,True,False,False,,False,,False,0.232,akita_black_bowl_2,plate_1,,,,,,2ab3a665f4a9fe53,a3d0c0b4c53ddcf6,f9d8e14113ac5b79,48,961.4,,ambiguous
spatial,scene_0009,referential,auto,sketchvla_prompt_conditioned_latent_action,native,3,False,,240,False,False,,True,False,False,,False,,False,0.23,akita_black_bowl_2,plate_1,,,,,,2ab3a665f4a9fe53,7cb047af79e1af36,548ae050dae67c37,48,939.6,,ambiguous
spatial,scene_0009,referential,auto,sketchvla_prompt_conditioned_latent_action,native,4,False,,240,False,False,,True,True,True,plate_1,False,plate_1,True,0.0,akita_black_bowl_2,plate_1,False,True,,,,2ab3a665f4a9fe53,cfa66ba9a22cd000,f308003c3c31124a,48,946.6,,ambiguous
spatial,scene_0009,referential,auto,sketchvla_prompt_conditioned_latent_action,native,5,False,,240,False,False,,True,False,False,,False,,False,0.2241,akita_black_bowl_2,plate_1,,,,,,2ab3a665f4a9fe53,53d207748c3bf4eb,965d8bbbaf660ad3,48,984.9,,ambiguous
spatial,scene_0009,referential,auto,sketchvla_prompt_conditioned_latent_action,native,6,False,,240,False,False,,True,False,False,,False,,False,0.222,akita_black_bowl_2,plate_1,,,,,,2ab3a665f4a9fe53,3c473682bcbe4961,f9ed97e25cbf2206,48,989.8,,ambiguous
spatial,scene_0009,referential,auto,sketchvla_prompt_conditioned_latent_action,native,7,False,,240,False,False,,True,True,True,akita_black_bowl_1,False,,False,0.1093,akita_black_bowl_2,plate_1,False,,,,,2ab3a665f4a9fe53,78b98701796321d2,83907707c13c6ace,48,948.0,,ambiguous
spatial,scene_0009,referential,auto,sketchvla_prompt_conditioned_latent_action,native,8,False,,240,False,False,,True,False,False,,False,,False,0.2187,akita_black_bowl_2,plate_1,,,,,,2ab3a665f4a9fe53,9214dc3141752cdb,50d7dfef1578bce6,48,949.5,,ambiguous
spatial,scene_0009,referential,auto,sketchvla_prompt_conditioned_latent_action,native,9,False,,240,False,False,,True,False,False,,False,,False,0.2607,akita_black_bowl_2,plate_1,,,,,,2ab3a665f4a9fe53,dee513a16b457fdf,667066dbb8c55a1c,48,948.7,,ambiguous
spatial,scene_0009,referential,auto,sketchvla_prompt_conditioned_latent_action,native,10,False,,240,False,False,,True,False,False,,False,,False,0.2263,akita_black_bowl_2,plate_1,,,,,,2ab3a665f4a9fe53,7a10f083629d5081,3aef671f6b320c85,48,968.1,,ambiguous
spatial,scene_0009,referential,auto,sketchvla_prompt_conditioned_latent_action,native,11,False,,240,False,False,,True,False,False,,False,,False,0.222,akita_black_bowl_2,plate_1,,,,,,2ab3a665f4a9fe53,c311eff7c76d4490,f0c3846a5a6763cd,48,968.2,,ambiguous
spatial,scene_0009,referential,auto,sketchvla_prompt_conditioned_latent_action,native,12,False,,240,False,False,,True,True,True,akita_black_bowl_1,False,plate_1,True,0.059,akita_black_bowl_2,plate_1,False,True,,,,2ab3a665f4a9fe53,b1975a79ad523627,d2ecb34da9a24f55,48,936.4,,ambiguous
spatial,scene_0009,referential,auto,sketchvla_prompt_conditioned_latent_action,native,13,False,,240,False,False,,True,False,False,,False,,False,0.2234,akita_black_bowl_2,plate_1,,,,,,2ab3a665f4a9fe53,20dd8bacc516b739,ac3a22f4c2ee7b1c,48,913.6,,ambiguous
spatial,scene_0010,referential,auto,sketchvla_prompt_conditioned_latent_action,native,0,False,,240,False,False,,True,True,True,akita_black_bowl_1,False,,False,0.2381,akita_black_bowl_3,plate_1,False,,,,,da9b7cfe6a551244,32a381815a164e49,9d90d8c5db6ab195,48,553.5,,ambiguous
spatial,scene_0010,referential,auto,sketchvla_prompt_conditioned_latent_action,native,1,False,,240,False,False,,True,True,True,akita_black_bowl_1,False,,False,0.2139,akita_black_bowl_3,plate_1,False,,,,,da9b7cfe6a551244,84925fcef049d14d,e00aff07783e680a,48,547.9,,ambiguous
spatial,scene_0010,referential,auto,sketchvla_prompt_conditioned_latent_action,native,2,False,,240,False,False,,True,True,True,akita_black_bowl_1,False,,False,0.2359,akita_black_bowl_3,plate_1,False,,,,,da9b7cfe6a551244,eaa84aff3d97b67d,def3c76852e071ae,48,552.9,,ambiguous
spatial,scene_0010,referential,auto,sketchvla_prompt_conditioned_latent_action,native,3,False,,240,False,False,,True,True,True,akita_black_bowl_1,False,,False,0.206,akita_black_bowl_3,plate_1,False,,,,,da9b7cfe6a551244,685b3e89eb6ea61c,f9675019ce503f14,48,548.0,,ambiguous
spatial,scene_0010,referential,auto,sketchvla_prompt_conditioned_latent_action,native,4,False,,240,False,False,,True,True,True,akita_black_bowl_1,False,,False,0.2205,akita_black_bowl_3,plate_1,False,,,,,da9b7cfe6a551244,9f8dc03071ca4c25,08e884e829aed8e1,48,526.1,,ambiguous
spatial,scene_0010,referential,auto,sketchvla_prompt_conditioned_latent_action,native,5,False,,240,False,False,,True,True,True,akita_black_bowl_1,False,,False,0.1468,akita_black_bowl_3,plate_1,False,,,,,da9b7cfe6a551244,fed0069bd23ee327,5a60e630a78fef76,48,570.1,,ambiguous
spatial,scene_0010,referential,auto,sketchvla_prompt_conditioned_latent_action,native,6,False,,240,False,False,,True,True,True,akita_black_bowl_1,False,,False,0.185,akita_black_bowl_3,plate_1,False,,,,,da9b7cfe6a551244,45364e06fedbb68d,bce8a618b1adc236,48,526.2,,ambiguous
spatial,scene_0010,referential,auto,sketchvla_prompt_conditioned_latent_action,native,7,False,,240,False,False,,True,False,False,,False,,False,0.3536,akita_black_bowl_3,plate_1,,,,,,da9b7cfe6a551244,380874251bf954c2,bacfdca35707afee,48,557.6,,ambiguous
spatial,scene_0010,referential,auto,sketchvla_prompt_conditioned_latent_action,native,8,False,,240,False,False,,True,False,False,,False,,False,0.3536,akita_black_bowl_3,plate_1,,,,,,da9b7cfe6a551244,c7a665ff85d3c2e2,2563223104a0eb59,48,547.8,,ambiguous
spatial,scene_0010,referential,auto,sketchvla_prompt_conditioned_latent_action,native,9,False,,240,False,False,,True,True,True,akita_black_bowl_1,False,,False,0.2252,akita_black_bowl_3,plate_1,False,,,,,da9b7cfe6a551244,fbaf7275e3a7e9d8,81b4e3c1032fb8d9,48,568.0,,ambiguous
spatial,scene_0010,referential,auto,sketchvla_prompt_conditioned_latent_action,native,10,False,,240,False,False,,True,True,True,akita_black_bowl_1,False,,False,0.2209,akita_black_bowl_3,plate_1,False,,,,,da9b7cfe6a551244,b49f2801f3c5cf7e,78c5059c12034042,48,567.0,,ambiguous
spatial,scene_0010,referential,auto,sketchvla_prompt_conditioned_latent_action,native,11,False,,240,False,False,,True,True,True,akita_black_bowl_1,False,,False,0.2137,akita_black_bowl_3,plate_1,False,,,,,da9b7cfe6a551244,2d330e0345b09bc6,0af202c8ad310884,48,550.8,,ambiguous
spatial,scene_0010,referential,auto,sketchvla_prompt_conditioned_latent_action,native,12,False,,240,False,False,,True,False,False,,False,,False,0.3536,akita_black_bowl_3,plate_1,,,,,,da9b7cfe6a551244,76ff7dcf6f6313dc,9071a72db9143d39,48,529.0,,ambiguous
spatial,scene_0010,referential,auto,sketchvla_prompt_conditioned_latent_action,native,13,False,,240,False,False,,True,True,True,akita_black_bowl_1,False,,False,0.229,akita_black_bowl_3,plate_1,False,,,,,da9b7cfe6a551244,9cae3b6290af4c57,1839ccd8acc679b3,48,529.4,,ambiguous
spatial,scene_0011,referential,auto,sketchvla_prompt_conditioned_latent_action,native,0,False,,240,False,False,,True,False,False,,False,,False,0.2948,akita_black_bowl_3,plate_1,,,,,,f8634dbe1cf1c475,2708f18322683c06,442f77e087ec5247,48,559.8,,ambiguous
spatial,scene_0011,referential,auto,sketchvla_prompt_conditioned_latent_action,native,1,False,,240,False,False,,True,False,False,,False,,False,0.2988,akita_black_bowl_3,plate_1,,,,,,f8634dbe1cf1c475,6ff9cfc15c6d57a2,986cf34ab2bc09cc,48,578.6,,ambiguous
spatial,scene_0011,referential,auto,sketchvla_prompt_conditioned_latent_action,native,2,False,,240,False,False,,True,False,False,,False,,False,0.2974,akita_black_bowl_3,plate_1,,,,,,f8634dbe1cf1c475,894666b027e2532d,0c058089e8f1dba0,48,542.7,,ambiguous
spatial,scene_0011,referential,auto,sketchvla_prompt_conditioned_latent_action,native,3,False,,240,False,False,,True,False,False,,False,,False,0.3002,akita_black_bowl_3,plate_1,,,,,,f8634dbe1cf1c475,31dbc29e01aa300c,fc25d821d0dd8aaf,48,571.4,,ambiguous
spatial,scene_0011,referential,auto,sketchvla_prompt_conditioned_latent_action,native,4,False,,240,False,False,,True,True,True,glazed_rim_porcelain_ramekin_1,False,,False,0.1091,akita_black_bowl_3,plate_1,False,,,,,f8634dbe1cf1c475,f93c5152d3f7ddcd,fdba8acd5709bcec,48,556.5,,ambiguous
spatial,scene_0011,referential,auto,sketchvla_prompt_conditioned_latent_action,native,5,False,,240,False,False,,True,True,True,glazed_rim_porcelain_ramekin_1,False,,False,0.2159,akita_black_bowl_3,plate_1,False,,,,,f8634dbe1cf1c475,cf6a9f10dc898f7a,6a321bf0a3e75ba6,48,582.1,,ambiguous
spatial,scene_0011,referential,auto,sketchvla_prompt_conditioned_latent_action,native,6,False,,240,False,False,,True,False,False,,False,,False,0.2959,akita_black_bowl_3,plate_1,,,,,,f8634dbe1cf1c475,3a8f22bc5afe8071,11eba56199d4203d,48,546.1,,ambiguous
spatial,scene_0011,referential,auto,sketchvla_prompt_conditioned_latent_action,native,7,False,,240,False,False,,True,False,False,,False,,False,0.294,akita_black_bowl_3,plate_1,,,,,,f8634dbe1cf1c475,44ab5b1fee9c419e,0e5c815441721783,48,575.1,,ambiguous
spatial,scene_0011,referential,auto,sketchvla_prompt_conditioned_latent_action,native,8,False,,240,False,False,,True,True,True,akita_black_bowl_4,False,,False,1.9334,akita_black_bowl_3,plate_1,False,,,,,f8634dbe1cf1c475,32aa292cc45ea142,901b45347a7c1170,48,565.5,,ambiguous
spatial,scene_0011,referential,auto,sketchvla_prompt_conditioned_latent_action,native,9,False,,240,False,False,,True,False,False,,False,,False,0.2938,akita_black_bowl_3,plate_1,,,,,,f8634dbe1cf1c475,8e212d0b17d34bae,8e9710ac72f8eb3a,48,578.7,,ambiguous
spatial,scene_0011,referential,auto,sketchvla_prompt_conditioned_latent_action,native,10,False,,240,False,False,,True,False,False,,False,,False,0.2938,akita_black_bowl_3,plate_1,,,,,,f8634dbe1cf1c475,deddb2b0582e0c54,a0861c50af2a74a4,48,584.3,,ambiguous
spatial,scene_0011,referential,auto,sketchvla_prompt_conditioned_latent_action,native,11,False,,240,False,False,,True,False,False,,False,,False,0.2979,akita_black_bowl_3,plate_1,,,,,,f8634dbe1cf1c475,c18fef4856468720,08abe684cd2ab12e,48,555.6,,ambiguous
spatial,scene_0011,referential,auto,sketchvla_prompt_conditioned_latent_action,native,12,False,,240,False,False,,True,False,False,,False,,False,0.2938,akita_black_bowl_3,plate_1,,,,,,f8634dbe1cf1c475,1c13338773b0c650,59bc5d71ae50cc58,48,561.8,,ambiguous
spatial,scene_0011,referential,auto,sketchvla_prompt_conditioned_latent_action,native,13,False,,240,False,False,,True,False,False,,False,,False,0.3011,akita_black_bowl_3,plate_1,,,,,,f8634dbe1cf1c475,11793cfae4aa99ba,14a383c68dd29c1a,48,560.1,,ambiguous
spatial,scene_0012,referential,auto,sketchvla_prompt_conditioned_latent_action,native,0,False,,240,False,False,,True,False,False,,False,,False,0.124,akita_black_bowl_4,plate_1,,,,,,82492353d93beba8,b38b48c5c4a904ef,1c7ca9d535f7307f,48,851.0,,ambiguous
spatial,scene_0012,referential,auto,sketchvla_prompt_conditioned_latent_action,native,1,False,,240,False,False,,True,False,False,,False,,False,0.124,akita_black_bowl_4,plate_1,,,,,,82492353d93beba8,a1751cf017740dc7,5baf3fb304e8cbe6,48,946.2,,ambiguous
spatial,scene_0012,referential,auto,sketchvla_prompt_conditioned_latent_action,native,2,False,,240,False,False,,True,False,False,,False,,False,0.124,akita_black_bowl_4,plate_1,,,,,,82492353d93beba8,28dad9f8363d5ee6,c49b133eda2f1a3f,48,946.5,,ambiguous
spatial,scene_0012,referential,auto,sketchvla_prompt_conditioned_latent_action,native,3,False,,240,False,False,,True,False,False,,False,,False,0.124,akita_black_bowl_4,plate_1,,,,,,82492353d93beba8,627f5295de893698,483c02ee9dd07271,48,914.1,,ambiguous
spatial,scene_0012,referential,auto,sketchvla_prompt_conditioned_latent_action,native,4,False,,240,False,False,,True,False,False,,False,,False,0.124,akita_black_bowl_4,plate_1,,,,,,82492353d93beba8,ba7f5b80c14a4c1b,b35fc98678c1b17d,48,929.2,,ambiguous
spatial,scene_0012,referential,auto,sketchvla_prompt_conditioned_latent_action,native,5,False,,240,False,False,,True,False,False,,False,,False,0.124,akita_black_bowl_4,plate_1,,,,,,82492353d93beba8,adb9adf8c47f0803,b5e5d3a56470d7fa,48,963.9,,ambiguous
spatial,scene_0012,referential,auto,sketchvla_prompt_conditioned_latent_action,native,6,False,,240,False,False,,True,False,False,,False,,False,0.124,akita_black_bowl_4,plate_1,,,,,,82492353d93beba8,3a70bd255fdd057e,31ebde190fb0ac33,48,931.3,,ambiguous
spatial,scene_0012,referential,auto,sketchvla_prompt_conditioned_latent_action,native,7,False,,240,False,False,,True,False,False,,False,,False,0.124,akita_black_bowl_4,plate_1,,,,,,82492353d93beba8,9845e4b1c1e66eee,416f9064e521934f,48,941.5,,ambiguous
spatial,scene_0012,referential,auto,sketchvla_prompt_conditioned_latent_action,native,8,False,,240,False,False,,True,True,True,akita_black_bowl_2,False,,False,0.2193,akita_black_bowl_4,plate_1,False,,,,,82492353d93beba8,7a0d0c5b3498ecc4,7f9e8ac150a4b1b8,48,964.5,,ambiguous
spatial,scene_0012,referential,auto,sketchvla_prompt_conditioned_latent_action,native,9,False,,240,False,False,,True,False,False,,False,,False,0.124,akita_black_bowl_4,plate_1,,,,,,82492353d93beba8,22e2b0f3b3d57902,59a0a1ead7ab758e,48,923.2,,ambiguous
spatial,scene_0012,referential,auto,sketchvla_prompt_conditioned_latent_action,native,10,False,,240,False,False,,True,False,False,,False,,False,0.124,akita_black_bowl_4,plate_1,,,,,,82492353d93beba8,0b7488319369b860,5475a51be229d11f,48,948.6,,ambiguous
spatial,scene_0012,referential,auto,sketchvla_prompt_conditioned_latent_action,native,11,False,,240,False,False,,True,False,False,,False,,False,0.124,akita_black_bowl_4,plate_1,,,,,,82492353d93beba8,f571ac1de8e43eb4,ab9fe97678a2eca9,48,913.0,,ambiguous
spatial,scene_0012,referential,auto,sketchvla_prompt_conditioned_latent_action,native,12,False,,240,False,False,,True,False,False,,False,,False,0.124,akita_black_bowl_4,plate_1,,,,,,82492353d93beba8,dbfe365d03b848c8,a71f1f8e13295b69,48,882.7,,ambiguous
spatial,scene_0012,referential,auto,sketchvla_prompt_conditioned_latent_action,native,13,False,,240,False,False,,True,True,True,akita_black_bowl_2,False,,False,0.1629,akita_black_bowl_4,plate_1,False,,,,,82492353d93beba8,a39d9a825f70d4ff,baecd5a038bdbc84,48,945.0,,ambiguous
spatial,scene_0013,referential,auto,sketchvla_prompt_conditioned_latent_action,native,0,False,,240,False,False,,True,True,True,plate_1,False,plate_1,True,0.0,akita_black_bowl_2,plate_1,False,True,,,,044dbe92450117a9,db9612eb05e0506c,7aa1c7bbab01ddb9,48,879.2,,ambiguous
spatial,scene_0013,referential,auto,sketchvla_prompt_conditioned_latent_action,native,1,False,,240,False,False,,True,True,True,plate_1,False,plate_1,True,0.0,akita_black_bowl_2,plate_1,False,True,,,,044dbe92450117a9,6936151b558684f1,be7901481342d1b9,48,963.5,,ambiguous
spatial,scene_0013,referential,auto,sketchvla_prompt_conditioned_latent_action,native,2,False,,240,False,False,,True,True,True,plate_1,False,plate_1,True,0.0,akita_black_bowl_2,plate_1,False,True,,,,044dbe92450117a9,b76c28214f16d92f,928007c959d0e7f1,48,953.2,,ambiguous
spatial,scene_0013,referential,auto,sketchvla_prompt_conditioned_latent_action,native,3,False,,240,False,False,,True,True,True,plate_1,False,plate_1,True,0.0,akita_black_bowl_2,plate_1,False,True,,,,044dbe92450117a9,4c430b8fd31ea8b7,23cd76798ec00144,48,909.8,,ambiguous
spatial,scene_0013,referential,auto,sketchvla_prompt_conditioned_latent_action,native,4,False,,240,False,False,,True,True,True,plate_1,False,plate_1,True,0.0,akita_black_bowl_2,plate_1,False,True,,,,044dbe92450117a9,185ba4a0940b33ae,c382174160fecfa7,48,942.5,,ambiguous
spatial,scene_0013,referential,auto,sketchvla_prompt_conditioned_latent_action,native,5,False,,240,False,False,,True,True,True,akita_black_bowl_1,False,,False,0.1572,akita_black_bowl_2,plate_1,False,,,,,044dbe92450117a9,fcfb6985538531bc,fa4e3bf76b2fe36e,48,956.8,,ambiguous
spatial,scene_0013,referential,auto,sketchvla_prompt_conditioned_latent_action,native,6,False,,240,False,False,,True,False,False,,False,,False,0.165,akita_black_bowl_2,plate_1,,,,,,044dbe92450117a9,360abe79cb01e88f,a2b0f7dcffd353e6,48,940.5,,ambiguous
spatial,scene_0013,referential,auto,sketchvla_prompt_conditioned_latent_action,native,7,False,,240,False,False,,True,True,True,plate_1,False,plate_1,True,0.0,akita_black_bowl_2,plate_1,False,True,,,,044dbe92450117a9,00686fb4911374f8,13bcb5893bd9db97,48,952.3,,ambiguous
spatial,scene_0013,referential,auto,sketchvla_prompt_conditioned_latent_action,native,8,False,,240,False,False,,True,True,True,akita_black_bowl_1,False,,False,0.121,akita_black_bowl_2,plate_1,False,,,,,044dbe92450117a9,e0eedf73bd7be06b,a81b8eeba2f78ad5,48,965.8,,ambiguous
spatial,scene_0013,referential,auto,sketchvla_prompt_conditioned_latent_action,native,9,False,,240,False,False,,True,False,False,,False,,False,0.1621,akita_black_bowl_2,plate_1,,,,,,044dbe92450117a9,248b31e741449c5d,06c010028f485d35,48,934.6,,ambiguous
spatial,scene_0013,referential,auto,sketchvla_prompt_conditioned_latent_action,native,10,False,,240,False,False,,True,True,True,plate_1,False,plate_1,True,0.0,akita_black_bowl_2,plate_1,False,True,,,,044dbe92450117a9,176e45468abd348c,60a5df4c4cdfee38,48,974.0,,ambiguous
spatial,scene_0013,referential,auto,sketchvla_prompt_conditioned_latent_action,native,11,False,,240,False,False,,True,True,True,akita_black_bowl_1,False,,False,0.2594,akita_black_bowl_2,plate_1,False,,,,,044dbe92450117a9,992569971e3dc7fd,13c0ae0d41a8b53a,48,927.9,,ambiguous
spatial,scene_0013,referential,auto,sketchvla_prompt_conditioned_latent_action,native,12,False,,240,False,False,,True,True,True,plate_1,False,plate_1,True,0.0,akita_black_bowl_2,plate_1,False,True,,,,044dbe92450117a9,7db2d37396ad53af,5bb9aab397e62dfd,48,897.6,,ambiguous
spatial,scene_0013,referential,auto,sketchvla_prompt_conditioned_latent_action,native,13,False,,240,False,False,,True,False,False,,False,,False,0.1463,akita_black_bowl_2,plate_1,,,,,,044dbe92450117a9,dc1afe45b1c2fee2,443af052eb366fd6,48,938.6,,ambiguous
spatial,scene_0014,referential,auto,sketchvla_prompt_conditioned_latent_action,native,0,False,,240,False,False,,True,True,True,akita_black_bowl_1,False,,False,0.0969,akita_black_bowl_5,plate_1,False,,,,,6dcf92f4c3f012da,402d369b9b73b069,0ca635bbf3051df3,48,589.5,,ambiguous
spatial,scene_0014,referential,auto,sketchvla_prompt_conditioned_latent_action,native,1,False,,240,False,False,,True,True,True,akita_black_bowl_1,False,,False,0.0889,akita_black_bowl_5,plate_1,False,,,,,6dcf92f4c3f012da,7336c14928b07032,f1aba61b6a80f4f7,48,558.2,,ambiguous
spatial,scene_0014,referential,auto,sketchvla_prompt_conditioned_latent_action,native,2,False,,240,False,False,,True,True,True,akita_black_bowl_1,False,,False,0.091,akita_black_bowl_5,plate_1,False,,,,,6dcf92f4c3f012da,d9b95181aa051919,babedf1d4bcf11c7,48,532.2,,ambiguous
spatial,scene_0014,referential,auto,sketchvla_prompt_conditioned_latent_action,native,3,False,,240,False,False,,True,True,True,akita_black_bowl_1,False,,False,0.1957,akita_black_bowl_5,plate_1,False,,,,,6dcf92f4c3f012da,9faec0cb81744b3e,0a4300379f894fbb,48,580.1,,ambiguous
spatial,scene_0014,referential,auto,sketchvla_prompt_conditioned_latent_action,native,4,False,,240,False,False,,True,True,True,akita_black_bowl_1,False,,False,0.111,akita_black_bowl_5,plate_1,False,,,,,6dcf92f4c3f012da,d7f92c0e89276899,dd058998d761a292,48,551.3,,ambiguous
spatial,scene_0014,referential,auto,sketchvla_prompt_conditioned_latent_action,native,5,False,,240,False,False,,True,True,True,akita_black_bowl_1,False,,False,0.1184,akita_black_bowl_5,plate_1,False,,,,,6dcf92f4c3f012da,1dbeaad2bf1ed22c,dce0818940a82cd6,48,576.0,,ambiguous
spatial,scene_0014,referential,auto,sketchvla_prompt_conditioned_latent_action,native,6,False,,240,False,False,,True,True,True,akita_black_bowl_1,False,,False,0.1391,akita_black_bowl_5,plate_1,False,,,,,6dcf92f4c3f012da,4429e15556553f26,7106225e3292dfa7,48,561.0,,ambiguous
spatial,scene_0014,referential,auto,sketchvla_prompt_conditioned_latent_action,native,7,False,,240,False,False,,True,True,True,akita_black_bowl_1,False,plate_1,True,0.067,akita_black_bowl_5,plate_1,False,True,,,,6dcf92f4c3f012da,4112be0f849c23f0,384e906e4a349446,48,548.5,,ambiguous
spatial,scene_0014,referential,auto,sketchvla_prompt_conditioned_latent_action,native,8,False,,240,False,False,,True,True,True,akita_black_bowl_1,False,,False,0.0912,akita_black_bowl_5,plate_1,False,,,,,6dcf92f4c3f012da,405e3aa0cc86d8cd,09cbe8cea157493c,48,556.5,,ambiguous
spatial,scene_0014,referential,auto,sketchvla_prompt_conditioned_latent_action,native,9,False,,240,False,False,,True,True,True,akita_black_bowl_1,False,,False,0.0978,akita_black_bowl_5,plate_1,False,,,,,6dcf92f4c3f012da,ad59ddbee2fa08c6,793145eacd01b385,48,544.0,,ambiguous
spatial,scene_0014,referential,auto,sketchvla_prompt_conditioned_latent_action,native,10,False,,240,False,False,,True,True,True,akita_black_bowl_1,False,,False,0.0953,akita_black_bowl_5,plate_1,False,,,,,6dcf92f4c3f012da,0ab5e2eaa3fef9f1,a5e98ec085735233,48,588.3,,ambiguous
spatial,scene_0014,referential,auto,sketchvla_prompt_conditioned_latent_action,native,11,False,,240,False,False,,True,True,True,akita_black_bowl_1,False,plate_1,True,0.0211,akita_black_bowl_5,plate_1,False,True,,,,6dcf92f4c3f012da,8cea101297f6dba6,c134d17afb9e25ea,48,572.1,,ambiguous
spatial,scene_0014,referential,auto,sketchvla_prompt_conditioned_latent_action,native,12,False,,240,False,False,,True,True,True,akita_black_bowl_1,False,,False,0.0897,akita_black_bowl_5,plate_1,False,,,,,6dcf92f4c3f012da,bc28b7a12776208f,aaf2680e72c7f441,48,566.1,,ambiguous
spatial,scene_0014,referential,auto,sketchvla_prompt_conditioned_latent_action,native,13,False,,240,False,False,,True,True,True,akita_black_bowl_1,False,,False,0.0891,akita_black_bowl_5,plate_1,False,,,,,6dcf92f4c3f012da,b02da55c9efe302d,00728ee73a794b29,48,531.6,,ambiguous
spatial,scene_0015,referential,auto,sketchvla_prompt_conditioned_latent_action,native,0,False,,240,False,False,,True,True,True,akita_black_bowl_3,False,,False,0.286,akita_black_bowl_2,plate_1,False,,,,,847d955ddcd8b335,8ef5084d77bb0026,ff1c8bab3373b65f,48,592.3,,ambiguous
spatial,scene_0015,referential,auto,sketchvla_prompt_conditioned_latent_action,native,1,False,,240,False,False,,True,True,True,akita_black_bowl_3,False,,False,0.3146,akita_black_bowl_2,plate_1,False,,,,,847d955ddcd8b335,0a57915e00263135,22e0d2873b146437,48,585.8,,ambiguous
spatial,scene_0015,referential,auto,sketchvla_prompt_conditioned_latent_action,native,2,False,,240,False,False,,True,False,False,,False,,False,0.1667,akita_black_bowl_2,plate_1,,,,,,847d955ddcd8b335,4403e9a9f2e62b9f,f532b0ae6b4be3be,48,557.4,,ambiguous
spatial,scene_0015,referential,auto,sketchvla_prompt_conditioned_latent_action,native,3,False,,240,False,False,,True,True,True,akita_black_bowl_3,False,,False,0.3008,akita_black_bowl_2,plate_1,False,,,,,847d955ddcd8b335,959f4bc6228b2836,430e45f220cb5957,48,534.9,,ambiguous
spatial,scene_0015,referential,auto,sketchvla_prompt_conditioned_latent_action,native,4,False,,240,False,False,,True,True,True,akita_black_bowl_3,False,,False,0.2997,akita_black_bowl_2,plate_1,False,,,,,847d955ddcd8b335,4ae134bbeec5ba5a,4ec78078dca53e34,48,539.0,,ambiguous
spatial,scene_0015,referential,auto,sketchvla_prompt_conditioned_latent_action,native,5,False,,240,False,False,,True,True,True,akita_black_bowl_3,False,,False,0.3114,akita_black_bowl_2,plate_1,False,,,,,847d955ddcd8b335,6b8c51c0a81fecc7,970e63f5be5d737b,48,545.2,,ambiguous
spatial,scene_0015,referential,auto,sketchvla_prompt_conditioned_latent_action,native,6,False,,240,False,False,,True,True,True,akita_black_bowl_3,False,,False,0.2915,akita_black_bowl_2,plate_1,False,,,,,847d955ddcd8b335,3e4930a81feef4af,ad3d62b1a91c8141,48,563.5,,ambiguous
spatial,scene_0015,referential,auto,sketchvla_prompt_conditioned_latent_action,native,7,False,,240,False,False,,True,True,True,akita_black_bowl_3,False,,False,0.2905,akita_black_bowl_2,plate_1,False,,,,,847d955ddcd8b335,105a7517b68e6bd3,32140c584e90be31,48,592.8,,ambiguous
spatial,scene_0015,referential,auto,sketchvla_prompt_conditioned_latent_action,native,8,False,,240,False,False,,True,True,True,akita_black_bowl_3,False,,False,0.3084,akita_black_bowl_2,plate_1,False,,,,,847d955ddcd8b335,5dc23051ab9f94c8,cc3d969fcfd53586,48,549.8,,ambiguous
spatial,scene_0015,referential,auto,sketchvla_prompt_conditioned_latent_action,native,9,False,,240,False,False,,True,True,True,akita_black_bowl_3,False,,False,0.2898,akita_black_bowl_2,plate_1,False,,,,,847d955ddcd8b335,3af92e740cb4e982,ed1de0bec040de22,48,550.9,,ambiguous
spatial,scene_0015,referential,auto,sketchvla_prompt_conditioned_latent_action,native,10,False,,240,False,False,,True,True,True,akita_black_bowl_3,False,,False,0.2909,akita_black_bowl_2,plate_1,False,,,,,847d955ddcd8b335,8b88b28290e5dd77,79b8e54a0af29034,48,574.2,,ambiguous
spatial,scene_0015,referential,auto,sketchvla_prompt_conditioned_latent_action,native,11,False,,240,False,False,,True,True,True,akita_black_bowl_3,False,,False,0.293,akita_black_bowl_2,plate_1,False,,,,,847d955ddcd8b335,556e35cf8d160d42,bb4a9ca44205aa7a,48,546.0,,ambiguous
spatial,scene_0015,referential,auto,sketchvla_prompt_conditioned_latent_action,native,12,False,,240,False,False,,True,False,False,,False,,False,0.1667,akita_black_bowl_2,plate_1,,,,,,847d955ddcd8b335,dc3fd0cbea626859,f75da197158346dc,48,581.4,,ambiguous
spatial,scene_0015,referential,auto,sketchvla_prompt_conditioned_latent_action,native,13,False,,240,False,False,,True,True,True,akita_black_bowl_3,False,,False,0.2933,akita_black_bowl_2,plate_1,False,,,,,847d955ddcd8b335,c9821a316819d1eb,40e6c015c37d8612,48,516.1,,ambiguous
spatial,scene_0016,referential,auto,sketchvla_prompt_conditioned_latent_action,native,0,False,,240,False,False,,True,False,False,,False,,False,0.2326,akita_black_bowl_2,plate_1,,,,,,41430078024def33,84685b892179f63d,fa8ce95baa132ea1,48,910.8,,ambiguous
spatial,scene_0016,referential,auto,sketchvla_prompt_conditioned_latent_action,native,1,False,,240,False,False,,True,False,False,,False,,False,0.2257,akita_black_bowl_2,plate_1,,,,,,41430078024def33,1341e65b048fc9fb,f95924ae92d3314f,48,886.2,,ambiguous
spatial,scene_0016,referential,auto,sketchvla_prompt_conditioned_latent_action,native,2,False,,240,False,False,,True,False,False,,False,,False,0.2236,akita_black_bowl_2,plate_1,,,,,,41430078024def33,413f4dd1497aac8f,3d8d0922afd05214,48,915.8,,ambiguous
spatial,scene_0016,referential,auto,sketchvla_prompt_conditioned_latent_action,native,3,False,,240,False,False,,True,False,False,,False,,False,0.2376,akita_black_bowl_2,plate_1,,,,,,41430078024def33,3f1ddbb2ae9c77bb,546618a51c6df7c4,48,932.0,,ambiguous
spatial,scene_0016,referential,auto,sketchvla_prompt_conditioned_latent_action,native,4,False,,240,False,False,,True,False,False,,False,,False,0.232,akita_black_bowl_2,plate_1,,,,,,41430078024def33,be3894e18cc243d0,1a97d199a2b3a093,48,882.4,,ambiguous
spatial,scene_0016,referential,auto,sketchvla_prompt_conditioned_latent_action,native,5,False,,240,False,False,,True,False,False,,False,,False,0.2305,akita_black_bowl_2,plate_1,,,,,,41430078024def33,670e6d1064176627,f044c175ad49b67d,48,870.5,,ambiguous
spatial,scene_0016,referential,auto,sketchvla_prompt_conditioned_latent_action,native,6,False,,240,False,False,,True,False,False,,False,,False,0.238,akita_black_bowl_2,plate_1,,,,,,41430078024def33,fc165153aab0db7c,12c6b8102e17b7db,48,863.6,,ambiguous
spatial,scene_0016,referential,auto,sketchvla_prompt_conditioned_latent_action,native,7,False,,240,False,False,,True,False,False,,False,,False,0.2385,akita_black_bowl_2,plate_1,,,,,,41430078024def33,12824d73ffa00fce,d16051948a39d533,48,849.4,,ambiguous
spatial,scene_0016,referential,auto,sketchvla_prompt_conditioned_latent_action,native,8,False,,240,False,False,,True,True,True,plate_1,False,plate_1,True,0.0,akita_black_bowl_2,plate_1,False,True,,,,41430078024def33,e40f18c2b34a93f9,f0fd2636a2ea9946,48,938.9,,ambiguous
spatial,scene_0016,referential,auto,sketchvla_prompt_conditioned_latent_action,native,9,False,,240,False,False,,True,False,False,,False,,False,0.2346,akita_black_bowl_2,plate_1,,,,,,41430078024def33,4545e24a3bf2646a,b4f7ca889f9e02c4,48,876.8,,ambiguous
spatial,scene_0016,referential,auto,sketchvla_prompt_conditioned_latent_action,native,10,False,,240,False,False,,True,False,False,,False,,False,0.222,akita_black_bowl_2,plate_1,,,,,,41430078024def33,f85dfc2837d29d51,453103fdb5076d50,48,874.4,,ambiguous
spatial,scene_0016,referential,auto,sketchvla_prompt_conditioned_latent_action,native,11,False,,240,False,False,,True,False,False,,False,,False,0.2163,akita_black_bowl_2,plate_1,,,,,,41430078024def33,512fe8781c9fb70a,e9e3dc548f2c6531,48,863.0,,ambiguous
spatial,scene_0016,referential,auto,sketchvla_prompt_conditioned_latent_action,native,12,False,,240,False,False,,True,False,False,,False,,False,0.2323,akita_black_bowl_2,plate_1,,,,,,41430078024def33,1a01c15b6c6a4123,ca6d1add9f0fc308,48,849.1,,ambiguous
spatial,scene_0016,referential,auto,sketchvla_prompt_conditioned_latent_action,native,13,False,,240,False,False,,True,False,False,,False,,False,0.2318,akita_black_bowl_2,plate_1,,,,,,41430078024def33,d9024b2296055234,4c1df7f9766d86ca,48,830.4,,ambiguous
spatial,scene_0017,directional,auto,sketchvla_prompt_conditioned_latent_action,native,0,False,,240,False,False,,True,False,False,,False,,False,0.2516,akita_black_bowl_1,plate_1,,,,,,42632e6e82720c09,96421454216746fb,5e172fdddaa47d6c,48,954.1,,ambiguous
spatial,scene_0017,directional,auto,sketchvla_prompt_conditioned_latent_action,native,1,False,,240,False,False,,True,False,False,,False,,False,0.258,akita_black_bowl_1,plate_1,,,,,,42632e6e82720c09,8363fa2548d18d2a,715b96ef4af86874,48,957.5,,ambiguous
spatial,scene_0017,directional,auto,sketchvla_prompt_conditioned_latent_action,native,2,False,,240,False,False,,True,False,False,,False,,False,0.2422,akita_black_bowl_1,plate_1,,,,,,42632e6e82720c09,66d4628234acbc8c,da22c63f61743062,48,975.3,,ambiguous
spatial,scene_0017,directional,auto,sketchvla_prompt_conditioned_latent_action,native,3,False,,240,False,False,,True,True,True,plate_2,False,plate_2,False,0.0,akita_black_bowl_1,plate_1,False,False,,,,42632e6e82720c09,bba0b926866186e4,b5c74dcbfc20eadb,48,1004.4,,ambiguous
spatial,scene_0017,directional,auto,sketchvla_prompt_conditioned_latent_action,native,4,False,,240,False,False,,True,True,True,plate_2,False,plate_2,False,0.0,akita_black_bowl_1,plate_1,False,False,,,,42632e6e82720c09,28aea67fde5560be,5cf99a24dfdf7f92,48,940.1,,ambiguous
spatial,scene_0017,directional,auto,sketchvla_prompt_conditioned_latent_action,native,5,False,,240,False,False,,True,False,False,,False,,False,0.2459,akita_black_bowl_1,plate_1,,,,,,42632e6e82720c09,a443d2773e8d9482,ef4f1d5cdb155fff,48,936.0,,ambiguous
spatial,scene_0017,directional,auto,sketchvla_prompt_conditioned_latent_action,native,6,False,,240,False,False,,True,False,False,,False,,False,0.256,akita_black_bowl_1,plate_1,,,,,,42632e6e82720c09,00c4a86160c24b94,b7bfa9797dc8592c,48,928.0,,ambiguous
spatial,scene_0017,directional,auto,sketchvla_prompt_conditioned_latent_action,native,7,False,,240,False,False,,True,True,True,plate_2,False,plate_2,False,0.0,akita_black_bowl_1,plate_1,False,False,,,,42632e6e82720c09,4c6587f3713f65c7,f71e2cb088d089b8,48,903.8,,ambiguous
spatial,scene_0017,directional,auto,sketchvla_prompt_conditioned_latent_action,native,8,False,,240,False,False,,True,False,False,,False,,False,0.2441,akita_black_bowl_1,plate_1,,,,,,42632e6e82720c09,ff9877b940991000,bf5f4c37da93d27c,48,1000.3,,ambiguous
spatial,scene_0017,directional,auto,sketchvla_prompt_conditioned_latent_action,native,9,False,,240,False,False,,True,False,False,,False,,False,0.2527,akita_black_bowl_1,plate_1,,,,,,42632e6e82720c09,57e0c07237c6b8c8,333aca89c4257b23,48,949.0,,ambiguous
spatial,scene_0017,directional,auto,sketchvla_prompt_conditioned_latent_action,native,10,False,,240,False,False,,True,False,False,,False,,False,0.2482,akita_black_bowl_1,plate_1,,,,,,42632e6e82720c09,2b2e792067e1464c,fa21ed9e093e110d,48,941.3,,ambiguous
spatial,scene_0017,directional,auto,sketchvla_prompt_conditioned_latent_action,native,11,False,,240,False,False,,True,True,True,plate_2,False,plate_2,False,0.0,akita_black_bowl_1,plate_1,False,False,,,,42632e6e82720c09,6b554e742fc9028e,08678e65f0c5e498,48,923.0,,ambiguous
spatial,scene_0017,directional,auto,sketchvla_prompt_conditioned_latent_action,native,12,False,,240,False,False,,True,False,False,,False,,False,0.2549,akita_black_bowl_1,plate_1,,,,,,42632e6e82720c09,66dad4cfb52733ea,cb50588566504035,48,914.9,,ambiguous
spatial,scene_0017,directional,auto,sketchvla_prompt_conditioned_latent_action,native,13,False,,240,False,False,,True,False,False,,False,,False,0.2527,akita_black_bowl_1,plate_1,,,,,,42632e6e82720c09,5f1e97a5de286891,a29095f12aac20a3,48,914.5,,ambiguous
spatial,scene_0018,directional,auto,sketchvla_prompt_conditioned_latent_action,native,0,False,,240,False,False,,True,True,True,akita_black_bowl_1,True,,False,0.1327,akita_black_bowl_1,plate_1,True,,,,,90048b4ce266733f,f22c8005df679751,06c1a9c66783fd4c,48,594.1,,ambiguous
spatial,scene_0018,directional,auto,sketchvla_prompt_conditioned_latent_action,native,1,False,,240,False,False,,True,True,True,akita_black_bowl_1,True,,False,0.09,akita_black_bowl_1,plate_1,True,,,,,90048b4ce266733f,fbc2ffe7789b96b5,2267de59048a5207,48,587.3,,ambiguous
spatial,scene_0018,directional,auto,sketchvla_prompt_conditioned_latent_action,native,2,False,,240,False,False,,True,True,True,akita_black_bowl_1,True,,False,0.0922,akita_black_bowl_1,plate_1,True,,,,,90048b4ce266733f,5c55bfa18b0d6c0d,2528c34e4d159a44,48,595.3,,ambiguous
spatial,scene_0018,directional,auto,sketchvla_prompt_conditioned_latent_action,native,3,False,,240,False,False,,True,True,True,akita_black_bowl_1,True,,False,0.1306,akita_black_bowl_1,plate_1,True,,,,,90048b4ce266733f,cb210d6a7f04d0dd,23067818e8839b34,48,584.6,,ambiguous
spatial,scene_0018,directional,auto,sketchvla_prompt_conditioned_latent_action,native,4,False,,240,False,False,,True,True,True,akita_black_bowl_1,True,,False,0.1127,akita_black_bowl_1,plate_1,True,,,,,90048b4ce266733f,d0f16dea975b6ce7,27060fad5a8e6e7a,48,603.8,,ambiguous
spatial,scene_0018,directional,auto,sketchvla_prompt_conditioned_latent_action,native,5,False,,240,False,False,,True,True,True,akita_black_bowl_1,True,,False,0.1477,akita_black_bowl_1,plate_1,True,,,,,90048b4ce266733f,e8e5cf175ce49453,fe2221e69188bb7a,48,601.4,,ambiguous
spatial,scene_0018,directional,auto,sketchvla_prompt_conditioned_latent_action,native,6,False,,240,False,False,,True,True,True,akita_black_bowl_1,True,,False,0.0854,akita_black_bowl_1,plate_1,True,,,,,90048b4ce266733f,12c51a757b0f53d0,7390a5ecd819dae2,48,587.0,,ambiguous
spatial,scene_0018,directional,auto,sketchvla_prompt_conditioned_latent_action,native,7,False,,240,False,False,,True,True,True,akita_black_bowl_1,True,,False,0.1078,akita_black_bowl_1,plate_1,True,,,,,90048b4ce266733f,85cb50d6bff1e007,b2ee74a48a0a65f2,48,582.6,,ambiguous
spatial,scene_0018,directional,auto,sketchvla_prompt_conditioned_latent_action,native,8,False,,240,False,False,,True,True,True,akita_black_bowl_1,True,,False,0.1229,akita_black_bowl_1,plate_1,True,,,,,90048b4ce266733f,ef22ce07b0e7a69c,395c25f6bfbc2f28,48,606.3,,ambiguous
spatial,scene_0018,directional,auto,sketchvla_prompt_conditioned_latent_action,native,9,False,,240,False,False,,True,True,True,akita_black_bowl_1,True,,False,0.1226,akita_black_bowl_1,plate_1,True,,,,,90048b4ce266733f,e3828ece3895c6fe,9f80999026cdcbed,48,611.4,,ambiguous
spatial,scene_0018,directional,auto,sketchvla_prompt_conditioned_latent_action,native,10,False,,240,False,False,,True,True,True,akita_black_bowl_1,True,,False,0.1115,akita_black_bowl_1,plate_1,True,,,,,90048b4ce266733f,67b2d1404a2dba4c,23431051f89ed37e,48,594.3,,ambiguous
spatial,scene_0018,directional,auto,sketchvla_prompt_conditioned_latent_action,native,11,False,,240,False,False,,True,True,True,akita_black_bowl_1,True,,False,0.0935,akita_black_bowl_1,plate_1,True,,,,,90048b4ce266733f,514538b3bee859e7,ca6d43d453320c2c,48,617.6,,ambiguous
spatial,scene_0018,directional,auto,sketchvla_prompt_conditioned_latent_action,native,12,False,,240,False,False,,True,True,True,akita_black_bowl_1,True,,False,0.109,akita_black_bowl_1,plate_1,True,,,,,90048b4ce266733f,98a81bc5997ccaea,c09c6ebb2778a086,48,634.7,,ambiguous
spatial,scene_0018,directional,auto,sketchvla_prompt_conditioned_latent_action,native,13,False,,240,False,False,,True,True,True,akita_black_bowl_1,True,,False,0.1073,akita_black_bowl_1,plate_1,True,,,,,90048b4ce266733f,f730850cb7df0ef6,a830ae6ec0a5173e,48,564.4,,ambiguous
spatial,scene_0019,directional,auto,sketchvla_prompt_conditioned_latent_action,native,0,False,,240,False,False,,True,True,True,akita_black_bowl_1,True,,False,0.1967,akita_black_bowl_1,plate_2,True,,,,,747f2caf4a8aa847,9d9a7d1c1488635c,0dbd4d64637199f0,48,604.5,,ambiguous
spatial,scene_0019,directional,auto,sketchvla_prompt_conditioned_latent_action,native,1,False,,240,False,False,,True,True,True,akita_black_bowl_1,True,,False,0.0828,akita_black_bowl_1,plate_2,True,,,,,747f2caf4a8aa847,d41ef68cbdc06f57,9f913f865d6d6126,48,591.8,,ambiguous
spatial,scene_0019,directional,auto,sketchvla_prompt_conditioned_latent_action,native,2,False,,240,False,False,,True,True,True,akita_black_bowl_1,True,plate_1,False,0.0798,akita_black_bowl_1,plate_2,True,False,,,,747f2caf4a8aa847,1e0b0ca10f5e261f,575e4ac2fc950065,48,590.2,,ambiguous
spatial,scene_0019,directional,auto,sketchvla_prompt_conditioned_latent_action,native,3,False,,240,False,False,,True,True,True,akita_black_bowl_1,True,plate_1,False,0.0788,akita_black_bowl_1,plate_2,True,False,,,,747f2caf4a8aa847,85c68778163e2192,2f2d670cca543369,48,613.7,,ambiguous
spatial,scene_0019,directional,auto,sketchvla_prompt_conditioned_latent_action,native,4,False,,240,False,False,,True,True,True,akita_black_bowl_1,True,plate_1,False,0.0758,akita_black_bowl_1,plate_2,True,False,,,,747f2caf4a8aa847,19355ee7877fc0f3,7b74647e83b01fd0,48,575.4,,ambiguous
spatial,scene_0019,directional,auto,sketchvla_prompt_conditioned_latent_action,native,5,False,,240,False,False,,True,True,True,akita_black_bowl_1,True,plate_1,False,0.0658,akita_black_bowl_1,plate_2,True,False,,,,747f2caf4a8aa847,d096865bb6de614c,903853ccc7e38d72,48,611.9,,ambiguous
spatial,scene_0019,directional,auto,sketchvla_prompt_conditioned_latent_action,native,6,False,,240,False,False,,True,True,True,akita_black_bowl_1,True,,False,0.0946,akita_black_bowl_1,plate_2,True,,,,,747f2caf4a8aa847,7fb02907ad8f7f74,9c79f67a284d4f0f,48,578.9,,ambiguous
spatial,scene_0019,directional,auto,sketchvla_prompt_conditioned_latent_action,native,7,False,,240,False,False,,True,True,True,akita_black_bowl_1,True,plate_1,False,0.0744,akita_black_bowl_1,plate_2,True,False,,,,747f2caf4a8aa847,c1d3c60b7d82a638,f05cd6083e1b5dfe,48,582.5,,ambiguous
spatial,scene_0019,directional,auto,sketchvla_prompt_conditioned_latent_action,native,8,False,,240,False,False,,True,True,True,akita_black_bowl_1,True,,False,0.0938,akita_black_bowl_1,plate_2,True,,,,,747f2caf4a8aa847,2edf41d9ddd9bc6a,f24f069fcec8fef5,48,577.7,,ambiguous
spatial,scene_0019,directional,auto,sketchvla_prompt_conditioned_latent_action,native,9,False,,240,False,False,,True,True,True,akita_black_bowl_1,True,plate_1,False,0.066,akita_black_bowl_1,plate_2,True,False,,,,747f2caf4a8aa847,f41e40493258554d,3dc67ce561a8dd1e,48,600.2,,ambiguous
spatial,scene_0019,directional,auto,sketchvla_prompt_conditioned_latent_action,native,10,False,,240,False,False,,True,True,True,akita_black_bowl_1,True,,False,0.0849,akita_black_bowl_1,plate_2,True,,,,,747f2caf4a8aa847,a4d3eb28ce61132b,fc49b2c392ae5deb,48,622.0,,ambiguous
spatial,scene_0019,directional,auto,sketchvla_prompt_conditioned_latent_action,native,11,False,,240,False,False,,True,True,True,akita_black_bowl_1,True,,False,0.1113,akita_black_bowl_1,plate_2,True,,,,,747f2caf4a8aa847,0324eab1456cdd1f,3d9bb644cd3a4309,48,610.2,,ambiguous
spatial,scene_0019,directional,auto,sketchvla_prompt_conditioned_latent_action,native,12,False,,240,False,False,,True,True,True,akita_black_bowl_1,True,plate_1,False,0.0748,akita_black_bowl_1,plate_2,True,False,,,,747f2caf4a8aa847,9e8ec1657eb1aa20,341fc73207175b22,48,627.4,,ambiguous
spatial,scene_0019,directional,auto,sketchvla_prompt_conditioned_latent_action,native,13,False,,240,False,False,,True,True,True,akita_black_bowl_1,True,plate_1,False,0.0732,akita_black_bowl_1,plate_2,True,False,,,,747f2caf4a8aa847,bf4e0b7bfbcd8ad6,b98b93c5deef7652,48,561.4,,ambiguous
spatial,scene_0020,directional,auto,sketchvla_prompt_conditioned_latent_action,native,0,False,,240,False,False,,True,False,False,,False,,False,0.1281,akita_black_bowl_1,plate_3,,,,,,15f0f655553d6c25,329d7de94fa24759,8e0689ff0a5f1f7e,48,1086.2,,ambiguous
spatial,scene_0020,directional,auto,sketchvla_prompt_conditioned_latent_action,native,1,False,,240,False,False,,True,False,False,,False,,False,0.123,akita_black_bowl_1,plate_3,,,,,,15f0f655553d6c25,c4c2feb35951569a,c86b164a05343dbb,48,1035.6,,ambiguous
spatial,scene_0020,directional,auto,sketchvla_prompt_conditioned_latent_action,native,2,False,,240,False,False,,True,False,False,,False,,False,0.118,akita_black_bowl_1,plate_3,,,,,,15f0f655553d6c25,c87eefff2f8819ac,3dac84cd6b5226da,48,992.3,,ambiguous
spatial,scene_0020,directional,auto,sketchvla_prompt_conditioned_latent_action,native,3,False,,240,False,False,,True,True,True,plate_1,False,plate_1,False,0.0,akita_black_bowl_1,plate_3,False,False,,,,15f0f655553d6c25,bde70f9ea38b9153,e0b6fa7214237e70,48,937.5,,ambiguous
spatial,scene_0020,directional,auto,sketchvla_prompt_conditioned_latent_action,native,4,False,,240,False,False,,True,False,False,,False,,False,0.1244,akita_black_bowl_1,plate_3,,,,,,15f0f655553d6c25,a64ddb7832fde50d,48cc1192cbe65327,48,944.6,,ambiguous
spatial,scene_0020,directional,auto,sketchvla_prompt_conditioned_latent_action,native,5,False,,240,False,False,,True,False,False,,False,,False,0.1237,akita_black_bowl_1,plate_3,,,,,,15f0f655553d6c25,3919bc5730ba4549,17bcd540cfd24354,48,955.7,,ambiguous
spatial,scene_0020,directional,auto,sketchvla_prompt_conditioned_latent_action,native,6,False,,240,False,False,,True,False,False,,False,,False,0.1211,akita_black_bowl_1,plate_3,,,,,,15f0f655553d6c25,9610b747ee0deec5,42dab54cd2e509d4,48,970.3,,ambiguous
spatial,scene_0020,directional,auto,sketchvla_prompt_conditioned_latent_action,native,7,False,,240,False,False,,True,False,False,,False,,False,0.1237,akita_black_bowl_1,plate_3,,,,,,15f0f655553d6c25,429eafd8e8360590,6aef7012088f9466,48,978.2,,ambiguous
spatial,scene_0020,directional,auto,sketchvla_prompt_conditioned_latent_action,native,8,False,,240,False,False,,True,False,False,,False,,False,0.1222,akita_black_bowl_1,plate_3,,,,,,15f0f655553d6c25,c62d397a201434f3,4c50abfe3041f35a,48,955.6,,ambiguous
spatial,scene_0020,directional,auto,sketchvla_prompt_conditioned_latent_action,native,9,False,,240,False,False,,True,False,False,,False,,False,0.1237,akita_black_bowl_1,plate_3,,,,,,15f0f655553d6c25,1ccc1de357cbaabd,a0fe7ba17d75789c,48,947.6,,ambiguous
spatial,scene_0020,directional,auto,sketchvla_prompt_conditioned_latent_action,native,10,False,,240,False,False,,True,False,False,,False,,False,0.1374,akita_black_bowl_1,plate_3,,,,,,15f0f655553d6c25,1efc1e946628cb76,7853afa16b45944a,48,932.1,,ambiguous
spatial,scene_0020,directional,auto,sketchvla_prompt_conditioned_latent_action,native,11,False,,240,False,False,,True,False,False,,False,,False,0.125,akita_black_bowl_1,plate_3,,,,,,15f0f655553d6c25,199c73967e01c8ac,1e13c8367502990f,48,946.4,,ambiguous
spatial,scene_0020,directional,auto,sketchvla_prompt_conditioned_latent_action,native,12,False,,240,False,False,,True,False,False,,False,,False,0.1356,akita_black_bowl_1,plate_3,,,,,,15f0f655553d6c25,b76a9273b6c69bcd,427ab108aa85b641,48,1026.6,,ambiguous
spatial,scene_0020,directional,auto,sketchvla_prompt_conditioned_latent_action,native,13,False,,240,False,False,,True,False,False,,False,,False,0.1201,akita_black_bowl_1,plate_3,,,,,,15f0f655553d6c25,a895ed295e8b396c,54e5512be6d304b3,48,957.7,,ambiguous
spatial,scene_0021,directional,auto,sketchvla_prompt_conditioned_latent_action,native,0,False,,240,False,False,,True,True,True,plate_1,False,plate_1,True,0.0,akita_black_bowl_1,plate_1,False,True,,,,4b4c774a4be2986c,7a6f0e6151eb0da4,e9e898028ec67f6a,48,1125.4,,ambiguous
spatial,scene_0021,directional,auto,sketchvla_prompt_conditioned_latent_action,native,1,False,,240,False,False,,True,True,True,plate_1,False,plate_1,True,0.0,akita_black_bowl_1,plate_1,False,True,,,,4b4c774a4be2986c,1759f70720956806,4fb882f366798bd5,48,1026.9,,ambiguous
spatial,scene_0021,directional,auto,sketchvla_prompt_conditioned_latent_action,native,2,False,,240,False,False,,True,False,False,,False,,False,0.2589,akita_black_bowl_1,plate_1,,,,,,4b4c774a4be2986c,70aeac4abb34b161,dd623a891b863ccc,48,972.4,,ambiguous
spatial,scene_0021,directional,auto,sketchvla_prompt_conditioned_latent_action,native,3,False,,240,False,False,,True,True,True,plate_1,False,plate_1,True,0.0,akita_black_bowl_1,plate_1,False,True,,,,4b4c774a4be2986c,01b085f88ab4b5ae,07663d4cd54e7bdc,48,938.5,,ambiguous
spatial,scene_0021,directional,auto,sketchvla_prompt_conditioned_latent_action,native,4,False,,240,False,False,,True,False,False,,False,,False,0.2358,akita_black_bowl_1,plate_1,,,,,,4b4c774a4be2986c,6de181b061563837,84bbfa7a248fa0ef,48,948.2,,ambiguous
spatial,scene_0021,directional,auto,sketchvla_prompt_conditioned_latent_action,native,5,False,,240,False,False,,True,True,True,plate_1,False,plate_1,True,0.0,akita_black_bowl_1,plate_1,False,True,,,,4b4c774a4be2986c,f93f331d9507ba75,14ef5c185812ab7a,48,937.5,,ambiguous
spatial,scene_0021,directional,auto,sketchvla_prompt_conditioned_latent_action,native,6,False,,240,False,False,,True,False,False,,False,,False,0.2495,akita_black_bowl_1,plate_1,,,,,,4b4c774a4be2986c,24145fcd08ffc1c2,ad4979348c7f0fb8,48,987.9,,ambiguous
spatial,scene_0021,directional,auto,sketchvla_prompt_conditioned_latent_action,native,7,False,,240,False,False,,True,True,True,plate_1,False,plate_1,True,0.0,akita_black_bowl_1,plate_1,False,True,,,,4b4c774a4be2986c,9f9066611017271c,5f7a89e230620475,48,954.5,,ambiguous
spatial,scene_0021,directional,auto,sketchvla_prompt_conditioned_latent_action,native,8,False,,240,False,False,,True,True,True,plate_1,False,plate_1,True,0.0,akita_black_bowl_1,plate_1,False,True,,,,4b4c774a4be2986c,16c5aac929031e5a,292607c978552977,48,953.5,,ambiguous
spatial,scene_0021,directional,auto,sketchvla_prompt_conditioned_latent_action,native,9,False,,240,False,False,,True,False,False,,False,,False,0.2463,akita_black_bowl_1,plate_1,,,,,,4b4c774a4be2986c,42c5ebfe2b0644f6,60fbbd7ccbd03d32,48,946.5,,ambiguous
spatial,scene_0021,directional,auto,sketchvla_prompt_conditioned_latent_action,native,10,False,,240,False,False,,True,False,False,,False,,False,0.2329,akita_black_bowl_1,plate_1,,,,,,4b4c774a4be2986c,e142bb26f4717ca7,aa78c8d391b1e26b,48,936.3,,ambiguous
spatial,scene_0021,directional,auto,sketchvla_prompt_conditioned_latent_action,native,11,False,,240,False,False,,True,True,True,plate_1,False,plate_1,True,0.0,akita_black_bowl_1,plate_1,False,True,,,,4b4c774a4be2986c,43c5de7bcd4ef1c5,ada01eb765512ccb,48,923.0,,ambiguous
spatial,scene_0021,directional,auto,sketchvla_prompt_conditioned_latent_action,native,12,False,,240,False,False,,True,True,True,plate_1,False,plate_1,True,0.0,akita_black_bowl_1,plate_1,False,True,,,,4b4c774a4be2986c,936239245103094b,a9f64bd1a64a85b2,48,1023.2,,ambiguous
spatial,scene_0021,directional,auto,sketchvla_prompt_conditioned_latent_action,native,13,False,,240,False,False,,True,True,True,plate_1,False,plate_1,True,0.0,akita_black_bowl_1,plate_1,False,True,,,,4b4c774a4be2986c,354097b581e7a77a,d3cbac9b15451677,48,908.2,,ambiguous
spatial,scene_0022,directional,auto,sketchvla_prompt_conditioned_latent_action,native,0,False,,240,False,False,,True,False,False,,False,,False,0.1635,akita_black_bowl_1,plate_3,,,,,,294b70e310714e30,87eefcb13fce9f09,e5da152836b31531,48,539.2,,ambiguous
spatial,scene_0022,directional,auto,sketchvla_prompt_conditioned_latent_action,native,1,False,,240,False,False,,True,False,False,,False,,False,0.159,akita_black_bowl_1,plate_3,,,,,,294b70e310714e30,db93419c150d40b8,b648964143b828ef,48,540.5,,ambiguous
spatial,scene_0022,directional,auto,sketchvla_prompt_conditioned_latent_action,native,2,False,,240,False,False,,True,True,True,glazed_rim_porcelain_ramekin_1,False,plate_2,False,0.018,akita_black_bowl_1,plate_3,False,False,,,,294b70e310714e30,a82196bcc03fb35e,9755bbe11e60478e,48,524.7,,ambiguous
spatial,scene_0022,directional,auto,sketchvla_prompt_conditioned_latent_action,native,3,False,,240,False,False,,True,True,True,glazed_rim_porcelain_ramekin_1,False,plate_2,False,0.0571,akita_black_bowl_1,plate_3,False,False,,,,294b70e310714e30,ee10fb7bbc77d3ff,2496b3dcaaf1ea97,48,536.9,,ambiguous
spatial,scene_0022,directional,auto,sketchvla_prompt_conditioned_latent_action,native,4,False,,240,False,False,,True,False,False,,False,,False,0.1253,akita_black_bowl_1,plate_3,,,,,,294b70e310714e30,1941b666f9987043,8086a1ea152cc381,48,507.3,,ambiguous
spatial,scene_0022,directional,auto,sketchvla_prompt_conditioned_latent_action,native,5,False,,240,False,False,,True,False,False,,False,,False,0.1455,akita_black_bowl_1,plate_3,,,,,,294b70e310714e30,cba0de3171a338dc,080aaa5adb1914e3,48,512.5,,ambiguous
spatial,scene_0022,directional,auto,sketchvla_prompt_conditioned_latent_action,native,6,False,,240,False,False,,True,False,False,,False,,False,0.145,akita_black_bowl_1,plate_3,,,,,,294b70e310714e30,3a979b42eeafd2c1,802fd66ec417b0c4,48,531.6,,ambiguous
spatial,scene_0022,directional,auto,sketchvla_prompt_conditioned_latent_action,native,7,False,,240,False,False,,True,False,False,,False,,False,0.1246,akita_black_bowl_1,plate_3,,,,,,294b70e310714e30,54e57444ea25eb65,cbacdbf5a5c85f95,48,521.3,,ambiguous
spatial,scene_0022,directional,auto,sketchvla_prompt_conditioned_latent_action,native,8,False,,240,False,False,,True,True,True,glazed_rim_porcelain_ramekin_1,False,plate_2,False,0.0284,akita_black_bowl_1,plate_3,False,False,,,,294b70e310714e30,4fa8d5172857c221,e3bebb1536248aee,48,521.7,,ambiguous
spatial,scene_0022,directional,auto,sketchvla_prompt_conditioned_latent_action,native,9,False,,240,False,False,,True,False,False,,False,,False,0.1253,akita_black_bowl_1,plate_3,,,,,,294b70e310714e30,17534a899aa20fbe,1a76f2cef6707196,48,580.4,,ambiguous
spatial,scene_0022,directional,auto,sketchvla_prompt_conditioned_latent_action,native,10,False,,240,False,False,,True,False,False,,False,,False,0.128,akita_black_bowl_1,plate_3,,,,,,294b70e310714e30,3afdb21bd3607fd5,ef4463089e8d1a4f,48,589.6,,ambiguous
spatial,scene_0022,directional,auto,sketchvla_prompt_conditioned_latent_action,native,11,False,,240,False,False,,True,False,False,,False,,False,0.1509,akita_black_bowl_1,plate_3,,,,,,294b70e310714e30,a03000c2cbe3e884,8a4df9551e4d21be,48,552.2,,ambiguous
spatial,scene_0022,directional,auto,sketchvla_prompt_conditioned_latent_action,native,12,False,,240,False,False,,True,False,False,,False,,False,0.1242,akita_black_bowl_1,plate_3,,,,,,294b70e310714e30,ba7ed8cdc48d8bbc,4955bd65a0d17a80,48,530.5,,ambiguous
spatial,scene_0022,directional,auto,sketchvla_prompt_conditioned_latent_action,native,13,False,,240,False,False,,True,False,False,,False,,False,0.1248,akita_black_bowl_1,plate_3,,,,,,294b70e310714e30,1ec67fff020f9ba3,c538e388d0d03af2,48,526.1,,ambiguous
spatial,scene_0023,directional,auto,sketchvla_prompt_conditioned_latent_action,native,0,False,,240,False,False,,True,False,False,,False,,False,0.1233,akita_black_bowl_1,plate_1,,,,,,a8199a3e753c2770,d62c9f30be395f7c,f7c98497965c40a1,48,571.1,,ambiguous
spatial,scene_0023,directional,auto,sketchvla_prompt_conditioned_latent_action,native,1,False,,240,False,False,,True,True,True,glazed_rim_porcelain_ramekin_1,False,,False,0.0861,akita_black_bowl_1,plate_1,False,,,,,a8199a3e753c2770,8804de2543ef768b,089acb54fe45e1c7,48,566.4,,ambiguous
spatial,scene_0023,directional,auto,sketchvla_prompt_conditioned_latent_action,native,2,False,,240,False,False,,True,False,False,,False,,False,0.1217,akita_black_bowl_1,plate_1,,,,,,a8199a3e753c2770,3c887407b99367af,0bbe4ed9e294cf57,48,546.9,,ambiguous
spatial,scene_0023,directional,auto,sketchvla_prompt_conditioned_latent_action,native,3,False,,240,False,False,,True,False,False,,False,,False,0.1225,akita_black_bowl_1,plate_1,,,,,,a8199a3e753c2770,9d4bd0e70da699a7,f6deaf74b51b4bfb,48,573.3,,ambiguous
spatial,scene_0023,directional,auto,sketchvla_prompt_conditioned_latent_action,native,4,False,,240,False,False,,True,True,True,glazed_rim_porcelain_ramekin_1,False,,False,0.1266,akita_black_bowl_1,plate_1,False,,,,,a8199a3e753c2770,33fdd6b2c2642502,d42407eb50e5ce26,48,563.8,,ambiguous
spatial,scene_0023,directional,auto,sketchvla_prompt_conditioned_latent_action,native,5,False,,240,False,False,,True,True,True,glazed_rim_porcelain_ramekin_1,False,,False,0.1098,akita_black_bowl_1,plate_1,False,,,,,a8199a3e753c2770,b5cfa6a007fa8b78,c22021cee8c3d175,48,557.2,,ambiguous
spatial,scene_0023,directional,auto,sketchvla_prompt_conditioned_latent_action,native,6,False,,240,False,False,,True,True,True,glazed_rim_porcelain_ramekin_1,False,,False,0.0975,akita_black_bowl_1,plate_1,False,,,,,a8199a3e753c2770,3440bf5e3b565969,84bc4739eab8b4fb,48,534.6,,ambiguous
spatial,scene_0023,directional,auto,sketchvla_prompt_conditioned_latent_action,native,7,False,,240,False,False,,True,True,True,glazed_rim_porcelain_ramekin_1,False,,False,0.1335,akita_black_bowl_1,plate_1,False,,,,,a8199a3e753c2770,d207d536655a6728,034466ca3c5af8ab,48,536.8,,ambiguous
spatial,scene_0023,directional,auto,sketchvla_prompt_conditioned_latent_action,native,8,False,,240,False,False,,True,False,False,,False,,False,0.1237,akita_black_bowl_1,plate_1,,,,,,a8199a3e753c2770,207f3bcf2ffa50e6,f38476c1301289d1,48,576.4,,ambiguous
spatial,scene_0023,directional,auto,sketchvla_prompt_conditioned_latent_action,native,9,False,,240,False,False,,True,True,True,glazed_rim_porcelain_ramekin_1,False,plate_3,False,0.0787,akita_black_bowl_1,plate_1,False,False,,,,a8199a3e753c2770,397b42c14dde6696,8e756e71e9e80f71,48,600.6,,ambiguous
spatial,scene_0023,directional,auto,sketchvla_prompt_conditioned_latent_action,native,10,False,,240,False,False,,True,False,False,,False,,False,0.1233,akita_black_bowl_1,plate_1,,,,,,a8199a3e753c2770,835dcf63d7cb1a01,0173ed2dcde13cc6,48,538.0,,ambiguous
spatial,scene_0023,directional,auto,sketchvla_prompt_conditioned_latent_action,native,11,False,,240,False,False,,True,False,False,,False,,False,0.1233,akita_black_bowl_1,plate_1,,,,,,a8199a3e753c2770,6b6ad1a77dc28323,e331ccc58f7e5bc5,48,563.7,,ambiguous
spatial,scene_0023,directional,auto,sketchvla_prompt_conditioned_latent_action,native,12,False,,240,False,False,,True,True,True,glazed_rim_porcelain_ramekin_1,False,,False,0.1249,akita_black_bowl_1,plate_1,False,,,,,a8199a3e753c2770,f11c0bb157edf259,9cb03c0a27fcab26,48,548.2,,ambiguous
spatial,scene_0023,directional,auto,sketchvla_prompt_conditioned_latent_action,native,13,False,,240,False,False,,True,True,True,plate_3,False,plate_3,False,0.0,akita_black_bowl_1,plate_1,False,False,,,,a8199a3e753c2770,613b1655217e7155,a737d9c314e099d6,48,539.9,,ambiguous
spatial,scene_0024,directional,auto,sketchvla_prompt_conditioned_latent_action,native,0,False,,240,False,False,,True,True,True,plate_3,False,plate_3,True,0.0,akita_black_bowl_1,plate_3,False,True,,,,9ad1684dfbf5bc6d,97cd72f08434cdf4,ee463fa2c5a65acc,48,926.1,,ambiguous
spatial,scene_0024,directional,auto,sketchvla_prompt_conditioned_latent_action,native,1,False,,240,False,False,,True,True,True,plate_3,False,plate_3,True,0.0,akita_black_bowl_1,plate_3,False,True,,,,9ad1684dfbf5bc6d,d246e6447cec8c44,27c3c2ce621a8018,48,995.7,,ambiguous
spatial,scene_0024,directional,auto,sketchvla_prompt_conditioned_latent_action,native,2,False,,240,False,False,,True,True,True,plate_3,False,plate_3,True,0.0,akita_black_bowl_1,plate_3,False,True,,,,9ad1684dfbf5bc6d,31f9964381a20660,45798e73eecdc4e1,48,988.0,,ambiguous
spatial,scene_0024,directional,auto,sketchvla_prompt_conditioned_latent_action,native,3,False,,240,False,False,,True,True,True,plate_3,False,plate_3,True,0.0,akita_black_bowl_1,plate_3,False,True,,,,9ad1684dfbf5bc6d,1816444187841ad7,4dcf6c44f95f9908,48,959.3,,ambiguous
spatial,scene_0024,directional,auto,sketchvla_prompt_conditioned_latent_action,native,4,False,,240,False,False,,True,True,True,plate_3,False,plate_3,True,0.0,akita_black_bowl_1,plate_3,False,True,,,,9ad1684dfbf5bc6d,1eb534777d59ac09,e5b79bb7e059b38a,48,857.0,,ambiguous
spatial,scene_0024,directional,auto,sketchvla_prompt_conditioned_latent_action,native,5,False,,240,False,False,,True,True,True,plate_3,False,plate_3,True,0.0,akita_black_bowl_1,plate_3,False,True,,,,9ad1684dfbf5bc6d,a763775ee16d58c9,aeaa9a5e3fd7fe3e,48,837.2,,ambiguous
spatial,scene_0024,directional,auto,sketchvla_prompt_conditioned_latent_action,native,6,False,,240,False,False,,True,True,True,glazed_rim_porcelain_ramekin_1,False,,False,0.1449,akita_black_bowl_1,plate_3,False,,,,,9ad1684dfbf5bc6d,023bbb07401bf834,52c5f3b983bb5a13,48,826.9,,ambiguous
spatial,scene_0024,directional,auto,sketchvla_prompt_conditioned_latent_action,native,7,False,,240,False,False,,True,True,True,plate_3,False,plate_3,True,0.0,akita_black_bowl_1,plate_3,False,True,,,,9ad1684dfbf5bc6d,fb5dca0ccadabd28,c3ee3a1675973a32,48,825.1,,ambiguous
spatial,scene_0024,directional,auto,sketchvla_prompt_conditioned_latent_action,native,8,False,,240,False,False,,True,True,True,plate_3,False,plate_3,True,0.0,akita_black_bowl_1,plate_3,False,True,,,,9ad1684dfbf5bc6d,e96af496cd276951,576fad7a3b41d5c1,48,886.4,,ambiguous
spatial,scene_0024,directional,auto,sketchvla_prompt_conditioned_latent_action,native,9,False,,240,False,False,,True,False,False,,False,,False,0.1266,akita_black_bowl_1,plate_3,,,,,,9ad1684dfbf5bc6d,44ee0851a8f480b5,8f009078d7d35f0c,48,871.1,,ambiguous
spatial,scene_0024,directional,auto,sketchvla_prompt_conditioned_latent_action,native,10,False,,240,False,False,,True,False,False,,False,,False,0.1177,akita_black_bowl_1,plate_3,,,,,,9ad1684dfbf5bc6d,16b3884bbf5bf2a7,828add398901aa34,48,839.0,,ambiguous
spatial,scene_0024,directional,auto,sketchvla_prompt_conditioned_latent_action,native,11,False,,240,False,False,,True,True,True,plate_3,False,plate_3,True,0.0,akita_black_bowl_1,plate_3,False,True,,,,9ad1684dfbf5bc6d,8ddab98107bd7a5a,bab6ed6c7b83b702,48,827.1,,ambiguous
spatial,scene_0024,directional,auto,sketchvla_prompt_conditioned_latent_action,native,12,False,,240,False,False,,True,False,False,,False,,False,0.1633,akita_black_bowl_1,plate_3,,,,,,9ad1684dfbf5bc6d,f43fd689c8f79e57,9cf8d1b26f14bff0,48,823.4,,ambiguous
spatial,scene_0024,directional,auto,sketchvla_prompt_conditioned_latent_action,native,13,False,,240,False,False,,True,False,False,,False,,False,0.1756,akita_black_bowl_1,plate_3,,,,,,9ad1684dfbf5bc6d,2cf848eabbeb01a7,b50ff47a2f25b68f,48,819.3,,ambiguous
spatial,scene_0025,directional,auto,sketchvla_prompt_conditioned_latent_action,native,0,False,,240,False,False,,True,True,True,akita_black_bowl_1,True,plate_1,False,0.0377,akita_black_bowl_1,plate_3,True,False,,,,950129e7380d5320,d89a9c38ca160e32,922d5934e6b77397,48,916.1,,ambiguous
spatial,scene_0025,directional,auto,sketchvla_prompt_conditioned_latent_action,native,1,False,,240,False,False,,True,True,True,akita_black_bowl_1,True,plate_1,False,0.0287,akita_black_bowl_1,plate_3,True,False,,,,950129e7380d5320,1a4c391654e5cb95,0bc578c42d0ca5a6,48,960.9,,ambiguous
spatial,scene_0025,directional,auto,sketchvla_prompt_conditioned_latent_action,native,2,False,,240,False,False,,True,True,True,akita_black_bowl_1,True,plate_1,False,0.0556,akita_black_bowl_1,plate_3,True,False,,,,950129e7380d5320,626795f96cbf0322,c5b6f8d5f41145a4,48,977.2,,ambiguous
spatial,scene_0025,directional,auto,sketchvla_prompt_conditioned_latent_action,native,3,False,,240,False,False,,True,True,True,akita_black_bowl_1,True,plate_1,False,0.0413,akita_black_bowl_1,plate_3,True,False,,,,950129e7380d5320,a25f1a57da0d72c3,3fe9a315c403872c,48,911.8,,ambiguous
spatial,scene_0025,directional,auto,sketchvla_prompt_conditioned_latent_action,native,4,False,,240,False,False,,True,True,True,akita_black_bowl_1,True,plate_1,False,0.0234,akita_black_bowl_1,plate_3,True,False,,,,950129e7380d5320,ca6b20983e39d79a,3aa5e0569b7160d1,48,813.3,,ambiguous
spatial,scene_0025,directional,auto,sketchvla_prompt_conditioned_latent_action,native,5,False,,240,False,False,,True,True,True,akita_black_bowl_1,True,,False,0.1042,akita_black_bowl_1,plate_3,True,,,,,950129e7380d5320,c9843c764239f3b5,de6452eebd0c89a0,48,791.4,,ambiguous
spatial,scene_0025,directional,auto,sketchvla_prompt_conditioned_latent_action,native,6,False,,240,False,False,,True,True,True,akita_black_bowl_1,True,plate_1,False,0.0308,akita_black_bowl_1,plate_3,True,False,,,,950129e7380d5320,01b759bacd244da9,1e1b07da6a38c8e8,48,797.7,,ambiguous
spatial,scene_0025,directional,auto,sketchvla_prompt_conditioned_latent_action,native,7,False,,240,False,False,,True,True,True,akita_black_bowl_1,True,plate_1,False,0.0454,akita_black_bowl_1,plate_3,True,False,,,,950129e7380d5320,acd63f6709d84720,d2f14ff593f86ef5,48,801.7,,ambiguous
spatial,scene_0025,directional,auto,sketchvla_prompt_conditioned_latent_action,native,8,False,,240,False,False,,True,True,True,akita_black_bowl_1,True,plate_1,False,0.0284,akita_black_bowl_1,plate_3,True,False,,,,950129e7380d5320,e7290e5506c2c8b2,1265b428111e6da2,48,872.0,,ambiguous
spatial,scene_0025,directional,auto,sketchvla_prompt_conditioned_latent_action,native,9,False,,240,False,False,,True,False,False,,False,,False,0.0967,akita_black_bowl_1,plate_3,,,,,,950129e7380d5320,300bcccccd4f2662,d23987aeb87fceff,48,848.4,,ambiguous
spatial,scene_0025,directional,auto,sketchvla_prompt_conditioned_latent_action,native,10,False,,240,False,False,,True,True,True,akita_black_bowl_1,True,,False,0.0877,akita_black_bowl_1,plate_3,True,,,,,950129e7380d5320,e3058f7777684895,e48a33c345b2d9b0,48,832.0,,ambiguous
spatial,scene_0025,directional,auto,sketchvla_prompt_conditioned_latent_action,native,11,False,,240,False,False,,True,True,True,plate_1,False,plate_1,False,0.0,akita_black_bowl_1,plate_3,False,False,,,,950129e7380d5320,d6ac5bfcee7b54f6,a8153d0431564e94,48,818.2,,ambiguous
spatial,scene_0025,directional,auto,sketchvla_prompt_conditioned_latent_action,native,12,False,,240,False,False,,True,False,False,,False,,False,0.1052,akita_black_bowl_1,plate_3,,,,,,950129e7380d5320,f2759eda3d42325f,7a5e204b83f7bf01,48,819.9,,ambiguous
spatial,scene_0025,directional,auto,sketchvla_prompt_conditioned_latent_action,native,13,False,,240,False,False,,True,False,False,,False,,False,0.0925,akita_black_bowl_1,plate_3,,,,,,950129e7380d5320,06bc8571d4b53ca9,7987b5d4e284aefc,48,801.5,,ambiguous
spatial,scene_0026,both,auto,sketchvla_prompt_conditioned_latent_action,native,0,False,,240,False,False,,True,False,False,,False,,False,0.1612,akita_black_bowl_1,plate_1,,,,,,2139c737065fe13e,edbff1201190b502,f2f40ef6b73572b1,48,561.6,,ambiguous
spatial,scene_0026,both,auto,sketchvla_prompt_conditioned_latent_action,native,1,False,,240,False,False,,True,False,False,,False,,False,0.1612,akita_black_bowl_1,plate_1,,,,,,2139c737065fe13e,d1fd11e4ef94acfe,d1de7b0297f83e4d,48,559.9,,ambiguous
spatial,scene_0026,both,auto,sketchvla_prompt_conditioned_latent_action,native,2,False,,240,False,False,,True,False,False,,False,,False,0.1721,akita_black_bowl_1,plate_1,,,,,,2139c737065fe13e,9e20c5f9c3ca448c,4575bb1f4aa2a25c,48,539.9,,ambiguous
spatial,scene_0026,both,auto,sketchvla_prompt_conditioned_latent_action,native,3,False,,240,False,False,,True,False,False,,False,,False,0.1612,akita_black_bowl_1,plate_1,,,,,,2139c737065fe13e,2ec7827e1cd70f7e,d358f178fa34aca3,48,536.4,,ambiguous
spatial,scene_0026,both,auto,sketchvla_prompt_conditioned_latent_action,native,4,False,,240,False,False,,True,False,False,,False,,False,0.1612,akita_black_bowl_1,plate_1,,,,,,2139c737065fe13e,c7352080a5e1547d,d17d369bfc6a8565,48,555.3,,ambiguous
spatial,scene_0026,both,auto,sketchvla_prompt_conditioned_latent_action,native,5,False,,240,False,False,,True,False,False,,False,,False,0.1612,akita_black_bowl_1,plate_1,,,,,,2139c737065fe13e,18895f68bea5b58a,9b1cef41ec3c4b90,48,557.0,,ambiguous
spatial,scene_0026,both,auto,sketchvla_prompt_conditioned_latent_action,native,6,False,,240,False,False,,True,False,False,,False,,False,0.1612,akita_black_bowl_1,plate_1,,,,,,2139c737065fe13e,30109beba97562b8,0fd98353f2846517,48,547.2,,ambiguous
spatial,scene_0026,both,auto,sketchvla_prompt_conditioned_latent_action,native,7,False,,240,False,False,,True,False,False,,False,,False,0.1612,akita_black_bowl_1,plate_1,,,,,,2139c737065fe13e,7a0f25ca1ec9609c,2acad0ab9fdd83f9,48,551.8,,ambiguous
spatial,scene_0026,both,auto,sketchvla_prompt_conditioned_latent_action,native,8,False,,240,False,False,,True,False,False,,False,,False,0.1612,akita_black_bowl_1,plate_1,,,,,,2139c737065fe13e,b8fe5d2c6554faa6,70c58b7f520d004b,48,524.1,,ambiguous
spatial,scene_0026,both,auto,sketchvla_prompt_conditioned_latent_action,native,9,False,,240,False,False,,True,False,False,,False,,False,0.1612,akita_black_bowl_1,plate_1,,,,,,2139c737065fe13e,16a4f85e6ae0f2ee,902311ffeb6def08,48,588.1,,ambiguous
spatial,scene_0026,both,auto,sketchvla_prompt_conditioned_latent_action,native,10,False,,240,False,False,,True,False,False,,False,,False,0.1612,akita_black_bowl_1,plate_1,,,,,,2139c737065fe13e,9e639ab03f0c9aab,ba2e7e8be3e42202,48,577.6,,ambiguous
spatial,scene_0026,both,auto,sketchvla_prompt_conditioned_latent_action,native,11,False,,240,False,False,,True,False,False,,False,,False,0.1612,akita_black_bowl_1,plate_1,,,,,,2139c737065fe13e,571556426f1fd5e9,7c7ad75b5846b573,48,567.0,,ambiguous
spatial,scene_0026,both,auto,sketchvla_prompt_conditioned_latent_action,native,12,False,,240,False,False,,True,False,False,,False,,False,0.1612,akita_black_bowl_1,plate_1,,,,,,2139c737065fe13e,052db25623901241,1fd40dc243620b31,48,563.4,,ambiguous
spatial,scene_0026,both,auto,sketchvla_prompt_conditioned_latent_action,native,13,False,,240,False,False,,True,False,False,,False,,False,0.1612,akita_black_bowl_1,plate_1,,,,,,2139c737065fe13e,661270210f7032f5,8ca621ebcccdd8de,48,525.4,,ambiguous
spatial,scene_0027,both,auto,sketchvla_prompt_conditioned_latent_action,native,0,False,,240,False,False,,True,False,False,,False,,False,0.1486,akita_black_bowl_3,plate_2,,,,,,f8a485fea0953861,2ca57145b54576c1,5ddc7626e0f9d735,48,586.7,,ambiguous
spatial,scene_0027,both,auto,sketchvla_prompt_conditioned_latent_action,native,1,False,,240,False,False,,True,False,False,,False,,False,0.1486,akita_black_bowl_3,plate_2,,,,,,f8a485fea0953861,ab47da1596cbc490,cd5df338a5ee39fb,48,525.8,,ambiguous
spatial,scene_0027,both,auto,sketchvla_prompt_conditioned_latent_action,native,2,False,,240,False,False,,True,False,False,,False,,False,0.1486,akita_black_bowl_3,plate_2,,,,,,f8a485fea0953861,cf42445fa58a31b6,9187f20db2050c5e,48,545.4,,ambiguous
spatial,scene_0027,both,auto,sketchvla_prompt_conditioned_latent_action,native,3,False,,240,False,False,,True,False,False,,False,,False,0.147,akita_black_bowl_3,plate_2,,,,,,f8a485fea0953861,91ab53922955b5a5,2cc17d89982d4e54,48,580.3,,ambiguous
spatial,scene_0027,both,auto,sketchvla_prompt_conditioned_latent_action,native,4,False,,240,False,False,,True,True,True,cookies_2,False,,False,0.1343,akita_black_bowl_3,plate_2,False,,,,,f8a485fea0953861,fddcb5d859b4a978,de533395c3a338a0,48,550.1,,ambiguous
spatial,scene_0027,both,auto,sketchvla_prompt_conditioned_latent_action,native,5,False,,240,False,False,,True,False,False,,False,,False,0.1486,akita_black_bowl_3,plate_2,,,,,,f8a485fea0953861,4a2403b07c875b5b,5ed82621940d326a,48,547.2,,ambiguous
spatial,scene_0027,both,auto,sketchvla_prompt_conditioned_latent_action,native,6,False,,240,False,False,,True,False,False,,False,,False,0.1486,akita_black_bowl_3,plate_2,,,,,,f8a485fea0953861,6f9434239bd59912,dc5ef0a35195ec56,48,579.8,,ambiguous
spatial,scene_0027,both,auto,sketchvla_prompt_conditioned_latent_action,native,7,False,,240,False,False,,True,False,False,,False,,False,0.1485,akita_black_bowl_3,plate_2,,,,,,f8a485fea0953861,712f130b762fd78c,358e3dd61ad6f5fc,48,550.6,,ambiguous
spatial,scene_0027,both,auto,sketchvla_prompt_conditioned_latent_action,native,8,False,,240,False,False,,True,False,False,,False,,False,0.1486,akita_black_bowl_3,plate_2,,,,,,f8a485fea0953861,76f3daff35b4bc13,f4ded8066d609d71,48,585.6,,ambiguous
spatial,scene_0027,both,auto,sketchvla_prompt_conditioned_latent_action,native,9,False,,240,False,False,,True,True,True,cookies_2,False,,False,0.1345,akita_black_bowl_3,plate_2,False,,,,,f8a485fea0953861,5429772d3b1f7609,2b582a24ce2bd1ab,48,575.7,,ambiguous
spatial,scene_0027,both,auto,sketchvla_prompt_conditioned_latent_action,native,10,False,,240,False,False,,True,False,False,,False,,False,0.1486,akita_black_bowl_3,plate_2,,,,,,f8a485fea0953861,08de2cdc9c282306,df285ed4919e2fd1,48,551.1,,ambiguous
spatial,scene_0027,both,auto,sketchvla_prompt_conditioned_latent_action,native,11,False,,240,False,False,,True,False,False,,False,,False,0.1486,akita_black_bowl_3,plate_2,,,,,,f8a485fea0953861,aabb4086d79c0cd7,8c52e5dbcf8b3634,48,562.9,,ambiguous
spatial,scene_0027,both,auto,sketchvla_prompt_conditioned_latent_action,native,12,False,,240,False,False,,True,False,False,,False,,False,0.1486,akita_black_bowl_3,plate_2,,,,,,f8a485fea0953861,e46f33fd23668daa,c8f73f6a31847347,48,524.7,,ambiguous
spatial,scene_0027,both,auto,sketchvla_prompt_conditioned_latent_action,native,13,False,,240,False,False,,True,True,True,cookies_2,False,,False,0.1356,akita_black_bowl_3,plate_2,False,,,,,f8a485fea0953861,92c916d5aa995893,1cdbc0da548c54a6,48,520.7,,ambiguous
spatial,scene_0028,both,auto,sketchvla_prompt_conditioned_latent_action,native,0,False,,240,False,False,,True,False,False,,False,,False,0.1479,akita_black_bowl_1,plate_1,,,,,,91c3fe477ec8f91f,31d76ac723a8a01f,3cb113cd0d88aef8,48,901.6,,ambiguous
spatial,scene_0028,both,auto,sketchvla_prompt_conditioned_latent_action,native,1,False,,240,False,False,,True,True,True,glazed_rim_porcelain_ramekin_1,False,,False,0.1497,akita_black_bowl_1,plate_1,False,,,,,91c3fe477ec8f91f,bf9096072249fbfc,491e32960c4516cd,48,940.0,,ambiguous
spatial,scene_0028,both,auto,sketchvla_prompt_conditioned_latent_action,native,2,False,,240,False,False,,True,True,True,glazed_rim_porcelain_ramekin_1,False,,False,0.1138,akita_black_bowl_1,plate_1,False,,,,,91c3fe477ec8f91f,728bf0c0eb3e7f0a,37797c04bdbd334e,48,932.7,,ambiguous
spatial,scene_0028,both,auto,sketchvla_prompt_conditioned_latent_action,native,3,False,,240,False,False,,True,False,False,,False,,False,0.1716,akita_black_bowl_1,plate_1,,,,,,91c3fe477ec8f91f,63c829bb13249745,0d83318faa4b5d1b,48,883.1,,ambiguous
spatial,scene_0028,both,auto,sketchvla_prompt_conditioned_latent_action,native,4,False,,240,False,False,,True,False,False,,False,,False,0.149,akita_black_bowl_1,plate_1,,,,,,91c3fe477ec8f91f,55f867a2cbaea349,f4ed06d0f5ebd70c,48,906.0,,ambiguous
spatial,scene_0028,both,auto,sketchvla_prompt_conditioned_latent_action,native,5,False,,240,False,False,,True,False,False,,False,,False,0.1434,akita_black_bowl_1,plate_1,,,,,,91c3fe477ec8f91f,f764fbf2a059130d,b3435da0335539d9,48,841.7,,ambiguous
spatial,scene_0028,both,auto,sketchvla_prompt_conditioned_latent_action,native,6,False,,240,False,False,,True,True,True,glazed_rim_porcelain_ramekin_1,False,,False,0.1544,akita_black_bowl_1,plate_1,False,,,,,91c3fe477ec8f91f,48e783ff20314528,b95499086b8a54eb,48,808.7,,ambiguous
spatial,scene_0028,both,auto,sketchvla_prompt_conditioned_latent_action,native,7,False,,240,False,False,,True,False,False,,False,,False,0.1892,akita_black_bowl_1,plate_1,,,,,,91c3fe477ec8f91f,d5aa339bd0a4ec2c,dd17b80adbfb3039,48,804.1,,ambiguous
spatial,scene_0028,both,auto,sketchvla_prompt_conditioned_latent_action,native,8,False,,240,False,False,,True,True,True,glazed_rim_porcelain_ramekin_1,False,,False,0.1117,akita_black_bowl_1,plate_1,False,,,,,91c3fe477ec8f91f,d51126320f499694,89bd91e0a0159734,48,890.7,,ambiguous
spatial,scene_0028,both,auto,sketchvla_prompt_conditioned_latent_action,native,9,False,,240,False,False,,True,False,False,,False,,False,0.1417,akita_black_bowl_1,plate_1,,,,,,91c3fe477ec8f91f,187b4542d04fc52d,f094002530bfa859,48,794.3,,ambiguous
spatial,scene_0028,both,auto,sketchvla_prompt_conditioned_latent_action,native,10,False,,240,False,False,,True,True,True,glazed_rim_porcelain_ramekin_1,False,,False,0.1395,akita_black_bowl_1,plate_1,False,,,,,91c3fe477ec8f91f,ea4f998f36ffd7e3,6505644ac996bb12,48,801.2,,ambiguous
spatial,scene_0028,both,auto,sketchvla_prompt_conditioned_latent_action,native,11,False,,240,False,False,,True,True,True,glazed_rim_porcelain_ramekin_1,False,,False,0.1652,akita_black_bowl_1,plate_1,False,,,,,91c3fe477ec8f91f,ede087e5870c6f81,d6be78c62c8d4a2f,48,788.1,,ambiguous
spatial,scene_0028,both,auto,sketchvla_prompt_conditioned_latent_action,native,12,False,,240,False,False,,True,False,False,,False,,False,0.1427,akita_black_bowl_1,plate_1,,,,,,91c3fe477ec8f91f,8c3992b7b1ea98bb,87ed0d0693e9279b,48,782.6,,ambiguous
spatial,scene_0028,both,auto,sketchvla_prompt_conditioned_latent_action,native,13,False,,240,False,False,,True,False,False,,False,,False,0.1434,akita_black_bowl_1,plate_1,,,,,,91c3fe477ec8f91f,c1006ac151cdd3d6,3bfc738a00a5d7c6,48,796.1,,ambiguous
spatial,scene_0029,both,auto,sketchvla_prompt_conditioned_latent_action,native,0,False,,240,False,False,,True,True,True,glazed_rim_porcelain_ramekin_1,False,,False,0.1798,akita_black_bowl_3,plate_2,False,,,,,0195be60883fac6e,b12e144c685229da,81bea640d60e1382,48,914.6,,ambiguous
spatial,scene_0029,both,auto,sketchvla_prompt_conditioned_latent_action,native,1,False,,240,False,False,,True,True,True,glazed_rim_porcelain_ramekin_1,False,,False,0.2029,akita_black_bowl_3,plate_2,False,,,,,0195be60883fac6e,401fe1d4a1f6f3ef,ee68f05ed7ef0108,48,921.3,,ambiguous
spatial,scene_0029,both,auto,sketchvla_prompt_conditioned_latent_action,native,2,False,,240,False,False,,True,True,True,glazed_rim_porcelain_ramekin_1,False,,False,0.2031,akita_black_bowl_3,plate_2,False,,,,,0195be60883fac6e,4610fb48ac3cfb6f,2d84ada9d9c5e301,48,913.4,,ambiguous
spatial,scene_0029,both,auto,sketchvla_prompt_conditioned_latent_action,native,3,False,,240,False,False,,True,False,False,,False,,False,0.2481,akita_black_bowl_3,plate_2,,,,,,0195be60883fac6e,062952aab33b6930,a22dd84dcedc5de6,48,890.7,,ambiguous
spatial,scene_0029,both,auto,sketchvla_prompt_conditioned_latent_action,native,4,False,,240,False,False,,True,True,True,glazed_rim_porcelain_ramekin_1,False,,False,0.1925,akita_black_bowl_3,plate_2,False,,,,,0195be60883fac6e,0fc2f37538762012,61d3a5350d77ebd1,48,889.1,,ambiguous
spatial,scene_0029,both,auto,sketchvla_prompt_conditioned_latent_action,native,5,False,,240,False,False,,True,True,True,glazed_rim_porcelain_ramekin_1,False,,False,0.185,akita_black_bowl_3,plate_2,False,,,,,0195be60883fac6e,ff3f8cc807b628f8,9afb82503ac0b8fe,48,823.8,,ambiguous
spatial,scene_0029,both,auto,sketchvla_prompt_conditioned_latent_action,native,6,False,,240,False,False,,True,True,True,glazed_rim_porcelain_ramekin_1,False,,False,0.1658,akita_black_bowl_3,plate_2,False,,,,,0195be60883fac6e,5eacf804cf1e0f8c,dc94c2166125b36d,48,797.0,,ambiguous
spatial,scene_0029,both,auto,sketchvla_prompt_conditioned_latent_action,native,7,False,,240,False,False,,True,True,True,glazed_rim_porcelain_ramekin_1,False,,False,0.1513,akita_black_bowl_3,plate_2,False,,,,,0195be60883fac6e,32b92853b9492f4b,da55e6598ea6ad15,48,798.9,,ambiguous
spatial,scene_0029,both,auto,sketchvla_prompt_conditioned_latent_action,native,8,False,,240,False,False,,True,True,True,glazed_rim_porcelain_ramekin_1,False,,False,0.141,akita_black_bowl_3,plate_2,False,,,,,0195be60883fac6e,3263e8a223b1e495,21d6503b55381e7d,48,875.8,,ambiguous
spatial,scene_0029,both,auto,sketchvla_prompt_conditioned_latent_action,native,9,False,,240,False,False,,True,False,False,,False,,False,0.246,akita_black_bowl_3,plate_2,,,,,,0195be60883fac6e,ae1d6f116f02ebde,a46e3df7d9b5268e,48,789.2,,ambiguous
spatial,scene_0029,both,auto,sketchvla_prompt_conditioned_latent_action,native,10,False,,240,False,False,,True,True,True,glazed_rim_porcelain_ramekin_1,False,,False,0.1428,akita_black_bowl_3,plate_2,False,,,,,0195be60883fac6e,4ff3e589395cdc00,03d7ced061659c41,48,794.2,,ambiguous
spatial,scene_0029,both,auto,sketchvla_prompt_conditioned_latent_action,native,11,False,,240,False,False,,True,True,True,glazed_rim_porcelain_ramekin_1,False,,False,0.1365,akita_black_bowl_3,plate_2,False,,,,,0195be60883fac6e,a928154fb96ad6f6,464138e7b78366b2,48,780.2,,ambiguous
spatial,scene_0029,both,auto,sketchvla_prompt_conditioned_latent_action,native,12,False,,240,False,False,,True,True,True,glazed_rim_porcelain_ramekin_1,False,,False,0.2136,akita_black_bowl_3,plate_2,False,,,,,0195be60883fac6e,7155738310540619,655cdf28e2a63a84,48,768.9,,ambiguous
spatial,scene_0029,both,auto,sketchvla_prompt_conditioned_latent_action,native,13,False,,240,False,False,,True,False,False,,False,,False,0.2427,akita_black_bowl_3,plate_2,,,,,,0195be60883fac6e,cd1e2d2c786dab60,8e91d201a3c966d9,48,726.0,,ambiguous
spatial,scene_0030,both,auto,sketchvla_prompt_conditioned_latent_action,native,0,False,,240,False,False,,True,False,False,,False,,False,0.1472,akita_black_bowl_2,plate_1,,,,,,04aa0581369cd708,62ee24c86e5caa30,a49041f50fb60c75,48,587.3,,ambiguous
spatial,scene_0030,both,auto,sketchvla_prompt_conditioned_latent_action,native,1,False,,240,False,False,,True,False,False,,False,,False,0.1472,akita_black_bowl_2,plate_1,,,,,,04aa0581369cd708,1b3b60688caeddcb,304ec3854587f36c,48,524.8,,ambiguous
spatial,scene_0030,both,auto,sketchvla_prompt_conditioned_latent_action,native,2,False,,240,False,False,,True,False,False,,False,,False,0.1472,akita_black_bowl_2,plate_1,,,,,,04aa0581369cd708,7c4aeb4ef8dbde01,dd5a91452db25bea,48,529.3,,ambiguous
spatial,scene_0030,both,auto,sketchvla_prompt_conditioned_latent_action,native,3,False,,240,False,False,,True,False,False,,False,,False,0.1472,akita_black_bowl_2,plate_1,,,,,,04aa0581369cd708,58bd9b76e489ee9e,20e7c2dcadc27d8e,48,565.9,,ambiguous
spatial,scene_0030,both,auto,sketchvla_prompt_conditioned_latent_action,native,4,False,,240,False,False,,True,False,False,,False,,False,0.1472,akita_black_bowl_2,plate_1,,,,,,04aa0581369cd708,3c1c9f8320a9efb1,f4e9a88d215ea5a1,48,527.8,,ambiguous
spatial,scene_0030,both,auto,sketchvla_prompt_conditioned_latent_action,native,5,False,,240,False,False,,True,False,False,,False,,False,0.1472,akita_black_bowl_2,plate_1,,,,,,04aa0581369cd708,9445e2f0387a9c08,523acda66f54148c,48,534.6,,ambiguous
spatial,scene_0030,both,auto,sketchvla_prompt_conditioned_latent_action,native,6,False,,240,False,False,,True,True,True,akita_black_bowl_3,False,plate_1,True,0.039,akita_black_bowl_2,plate_1,False,True,,,,04aa0581369cd708,89bfaa7f64b7b55b,7ecf495a212962da,48,561.2,,ambiguous
spatial,scene_0030,both,auto,sketchvla_prompt_conditioned_latent_action,native,7,False,,240,False,False,,True,False,False,,False,,False,0.1472,akita_black_bowl_2,plate_1,,,,,,04aa0581369cd708,d0b604aefac52795,c24c2aa91c6ebfe2,48,527.2,,ambiguous
spatial,scene_0030,both,auto,sketchvla_prompt_conditioned_latent_action,native,8,False,,240,False,False,,True,False,False,,False,,False,0.1472,akita_black_bowl_2,plate_1,,,,,,04aa0581369cd708,a246803e7e37dac9,382390e59ddd1bc3,48,546.3,,ambiguous
spatial,scene_0030,both,auto,sketchvla_prompt_conditioned_latent_action,native,9,False,,240,False,False,,True,False,False,,False,,False,0.1472,akita_black_bowl_2,plate_1,,,,,,04aa0581369cd708,672397de4a665075,4af93bdd2311a835,48,557.8,,ambiguous
spatial,scene_0030,both,auto,sketchvla_prompt_conditioned_latent_action,native,10,False,,240,False,False,,True,False,False,,False,,False,0.1472,akita_black_bowl_2,plate_1,,,,,,04aa0581369cd708,bc737be1340b04bc,b00caf346dec6079,48,540.7,,ambiguous
spatial,scene_0030,both,auto,sketchvla_prompt_conditioned_latent_action,native,11,False,,240,False,False,,True,False,False,,False,,False,0.1472,akita_black_bowl_2,plate_1,,,,,,04aa0581369cd708,4b3ed0dcd8d766f3,ae3624b009c0c7c9,48,531.7,,ambiguous
spatial,scene_0030,both,auto,sketchvla_prompt_conditioned_latent_action,native,12,False,,240,False,False,,True,True,True,glazed_rim_porcelain_ramekin_2,False,,False,0.1562,akita_black_bowl_2,plate_1,False,,,,,04aa0581369cd708,9f8e32b4e4d04802,e74566163e35baa2,48,550.5,,ambiguous
spatial,scene_0030,both,auto,sketchvla_prompt_conditioned_latent_action,native,13,False,,240,False,False,,True,False,False,,False,,False,0.1472,akita_black_bowl_2,plate_1,,,,,,04aa0581369cd708,f6dea2e3e773d2ed,9b59576ae73a0140,48,522.2,,ambiguous
spatial,scene_0031,both,auto,sketchvla_prompt_conditioned_latent_action,native,0,False,,240,False,False,,True,True,True,akita_black_bowl_3,False,plate_2,True,0.0748,akita_black_bowl_1,plate_2,False,True,,,,8bc38b2af0044938,cae45d60e76b9a4e,ef88ca36cbb09892,48,593.0,,ambiguous
spatial,scene_0031,both,auto,sketchvla_prompt_conditioned_latent_action,native,1,False,,240,False,False,,True,True,True,akita_black_bowl_2,False,plate_2,True,0.0282,akita_black_bowl_1,plate_2,False,True,,,,8bc38b2af0044938,285ff568d5e408e9,48b8a43c6c56e01a,48,540.6,,ambiguous
spatial,scene_0031,both,auto,sketchvla_prompt_conditioned_latent_action,native,2,False,,240,False,False,,True,True,True,akita_black_bowl_2,False,plate_2,True,0.0634,akita_black_bowl_1,plate_2,False,True,,,,8bc38b2af0044938,660275f820fbe730,caab7de12a0b30a1,48,546.2,,ambiguous
spatial,scene_0031,both,auto,sketchvla_prompt_conditioned_latent_action,native,3,False,,240,False,False,,True,True,True,akita_black_bowl_2,False,plate_2,True,0.0351,akita_black_bowl_1,plate_2,False,True,,,,8bc38b2af0044938,387bdf5f2d2b8c1d,512c2c702d33ea09,48,574.1,,ambiguous
spatial,scene_0031,both,auto,sketchvla_prompt_conditioned_latent_action,native,4,False,,240,False,False,,True,True,True,akita_black_bowl_2,False,plate_2,True,0.0454,akita_black_bowl_1,plate_2,False,True,,,,8bc38b2af0044938,ba6b67d2f7d64984,34da956011fc3a20,48,559.3,,ambiguous
spatial,scene_0031,both,auto,sketchvla_prompt_conditioned_latent_action,native,5,False,,240,False,False,,True,True,True,akita_black_bowl_3,False,plate_2,True,0.0147,akita_black_bowl_1,plate_2,False,True,,,,8bc38b2af0044938,6e2e48dc626e911b,26e903fd356c59fe,48,561.5,,ambiguous
spatial,scene_0031,both,auto,sketchvla_prompt_conditioned_latent_action,native,6,False,,240,False,False,,True,False,False,,False,,False,0.2223,akita_black_bowl_1,plate_2,,,,,,8bc38b2af0044938,fdd5b7a5253cce99,e8c9a09f2ea7d6ea,48,577.9,,ambiguous
spatial,scene_0031,both,auto,sketchvla_prompt_conditioned_latent_action,native,7,False,,240,False,False,,True,True,True,akita_black_bowl_2,False,plate_2,True,0.0326,akita_black_bowl_1,plate_2,False,True,,,,8bc38b2af0044938,19dcf0deb84f9d19,79417f44009fff3e,48,568.9,,ambiguous
spatial,scene_0031,both,auto,sketchvla_prompt_conditioned_latent_action,native,8,False,,240,False,False,,True,False,False,,False,,False,0.2223,akita_black_bowl_1,plate_2,,,,,,8bc38b2af0044938,7e09500d4e0370ce,1fcb90ec83a68c4a,48,581.9,,ambiguous
spatial,scene_0031,both,auto,sketchvla_prompt_conditioned_latent_action,native,9,False,,240,False,False,,True,True,True,akita_black_bowl_2,False,plate_2,True,0.0412,akita_black_bowl_1,plate_2,False,True,,,,8bc38b2af0044938,1cdaa84f4d335396,d9c9110b6d2271ae,48,564.9,,ambiguous
spatial,scene_0031,both,auto,sketchvla_prompt_conditioned_latent_action,native,10,False,,240,False,False,,True,False,False,,False,,False,0.2223,akita_black_bowl_1,plate_2,,,,,,8bc38b2af0044938,fd0cb969f8570429,93da231b91737e14,48,567.1,,ambiguous
spatial,scene_0031,both,auto,sketchvla_prompt_conditioned_latent_action,native,11,False,,240,False,False,,True,True,True,akita_black_bowl_2,False,plate_2,True,0.0146,akita_black_bowl_1,plate_2,False,True,,,,8bc38b2af0044938,f9202b8f39d9b4f4,59e33afbe1e52aea,48,515.0,,ambiguous
spatial,scene_0031,both,auto,sketchvla_prompt_conditioned_latent_action,native,12,False,,240,False,False,,True,True,True,akita_black_bowl_2,False,plate_2,True,0.0242,akita_black_bowl_1,plate_2,False,True,,,,8bc38b2af0044938,e3a0acb3bdae6f2b,ba000576b770df56,48,532.9,,ambiguous
spatial,scene_0031,both,auto,sketchvla_prompt_conditioned_latent_action,native,13,False,,240,False,False,,True,True,True,akita_black_bowl_2,False,plate_2,True,0.0156,akita_black_bowl_1,plate_2,False,True,,,,8bc38b2af0044938,27fefa4c36c9c6ee,f66e977b60fca25e,48,504.1,,ambiguous
spatial,scene_0032,both,auto,sketchvla_prompt_conditioned_latent_action,native,0,False,,240,False,False,,True,True,True,akita_black_bowl_2,False,,False,0.1405,akita_black_bowl_1,plate_1,False,,,,,1ef5d1f411564ab6,822ff463526aa02f,8b57adf0707b89cb,48,886.6,,ambiguous
spatial,scene_0032,both,auto,sketchvla_prompt_conditioned_latent_action,native,1,False,,240,False,False,,True,True,True,akita_black_bowl_2,False,,False,0.1508,akita_black_bowl_1,plate_1,False,,,,,1ef5d1f411564ab6,f27d44a27c5a218a,c2fd71e93f560c71,48,796.1,,ambiguous
spatial,scene_0032,both,auto,sketchvla_prompt_conditioned_latent_action,native,2,False,,240,False,False,,True,False,False,,False,,False,0.1172,akita_black_bowl_1,plate_1,,,,,,1ef5d1f411564ab6,12afc841f23a1201,296b496af2071b23,48,792.9,,ambiguous
spatial,scene_0032,both,auto,sketchvla_prompt_conditioned_latent_action,native,3,False,,240,False,False,,True,True,True,akita_black_bowl_2,False,,False,0.1075,akita_black_bowl_1,plate_1,False,,,,,1ef5d1f411564ab6,cd1ef49ceb7aa3d1,3e8d95e34dc73fff,48,790.9,,ambiguous
spatial,scene_0032,both,auto,sketchvla_prompt_conditioned_latent_action,native,4,False,,240,False,False,,True,False,False,,False,,False,0.1086,akita_black_bowl_1,plate_1,,,,,,1ef5d1f411564ab6,91210dc8489441e4,f6b018aa11f8b75a,48,795.7,,ambiguous
spatial,scene_0032,both,auto,sketchvla_prompt_conditioned_latent_action,native,5,False,,240,False,False,,True,False,False,,False,,False,0.1086,akita_black_bowl_1,plate_1,,,,,,1ef5d1f411564ab6,416376cdfd746c52,d9656bab7d55d96d,48,803.8,,ambiguous
spatial,scene_0032,both,auto,sketchvla_prompt_conditioned_latent_action,native,6,False,,240,False,False,,True,True,True,akita_black_bowl_2,False,,False,0.1138,akita_black_bowl_1,plate_1,False,,,,,1ef5d1f411564ab6,e7bdb6988cdc9381,5c5b0a5e0ae45288,48,803.9,,ambiguous
spatial,scene_0032,both,auto,sketchvla_prompt_conditioned_latent_action,native,7,False,,240,False,False,,True,False,False,,False,,False,0.1086,akita_black_bowl_1,plate_1,,,,,,1ef5d1f411564ab6,a30fa6b34b707c9a,6d862cf70b765c64,48,802.4,,ambiguous
spatial,scene_0032,both,auto,sketchvla_prompt_conditioned_latent_action,native,8,False,,240,False,False,,True,False,False,,False,,False,0.1131,akita_black_bowl_1,plate_1,,,,,,1ef5d1f411564ab6,fda4071c1b0fbc5f,5090f927f32d8443,48,794.1,,ambiguous
spatial,scene_0032,both,auto,sketchvla_prompt_conditioned_latent_action,native,9,False,,240,False,False,,True,True,True,akita_black_bowl_2,False,,False,0.133,akita_black_bowl_1,plate_1,False,,,,,1ef5d1f411564ab6,d1f79fb1d7565256,896f236a8491e6e6,48,804.7,,ambiguous
spatial,scene_0032,both,auto,sketchvla_prompt_conditioned_latent_action,native,10,False,,240,False,False,,True,False,False,,False,,False,0.1086,akita_black_bowl_1,plate_1,,,,,,1ef5d1f411564ab6,0877e32ad86d7efe,e906a0677578d119,48,790.2,,ambiguous
spatial,scene_0032,both,auto,sketchvla_prompt_conditioned_latent_action,native,11,False,,240,False,False,,True,False,False,,False,,False,0.1086,akita_black_bowl_1,plate_1,,,,,,1ef5d1f411564ab6,c4b721b6e8ed7681,f06f2d23e1aceb53,48,791.3,,ambiguous
spatial,scene_0032,both,auto,sketchvla_prompt_conditioned_latent_action,native,12,False,,240,False,False,,True,True,True,akita_black_bowl_2,False,,False,0.1251,akita_black_bowl_1,plate_1,False,,,,,1ef5d1f411564ab6,c85de4835ec86c0d,2afd09cfc27084a5,48,801.8,,ambiguous
spatial,scene_0032,both,auto,sketchvla_prompt_conditioned_latent_action,native,13,False,,240,False,False,,True,False,False,,False,,False,0.1086,akita_black_bowl_1,plate_1,,,,,,1ef5d1f411564ab6,f86ae1a94f690d38,8a676c11a75f7588,48,794.7,,ambiguous
spatial,scene_0033,both,auto,sketchvla_prompt_conditioned_latent_action,native,0,False,,240,False,False,,True,True,True,glazed_rim_porcelain_ramekin_2,False,,False,0.104,akita_black_bowl_3,plate_3,False,,,,,d150379b3af48570,47069baa57f29fde,57ec41c50f604cf8,48,874.2,,ambiguous
spatial,scene_0033,both,auto,sketchvla_prompt_conditioned_latent_action,native,1,False,,240,False,False,,True,False,False,,False,,False,0.2181,akita_black_bowl_3,plate_3,,,,,,d150379b3af48570,1ac4005b6d78bcc0,5c609c63f4ee9209,48,794.0,,ambiguous
spatial,scene_0033,both,auto,sketchvla_prompt_conditioned_latent_action,native,2,False,,240,False,False,,True,False,False,,False,,False,0.2181,akita_black_bowl_3,plate_3,,,,,,d150379b3af48570,b697051e534bc33b,bf61639783a751af,48,784.8,,ambiguous
spatial,scene_0033,both,auto,sketchvla_prompt_conditioned_latent_action,native,3,False,,240,False,False,,True,True,True,glazed_rim_porcelain_ramekin_2,False,,False,0.0917,akita_black_bowl_3,plate_3,False,,,,,d150379b3af48570,1a0e60bfce535938,9eaf107d1d5c4d2c,48,792.6,,ambiguous
spatial,scene_0033,both,auto,sketchvla_prompt_conditioned_latent_action,native,4,False,,240,False,False,,True,False,False,,False,,False,0.2181,akita_black_bowl_3,plate_3,,,,,,d150379b3af48570,2db817963ccdf2ed,2fd889bc42f83da8,48,791.5,,ambiguous
spatial,scene_0033,both,auto,sketchvla_prompt_conditioned_latent_action,native,5,False,,240,False,False,,True,True,True,akita_black_bowl_2,False,,False,0.1326,akita_black_bowl_3,plate_3,False,,,,,d150379b3af48570,04bde08269b01b39,64c6707b29ec864f,48,787.0,,ambiguous
spatial,scene_0033,both,auto,sketchvla_prompt_conditioned_latent_action,native,6,False,,240,False,False,,True,True,True,glazed_rim_porcelain_ramekin_2,False,plate_3,True,0.0672,akita_black_bowl_3,plate_3,False,True,,,,d150379b3af48570,b4b0fbbfc4fc2760,38889bc735def3da,48,788.6,,ambiguous
spatial,scene_0033,both,auto,sketchvla_prompt_conditioned_latent_action,native,7,False,,240,False,False,,True,False,False,,False,,False,0.2181,akita_black_bowl_3,plate_3,,,,,,d150379b3af48570,b4a8e12279773c20,f81e09ac7be5dc2d,48,796.9,,ambiguous
spatial,scene_0033,both,auto,sketchvla_prompt_conditioned_latent_action,native,8,False,,240,False,False,,True,True,True,glazed_rim_porcelain_ramekin_2,False,plate_3,True,0.0711,akita_black_bowl_3,plate_3,False,True,,,,d150379b3af48570,670fd94c80a86521,5b6196531f9394b6,48,779.4,,ambiguous
spatial,scene_0033,both,auto,sketchvla_prompt_conditioned_latent_action,native,9,False,,240,False,False,,True,True,True,glazed_rim_porcelain_ramekin_2,False,,False,0.0914,akita_black_bowl_3,plate_3,False,,,,,d150379b3af48570,4bdd0a2562f625e6,00188e236f82f125,48,794.9,,ambiguous
spatial,scene_0033,both,auto,sketchvla_prompt_conditioned_latent_action,native,10,False,,240,False,False,,True,True,True,glazed_rim_porcelain_ramekin_2,False,,False,0.1128,akita_black_bowl_3,plate_3,False,,,,,d150379b3af48570,fc237076d1b818dc,ef9cb871f14e5f1a,48,785.2,,ambiguous
spatial,scene_0033,both,auto,sketchvla_prompt_conditioned_latent_action,native,11,False,,240,False,False,,True,False,False,,False,,False,0.2181,akita_black_bowl_3,plate_3,,,,,,d150379b3af48570,7865a9d14fd5c371,15a694bd28902e31,48,790.7,,ambiguous
spatial,scene_0033,both,auto,sketchvla_prompt_conditioned_latent_action,native,12,False,,240,False,False,,True,False,False,,False,,False,0.2181,akita_black_bowl_3,plate_3,,,,,,d150379b3af48570,992fe71132e44543,524bd526181b0022,48,805.8,,ambiguous
spatial,scene_0033,both,auto,sketchvla_prompt_conditioned_latent_action,native,13,False,,240,False,False,,True,True,True,glazed_rim_porcelain_ramekin_2,False,,False,0.1015,akita_black_bowl_3,plate_3,False,,,,,d150379b3af48570,33a6bca400b6ae32,ff5d07cd8fbd19c3,48,799.8,,ambiguous
spatial,scene_0034,both,auto,sketchvla_prompt_conditioned_latent_action,native,0,False,,240,False,False,,True,True,True,glazed_rim_porcelain_ramekin_2,False,,False,0.1166,akita_black_bowl_1,plate_1,False,,,,,bfafef5672990090,5e1590e853a9bc5e,44e964eb37c4275b,48,588.3,,ambiguous
spatial,scene_0034,both,auto,sketchvla_prompt_conditioned_latent_action,native,1,False,,240,False,False,,True,True,True,glazed_rim_porcelain_ramekin_2,False,,False,0.1379,akita_black_bowl_1,plate_1,False,,,,,bfafef5672990090,359d9d5c9afda821,d60de608cbb8e357,48,606.9,,ambiguous
spatial,scene_0034,both,auto,sketchvla_prompt_conditioned_latent_action,native,2,False,,240,False,False,,True,True,True,glazed_rim_porcelain_ramekin_2,False,,False,0.1411,akita_black_bowl_1,plate_1,False,,,,,bfafef5672990090,b99487d351c7b81f,5b42c3bbd3bf5d5a,48,573.4,,ambiguous
spatial,scene_0034,both,auto,sketchvla_prompt_conditioned_latent_action,native,3,False,,240,False,False,,True,True,True,glazed_rim_porcelain_ramekin_2,False,,False,0.1386,akita_black_bowl_1,plate_1,False,,,,,bfafef5672990090,f9ffbee70a59ed3b,6794b3cf2f0a5028,48,557.7,,ambiguous
spatial,scene_0034,both,auto,sketchvla_prompt_conditioned_latent_action,native,4,False,,240,False,False,,True,True,True,glazed_rim_porcelain_ramekin_2,False,,False,0.121,akita_black_bowl_1,plate_1,False,,,,,bfafef5672990090,e2335587a49fa6ce,9c93529fd7849455,48,558.4,,ambiguous
spatial,scene_0034,both,auto,sketchvla_prompt_conditioned_latent_action,native,5,False,,240,False,False,,True,True,True,glazed_rim_porcelain_ramekin_2,False,,False,0.1788,akita_black_bowl_1,plate_1,False,,,,,bfafef5672990090,ec459fedca7e7b4a,fc3840331c47fa63,48,572.3,,ambiguous
spatial,scene_0034,both,auto,sketchvla_prompt_conditioned_latent_action,native,6,False,,240,False,False,,True,True,True,glazed_rim_porcelain_ramekin_2,False,,False,0.1259,akita_black_bowl_1,plate_1,False,,,,,bfafef5672990090,982fdb5b97c36f96,71e937db3d4698da,48,618.6,,ambiguous
spatial,scene_0034,both,auto,sketchvla_prompt_conditioned_latent_action,native,7,False,,240,False,False,,True,True,True,glazed_rim_porcelain_ramekin_2,False,,False,0.1158,akita_black_bowl_1,plate_1,False,,,,,bfafef5672990090,321af62dd41d85bd,ef40f0fd6ebd8a89,48,561.2,,ambiguous
spatial,scene_0034,both,auto,sketchvla_prompt_conditioned_latent_action,native,8,False,,240,False,False,,True,True,True,glazed_rim_porcelain_ramekin_2,False,,False,0.1547,akita_black_bowl_1,plate_1,False,,,,,bfafef5672990090,6c3bc92ea6bec70f,22e6346f57b74f07,48,549.9,,ambiguous
spatial,scene_0034,both,auto,sketchvla_prompt_conditioned_latent_action,native,9,False,,240,False,False,,True,True,True,glazed_rim_porcelain_ramekin_2,False,,False,0.1095,akita_black_bowl_1,plate_1,False,,,,,bfafef5672990090,4d259d817bb7c30a,bc92d31747ac4bb0,48,553.4,,ambiguous
spatial,scene_0034,both,auto,sketchvla_prompt_conditioned_latent_action,native,10,False,,240,False,False,,True,True,True,glazed_rim_porcelain_ramekin_2,False,,False,0.1235,akita_black_bowl_1,plate_1,False,,,,,bfafef5672990090,c6cc385a93d17c79,3ac7d8083f186e94,48,553.7,,ambiguous
spatial,scene_0034,both,auto,sketchvla_prompt_conditioned_latent_action,native,11,False,,240,False,False,,True,True,True,glazed_rim_porcelain_ramekin_2,False,,False,0.1044,akita_black_bowl_1,plate_1,False,,,,,bfafef5672990090,8e6239b07f6692a6,e15c8c153738264b,48,553.9,,ambiguous
spatial,scene_0034,both,auto,sketchvla_prompt_conditioned_latent_action,native,12,False,,240,False,False,,True,False,False,,False,,False,0.1178,akita_black_bowl_1,plate_1,,,,,,bfafef5672990090,7081a4bf31839e60,25caf9855dc0e31f,48,554.7,,ambiguous
spatial,scene_0034,both,auto,sketchvla_prompt_conditioned_latent_action,native,13,False,,240,False,False,,True,True,True,glazed_rim_porcelain_ramekin_2,False,,False,0.1105,akita_black_bowl_1,plate_1,False,,,,,bfafef5672990090,981cb1b0d05a348e,903fa97bf9d01ad1,48,546.7,,ambiguous
spatial,scene_0035,both,auto,sketchvla_prompt_conditioned_latent_action,native,0,False,,240,False,False,,True,False,False,,False,,False,0.1454,akita_black_bowl_4,plate_2,,,,,,7497f3aa3d791c76,c89f1d45a04c572a,dd7c05bfb3c97ab9,48,592.5,,ambiguous
spatial,scene_0035,both,auto,sketchvla_prompt_conditioned_latent_action,native,1,False,,240,False,False,,True,False,False,,False,,False,0.1452,akita_black_bowl_4,plate_2,,,,,,7497f3aa3d791c76,de56dbe443ee4fb4,8469499d3dea8d06,48,583.1,,ambiguous
spatial,scene_0035,both,auto,sketchvla_prompt_conditioned_latent_action,native,2,False,,240,False,False,,True,False,False,,False,,False,0.1454,akita_black_bowl_4,plate_2,,,,,,7497f3aa3d791c76,9909e05cca78b9e8,1316cb38d8e6f7c0,48,576.9,,ambiguous
spatial,scene_0035,both,auto,sketchvla_prompt_conditioned_latent_action,native,3,False,,240,False,False,,True,False,False,,False,,False,0.1454,akita_black_bowl_4,plate_2,,,,,,7497f3aa3d791c76,a48fa0de9835dcbf,1df1a02ca95498cf,48,558.2,,ambiguous
spatial,scene_0035,both,auto,sketchvla_prompt_conditioned_latent_action,native,4,False,,240,False,False,,True,False,False,,False,,False,0.1454,akita_black_bowl_4,plate_2,,,,,,7497f3aa3d791c76,ff3a7dcb45123855,bad770c38552f045,48,571.0,,ambiguous
spatial,scene_0035,both,auto,sketchvla_prompt_conditioned_latent_action,native,5,False,,240,False,False,,True,False,False,,False,,False,0.1454,akita_black_bowl_4,plate_2,,,,,,7497f3aa3d791c76,afbcd42aa0471022,83ee4f508fa47846,48,607.7,,ambiguous
spatial,scene_0035,both,auto,sketchvla_prompt_conditioned_latent_action,native,6,False,,240,False,False,,True,True,True,glazed_rim_porcelain_ramekin_2,False,,False,0.1395,akita_black_bowl_4,plate_2,False,,,,,7497f3aa3d791c76,452005fc5f45a8f0,21dab981d1268f6e,48,607.2,,ambiguous
spatial,scene_0035,both,auto,sketchvla_prompt_conditioned_latent_action,native,7,False,,240,False,False,,True,False,False,,False,,False,0.1454,akita_black_bowl_4,plate_2,,,,,,7497f3aa3d791c76,8fb4779d28a3290c,aa0a945b5c921aba,48,548.8,,ambiguous
spatial,scene_0035,both,auto,sketchvla_prompt_conditioned_latent_action,native,8,False,,240,False,False,,True,False,False,,False,,False,0.1454,akita_black_bowl_4,plate_2,,,,,,7497f3aa3d791c76,f156d7f3076d7774,a050d95d2eaeef7d,48,574.9,,ambiguous
spatial,scene_0035,both,auto,sketchvla_prompt_conditioned_latent_action,native,9,False,,240,False,False,,True,False,False,,False,,False,0.1454,akita_black_bowl_4,plate_2,,,,,,7497f3aa3d791c76,10f57ee02a03cd09,78105b9f8fddb681,48,568.5,,ambiguous
spatial,scene_0035,both,auto,sketchvla_prompt_conditioned_latent_action,native,10,False,,240,False,False,,True,True,True,glazed_rim_porcelain_ramekin_2,False,,False,0.1215,akita_black_bowl_4,plate_2,False,,,,,7497f3aa3d791c76,9505a5b3d329acf2,531d6b1297b4ff1d,48,564.0,,ambiguous
spatial,scene_0035,both,auto,sketchvla_prompt_conditioned_latent_action,native,11,False,,240,False,False,,True,False,False,,False,,False,0.1454,akita_black_bowl_4,plate_2,,,,,,7497f3aa3d791c76,69d1f41e9dc84eeb,6272f495da3083f0,48,540.3,,ambiguous
spatial,scene_0035,both,auto,sketchvla_prompt_conditioned_latent_action,native,12,False,,240,False,False,,True,True,True,glazed_rim_porcelain_ramekin_2,False,,False,0.1078,akita_black_bowl_4,plate_2,False,,,,,7497f3aa3d791c76,a8db56480f351472,8b4baf102335e49a,48,564.2,,ambiguous
spatial,scene_0035,both,auto,sketchvla_prompt_conditioned_latent_action,native,13,False,,240,False,False,,True,False,False,,False,,False,0.1454,akita_black_bowl_4,plate_2,,,,,,7497f3aa3d791c76,5d1e0f83d2499c98,3e78b54074b0861e,48,591.0,,ambiguous
spatial,scene_0036,both,auto,sketchvla_prompt_conditioned_latent_action,native,0,False,,240,False,False,,True,True,True,plate_3,False,plate_3,False,0.0,akita_black_bowl_4,plate_2,False,False,,,,5ddf58cd0fd4545d,9b2cd119d27eecf9,10b08eb91af0077d,48,811.1,,ambiguous
spatial,scene_0036,both,auto,sketchvla_prompt_conditioned_latent_action,native,1,False,,240,False,False,,True,False,False,,False,,False,0.1193,akita_black_bowl_4,plate_2,,,,,,5ddf58cd0fd4545d,db5a114acf0a7eea,f0b098787e00c488,48,854.2,,ambiguous
spatial,scene_0036,both,auto,sketchvla_prompt_conditioned_latent_action,native,2,False,,240,False,False,,True,False,False,,False,,False,0.1385,akita_black_bowl_4,plate_2,,,,,,5ddf58cd0fd4545d,02e38ef6e2670348,9a01bf8ca6137a77,48,861.0,,ambiguous
spatial,scene_0036,both,auto,sketchvla_prompt_conditioned_latent_action,native,3,False,,240,False,False,,True,False,False,,False,,False,0.1191,akita_black_bowl_4,plate_2,,,,,,5ddf58cd0fd4545d,4ad7a8d6554af035,45d7129399b15796,48,850.3,,ambiguous
spatial,scene_0036,both,auto,sketchvla_prompt_conditioned_latent_action,native,4,False,,240,False,False,,True,False,False,,False,,False,0.1207,akita_black_bowl_4,plate_2,,,,,,5ddf58cd0fd4545d,58b4eb47dbb7f0bc,17c8ebe7936b4ff6,48,871.5,,ambiguous
spatial,scene_0036,both,auto,sketchvla_prompt_conditioned_latent_action,native,5,False,,240,False,False,,True,False,False,,False,,False,0.1141,akita_black_bowl_4,plate_2,,,,,,5ddf58cd0fd4545d,2d8d360d9ee225f2,135a938a121a788b,48,871.9,,ambiguous
spatial,scene_0036,both,auto,sketchvla_prompt_conditioned_latent_action,native,6,False,,240,False,False,,True,True,True,plate_1,False,plate_1,False,0.0,akita_black_bowl_4,plate_2,False,False,,,,5ddf58cd0fd4545d,e8ee6d5b694a6621,96acfe17d36c35a1,48,867.2,,ambiguous
spatial,scene_0036,both,auto,sketchvla_prompt_conditioned_latent_action,native,7,False,,240,False,False,,True,True,True,plate_1,False,plate_1,False,0.0,akita_black_bowl_4,plate_2,False,False,,,,5ddf58cd0fd4545d,3535bbdef3f52100,cce9489468571c51,48,851.1,,ambiguous
spatial,scene_0036,both,auto,sketchvla_prompt_conditioned_latent_action,native,8,False,,240,False,False,,True,False,False,,False,,False,0.1242,akita_black_bowl_4,plate_2,,,,,,5ddf58cd0fd4545d,52e9998e56192b3f,92eb65f35c1ffbf0,48,868.7,,ambiguous
spatial,scene_0036,both,auto,sketchvla_prompt_conditioned_latent_action,native,9,False,,240,False,False,,True,True,True,plate_1,False,plate_1,False,0.0,akita_black_bowl_4,plate_2,False,False,,,,5ddf58cd0fd4545d,f45c32c655dd3fee,13aa2eb7322f9987,48,871.9,,ambiguous
spatial,scene_0036,both,auto,sketchvla_prompt_conditioned_latent_action,native,10,False,,240,False,False,,True,False,False,,False,,False,0.1254,akita_black_bowl_4,plate_2,,,,,,5ddf58cd0fd4545d,4063e167cbcd790d,c413a289058998c4,48,873.9,,ambiguous
spatial,scene_0036,both,auto,sketchvla_prompt_conditioned_latent_action,native,11,False,,240,False,False,,True,False,False,,False,,False,0.1177,akita_black_bowl_4,plate_2,,,,,,5ddf58cd0fd4545d,8593e0bbe80099bb,abc010270d79d776,48,888.2,,ambiguous
spatial,scene_0036,both,auto,sketchvla_prompt_conditioned_latent_action,native,12,False,,240,False,False,,True,False,False,,False,,False,0.123,akita_black_bowl_4,plate_2,,,,,,5ddf58cd0fd4545d,d5e0456c936c04b7,e0b206dc657a09f9,48,889.3,,ambiguous
spatial,scene_0036,both,auto,sketchvla_prompt_conditioned_latent_action,native,13,False,,240,False,False,,True,True,True,plate_1,False,plate_1,False,0.0,akita_black_bowl_4,plate_2,False,False,,,,5ddf58cd0fd4545d,e78d57300014f6a5,4bdf43d131e97288,48,872.9,,ambiguous
spatial,scene_0037,both,auto,sketchvla_prompt_conditioned_latent_action,native,0,False,,240,False,False,,True,False,False,,False,,False,0.1171,akita_black_bowl_5,plate_1,,,,,,8f85ef2e321786bb,135f9312c66cf350,6cdb991f6c6b7e1c,48,854.2,,ambiguous
spatial,scene_0037,both,auto,sketchvla_prompt_conditioned_latent_action,native,1,False,,240,False,False,,True,False,False,,False,,False,0.1171,akita_black_bowl_5,plate_1,,,,,,8f85ef2e321786bb,d59af1d58d8d1fa3,92e836e7bc8f31c2,48,852.3,,ambiguous
spatial,scene_0037,both,auto,sketchvla_prompt_conditioned_latent_action,native,2,False,,240,False,False,,True,False,False,,False,,False,0.1171,akita_black_bowl_5,plate_1,,,,,,8f85ef2e321786bb,865ba16f9137f36c,c18dbb11d9f32290,48,862.9,,ambiguous
spatial,scene_0037,both,auto,sketchvla_prompt_conditioned_latent_action,native,3,False,,240,False,False,,True,False,False,,False,,False,0.1171,akita_black_bowl_5,plate_1,,,,,,8f85ef2e321786bb,716dbc14e6eb2a8f,9dcd123ef88aa72d,48,845.1,,ambiguous
spatial,scene_0037,both,auto,sketchvla_prompt_conditioned_latent_action,native,4,False,,240,False,False,,True,False,False,,False,,False,0.1171,akita_black_bowl_5,plate_1,,,,,,8f85ef2e321786bb,c37e37f0661c4a11,cd2f09a69350416c,48,875.2,,ambiguous
spatial,scene_0037,both,auto,sketchvla_prompt_conditioned_latent_action,native,5,False,,240,False,False,,True,False,False,,False,,False,0.1171,akita_black_bowl_5,plate_1,,,,,,8f85ef2e321786bb,0f49e22cff1fbd6c,00185490077316c2,48,866.0,,ambiguous
spatial,scene_0037,both,auto,sketchvla_prompt_conditioned_latent_action,native,6,False,,240,False,False,,True,False,False,,False,,False,0.1171,akita_black_bowl_5,plate_1,,,,,,8f85ef2e321786bb,1f6005636d3de5f3,56edb57a2c2e0245,48,849.4,,ambiguous
spatial,scene_0037,both,auto,sketchvla_prompt_conditioned_latent_action,native,7,False,,240,False,False,,True,False,False,,False,,False,0.1171,akita_black_bowl_5,plate_1,,,,,,8f85ef2e321786bb,522594860fcb5807,07443c29480738a0,48,846.1,,ambiguous
spatial,scene_0037,both,auto,sketchvla_prompt_conditioned_latent_action,native,8,False,,240,False,False,,True,False,False,,False,,False,0.1171,akita_black_bowl_5,plate_1,,,,,,8f85ef2e321786bb,a083b86e9f04e71e,f6586388f39336cf,48,865.7,,ambiguous
spatial,scene_0037,both,auto,sketchvla_prompt_conditioned_latent_action,native,9,False,,240,False,False,,True,False,False,,False,,False,0.1171,akita_black_bowl_5,plate_1,,,,,,8f85ef2e321786bb,40715aea3016b9ce,7c4a29ab19cd29bb,48,858.3,,ambiguous
spatial,scene_0037,both,auto,sketchvla_prompt_conditioned_latent_action,native,10,False,,240,False,False,,True,False,False,,False,,False,0.1171,akita_black_bowl_5,plate_1,,,,,,8f85ef2e321786bb,6c6b3481bf79b0a7,d29cb67689ef1516,48,870.6,,ambiguous
spatial,scene_0037,both,auto,sketchvla_prompt_conditioned_latent_action,native,11,False,,240,False,False,,True,False,False,,False,,False,0.1171,akita_black_bowl_5,plate_1,,,,,,8f85ef2e321786bb,486d1904118f146d,6665f776eb0de195,48,887.0,,ambiguous
spatial,scene_0037,both,auto,sketchvla_prompt_conditioned_latent_action,native,12,False,,240,False,False,,True,False,False,,False,,False,0.1171,akita_black_bowl_5,plate_1,,,,,,8f85ef2e321786bb,aa72f1b85257868f,fb246d073b3b61d0,48,880.2,,ambiguous
spatial,scene_0037,both,auto,sketchvla_prompt_conditioned_latent_action,native,13,False,,240,False,False,,True,False,False,,False,,False,0.1171,akita_black_bowl_5,plate_1,,,,,,8f85ef2e321786bb,7197d47067427c25,03fec7f1af1b14a7,48,841.8,,ambiguous
