suite,dir,tier,condition,policy,sketch_route,rollout_idx,skipped,skip_reason,n_steps,success_final,success_sustained,first_success_step,grasp_success_flag,grasped_any,lifted,grasped_instance,correct_instance_grasped,nearest_destination,correct_destination,terminal_dist_xy,sketch_referent_object,sketch_referent_destination,sketch_fidelity_object,sketch_fidelity_destination,deproject,z_pick,z_place,init_state_hash,init_warmstart_hash,final_state_hash,n_infer_calls,infer_ms_mean,pi05_sketch_mode,prompt_type
spatial,scene_0000,control,auto,sketchvla_input_overlay,native,0,False,,240,False,False,,True,False,False,,False,,False,0.1434,akita_black_bowl_1,plate_1,,,,,,f07199b0dd672c7b,3d4f359a615c2b16,a81f757ed4624b1e,48,2254.1,,ambiguous
spatial,scene_0000,control,auto,sketchvla_input_overlay,native,1,False,,240,True,True,78,True,True,True,akita_black_bowl_1,True,plate_1,True,0.0097,akita_black_bowl_1,plate_1,True,True,,,,f07199b0dd672c7b,fd71337c76e76260,b890306fc53820d9,48,974.9,,ambiguous
spatial,scene_0000,control,auto,sketchvla_input_overlay,native,2,False,,240,True,True,81,True,True,True,akita_black_bowl_1,True,plate_1,True,0.0139,akita_black_bowl_1,plate_1,True,True,,,,f07199b0dd672c7b,317e462472345227,6021ff0cbd815d97,48,966.8,,ambiguous
spatial,scene_0000,control,auto,sketchvla_input_overlay,native,3,False,,240,False,True,88,True,True,True,akita_black_bowl_1,True,plate_1,True,0.029,akita_black_bowl_1,plate_1,True,True,,,,f07199b0dd672c7b,1d630f85f968c342,5fad2539c3b54b4d,48,962.8,,ambiguous
spatial,scene_0000,control,auto,sketchvla_input_overlay,native,4,False,,240,True,True,79,True,True,True,akita_black_bowl_1,True,plate_1,True,0.0041,akita_black_bowl_1,plate_1,True,True,,,,f07199b0dd672c7b,91f5496b58a57425,569ad1b13aec0d6b,48,962.1,,ambiguous
spatial,scene_0000,control,auto,sketchvla_input_overlay,native,5,False,,240,True,True,140,True,True,True,akita_black_bowl_1,True,plate_1,True,0.021,akita_black_bowl_1,plate_1,True,True,,,,f07199b0dd672c7b,aaa93c0973280957,4bde9feb7dc088d5,48,966.2,,ambiguous
spatial,scene_0000,control,auto,sketchvla_input_overlay,native,6,False,,240,True,True,73,True,True,True,akita_black_bowl_1,True,plate_1,True,0.0186,akita_black_bowl_1,plate_1,True,True,,,,f07199b0dd672c7b,9e7f073ec524ab8f,bb7ae2bc7001330d,48,983.9,,ambiguous
spatial,scene_0000,control,auto,sketchvla_input_overlay,native,7,False,,240,True,True,72,True,True,True,akita_black_bowl_1,True,plate_1,True,0.0143,akita_black_bowl_1,plate_1,True,True,,,,f07199b0dd672c7b,18b5ef3bd57465f1,49391d0197f7bb1b,48,958.1,,ambiguous
spatial,scene_0000,control,auto,sketchvla_input_overlay,native,8,False,,240,True,True,75,True,True,True,akita_black_bowl_1,True,plate_1,True,0.0143,akita_black_bowl_1,plate_1,True,True,,,,f07199b0dd672c7b,7def09776e667e72,50a4bd43b2f817f8,48,978.1,,ambiguous
spatial,scene_0000,control,auto,sketchvla_input_overlay,native,9,False,,240,True,True,79,True,True,True,akita_black_bowl_1,True,plate_1,True,0.0032,akita_black_bowl_1,plate_1,True,True,,,,f07199b0dd672c7b,a8a2d9a9266dcb51,17470bc8ab0050d7,48,963.3,,ambiguous
spatial,scene_0000,control,auto,sketchvla_input_overlay,native,10,False,,240,True,True,75,True,True,True,akita_black_bowl_1,True,plate_1,True,0.0086,akita_black_bowl_1,plate_1,True,True,,,,f07199b0dd672c7b,e73e3580cf717f37,90e784b86381a7f9,48,974.4,,ambiguous
spatial,scene_0000,control,auto,sketchvla_input_overlay,native,11,False,,240,True,True,106,True,True,True,akita_black_bowl_1,True,plate_1,True,0.0086,akita_black_bowl_1,plate_1,True,True,,,,f07199b0dd672c7b,a62a74e135abe13f,3fea1dc6b508dd5a,48,957.9,,ambiguous
spatial,scene_0000,control,auto,sketchvla_input_overlay,native,12,False,,240,True,True,76,True,True,True,akita_black_bowl_1,True,plate_1,True,0.0061,akita_black_bowl_1,plate_1,True,True,,,,f07199b0dd672c7b,147067206f84680b,b084173cbed41da2,48,964.8,,ambiguous
spatial,scene_0000,control,auto,sketchvla_input_overlay,native,13,False,,240,False,True,82,True,True,True,akita_black_bowl_1,True,plate_1,True,0.0303,akita_black_bowl_1,plate_1,True,True,,,,f07199b0dd672c7b,3f948bb149665052,051d8aedd9d392f7,48,969.9,,ambiguous
spatial,scene_0001,control,auto,sketchvla_input_overlay,native,0,False,,240,True,True,104,True,True,True,akita_black_bowl_1,True,plate_1,True,0.0026,akita_black_bowl_1,plate_1,True,True,,,,08a66c7918f503d9,ae0d80dd5e3cf979,1c5e0e8af579c547,48,2232.2,,ambiguous
spatial,scene_0001,control,auto,sketchvla_input_overlay,native,1,False,,240,False,True,98,True,True,True,akita_black_bowl_1,True,plate_1,True,0.0112,akita_black_bowl_1,plate_1,True,True,,,,08a66c7918f503d9,d625d1ca821fd5ce,b441dc48fe65b389,48,956.2,,ambiguous
spatial,scene_0001,control,auto,sketchvla_input_overlay,native,2,False,,240,True,True,111,True,True,True,akita_black_bowl_1,True,plate_1,True,0.0041,akita_black_bowl_1,plate_1,True,True,,,,08a66c7918f503d9,628961b658e2d405,fd233d4eac9bc5df,48,966.7,,ambiguous
spatial,scene_0001,control,auto,sketchvla_input_overlay,native,3,False,,240,True,True,92,True,True,True,akita_black_bowl_1,True,plate_1,True,0.0045,akita_black_bowl_1,plate_1,True,True,,,,08a66c7918f503d9,2524a3ed0b394572,2438412799d3bd85,48,958.9,,ambiguous
spatial,scene_0001,control,auto,sketchvla_input_overlay,native,4,False,,240,True,True,110,True,True,True,akita_black_bowl_1,True,plate_1,True,0.0156,akita_black_bowl_1,plate_1,True,True,,,,08a66c7918f503d9,26efb8cc5ed8bc4d,4c6f495647f2c82a,48,961.3,,ambiguous
spatial,scene_0001,control,auto,sketchvla_input_overlay,native,5,False,,240,True,True,126,True,True,True,akita_black_bowl_1,True,plate_1,True,0.0096,akita_black_bowl_1,plate_1,True,True,,,,08a66c7918f503d9,b86e1e84102ba243,2e52e92f58a1875f,48,964.8,,ambiguous
spatial,scene_0001,control,auto,sketchvla_input_overlay,native,6,False,,240,True,True,99,True,True,True,akita_black_bowl_1,True,plate_1,True,0.0119,akita_black_bowl_1,plate_1,True,True,,,,08a66c7918f503d9,8706a02e7eb22500,c2688092e4296156,48,980.7,,ambiguous
spatial,scene_0001,control,auto,sketchvla_input_overlay,native,7,False,,240,True,True,101,True,True,True,akita_black_bowl_1,True,plate_1,True,0.0136,akita_black_bowl_1,plate_1,True,True,,,,08a66c7918f503d9,8c41383321308337,afc7973e9bcb02d3,48,961.5,,ambiguous
spatial,scene_0001,control,auto,sketchvla_input_overlay,native,8,False,,240,True,True,105,True,True,True,akita_black_bowl_1,True,plate_1,True,0.0036,akita_black_bowl_1,plate_1,True,True,,,,08a66c7918f503d9,0700ef7694b3605b,ce2f7152c0cb5c95,48,975.4,,ambiguous
spatial,scene_0001,control,auto,sketchvla_input_overlay,native,9,False,,240,True,True,106,True,True,True,akita_black_bowl_1,True,plate_1,True,0.0097,akita_black_bowl_1,plate_1,True,True,,,,08a66c7918f503d9,1c462d7b9fa43a89,333e528c95a13235,48,955.9,,ambiguous
spatial,scene_0001,control,auto,sketchvla_input_overlay,native,10,False,,240,True,True,111,True,True,True,akita_black_bowl_1,True,plate_1,True,0.0162,akita_black_bowl_1,plate_1,True,True,,,,08a66c7918f503d9,90bf30c35b9d8881,6e656126a0cb688c,48,974.6,,ambiguous
spatial,scene_0001,control,auto,sketchvla_input_overlay,native,11,False,,240,True,True,94,True,True,True,akita_black_bowl_1,True,plate_1,True,0.0142,akita_black_bowl_1,plate_1,True,True,,,,08a66c7918f503d9,61f16dd304d52f73,56eab2ebea0d15c5,48,965.5,,ambiguous
spatial,scene_0001,control,auto,sketchvla_input_overlay,native,12,False,,240,True,True,116,True,True,True,akita_black_bowl_1,True,plate_1,True,0.0115,akita_black_bowl_1,plate_1,True,True,,,,08a66c7918f503d9,60bbe670ba089a7b,d1ad18742c457efb,48,964.9,,ambiguous
spatial,scene_0001,control,auto,sketchvla_input_overlay,native,13,False,,240,True,True,97,True,True,True,akita_black_bowl_1,True,plate_1,True,0.008,akita_black_bowl_1,plate_1,True,True,,,,08a66c7918f503d9,2e64e38beb73ed5f,17069455574d9661,48,971.0,,ambiguous
spatial,scene_0002,control,auto,sketchvla_input_overlay,native,0,False,,240,True,True,119,True,True,True,akita_black_bowl_1,True,plate_1,True,0.013,akita_black_bowl_1,plate_1,True,True,,,,92c3ce3e58d6fcd4,d4daa6aaa6f75e32,3c5b89d475dac785,48,2245.0,,ambiguous
spatial,scene_0002,control,auto,sketchvla_input_overlay,native,1,False,,240,False,False,,True,False,False,,False,,False,0.2772,akita_black_bowl_1,plate_1,,,,,,92c3ce3e58d6fcd4,48a0cae776cbd343,b4a7fe7022750a68,48,964.3,,ambiguous
spatial,scene_0002,control,auto,sketchvla_input_overlay,native,2,False,,240,False,False,,True,True,True,akita_black_bowl_1,True,,False,0.276,akita_black_bowl_1,plate_1,True,,,,,92c3ce3e58d6fcd4,a6a24e0b54824769,9272b92dbcafdee9,48,979.2,,ambiguous
spatial,scene_0002,control,auto,sketchvla_input_overlay,native,3,False,,240,False,False,,True,False,False,,False,,False,0.2763,akita_black_bowl_1,plate_1,,,,,,92c3ce3e58d6fcd4,71d0bae8343cbf36,f8ea9c3e6ff29735,48,975.5,,ambiguous
spatial,scene_0002,control,auto,sketchvla_input_overlay,native,4,False,,240,True,True,107,True,True,True,akita_black_bowl_1,True,plate_1,True,0.0088,akita_black_bowl_1,plate_1,True,True,,,,92c3ce3e58d6fcd4,9ad6a8dfef36f8eb,d1d11fcbb6d6a433,48,967.1,,ambiguous
spatial,scene_0002,control,auto,sketchvla_input_overlay,native,5,False,,240,True,True,112,True,True,True,akita_black_bowl_1,True,plate_1,True,0.0143,akita_black_bowl_1,plate_1,True,True,,,,92c3ce3e58d6fcd4,deab455c99eeb509,e69fc7f78ead2b58,48,967.9,,ambiguous
spatial,scene_0002,control,auto,sketchvla_input_overlay,native,6,False,,240,True,True,118,True,True,True,akita_black_bowl_1,True,plate_1,True,0.0169,akita_black_bowl_1,plate_1,True,True,,,,92c3ce3e58d6fcd4,3df9d44d40b88ae0,5b4f6bf75160b6ef,48,979.9,,ambiguous
spatial,scene_0002,control,auto,sketchvla_input_overlay,native,7,False,,240,True,True,214,True,True,True,akita_black_bowl_1,True,plate_1,True,0.0216,akita_black_bowl_1,plate_1,True,True,,,,92c3ce3e58d6fcd4,7777efee2cac2acd,8711679f13bb00d3,48,970.5,,ambiguous
spatial,scene_0002,control,auto,sketchvla_input_overlay,native,8,False,,240,True,True,101,True,True,True,akita_black_bowl_1,True,plate_1,True,0.0062,akita_black_bowl_1,plate_1,True,True,,,,92c3ce3e58d6fcd4,49dd8fe8b0fcd432,cd58d59f52f572f9,48,973.9,,ambiguous
spatial,scene_0002,control,auto,sketchvla_input_overlay,native,9,False,,240,True,True,115,True,True,True,akita_black_bowl_1,True,plate_1,True,0.0243,akita_black_bowl_1,plate_1,True,True,,,,92c3ce3e58d6fcd4,bb643fdc321083f8,36197267f7c7829a,48,955.5,,ambiguous
spatial,scene_0002,control,auto,sketchvla_input_overlay,native,10,False,,240,True,True,184,True,True,True,akita_black_bowl_1,True,plate_1,True,0.025,akita_black_bowl_1,plate_1,True,True,,,,92c3ce3e58d6fcd4,ff3b196751f33d98,940db008a6c8c811,48,974.6,,ambiguous
spatial,scene_0002,control,auto,sketchvla_input_overlay,native,11,False,,240,False,False,,True,False,False,,False,,False,0.25,akita_black_bowl_1,plate_1,,,,,,92c3ce3e58d6fcd4,a883b14732f71ba4,37e4c724d99aff02,48,968.9,,ambiguous
spatial,scene_0002,control,auto,sketchvla_input_overlay,native,12,False,,240,True,True,190,True,True,True,akita_black_bowl_1,True,plate_1,True,0.0246,akita_black_bowl_1,plate_1,True,True,,,,92c3ce3e58d6fcd4,c5f455f594481521,589479c3dbf0b93d,48,970.7,,ambiguous
spatial,scene_0002,control,auto,sketchvla_input_overlay,native,13,False,,240,True,True,110,True,True,True,akita_black_bowl_1,True,plate_1,True,0.0077,akita_black_bowl_1,plate_1,True,True,,,,92c3ce3e58d6fcd4,50f25a9fa931d4f4,18f99e9e412a1825,48,979.8,,ambiguous
spatial,scene_0003,control,auto,sketchvla_input_overlay,native,0,False,,240,True,True,103,True,True,True,akita_black_bowl_1,True,plate_1,True,0.0142,akita_black_bowl_1,plate_1,True,True,,,,3266883a85de4ab2,6c3a81d305b9d04b,48616757264fac88,48,2183.5,,ambiguous
spatial,scene_0003,control,auto,sketchvla_input_overlay,native,1,False,,240,False,False,,True,False,False,,False,,False,0.2795,akita_black_bowl_1,plate_1,,,,,,3266883a85de4ab2,e152956aae327ce6,1ecb94366c362f0d,48,976.8,,ambiguous
spatial,scene_0003,control,auto,sketchvla_input_overlay,native,2,False,,240,True,True,110,True,True,True,akita_black_bowl_1,True,plate_1,True,0.0198,akita_black_bowl_1,plate_1,True,True,,,,3266883a85de4ab2,4c6c495da0929507,06c33b93e0a2b519,48,969.0,,ambiguous
spatial,scene_0003,control,auto,sketchvla_input_overlay,native,3,False,,240,True,True,105,True,True,True,akita_black_bowl_1,True,plate_1,True,0.0137,akita_black_bowl_1,plate_1,True,True,,,,3266883a85de4ab2,2c0c9e400cf3af5e,b2a64077b2b84fa7,48,976.7,,ambiguous
spatial,scene_0003,control,auto,sketchvla_input_overlay,native,4,False,,240,True,True,109,True,True,True,akita_black_bowl_1,True,plate_1,True,0.0133,akita_black_bowl_1,plate_1,True,True,,,,3266883a85de4ab2,bc832b26df0ccd59,c59ae2bb36a580d4,48,964.6,,ambiguous
spatial,scene_0003,control,auto,sketchvla_input_overlay,native,5,False,,240,True,True,107,True,True,True,akita_black_bowl_1,True,plate_1,True,0.0055,akita_black_bowl_1,plate_1,True,True,,,,3266883a85de4ab2,9fd82ff1240cd5db,65fbe19f73859c68,48,959.4,,ambiguous
spatial,scene_0003,control,auto,sketchvla_input_overlay,native,6,False,,240,True,True,106,True,True,True,akita_black_bowl_1,True,plate_1,True,0.0084,akita_black_bowl_1,plate_1,True,True,,,,3266883a85de4ab2,d19e8594d33bd501,7dc43ce0d31fc53b,48,983.5,,ambiguous
spatial,scene_0003,control,auto,sketchvla_input_overlay,native,7,False,,240,True,True,110,True,True,True,akita_black_bowl_1,True,plate_1,True,0.0129,akita_black_bowl_1,plate_1,True,True,,,,3266883a85de4ab2,6b70604cc2116d27,1926c37d8e6b7a98,48,965.4,,ambiguous
spatial,scene_0003,control,auto,sketchvla_input_overlay,native,8,False,,240,True,True,127,True,True,True,akita_black_bowl_1,True,plate_1,True,0.0022,akita_black_bowl_1,plate_1,True,True,,,,3266883a85de4ab2,863191c8684820f1,1cfdc00a8b8557a0,48,984.2,,ambiguous
spatial,scene_0003,control,auto,sketchvla_input_overlay,native,9,False,,240,True,True,108,True,True,True,akita_black_bowl_1,True,plate_1,True,0.0062,akita_black_bowl_1,plate_1,True,True,,,,3266883a85de4ab2,9f2c76820c6f4ff9,1ee2869a3c126b2a,48,971.2,,ambiguous
spatial,scene_0003,control,auto,sketchvla_input_overlay,native,10,False,,240,True,True,118,True,True,True,akita_black_bowl_1,True,plate_1,True,0.0078,akita_black_bowl_1,plate_1,True,True,,,,3266883a85de4ab2,7afe8fb44fe17a8c,1c1817c05217a0fe,48,975.2,,ambiguous
spatial,scene_0003,control,auto,sketchvla_input_overlay,native,11,False,,240,True,True,119,True,True,True,akita_black_bowl_1,True,plate_1,True,0.0099,akita_black_bowl_1,plate_1,True,True,,,,3266883a85de4ab2,26270bea4c92749e,9e8b27b07fc7fe9d,48,966.4,,ambiguous
spatial,scene_0003,control,auto,sketchvla_input_overlay,native,12,False,,240,True,True,101,True,True,True,akita_black_bowl_1,True,plate_1,True,0.0152,akita_black_bowl_1,plate_1,True,True,,,,3266883a85de4ab2,2972da37ca3b5c34,24d622fbcbde51db,48,976.6,,ambiguous
spatial,scene_0003,control,auto,sketchvla_input_overlay,native,13,False,,240,True,True,111,True,True,True,akita_black_bowl_1,True,plate_1,True,0.0158,akita_black_bowl_1,plate_1,True,True,,,,3266883a85de4ab2,7e84367b64467aa4,7a8c3dd284c2eebc,48,980.5,,ambiguous
spatial,scene_0004,referential,auto,sketchvla_input_overlay,native,0,False,,240,True,True,77,True,True,True,akita_black_bowl_1,True,plate_1,True,0.0126,akita_black_bowl_1,plate_1,True,True,,,,ae82ae1fd0a4a35a,fcdf3978c4f3fb14,f5c36a5f0c6cced0,48,2127.4,,ambiguous
spatial,scene_0004,referential,auto,sketchvla_input_overlay,native,1,False,,240,True,True,71,True,True,True,akita_black_bowl_1,True,plate_1,True,0.0158,akita_black_bowl_1,plate_1,True,True,,,,ae82ae1fd0a4a35a,39f0b79357e42455,e0585dc422ecc808,48,951.6,,ambiguous
spatial,scene_0004,referential,auto,sketchvla_input_overlay,native,2,False,,240,False,True,109,True,True,True,akita_black_bowl_1,True,plate_1,True,0.0281,akita_black_bowl_1,plate_1,True,True,,,,ae82ae1fd0a4a35a,f0817622823a784f,661054d3e43370b8,48,953.3,,ambiguous
spatial,scene_0004,referential,auto,sketchvla_input_overlay,native,3,False,,240,True,True,73,True,True,True,akita_black_bowl_1,True,plate_1,True,0.0195,akita_black_bowl_1,plate_1,True,True,,,,ae82ae1fd0a4a35a,acafba1d403bb907,b5033fa5af53164a,48,959.7,,ambiguous
spatial,scene_0004,referential,auto,sketchvla_input_overlay,native,4,False,,240,True,True,90,True,True,True,akita_black_bowl_1,True,plate_1,True,0.0227,akita_black_bowl_1,plate_1,True,True,,,,ae82ae1fd0a4a35a,b24058fe8adcb215,39050f0e7781c525,48,948.3,,ambiguous
spatial,scene_0004,referential,auto,sketchvla_input_overlay,native,5,False,,240,True,True,74,True,True,True,akita_black_bowl_1,True,plate_1,True,0.0085,akita_black_bowl_1,plate_1,True,True,,,,ae82ae1fd0a4a35a,2670c089f3112445,e69ac4ab6f899722,48,942.5,,ambiguous
spatial,scene_0004,referential,auto,sketchvla_input_overlay,native,6,False,,240,True,True,76,True,True,True,akita_black_bowl_1,True,plate_1,True,0.0022,akita_black_bowl_1,plate_1,True,True,,,,ae82ae1fd0a4a35a,9c13b9214664e78f,d524d4f32f3a62bd,48,963.8,,ambiguous
spatial,scene_0004,referential,auto,sketchvla_input_overlay,native,7,False,,240,True,True,93,True,True,True,akita_black_bowl_1,True,plate_1,True,0.0253,akita_black_bowl_1,plate_1,True,True,,,,ae82ae1fd0a4a35a,1a5a096c0efec423,8bfd88d5e6619b05,48,953.4,,ambiguous
spatial,scene_0004,referential,auto,sketchvla_input_overlay,native,8,False,,240,True,True,76,True,True,True,akita_black_bowl_1,True,plate_1,True,0.0133,akita_black_bowl_1,plate_1,True,True,,,,ae82ae1fd0a4a35a,ca825f50e3becb01,832ed9d7c04a177c,48,972.2,,ambiguous
spatial,scene_0004,referential,auto,sketchvla_input_overlay,native,9,False,,240,True,True,79,True,True,True,akita_black_bowl_1,True,plate_1,True,0.012,akita_black_bowl_1,plate_1,True,True,,,,ae82ae1fd0a4a35a,67c853eac77fbcfe,9ffbfbfd430ff6bc,48,946.4,,ambiguous
spatial,scene_0004,referential,auto,sketchvla_input_overlay,native,10,False,,240,True,True,116,True,True,True,akita_black_bowl_1,True,plate_1,True,0.0086,akita_black_bowl_1,plate_1,True,True,,,,ae82ae1fd0a4a35a,bdca1582a792e3b1,d4a47de5a9433103,48,966.5,,ambiguous
spatial,scene_0004,referential,auto,sketchvla_input_overlay,native,11,False,,240,True,True,82,True,True,True,akita_black_bowl_1,True,plate_1,True,0.0088,akita_black_bowl_1,plate_1,True,True,,,,ae82ae1fd0a4a35a,250dcc7ccd8a19ec,7958b0e9d63e7dfd,48,940.8,,ambiguous
spatial,scene_0004,referential,auto,sketchvla_input_overlay,native,12,False,,240,True,True,74,True,True,True,akita_black_bowl_1,True,plate_1,True,0.0129,akita_black_bowl_1,plate_1,True,True,,,,ae82ae1fd0a4a35a,b89eac9ff0a0f282,6acd62e7f7580ef6,48,951.3,,ambiguous
spatial,scene_0004,referential,auto,sketchvla_input_overlay,native,13,False,,240,True,True,102,True,True,True,akita_black_bowl_1,True,plate_1,True,0.0036,akita_black_bowl_1,plate_1,True,True,,,,ae82ae1fd0a4a35a,c6f1e7a2b98e8211,57caebcba38f17ad,48,960.4,,ambiguous
spatial,scene_0005,referential,auto,sketchvla_input_overlay,native,0,False,,240,True,True,104,True,True,True,akita_black_bowl_1,True,plate_1,True,0.0097,akita_black_bowl_1,plate_1,True,True,,,,6caf6cebff970c05,259feafda87a6e70,f328c784c5716bd8,48,1869.7,,ambiguous
spatial,scene_0005,referential,auto,sketchvla_input_overlay,native,1,False,,240,True,True,90,True,True,True,akita_black_bowl_1,True,plate_1,True,0.0104,akita_black_bowl_1,plate_1,True,True,,,,6caf6cebff970c05,345e3a7dd4656e89,ece0b41fd8d5ac81,48,925.6,,ambiguous
spatial,scene_0005,referential,auto,sketchvla_input_overlay,native,2,False,,240,True,True,104,True,True,True,akita_black_bowl_1,True,plate_1,True,0.0086,akita_black_bowl_1,plate_1,True,True,,,,6caf6cebff970c05,f8027f9bfecc84f8,a54d6ee01c270883,48,921.8,,ambiguous
spatial,scene_0005,referential,auto,sketchvla_input_overlay,native,3,False,,240,True,True,107,True,True,True,akita_black_bowl_1,True,plate_1,True,0.0097,akita_black_bowl_1,plate_1,True,True,,,,6caf6cebff970c05,0939005031fe0be2,e2a081e2b24d10de,48,930.6,,ambiguous
spatial,scene_0005,referential,auto,sketchvla_input_overlay,native,4,False,,240,True,True,93,True,True,True,akita_black_bowl_1,True,plate_1,True,0.0249,akita_black_bowl_1,plate_1,True,True,,,,6caf6cebff970c05,ba41a7629aaba0ea,bb968a7c4a9482a0,48,922.1,,ambiguous
spatial,scene_0005,referential,auto,sketchvla_input_overlay,native,5,False,,240,False,False,,True,True,True,akita_black_bowl_1,True,,False,0.1123,akita_black_bowl_1,plate_1,True,,,,,6caf6cebff970c05,e8859bf70eecad64,d62f96eedf4a7c19,48,906.3,,ambiguous
spatial,scene_0005,referential,auto,sketchvla_input_overlay,native,6,False,,240,True,True,92,True,True,True,akita_black_bowl_1,True,plate_1,True,0.0113,akita_black_bowl_1,plate_1,True,True,,,,6caf6cebff970c05,947f8aae83118f5d,6cc47f495e10e6b4,48,945.0,,ambiguous
spatial,scene_0005,referential,auto,sketchvla_input_overlay,native,7,False,,240,False,False,,True,True,True,akita_black_bowl_1,True,,False,0.1949,akita_black_bowl_1,plate_1,True,,,,,6caf6cebff970c05,0f0e944fd49045d9,b5369f7e307254cf,48,901.7,,ambiguous
spatial,scene_0005,referential,auto,sketchvla_input_overlay,native,8,False,,240,True,True,96,True,True,True,akita_black_bowl_1,True,plate_1,True,0.0034,akita_black_bowl_1,plate_1,True,True,,,,6caf6cebff970c05,377ae13d9f21eff1,3186da7f48dac3fb,48,940.0,,ambiguous
spatial,scene_0005,referential,auto,sketchvla_input_overlay,native,9,False,,240,True,True,101,True,True,True,akita_black_bowl_1,True,plate_1,True,0.0144,akita_black_bowl_1,plate_1,True,True,,,,6caf6cebff970c05,70617acae9d2e952,7e3ad53e1165c5f1,48,922.3,,ambiguous
spatial,scene_0005,referential,auto,sketchvla_input_overlay,native,10,False,,240,True,True,108,True,True,True,akita_black_bowl_1,True,plate_1,True,0.0265,akita_black_bowl_1,plate_1,True,True,,,,6caf6cebff970c05,3b7dab2ecad4775b,955ac83558b4906d,48,933.4,,ambiguous
spatial,scene_0005,referential,auto,sketchvla_input_overlay,native,11,False,,240,True,True,96,True,True,True,akita_black_bowl_1,True,plate_1,True,0.02,akita_black_bowl_1,plate_1,True,True,,,,6caf6cebff970c05,320ed793d48c80a6,a072c4b1a4d26c11,48,922.9,,ambiguous
spatial,scene_0005,referential,auto,sketchvla_input_overlay,native,12,False,,240,False,False,,True,True,True,akita_black_bowl_1,True,plate_1,True,0.0281,akita_black_bowl_1,plate_1,True,True,,,,6caf6cebff970c05,4ba59fec580f69ce,054d083115e856c4,48,926.2,,ambiguous
spatial,scene_0005,referential,auto,sketchvla_input_overlay,native,13,False,,240,True,True,90,True,True,True,akita_black_bowl_1,True,plate_1,True,0.0165,akita_black_bowl_1,plate_1,True,True,,,,6caf6cebff970c05,5afc8a3dec38cff8,134f916ac33b5f33,48,931.9,,ambiguous
spatial,scene_0006,referential,auto,sketchvla_input_overlay,native,0,False,,240,False,False,,True,True,True,akita_black_bowl_2,False,plate_1,True,0.027,akita_black_bowl_1,plate_1,False,True,,,,142d7f6c44738d65,0282fff2989b6e64,c5b989cf57bcad80,48,1641.9,,ambiguous
spatial,scene_0006,referential,auto,sketchvla_input_overlay,native,1,False,,240,False,False,,True,True,True,akita_black_bowl_2,False,plate_1,True,0.0231,akita_black_bowl_1,plate_1,False,True,,,,142d7f6c44738d65,d1aa7ecb200952ca,1c207a6e57dde91f,48,963.1,,ambiguous
spatial,scene_0006,referential,auto,sketchvla_input_overlay,native,2,False,,240,False,False,,True,True,True,akita_black_bowl_2,False,plate_1,True,0.0114,akita_black_bowl_1,plate_1,False,True,,,,142d7f6c44738d65,b37c64f1c2a6792d,0f29eba472fa939a,48,960.5,,ambiguous
spatial,scene_0006,referential,auto,sketchvla_input_overlay,native,3,False,,240,False,False,,True,True,True,akita_black_bowl_2,False,plate_1,True,0.0171,akita_black_bowl_1,plate_1,False,True,,,,142d7f6c44738d65,32535c489d4c86ce,a7e0acd9c6d2b030,48,966.6,,ambiguous
spatial,scene_0006,referential,auto,sketchvla_input_overlay,native,4,False,,240,False,False,,True,True,True,akita_black_bowl_2,False,plate_1,True,0.0144,akita_black_bowl_1,plate_1,False,True,,,,142d7f6c44738d65,59be7c706854d6a3,92282a6509a118cc,48,960.5,,ambiguous
spatial,scene_0006,referential,auto,sketchvla_input_overlay,native,5,False,,240,False,False,,True,True,True,akita_black_bowl_2,False,plate_1,True,0.0103,akita_black_bowl_1,plate_1,False,True,,,,142d7f6c44738d65,41e895c6c2167f4f,0a921c7de14e7523,48,959.3,,ambiguous
spatial,scene_0006,referential,auto,sketchvla_input_overlay,native,6,False,,240,False,False,,True,True,True,akita_black_bowl_2,False,plate_1,True,0.0246,akita_black_bowl_1,plate_1,False,True,,,,142d7f6c44738d65,eaec6eda6bc188a9,dfd39a39435dc1e0,48,974.5,,ambiguous
spatial,scene_0006,referential,auto,sketchvla_input_overlay,native,7,False,,240,False,False,,True,True,True,akita_black_bowl_2,False,plate_1,True,0.0149,akita_black_bowl_1,plate_1,False,True,,,,142d7f6c44738d65,b2ed3bd5f40b6e00,ae71e386211d28c1,48,963.2,,ambiguous
spatial,scene_0006,referential,auto,sketchvla_input_overlay,native,8,False,,240,False,False,,True,True,True,akita_black_bowl_2,False,plate_1,True,0.022,akita_black_bowl_1,plate_1,False,True,,,,142d7f6c44738d65,883175c7f94f7df1,cda636a058e667b2,48,966.1,,ambiguous
spatial,scene_0006,referential,auto,sketchvla_input_overlay,native,9,False,,240,False,False,,True,False,False,,False,,False,0.2581,akita_black_bowl_1,plate_1,,,,,,142d7f6c44738d65,adc600fcab98d0f8,6428c3b8988fe6a5,48,958.9,,ambiguous
spatial,scene_0006,referential,auto,sketchvla_input_overlay,native,10,False,,240,False,False,,True,False,False,,False,,False,0.2633,akita_black_bowl_1,plate_1,,,,,,142d7f6c44738d65,1f3be6361d5fa434,ea17c638d37e29ed,48,969.1,,ambiguous
spatial,scene_0006,referential,auto,sketchvla_input_overlay,native,11,False,,240,False,False,,True,True,True,akita_black_bowl_2,False,plate_1,True,0.013,akita_black_bowl_1,plate_1,False,True,,,,142d7f6c44738d65,e2f21acc4af61af1,62d74297ac37b381,48,964.3,,ambiguous
spatial,scene_0006,referential,auto,sketchvla_input_overlay,native,12,False,,240,False,False,,True,True,True,akita_black_bowl_2,False,plate_1,True,0.0178,akita_black_bowl_1,plate_1,False,True,,,,142d7f6c44738d65,95cbf7af2bfcf476,64ff301498daa4d7,48,972.7,,ambiguous
spatial,scene_0006,referential,auto,sketchvla_input_overlay,native,13,False,,240,False,False,,True,True,True,akita_black_bowl_2,False,plate_1,True,0.0105,akita_black_bowl_1,plate_1,False,True,,,,142d7f6c44738d65,007d21fec4239e54,d00b1cef5ce4bdeb,48,960.0,,ambiguous
spatial,scene_0007,referential,auto,sketchvla_input_overlay,native,0,False,,240,True,True,119,True,True,True,akita_black_bowl_1,True,plate_1,True,0.0144,akita_black_bowl_1,plate_1,True,True,,,,39e2b6db965f7d61,ea87499fc9bf6c6b,2b20298fb233b56f,48,1189.8,,ambiguous
spatial,scene_0007,referential,auto,sketchvla_input_overlay,native,1,False,,240,False,True,113,True,True,True,akita_black_bowl_1,True,plate_1,True,0.0337,akita_black_bowl_1,plate_1,True,True,,,,39e2b6db965f7d61,ec7de8a6d1f620a2,42f5dc72c2c2121b,48,920.6,,ambiguous
spatial,scene_0007,referential,auto,sketchvla_input_overlay,native,2,False,,240,False,False,,True,True,True,akita_black_bowl_1,True,plate_1,True,0.0326,akita_black_bowl_1,plate_1,True,True,,,,39e2b6db965f7d61,8ec6cfc7b07dc0af,26fca57291614c5c,48,929.5,,ambiguous
spatial,scene_0007,referential,auto,sketchvla_input_overlay,native,3,False,,240,False,False,,True,True,True,akita_black_bowl_1,True,,False,0.0958,akita_black_bowl_1,plate_1,True,,,,,39e2b6db965f7d61,8a7e0afea2159928,c152fb40ecbac671,48,911.7,,ambiguous
spatial,scene_0007,referential,auto,sketchvla_input_overlay,native,4,False,,240,False,False,,True,True,True,akita_black_bowl_1,True,plate_1,True,0.0309,akita_black_bowl_1,plate_1,True,True,,,,39e2b6db965f7d61,7702f1683c8d36d4,61365058d73cd3ee,48,925.5,,ambiguous
spatial,scene_0007,referential,auto,sketchvla_input_overlay,native,5,False,,240,False,False,,True,True,True,akita_black_bowl_1,True,plate_1,True,0.0422,akita_black_bowl_1,plate_1,True,True,,,,39e2b6db965f7d61,4f097181cc0c6e1f,0171dc6533412915,48,926.3,,ambiguous
spatial,scene_0007,referential,auto,sketchvla_input_overlay,native,6,False,,240,False,False,,True,True,True,akita_black_bowl_1,True,plate_1,True,0.0327,akita_black_bowl_1,plate_1,True,True,,,,39e2b6db965f7d61,a94847ded3d740c0,0d9288eb18bd3396,48,935.7,,ambiguous
spatial,scene_0007,referential,auto,sketchvla_input_overlay,native,7,False,,240,False,False,,True,True,True,akita_black_bowl_1,True,,False,0.0989,akita_black_bowl_1,plate_1,True,,,,,39e2b6db965f7d61,0b2e0cf7495d64d2,ad1249b2685dfe0b,48,906.6,,ambiguous
spatial,scene_0007,referential,auto,sketchvla_input_overlay,native,8,False,,240,False,False,,True,True,True,akita_black_bowl_1,True,plate_1,True,0.04,akita_black_bowl_1,plate_1,True,True,,,,39e2b6db965f7d61,ac08ad0b75443d27,bb2efd2d17f2a331,48,925.7,,ambiguous
spatial,scene_0007,referential,auto,sketchvla_input_overlay,native,9,False,,240,False,False,,True,True,True,akita_black_bowl_1,True,plate_1,True,0.0557,akita_black_bowl_1,plate_1,True,True,,,,39e2b6db965f7d61,a379aacde7bbc11b,e9bfb388fc41d9b6,48,919.1,,ambiguous
spatial,scene_0007,referential,auto,sketchvla_input_overlay,native,10,False,,240,True,True,125,True,True,True,akita_black_bowl_1,True,plate_1,True,0.0148,akita_black_bowl_1,plate_1,True,True,,,,39e2b6db965f7d61,d0558f5045cf2956,a058b8546a441daa,48,937.9,,ambiguous
spatial,scene_0007,referential,auto,sketchvla_input_overlay,native,11,False,,240,True,True,133,True,True,True,akita_black_bowl_1,True,plate_1,True,0.0118,akita_black_bowl_1,plate_1,True,True,,,,39e2b6db965f7d61,ee7d92dcf44cf541,918078d9388e21ab,48,924.0,,ambiguous
spatial,scene_0007,referential,auto,sketchvla_input_overlay,native,12,False,,240,True,True,128,True,True,True,akita_black_bowl_1,True,plate_1,True,0.0106,akita_black_bowl_1,plate_1,True,True,,,,39e2b6db965f7d61,7a946fc24c2b85ca,36111363ebcf9f2e,48,921.4,,ambiguous
spatial,scene_0007,referential,auto,sketchvla_input_overlay,native,13,False,,240,False,False,,True,True,True,akita_black_bowl_1,True,plate_1,True,0.0673,akita_black_bowl_1,plate_1,True,True,,,,39e2b6db965f7d61,06cb6c295d9750f1,c37d70dcd637b7d9,48,922.5,,ambiguous
spatial,scene_0008,referential,auto,sketchvla_input_overlay,native,0,False,,240,True,True,179,True,True,True,akita_black_bowl_1,True,plate_1,True,0.0108,akita_black_bowl_1,plate_1,True,True,,,,90b15abb710803a8,67e5d1acfc056e36,ddb4ec5ef6cf8abc,48,1187.5,,ambiguous
spatial,scene_0008,referential,auto,sketchvla_input_overlay,native,1,False,,240,True,True,86,True,True,True,akita_black_bowl_1,True,plate_1,True,0.0098,akita_black_bowl_1,plate_1,True,True,,,,90b15abb710803a8,d08c719e2d124572,48d0a473a848de7b,48,945.9,,ambiguous
spatial,scene_0008,referential,auto,sketchvla_input_overlay,native,2,False,,240,False,False,,True,True,True,akita_black_bowl_1,True,,False,0.125,akita_black_bowl_1,plate_1,True,,,,,90b15abb710803a8,92b7b4888f3eac9a,c3e6317d0531e0ac,48,951.2,,ambiguous
spatial,scene_0008,referential,auto,sketchvla_input_overlay,native,3,False,,240,False,False,,True,True,True,akita_black_bowl_1,True,,False,0.137,akita_black_bowl_1,plate_1,True,,,,,90b15abb710803a8,27f93b7605ae4c7b,90ca4dd083c6d071,48,957.2,,ambiguous
spatial,scene_0008,referential,auto,sketchvla_input_overlay,native,4,False,,240,True,True,181,True,True,True,akita_black_bowl_1,True,plate_1,True,0.0099,akita_black_bowl_1,plate_1,True,True,,,,90b15abb710803a8,909ac9103287eaa4,9242f091e0118dcf,48,946.9,,ambiguous
spatial,scene_0008,referential,auto,sketchvla_input_overlay,native,5,False,,240,True,True,103,True,True,True,akita_black_bowl_1,True,plate_1,True,0.0146,akita_black_bowl_1,plate_1,True,True,,,,90b15abb710803a8,91c4ef0f46cc3c73,ea84e82d1f95ed7a,48,954.4,,ambiguous
spatial,scene_0008,referential,auto,sketchvla_input_overlay,native,6,False,,240,True,True,73,True,True,True,akita_black_bowl_1,True,plate_1,True,0.0126,akita_black_bowl_1,plate_1,True,True,,,,90b15abb710803a8,044315ec4945a7ee,533eaf86b5f5f39e,48,961.6,,ambiguous
spatial,scene_0008,referential,auto,sketchvla_input_overlay,native,7,False,,240,True,True,69,True,True,True,akita_black_bowl_1,True,plate_1,True,0.0244,akita_black_bowl_1,plate_1,True,True,,,,90b15abb710803a8,9b72b155135f295c,66e2ae52a041eb2a,48,951.8,,ambiguous
spatial,scene_0008,referential,auto,sketchvla_input_overlay,native,8,False,,240,True,True,81,True,True,True,akita_black_bowl_1,True,plate_1,True,0.0243,akita_black_bowl_1,plate_1,True,True,,,,90b15abb710803a8,a2d98eaf5cb015f4,80f7f932c58dd4b2,48,955.8,,ambiguous
spatial,scene_0008,referential,auto,sketchvla_input_overlay,native,9,False,,240,True,True,201,True,True,True,akita_black_bowl_1,True,plate_1,True,0.0169,akita_black_bowl_1,plate_1,True,True,,,,90b15abb710803a8,c977b463470f8d7d,46faea8e4d49ae87,48,947.4,,ambiguous
spatial,scene_0008,referential,auto,sketchvla_input_overlay,native,10,False,,240,False,False,,True,True,True,akita_black_bowl_1,True,,False,0.1436,akita_black_bowl_1,plate_1,True,,,,,90b15abb710803a8,af8a2a21142e305f,2ccea45ef774cc0f,48,965.2,,ambiguous
spatial,scene_0008,referential,auto,sketchvla_input_overlay,native,11,False,,240,True,True,74,True,True,True,akita_black_bowl_1,True,plate_1,True,0.0115,akita_black_bowl_1,plate_1,True,True,,,,90b15abb710803a8,d45315a43a0f8544,4c7622ae838420e3,48,959.1,,ambiguous
spatial,scene_0008,referential,auto,sketchvla_input_overlay,native,12,False,,240,False,False,,True,False,False,,False,,False,0.2362,akita_black_bowl_1,plate_1,,,,,,90b15abb710803a8,fe74224460570922,1928ea0dcd98f319,48,959.7,,ambiguous
spatial,scene_0008,referential,auto,sketchvla_input_overlay,native,13,False,,240,False,False,,True,True,True,akita_black_bowl_1,True,plate_1,True,0.0373,akita_black_bowl_1,plate_1,True,True,,,,90b15abb710803a8,af82d4f1b9f0a8ae,7293a324067cb4d1,48,945.5,,ambiguous
spatial,scene_0009,referential,auto,sketchvla_input_overlay,native,0,False,,240,True,True,96,True,True,True,akita_black_bowl_1,True,plate_1,True,0.0159,akita_black_bowl_1,plate_1,True,True,,,,0ac7382ee6da0a67,b1211d36d5011f23,b5da29a1354f5fcb,48,1190.1,,ambiguous
spatial,scene_0009,referential,auto,sketchvla_input_overlay,native,1,False,,240,False,False,,True,True,True,akita_black_bowl_1,True,plate_1,True,0.0633,akita_black_bowl_1,plate_1,True,True,,,,0ac7382ee6da0a67,c76fa9604cb2e015,564ab9c2e6e3b5ae,48,914.6,,ambiguous
spatial,scene_0009,referential,auto,sketchvla_input_overlay,native,2,False,,240,False,True,110,True,True,True,akita_black_bowl_1,True,plate_1,True,0.0295,akita_black_bowl_1,plate_1,True,True,,,,0ac7382ee6da0a67,4d0965777c642c05,07d704a5e1a58258,48,917.4,,ambiguous
spatial,scene_0009,referential,auto,sketchvla_input_overlay,native,3,False,,240,True,True,89,True,True,True,akita_black_bowl_1,True,plate_1,True,0.0081,akita_black_bowl_1,plate_1,True,True,,,,0ac7382ee6da0a67,2a48c7ab58467684,52c84bd2c451e5a3,48,918.5,,ambiguous
spatial,scene_0009,referential,auto,sketchvla_input_overlay,native,4,False,,240,True,True,97,True,True,True,akita_black_bowl_1,True,plate_1,True,0.0064,akita_black_bowl_1,plate_1,True,True,,,,0ac7382ee6da0a67,dd33791a5652fada,a0d25ce200ebcc30,48,919.4,,ambiguous
spatial,scene_0009,referential,auto,sketchvla_input_overlay,native,5,False,,240,True,True,91,True,True,True,akita_black_bowl_1,True,plate_1,True,0.0117,akita_black_bowl_1,plate_1,True,True,,,,0ac7382ee6da0a67,86854293dd6bc548,cb60fd0f381ea5b9,48,923.2,,ambiguous
spatial,scene_0009,referential,auto,sketchvla_input_overlay,native,6,False,,240,True,True,90,True,True,True,akita_black_bowl_1,True,plate_1,True,0.0064,akita_black_bowl_1,plate_1,True,True,,,,0ac7382ee6da0a67,0b7096194654ca9c,fcf19c4d7be43d28,48,927.4,,ambiguous
spatial,scene_0009,referential,auto,sketchvla_input_overlay,native,7,False,,240,False,False,,True,True,True,akita_black_bowl_1,True,,False,0.0972,akita_black_bowl_1,plate_1,True,,,,,0ac7382ee6da0a67,27d884840e11efec,1ca6402acaf8c419,48,916.1,,ambiguous
spatial,scene_0009,referential,auto,sketchvla_input_overlay,native,8,False,,240,True,True,90,True,True,True,akita_black_bowl_1,True,plate_1,True,0.0143,akita_black_bowl_1,plate_1,True,True,,,,0ac7382ee6da0a67,0718e99d79f1cdda,4bf64806f3b567ce,48,932.9,,ambiguous
spatial,scene_0009,referential,auto,sketchvla_input_overlay,native,9,False,,240,True,True,93,True,True,True,akita_black_bowl_1,True,plate_1,True,0.0276,akita_black_bowl_1,plate_1,True,True,,,,0ac7382ee6da0a67,4756d0a0f6ad6dfe,057e5f4ac35ad4cf,48,925.4,,ambiguous
spatial,scene_0009,referential,auto,sketchvla_input_overlay,native,10,False,,240,True,True,102,True,True,True,akita_black_bowl_1,True,plate_1,True,0.0092,akita_black_bowl_1,plate_1,True,True,,,,0ac7382ee6da0a67,c9143c5a4404568a,4b1d217f7d4d0e48,48,930.9,,ambiguous
spatial,scene_0009,referential,auto,sketchvla_input_overlay,native,11,False,,240,True,True,101,True,True,True,akita_black_bowl_1,True,plate_1,True,0.0079,akita_black_bowl_1,plate_1,True,True,,,,0ac7382ee6da0a67,50c8524c40238b52,3a59509d6fd4bc98,48,922.7,,ambiguous
spatial,scene_0009,referential,auto,sketchvla_input_overlay,native,12,False,,240,True,True,117,True,True,True,akita_black_bowl_1,True,plate_1,True,0.0083,akita_black_bowl_1,plate_1,True,True,,,,0ac7382ee6da0a67,324bac5cbb7f3943,a48245c2c2bcc18c,48,922.5,,ambiguous
spatial,scene_0009,referential,auto,sketchvla_input_overlay,native,13,False,,240,True,True,93,True,True,True,akita_black_bowl_1,True,plate_1,True,0.0171,akita_black_bowl_1,plate_1,True,True,,,,0ac7382ee6da0a67,047178ff7ef76e69,a57da2f6db325797,48,891.6,,ambiguous
spatial,scene_0010,referential,auto,sketchvla_input_overlay,native,0,False,,240,False,False,,True,True,True,akita_black_bowl_3,False,plate_1,True,0.0325,akita_black_bowl_1,plate_1,False,True,,,,722dbd0dd5d0a92a,e615ed8d9a373d9c,46d9b5de63879fb4,48,1197.6,,ambiguous
spatial,scene_0010,referential,auto,sketchvla_input_overlay,native,1,False,,240,False,False,,True,True,True,akita_black_bowl_2,False,plate_1,True,0.0141,akita_black_bowl_1,plate_1,False,True,,,,722dbd0dd5d0a92a,648fad73e8bd0517,93e873132f95c50a,48,953.9,,ambiguous
spatial,scene_0010,referential,auto,sketchvla_input_overlay,native,2,False,,240,False,False,,True,True,True,akita_black_bowl_3,False,plate_1,True,0.0096,akita_black_bowl_1,plate_1,False,True,,,,722dbd0dd5d0a92a,76679883147eecbc,815c22f9d1e5bbea,48,949.8,,ambiguous
spatial,scene_0010,referential,auto,sketchvla_input_overlay,native,3,False,,240,False,False,,True,True,True,akita_black_bowl_2,False,plate_1,True,0.0142,akita_black_bowl_1,plate_1,False,True,,,,722dbd0dd5d0a92a,c6936e38c81d160f,80aa3c3f511e0981,48,952.3,,ambiguous
spatial,scene_0010,referential,auto,sketchvla_input_overlay,native,4,False,,240,False,False,,True,True,True,cookies_1,False,plate_1,True,0.0134,akita_black_bowl_1,plate_1,False,True,,,,722dbd0dd5d0a92a,64f586720b092ad7,7ea7bac4cc22de3a,48,956.3,,ambiguous
spatial,scene_0010,referential,auto,sketchvla_input_overlay,native,5,False,,240,False,False,,True,True,True,akita_black_bowl_2,False,plate_1,True,0.0018,akita_black_bowl_1,plate_1,False,True,,,,722dbd0dd5d0a92a,eb946efc1f020a17,ccb83cdbc79fcf3b,48,946.0,,ambiguous
spatial,scene_0010,referential,auto,sketchvla_input_overlay,native,6,False,,240,False,False,,True,True,True,akita_black_bowl_3,False,plate_1,True,0.0141,akita_black_bowl_1,plate_1,False,True,,,,722dbd0dd5d0a92a,c243ec9182ab9278,9ec4e0f93e302116,48,965.0,,ambiguous
spatial,scene_0010,referential,auto,sketchvla_input_overlay,native,7,False,,240,False,False,,True,False,False,,False,,False,0.1447,akita_black_bowl_1,plate_1,,,,,,722dbd0dd5d0a92a,67f3d311be56d946,15ded87d25226807,48,950.0,,ambiguous
spatial,scene_0010,referential,auto,sketchvla_input_overlay,native,8,False,,240,False,False,,True,True,True,akita_black_bowl_2,False,plate_1,True,0.0083,akita_black_bowl_1,plate_1,False,True,,,,722dbd0dd5d0a92a,13db6d286eb730e1,79d223f0cc4786d4,48,964.5,,ambiguous
spatial,scene_0010,referential,auto,sketchvla_input_overlay,native,9,False,,240,False,False,,True,True,True,akita_black_bowl_3,False,plate_1,True,0.0139,akita_black_bowl_1,plate_1,False,True,,,,722dbd0dd5d0a92a,234e01b616aa2466,4f9763b407f86617,48,957.7,,ambiguous
spatial,scene_0010,referential,auto,sketchvla_input_overlay,native,10,False,,240,False,False,,True,True,True,akita_black_bowl_3,False,plate_1,True,0.0068,akita_black_bowl_1,plate_1,False,True,,,,722dbd0dd5d0a92a,c1f9f3bdb7adef73,e51c0b76d09a4343,48,964.1,,ambiguous
spatial,scene_0010,referential,auto,sketchvla_input_overlay,native,11,False,,240,False,False,,True,False,False,,False,,False,0.2553,akita_black_bowl_1,plate_1,,,,,,722dbd0dd5d0a92a,565eacf5e270e1ba,363da5234b78baf1,48,953.6,,ambiguous
spatial,scene_0010,referential,auto,sketchvla_input_overlay,native,12,False,,240,False,False,,True,True,True,akita_black_bowl_2,False,plate_1,True,0.0054,akita_black_bowl_1,plate_1,False,True,,,,722dbd0dd5d0a92a,698296b26ff447d1,7ebeda5bf58ee1b6,48,953.2,,ambiguous
spatial,scene_0010,referential,auto,sketchvla_input_overlay,native,13,False,,240,False,False,,True,True,True,akita_black_bowl_2,False,plate_1,True,0.0173,akita_black_bowl_1,plate_1,False,True,,,,722dbd0dd5d0a92a,6be4b6ef08ba248c,f173d580505e88d0,48,925.0,,ambiguous
spatial,scene_0011,referential,auto,sketchvla_input_overlay,native,0,False,,240,True,True,99,True,True,True,akita_black_bowl_1,True,plate_1,True,0.0066,akita_black_bowl_1,plate_1,True,True,,,,0732edc788d5a360,4c234ebce327284b,053e22e4dff87a2f,48,1143.6,,ambiguous
spatial,scene_0011,referential,auto,sketchvla_input_overlay,native,1,False,,240,True,True,121,True,True,True,akita_black_bowl_1,True,plate_1,True,0.0235,akita_black_bowl_1,plate_1,True,True,,,,0732edc788d5a360,76d55eec3ecf9f23,7428956e5fde6a37,48,929.3,,ambiguous
spatial,scene_0011,referential,auto,sketchvla_input_overlay,native,2,False,,240,True,True,122,True,True,True,akita_black_bowl_1,True,plate_1,True,0.008,akita_black_bowl_1,plate_1,True,True,,,,0732edc788d5a360,9a2fbb3aed4f5b43,0e8a98efbb45d1e4,48,923.2,,ambiguous
spatial,scene_0011,referential,auto,sketchvla_input_overlay,native,3,False,,240,True,True,113,True,True,True,akita_black_bowl_1,True,plate_1,True,0.0073,akita_black_bowl_1,plate_1,True,True,,,,0732edc788d5a360,cbccc4a0efd2b51b,f2afe584e4db12e9,48,929.9,,ambiguous
spatial,scene_0011,referential,auto,sketchvla_input_overlay,native,4,False,,240,False,False,,True,False,False,,False,,False,0.2963,akita_black_bowl_1,plate_1,,,,,,0732edc788d5a360,9e0392767c419ed7,7d32dc0918594d3d,48,927.2,,ambiguous
spatial,scene_0011,referential,auto,sketchvla_input_overlay,native,5,False,,240,True,True,111,True,True,True,akita_black_bowl_1,True,plate_1,True,0.003,akita_black_bowl_1,plate_1,True,True,,,,0732edc788d5a360,21e00ef4c1e1b25c,cd82e02b224478e1,48,915.2,,ambiguous
spatial,scene_0011,referential,auto,sketchvla_input_overlay,native,6,False,,240,True,True,95,True,True,True,akita_black_bowl_1,True,plate_1,True,0.022,akita_black_bowl_1,plate_1,True,True,,,,0732edc788d5a360,e0ae4b1cc8d906c1,eb1e8c3dbd4dc215,48,937.3,,ambiguous
spatial,scene_0011,referential,auto,sketchvla_input_overlay,native,7,False,,240,True,True,108,True,True,True,akita_black_bowl_1,True,plate_1,True,0.0099,akita_black_bowl_1,plate_1,True,True,,,,0732edc788d5a360,e618204a8affa3e9,b67bfe7bb59a3f94,48,927.7,,ambiguous
spatial,scene_0011,referential,auto,sketchvla_input_overlay,native,8,False,,240,False,False,,True,True,True,cookies_1,False,plate_1,True,0.0345,akita_black_bowl_1,plate_1,False,True,,,,0732edc788d5a360,c6311e7dc244543c,c2186eb4e705fe32,48,943.5,,ambiguous
spatial,scene_0011,referential,auto,sketchvla_input_overlay,native,9,False,,240,False,False,,True,True,True,akita_black_bowl_4,False,plate_1,True,0.0027,akita_black_bowl_1,plate_1,False,True,,,,0732edc788d5a360,92f2d34035f697aa,2caac4d862fc8597,48,929.6,,ambiguous
spatial,scene_0011,referential,auto,sketchvla_input_overlay,native,10,False,,240,False,False,,True,True,True,cookies_1,False,plate_1,True,0.0276,akita_black_bowl_1,plate_1,False,True,,,,0732edc788d5a360,bc8390e0a94980ad,59a607fff994119d,48,944.5,,ambiguous
spatial,scene_0011,referential,auto,sketchvla_input_overlay,native,11,False,,240,True,True,105,True,True,True,akita_black_bowl_1,True,plate_1,True,0.0123,akita_black_bowl_1,plate_1,True,True,,,,0732edc788d5a360,2e2cb0302620210e,89b2eb01e719f450,48,925.2,,ambiguous
spatial,scene_0011,referential,auto,sketchvla_input_overlay,native,12,False,,240,True,True,111,True,True,True,akita_black_bowl_1,True,plate_1,True,0.0077,akita_black_bowl_1,plate_1,True,True,,,,0732edc788d5a360,8bb353b32924310d,5da665ec55c00386,48,924.7,,ambiguous
spatial,scene_0011,referential,auto,sketchvla_input_overlay,native,13,False,,240,True,True,99,True,True,True,akita_black_bowl_1,True,plate_1,True,0.0142,akita_black_bowl_1,plate_1,True,True,,,,0732edc788d5a360,3b20ed96a4d284d8,cf43f6bdd251f30b,48,892.4,,ambiguous
spatial,scene_0012,referential,auto,sketchvla_input_overlay,native,0,False,,240,True,True,213,True,True,True,akita_black_bowl_1,True,plate_1,True,0.0127,akita_black_bowl_1,plate_1,True,True,,,,697bd5f85fc89900,aee2d45c191538f2,d2acb426bd10b576,48,926.9,,ambiguous
spatial,scene_0012,referential,auto,sketchvla_input_overlay,native,1,False,,240,True,True,104,True,True,True,akita_black_bowl_1,True,plate_1,True,0.0114,akita_black_bowl_1,plate_1,True,True,,,,697bd5f85fc89900,7984a01bbde59196,e59ea0aba98cf207,48,939.1,,ambiguous
spatial,scene_0012,referential,auto,sketchvla_input_overlay,native,2,False,,240,True,True,80,True,True,True,akita_black_bowl_1,True,plate_1,True,0.0075,akita_black_bowl_1,plate_1,True,True,,,,697bd5f85fc89900,da928821597aaea0,1ddd77deef6cce37,48,938.7,,ambiguous
spatial,scene_0012,referential,auto,sketchvla_input_overlay,native,3,False,,240,True,True,81,True,True,True,akita_black_bowl_1,True,plate_1,True,0.0249,akita_black_bowl_1,plate_1,True,True,,,,697bd5f85fc89900,b71bebad1485fbfc,1a69d62b30d9c55c,48,958.4,,ambiguous
spatial,scene_0012,referential,auto,sketchvla_input_overlay,native,4,False,,240,True,True,78,True,True,True,akita_black_bowl_1,True,plate_1,True,0.0236,akita_black_bowl_1,plate_1,True,True,,,,697bd5f85fc89900,ff6ca6b2e709e7b6,3065a7b1dfc99f17,48,945.6,,ambiguous
spatial,scene_0012,referential,auto,sketchvla_input_overlay,native,5,False,,240,True,True,85,True,True,True,akita_black_bowl_1,True,plate_1,True,0.0059,akita_black_bowl_1,plate_1,True,True,,,,697bd5f85fc89900,7866092a69fdb2c9,2cc910e1272e2df8,48,932.7,,ambiguous
spatial,scene_0012,referential,auto,sketchvla_input_overlay,native,6,False,,240,True,True,77,True,True,True,akita_black_bowl_1,True,plate_1,True,0.0107,akita_black_bowl_1,plate_1,True,True,,,,697bd5f85fc89900,877fa1a757e2ad2f,1b07af8f35f6e2f1,48,968.9,,ambiguous
spatial,scene_0012,referential,auto,sketchvla_input_overlay,native,7,False,,240,True,True,85,True,True,True,akita_black_bowl_1,True,plate_1,True,0.0105,akita_black_bowl_1,plate_1,True,True,,,,697bd5f85fc89900,b25d051d82c36c59,ed78bd4be0228305,48,950.0,,ambiguous
spatial,scene_0012,referential,auto,sketchvla_input_overlay,native,8,False,,240,True,True,85,True,True,True,akita_black_bowl_1,True,plate_1,True,0.018,akita_black_bowl_1,plate_1,True,True,,,,697bd5f85fc89900,2db8122b0377d23d,a8f284fa609f948d,48,941.7,,ambiguous
spatial,scene_0012,referential,auto,sketchvla_input_overlay,native,9,False,,240,True,True,90,True,True,True,akita_black_bowl_1,True,plate_1,True,0.0063,akita_black_bowl_1,plate_1,True,True,,,,697bd5f85fc89900,bf12a49050b7c2ec,8fb1b65abd291c88,48,950.7,,ambiguous
spatial,scene_0012,referential,auto,sketchvla_input_overlay,native,10,False,,240,True,True,80,True,True,True,akita_black_bowl_1,True,plate_1,True,0.0059,akita_black_bowl_1,plate_1,True,True,,,,697bd5f85fc89900,2492634f268152b6,405b4a44df93e51d,48,945.5,,ambiguous
spatial,scene_0012,referential,auto,sketchvla_input_overlay,native,11,False,,240,True,True,75,True,True,True,akita_black_bowl_1,True,plate_1,True,0.0124,akita_black_bowl_1,plate_1,True,True,,,,697bd5f85fc89900,ac8a7557e675867d,94ba2ad7f18fc8e1,48,949.9,,ambiguous
spatial,scene_0012,referential,auto,sketchvla_input_overlay,native,12,False,,240,True,True,84,True,True,True,akita_black_bowl_1,True,plate_1,True,0.007,akita_black_bowl_1,plate_1,True,True,,,,697bd5f85fc89900,2814615ff89435b3,a093e791f37ba87c,48,963.6,,ambiguous
spatial,scene_0012,referential,auto,sketchvla_input_overlay,native,13,False,,240,True,True,79,True,True,True,akita_black_bowl_1,True,plate_1,True,0.0108,akita_black_bowl_1,plate_1,True,True,,,,697bd5f85fc89900,40f8c74499896201,006bdd77204db1f0,48,927.1,,ambiguous
spatial,scene_0013,referential,auto,sketchvla_input_overlay,native,0,False,,240,False,False,,True,True,True,akita_black_bowl_1,True,,False,0.1704,akita_black_bowl_1,plate_1,True,,,,,652adb2bb6f35367,36f08188017f48df,a3204f63222140f8,48,891.8,,ambiguous
spatial,scene_0013,referential,auto,sketchvla_input_overlay,native,1,False,,240,False,False,,True,True,True,akita_black_bowl_1,True,plate_1,True,0.0692,akita_black_bowl_1,plate_1,True,True,,,,652adb2bb6f35367,d5fcc27405d101d2,babe767f5e34d5f2,48,937.6,,ambiguous
spatial,scene_0013,referential,auto,sketchvla_input_overlay,native,2,False,,240,False,True,109,True,True,True,akita_black_bowl_1,True,plate_1,True,0.0552,akita_black_bowl_1,plate_1,True,True,,,,652adb2bb6f35367,7f665402c3ecd697,9890870a782261da,48,926.8,,ambiguous
spatial,scene_0013,referential,auto,sketchvla_input_overlay,native,3,False,,240,True,True,106,True,True,True,akita_black_bowl_1,True,plate_1,True,0.0056,akita_black_bowl_1,plate_1,True,True,,,,652adb2bb6f35367,3859057efbdf6572,82861bb0e599864a,48,939.2,,ambiguous
spatial,scene_0013,referential,auto,sketchvla_input_overlay,native,4,False,,240,True,True,113,True,True,True,akita_black_bowl_1,True,plate_1,True,0.0089,akita_black_bowl_1,plate_1,True,True,,,,652adb2bb6f35367,c967ec027e86c7b6,66844625770bec40,48,934.9,,ambiguous
spatial,scene_0013,referential,auto,sketchvla_input_overlay,native,5,False,,240,True,True,108,True,True,True,akita_black_bowl_1,True,plate_1,True,0.0248,akita_black_bowl_1,plate_1,True,True,,,,652adb2bb6f35367,7090fa33176599c4,1680a06c547e4999,48,930.3,,ambiguous
spatial,scene_0013,referential,auto,sketchvla_input_overlay,native,6,False,,240,False,False,,True,True,True,akita_black_bowl_1,True,plate_1,True,0.0468,akita_black_bowl_1,plate_1,True,True,,,,652adb2bb6f35367,f4345c78013c4cbe,583d4f07a866b782,48,947.4,,ambiguous
spatial,scene_0013,referential,auto,sketchvla_input_overlay,native,7,False,,240,True,True,104,True,True,True,akita_black_bowl_1,True,plate_1,True,0.0119,akita_black_bowl_1,plate_1,True,True,,,,652adb2bb6f35367,9bc5195ad951a571,591f576a06e82b1e,48,945.3,,ambiguous
spatial,scene_0013,referential,auto,sketchvla_input_overlay,native,8,False,,240,True,True,98,True,True,True,akita_black_bowl_1,True,plate_1,True,0.0126,akita_black_bowl_1,plate_1,True,True,,,,652adb2bb6f35367,a900a19ef9a2868e,38b590e0fb0dd633,48,932.3,,ambiguous
spatial,scene_0013,referential,auto,sketchvla_input_overlay,native,9,False,,240,True,True,110,True,True,True,akita_black_bowl_1,True,plate_1,True,0.0301,akita_black_bowl_1,plate_1,True,True,,,,652adb2bb6f35367,48bcef08a97a66d4,10307d0106ad3f59,48,922.4,,ambiguous
spatial,scene_0013,referential,auto,sketchvla_input_overlay,native,10,False,,240,True,True,222,True,True,True,akita_black_bowl_1,True,plate_1,True,0.0259,akita_black_bowl_1,plate_1,True,True,,,,652adb2bb6f35367,4d4edf3fb81307dd,72871a86931c5b97,48,930.3,,ambiguous
spatial,scene_0013,referential,auto,sketchvla_input_overlay,native,11,False,,240,False,False,,True,True,True,akita_black_bowl_1,True,plate_1,True,0.029,akita_black_bowl_1,plate_1,True,True,,,,652adb2bb6f35367,3e2d15697055971b,0d3ab9d26ed0deb7,48,931.1,,ambiguous
spatial,scene_0013,referential,auto,sketchvla_input_overlay,native,12,False,,240,False,False,,True,True,True,akita_black_bowl_1,True,plate_1,True,0.068,akita_black_bowl_1,plate_1,True,True,,,,652adb2bb6f35367,fc44f5bd4e89bdca,18903faaab489248,48,944.6,,ambiguous
spatial,scene_0013,referential,auto,sketchvla_input_overlay,native,13,False,,240,False,False,,True,True,True,akita_black_bowl_1,True,plate_1,True,0.0474,akita_black_bowl_1,plate_1,True,True,,,,652adb2bb6f35367,b571e8f88ec809a2,567e5f0b10ddce1c,48,915.2,,ambiguous
spatial,scene_0014,referential,auto,sketchvla_input_overlay,native,0,False,,240,False,False,,True,True,True,akita_black_bowl_2,False,plate_1,True,0.03,akita_black_bowl_1,plate_1,False,True,,,,421625ab9ff4bb51,27e93f005d5397c8,f88f8c0f020c1cad,48,910.7,,ambiguous
spatial,scene_0014,referential,auto,sketchvla_input_overlay,native,1,False,,240,False,False,,True,True,True,akita_black_bowl_2,False,plate_1,True,0.014,akita_black_bowl_1,plate_1,False,True,,,,421625ab9ff4bb51,880f51aef1e51175,47ba20c1d144d171,48,939.3,,ambiguous
spatial,scene_0014,referential,auto,sketchvla_input_overlay,native,2,False,,240,False,False,,True,True,True,cookies_1,False,,False,0.1487,akita_black_bowl_1,plate_1,False,,,,,421625ab9ff4bb51,6ca80e41122e21b3,33988f598960013c,48,957.0,,ambiguous
spatial,scene_0014,referential,auto,sketchvla_input_overlay,native,3,False,,240,False,False,,True,True,True,akita_black_bowl_2,False,plate_1,True,0.0163,akita_black_bowl_1,plate_1,False,True,,,,421625ab9ff4bb51,e7a7f258a3c3b2c8,53375269c8d2654e,48,967.2,,ambiguous
spatial,scene_0014,referential,auto,sketchvla_input_overlay,native,4,False,,240,False,False,,True,True,True,akita_black_bowl_3,False,,False,0.1076,akita_black_bowl_1,plate_1,False,,,,,421625ab9ff4bb51,a8177ea055425235,39960e5b02daea25,48,960.2,,ambiguous
spatial,scene_0014,referential,auto,sketchvla_input_overlay,native,5,False,,240,False,False,,True,True,True,akita_black_bowl_2,False,plate_1,True,0.0095,akita_black_bowl_1,plate_1,False,True,,,,421625ab9ff4bb51,910a84360f6426f6,8f7312baec8444fa,48,948.9,,ambiguous
spatial,scene_0014,referential,auto,sketchvla_input_overlay,native,6,False,,240,False,False,,True,True,True,akita_black_bowl_2,False,plate_1,True,0.0172,akita_black_bowl_1,plate_1,False,True,,,,421625ab9ff4bb51,7f36210f766e4fd3,75ab53af0a687c76,48,976.8,,ambiguous
spatial,scene_0014,referential,auto,sketchvla_input_overlay,native,7,False,,240,False,False,,True,True,True,akita_black_bowl_2,False,plate_1,True,0.013,akita_black_bowl_1,plate_1,False,True,,,,421625ab9ff4bb51,b0e92acf9f5831cc,eb6547d4b5412e7c,48,970.4,,ambiguous
spatial,scene_0014,referential,auto,sketchvla_input_overlay,native,8,False,,240,False,False,,True,True,True,akita_black_bowl_2,False,plate_1,True,0.0111,akita_black_bowl_1,plate_1,False,True,,,,421625ab9ff4bb51,9258920fa1caed9c,1a133f4d2ae4df16,48,947.9,,ambiguous
spatial,scene_0014,referential,auto,sketchvla_input_overlay,native,9,False,,240,False,False,,True,True,True,akita_black_bowl_3,False,,False,0.1244,akita_black_bowl_1,plate_1,False,,,,,421625ab9ff4bb51,06c3a93c542f4a19,013387cf98f068a9,48,957.9,,ambiguous
spatial,scene_0014,referential,auto,sketchvla_input_overlay,native,10,False,,240,False,False,,True,True,True,akita_black_bowl_2,False,plate_1,True,0.0326,akita_black_bowl_1,plate_1,False,True,,,,421625ab9ff4bb51,68ca224d8588177a,4471352adb374719,48,952.5,,ambiguous
spatial,scene_0014,referential,auto,sketchvla_input_overlay,native,11,False,,240,False,False,,True,True,True,akita_black_bowl_2,False,plate_1,True,0.0037,akita_black_bowl_1,plate_1,False,True,,,,421625ab9ff4bb51,2ce6cec3705cdb71,2a5692a2714cafee,48,951.9,,ambiguous
spatial,scene_0014,referential,auto,sketchvla_input_overlay,native,12,False,,240,False,False,,True,False,False,,False,,False,0.226,akita_black_bowl_1,plate_1,,,,,,421625ab9ff4bb51,cc6a6da521c9d898,f387f8e69c903fac,48,976.3,,ambiguous
spatial,scene_0014,referential,auto,sketchvla_input_overlay,native,13,False,,240,False,False,,True,True,True,akita_black_bowl_2,False,plate_1,True,0.0262,akita_black_bowl_1,plate_1,False,True,,,,421625ab9ff4bb51,03c219d874e4f539,37bd0126edcde0ba,48,953.2,,ambiguous
spatial,scene_0015,referential,auto,sketchvla_input_overlay,native,0,False,,240,False,False,,True,True,True,akita_black_bowl_1,True,,False,0.2365,akita_black_bowl_1,plate_1,True,,,,,b0bc4188b573076e,29bc93f5c2e78e9d,bbc22f203402d143,48,929.0,,ambiguous
spatial,scene_0015,referential,auto,sketchvla_input_overlay,native,1,False,,240,True,True,141,True,True,True,akita_black_bowl_1,True,plate_1,True,0.0098,akita_black_bowl_1,plate_1,True,True,,,,b0bc4188b573076e,f4401db86540f544,02174af4cfd439ae,48,914.9,,ambiguous
spatial,scene_0015,referential,auto,sketchvla_input_overlay,native,2,False,,240,False,False,,True,True,True,akita_black_bowl_1,True,,False,0.254,akita_black_bowl_1,plate_1,True,,,,,b0bc4188b573076e,cc98426be4ef9c9c,d98efae3b8bae102,48,924.8,,ambiguous
spatial,scene_0015,referential,auto,sketchvla_input_overlay,native,3,False,,240,True,True,135,True,True,True,akita_black_bowl_1,True,plate_1,True,0.0253,akita_black_bowl_1,plate_1,True,True,,,,b0bc4188b573076e,b90eb589d4044ab9,abf47ef8f530ca25,48,938.6,,ambiguous
spatial,scene_0015,referential,auto,sketchvla_input_overlay,native,4,False,,240,True,True,131,True,True,True,akita_black_bowl_1,True,plate_1,True,0.0231,akita_black_bowl_1,plate_1,True,True,,,,b0bc4188b573076e,f496990e27869d61,559dc5d055c68a3e,48,918.4,,ambiguous
spatial,scene_0015,referential,auto,sketchvla_input_overlay,native,5,False,,240,False,False,,True,True,True,akita_black_bowl_1,True,,False,0.0823,akita_black_bowl_1,plate_1,True,,,,,b0bc4188b573076e,5e715d897e2a66fe,e060373e28a2ca2b,48,923.1,,ambiguous
spatial,scene_0015,referential,auto,sketchvla_input_overlay,native,6,False,,240,True,True,121,True,True,True,akita_black_bowl_1,True,plate_1,True,0.0061,akita_black_bowl_1,plate_1,True,True,,,,b0bc4188b573076e,17594120c4ea35bb,882fe94ae62dd9cb,48,949.6,,ambiguous
spatial,scene_0015,referential,auto,sketchvla_input_overlay,native,7,False,,240,False,True,118,True,True,True,akita_black_bowl_1,True,plate_1,True,0.021,akita_black_bowl_1,plate_1,True,True,,,,b0bc4188b573076e,9d98381b08eaac2f,c055e19f517d9574,48,939.9,,ambiguous
spatial,scene_0015,referential,auto,sketchvla_input_overlay,native,8,False,,240,False,True,131,True,True,True,akita_black_bowl_1,True,plate_1,True,0.0076,akita_black_bowl_1,plate_1,True,True,,,,b0bc4188b573076e,e3a72075d048631d,ea8c2d9584caf1c2,48,920.5,,ambiguous
spatial,scene_0015,referential,auto,sketchvla_input_overlay,native,9,False,,240,False,True,100,True,True,True,akita_black_bowl_1,True,plate_1,True,0.0305,akita_black_bowl_1,plate_1,True,True,,,,b0bc4188b573076e,b1800c3694a58fa6,d319bb6af2d697b2,48,925.3,,ambiguous
spatial,scene_0015,referential,auto,sketchvla_input_overlay,native,10,False,,240,True,True,113,True,True,True,akita_black_bowl_1,True,plate_1,True,0.0137,akita_black_bowl_1,plate_1,True,True,,,,b0bc4188b573076e,321e4866df492bf1,e0e2d9be9f94b70d,48,933.8,,ambiguous
spatial,scene_0015,referential,auto,sketchvla_input_overlay,native,11,False,,240,False,False,,True,True,True,akita_black_bowl_1,True,plate_1,True,0.0329,akita_black_bowl_1,plate_1,True,True,,,,b0bc4188b573076e,ed4443c4c1b5bec0,3156daaa1a0f4f46,48,909.8,,ambiguous
spatial,scene_0015,referential,auto,sketchvla_input_overlay,native,12,False,,240,True,True,107,True,True,True,akita_black_bowl_1,True,plate_1,True,0.0154,akita_black_bowl_1,plate_1,True,True,,,,b0bc4188b573076e,754a2fcb13be5e55,139455ab77e8afda,48,945.4,,ambiguous
spatial,scene_0015,referential,auto,sketchvla_input_overlay,native,13,False,,240,False,False,,True,True,True,akita_black_bowl_1,True,,False,0.084,akita_black_bowl_1,plate_1,True,,,,,b0bc4188b573076e,6a7c1db7f36dc7a8,69b1ed09149fc9ee,48,906.0,,ambiguous
spatial,scene_0016,directional,auto,sketchvla_input_overlay,native,0,False,,240,False,False,,True,False,False,,False,,False,0.0841,akita_black_bowl_1,plate_2,,,,,,13e70576ca74efab,4f90f24d0349af96,8a77c5985763731d,48,920.3,,ambiguous
spatial,scene_0016,directional,auto,sketchvla_input_overlay,native,1,False,,240,False,False,,True,False,False,,False,plate_1,False,0.079,akita_black_bowl_1,plate_2,,False,,,,13e70576ca74efab,e74e57799fa01f44,831932e6ad3615d0,48,946.4,,ambiguous
spatial,scene_0016,directional,auto,sketchvla_input_overlay,native,2,False,,240,False,False,,True,True,True,akita_black_bowl_1,True,plate_1,False,0.0034,akita_black_bowl_1,plate_2,True,False,,,,13e70576ca74efab,2e3768038d5eb899,9fee62a41ce15500,48,953.0,,ambiguous
spatial,scene_0016,directional,auto,sketchvla_input_overlay,native,3,False,,240,False,False,,True,False,False,,False,,False,0.1026,akita_black_bowl_1,plate_2,,,,,,13e70576ca74efab,12a7418c0dbc3144,350227eadb47cc58,48,966.9,,ambiguous
spatial,scene_0016,directional,auto,sketchvla_input_overlay,native,4,False,,240,False,False,,True,False,False,,False,,False,0.0915,akita_black_bowl_1,plate_2,,,,,,13e70576ca74efab,8a870710c6901a06,f45f92e9bfe09661,48,943.8,,ambiguous
spatial,scene_0016,directional,auto,sketchvla_input_overlay,native,5,False,,240,False,False,,True,False,False,,False,,False,0.0816,akita_black_bowl_1,plate_2,,,,,,13e70576ca74efab,8edeb2e3797ed712,c7d539977d9f9988,48,951.5,,ambiguous
spatial,scene_0016,directional,auto,sketchvla_input_overlay,native,6,False,,240,False,False,,True,False,False,,False,,False,0.0809,akita_black_bowl_1,plate_2,,,,,,13e70576ca74efab,7a26c4deb30a0e3b,27ec2c65307c44a0,48,969.1,,ambiguous
spatial,scene_0016,directional,auto,sketchvla_input_overlay,native,7,False,,240,False,False,,True,False,False,,False,,False,0.0949,akita_black_bowl_1,plate_2,,,,,,13e70576ca74efab,d748ffe09119fbe8,53ea73fdef11202d,48,958.3,,ambiguous
spatial,scene_0016,directional,auto,sketchvla_input_overlay,native,8,False,,240,False,False,,True,False,False,,False,,False,0.0873,akita_black_bowl_1,plate_2,,,,,,13e70576ca74efab,241203336cb78f0e,aebf670dbd16727c,48,960.0,,ambiguous
spatial,scene_0016,directional,auto,sketchvla_input_overlay,native,9,False,,240,False,False,,True,False,False,,False,,False,0.0942,akita_black_bowl_1,plate_2,,,,,,13e70576ca74efab,a56a3ce15735c086,ccb598b4a365c6ab,48,946.9,,ambiguous
spatial,scene_0016,directional,auto,sketchvla_input_overlay,native,10,False,,240,False,False,,True,False,False,,False,,False,0.0878,akita_black_bowl_1,plate_2,,,,,,13e70576ca74efab,f92fddfe59fcca99,e43a8f63ca196b81,48,952.1,,ambiguous
spatial,scene_0016,directional,auto,sketchvla_input_overlay,native,11,False,,240,False,False,,True,False,False,,False,,False,0.1007,akita_black_bowl_1,plate_2,,,,,,13e70576ca74efab,e6651fe8646a182f,a9368a927ed7f674,48,950.8,,ambiguous
spatial,scene_0016,directional,auto,sketchvla_input_overlay,native,12,False,,240,False,False,,True,True,True,akita_black_bowl_1,True,,False,0.1081,akita_black_bowl_1,plate_2,True,,,,,13e70576ca74efab,4f716f246172a36a,639528c8a39d4ec0,48,962.1,,ambiguous
spatial,scene_0016,directional,auto,sketchvla_input_overlay,native,13,False,,240,False,False,,True,True,True,akita_black_bowl_1,True,,False,0.0865,akita_black_bowl_1,plate_2,True,,,,,13e70576ca74efab,7b06a94288ffdd35,c5a302b9c688245a,48,929.8,,ambiguous
spatial,scene_0017,directional,auto,sketchvla_input_overlay,native,0,False,,240,True,True,94,True,True,True,akita_black_bowl_1,True,plate_2,True,0.0105,akita_black_bowl_1,plate_2,True,True,,,,17055259d2569f54,6663ed54b732ac7d,fa71c1800b10285b,48,931.5,,ambiguous
spatial,scene_0017,directional,auto,sketchvla_input_overlay,native,1,False,,240,True,True,104,True,True,True,akita_black_bowl_1,True,plate_2,True,0.0104,akita_black_bowl_1,plate_2,True,True,,,,17055259d2569f54,30e4631da596f5dc,140967aafc7e0004,48,924.8,,ambiguous
spatial,scene_0017,directional,auto,sketchvla_input_overlay,native,2,False,,240,True,True,120,True,True,True,akita_black_bowl_1,True,plate_2,True,0.0028,akita_black_bowl_1,plate_2,True,True,,,,17055259d2569f54,24c5596eca55a29a,3fe5415ad1459f88,48,928.7,,ambiguous
spatial,scene_0017,directional,auto,sketchvla_input_overlay,native,3,False,,240,True,True,94,True,True,True,akita_black_bowl_1,True,plate_2,True,0.0115,akita_black_bowl_1,plate_2,True,True,,,,17055259d2569f54,93df91bcd51136f3,3c733e551ad43c6c,48,946.1,,ambiguous
spatial,scene_0017,directional,auto,sketchvla_input_overlay,native,4,False,,240,True,True,121,True,True,True,akita_black_bowl_1,True,plate_2,True,0.0148,akita_black_bowl_1,plate_2,True,True,,,,17055259d2569f54,f760bd9446a4987b,d0ddcb06e387a149,48,936.9,,ambiguous
spatial,scene_0017,directional,auto,sketchvla_input_overlay,native,5,False,,240,True,True,116,True,True,True,akita_black_bowl_1,True,plate_2,True,0.0064,akita_black_bowl_1,plate_2,True,True,,,,17055259d2569f54,7fe44498df0ea834,c571856378895b39,48,935.6,,ambiguous
spatial,scene_0017,directional,auto,sketchvla_input_overlay,native,6,False,,240,True,True,94,True,True,True,akita_black_bowl_1,True,plate_2,True,0.009,akita_black_bowl_1,plate_2,True,True,,,,17055259d2569f54,6fad172ab377822c,bc8781ec33fef551,48,957.8,,ambiguous
spatial,scene_0017,directional,auto,sketchvla_input_overlay,native,7,False,,240,True,True,126,True,True,True,akita_black_bowl_1,True,plate_2,True,0.0098,akita_black_bowl_1,plate_2,True,True,,,,17055259d2569f54,9d36778c0601ace4,5ce1cbd66b28f7dd,48,933.4,,ambiguous
spatial,scene_0017,directional,auto,sketchvla_input_overlay,native,8,False,,240,True,True,92,True,True,True,akita_black_bowl_1,True,plate_2,True,0.0094,akita_black_bowl_1,plate_2,True,True,,,,17055259d2569f54,42e5033a29120f46,8f07254a2d04426e,48,936.6,,ambiguous
spatial,scene_0017,directional,auto,sketchvla_input_overlay,native,9,False,,240,True,True,114,True,True,True,akita_black_bowl_1,True,plate_2,True,0.0077,akita_black_bowl_1,plate_2,True,True,,,,17055259d2569f54,e593982a3474df93,d7db7daf6bb4ae02,48,926.6,,ambiguous
spatial,scene_0017,directional,auto,sketchvla_input_overlay,native,10,False,,240,True,True,120,True,True,True,akita_black_bowl_1,True,plate_2,True,0.0257,akita_black_bowl_1,plate_2,True,True,,,,17055259d2569f54,adf563a0d2b4ae88,1d6e8700ff7cab87,48,927.7,,ambiguous
spatial,scene_0017,directional,auto,sketchvla_input_overlay,native,11,False,,240,False,True,111,True,True,True,akita_black_bowl_1,True,,False,0.0895,akita_black_bowl_1,plate_2,True,,,,,17055259d2569f54,9e9bbd74245cb59d,b9c952c07cdd09ce,48,922.6,,ambiguous
spatial,scene_0017,directional,auto,sketchvla_input_overlay,native,12,False,,240,False,True,113,True,True,True,akita_black_bowl_1,True,,False,0.1849,akita_black_bowl_1,plate_2,True,,,,,17055259d2569f54,39bd16c62939b074,b9e29e6809011648,48,935.4,,ambiguous
spatial,scene_0017,directional,auto,sketchvla_input_overlay,native,13,False,,240,True,True,109,True,True,True,akita_black_bowl_1,True,plate_2,True,0.0206,akita_black_bowl_1,plate_2,True,True,,,,17055259d2569f54,252dde4bccba7f7b,caf2b2df656f0402,48,915.5,,ambiguous
spatial,scene_0018,directional,auto,sketchvla_input_overlay,native,0,False,,240,False,False,,True,False,False,,False,,False,0.1854,akita_black_bowl_1,plate_1,,,,,,7041c5bf821b2f75,511cb1c9eca09cbc,4bdb3f676478af51,48,963.1,,ambiguous
spatial,scene_0018,directional,auto,sketchvla_input_overlay,native,1,False,,240,False,False,,True,False,False,,False,,False,0.2119,akita_black_bowl_1,plate_1,,,,,,7041c5bf821b2f75,56eeb23ac6368262,d3169c813cd58559,48,961.1,,ambiguous
spatial,scene_0018,directional,auto,sketchvla_input_overlay,native,2,False,,240,False,False,,True,False,False,,False,,False,0.1893,akita_black_bowl_1,plate_1,,,,,,7041c5bf821b2f75,b83dc2b24e4cd2f4,ce1ad513745ec3e7,48,968.7,,ambiguous
spatial,scene_0018,directional,auto,sketchvla_input_overlay,native,3,False,,240,False,False,,True,False,False,,False,,False,0.222,akita_black_bowl_1,plate_1,,,,,,7041c5bf821b2f75,a7d97a54b7ae76d5,ecaebff43c956cb2,48,978.1,,ambiguous
spatial,scene_0018,directional,auto,sketchvla_input_overlay,native,4,False,,240,False,False,,True,True,True,plate_2,False,plate_2,False,0.0,akita_black_bowl_1,plate_1,False,False,,,,7041c5bf821b2f75,a19c62872d0f8078,15012fca0421ac6e,48,969.4,,ambiguous
spatial,scene_0018,directional,auto,sketchvla_input_overlay,native,5,False,,240,False,False,,True,False,False,,False,,False,0.213,akita_black_bowl_1,plate_1,,,,,,7041c5bf821b2f75,6ddc2ed3722ac129,8e9723103c335a07,48,964.4,,ambiguous
spatial,scene_0018,directional,auto,sketchvla_input_overlay,native,6,False,,240,False,False,,True,False,False,,False,,False,0.2119,akita_black_bowl_1,plate_1,,,,,,7041c5bf821b2f75,7bb8b24d357e1cf5,a142ef2bf58187e7,48,979.7,,ambiguous
spatial,scene_0018,directional,auto,sketchvla_input_overlay,native,7,False,,240,False,False,,True,False,False,,False,,False,0.2161,akita_black_bowl_1,plate_1,,,,,,7041c5bf821b2f75,4343b0036070d0c6,0962ef04c3257480,48,963.4,,ambiguous
spatial,scene_0018,directional,auto,sketchvla_input_overlay,native,8,False,,240,False,False,,True,True,True,plate_2,False,plate_2,False,0.0,akita_black_bowl_1,plate_1,False,False,,,,7041c5bf821b2f75,7877c76a6aac2fd1,329b5c245009a7e9,48,958.7,,ambiguous
spatial,scene_0018,directional,auto,sketchvla_input_overlay,native,9,False,,240,False,False,,True,False,False,,False,,False,0.2371,akita_black_bowl_1,plate_1,,,,,,7041c5bf821b2f75,54f5f250723b7251,176d2ed495cba3ad,48,963.9,,ambiguous
spatial,scene_0018,directional,auto,sketchvla_input_overlay,native,10,False,,240,False,False,,True,False,False,,False,,False,0.1939,akita_black_bowl_1,plate_1,,,,,,7041c5bf821b2f75,3334d7e105814bb7,27837a4a39faea59,48,958.4,,ambiguous
spatial,scene_0018,directional,auto,sketchvla_input_overlay,native,11,False,,240,False,False,,True,True,True,plate_2,False,plate_2,False,0.0,akita_black_bowl_1,plate_1,False,False,,,,7041c5bf821b2f75,df342784f06a47d1,b16e4642a0d6ed6a,48,969.1,,ambiguous
spatial,scene_0018,directional,auto,sketchvla_input_overlay,native,12,False,,240,False,False,,True,False,False,,False,,False,0.2111,akita_black_bowl_1,plate_1,,,,,,7041c5bf821b2f75,32e1f78a0979a4e7,62107b70a415a29f,48,984.1,,ambiguous
spatial,scene_0018,directional,auto,sketchvla_input_overlay,native,13,False,,240,False,False,,True,True,True,plate_2,False,plate_2,False,0.0,akita_black_bowl_1,plate_1,False,False,,,,7041c5bf821b2f75,686af5939d6ba5ea,47cfafb8f72b4546,48,948.7,,ambiguous
spatial,scene_0019,directional,auto,sketchvla_input_overlay,native,0,False,,240,False,False,,True,True,True,akita_black_bowl_1,True,plate_3,False,0.0054,akita_black_bowl_1,plate_2,True,False,,,,56a96811a69b0ee4,4a29fcd098f30e6d,79cb29f07a5cae45,48,951.5,,ambiguous
spatial,scene_0019,directional,auto,sketchvla_input_overlay,native,1,False,,240,False,False,,True,True,True,akita_black_bowl_1,True,plate_3,False,0.0239,akita_black_bowl_1,plate_2,True,False,,,,56a96811a69b0ee4,02bc92ea58bff794,59d7ddfd56908676,48,941.1,,ambiguous
spatial,scene_0019,directional,auto,sketchvla_input_overlay,native,2,False,,240,False,False,,True,True,True,akita_black_bowl_2,False,plate_3,False,0.0709,akita_black_bowl_1,plate_2,False,False,,,,56a96811a69b0ee4,8cc6d3ba3fcf183c,8ff6902b071310c5,48,924.9,,ambiguous
spatial,scene_0019,directional,auto,sketchvla_input_overlay,native,3,False,,240,False,False,,True,True,True,akita_black_bowl_1,True,plate_3,False,0.0118,akita_black_bowl_1,plate_2,True,False,,,,56a96811a69b0ee4,46468f3e8d182e66,51a1b07fba68b73b,48,949.4,,ambiguous
spatial,scene_0019,directional,auto,sketchvla_input_overlay,native,4,False,,240,False,False,,True,True,True,akita_black_bowl_1,True,plate_3,False,0.0112,akita_black_bowl_1,plate_2,True,False,,,,56a96811a69b0ee4,6a2a063fc2a5f919,6031ff1c3dd4c478,48,949.8,,ambiguous
spatial,scene_0019,directional,auto,sketchvla_input_overlay,native,5,False,,240,False,False,,True,True,True,akita_black_bowl_1,True,plate_3,False,0.0265,akita_black_bowl_1,plate_2,True,False,,,,56a96811a69b0ee4,c347fcb5c35cb3ee,7f9ed6393683ac01,48,937.1,,ambiguous
spatial,scene_0019,directional,auto,sketchvla_input_overlay,native,6,False,,240,False,False,,True,True,True,akita_black_bowl_1,True,plate_3,False,0.0118,akita_black_bowl_1,plate_2,True,False,,,,56a96811a69b0ee4,32850704b3c79127,7494d26d8913d605,48,951.8,,ambiguous
spatial,scene_0019,directional,auto,sketchvla_input_overlay,native,7,False,,240,False,False,,True,True,True,akita_black_bowl_1,True,plate_3,False,0.0061,akita_black_bowl_1,plate_2,True,False,,,,56a96811a69b0ee4,74e21aeac9a8786c,14d9d44e1465e55e,48,940.0,,ambiguous
spatial,scene_0019,directional,auto,sketchvla_input_overlay,native,8,False,,240,False,False,,True,True,True,akita_black_bowl_2,False,plate_3,False,0.0124,akita_black_bowl_1,plate_2,False,False,,,,56a96811a69b0ee4,3231f3cac00ab877,d94dea4cab970cf5,48,924.3,,ambiguous
spatial,scene_0019,directional,auto,sketchvla_input_overlay,native,9,False,,240,False,False,,True,True,True,akita_black_bowl_2,False,plate_3,False,0.0107,akita_black_bowl_1,plate_2,False,False,,,,56a96811a69b0ee4,dd30fd169f755df5,2ab1b7385c81a31e,48,939.1,,ambiguous
spatial,scene_0019,directional,auto,sketchvla_input_overlay,native,10,False,,240,False,False,,True,True,True,akita_black_bowl_2,False,plate_3,False,0.0201,akita_black_bowl_1,plate_2,False,False,,,,56a96811a69b0ee4,a0a7c47e3c390254,4557e495328cc10a,48,935.2,,ambiguous
spatial,scene_0019,directional,auto,sketchvla_input_overlay,native,11,False,,240,False,False,,True,True,True,akita_black_bowl_1,True,plate_3,False,0.0274,akita_black_bowl_1,plate_2,True,False,,,,56a96811a69b0ee4,4dff385e5c0ff85a,e83c3b0c72aca670,48,931.1,,ambiguous
spatial,scene_0019,directional,auto,sketchvla_input_overlay,native,12,False,,240,False,False,,True,True,True,akita_black_bowl_2,False,plate_3,False,0.0458,akita_black_bowl_1,plate_2,False,False,,,,56a96811a69b0ee4,9e75681b195827c8,89cb8ba451875968,48,940.5,,ambiguous
spatial,scene_0019,directional,auto,sketchvla_input_overlay,native,13,False,,240,False,False,,True,True,True,akita_black_bowl_2,False,,False,0.1718,akita_black_bowl_1,plate_2,False,,,,,56a96811a69b0ee4,fa5bbda4671fcc16,ba01f7c5c73d1bb8,48,900.2,,ambiguous
spatial,scene_0020,directional,auto,sketchvla_input_overlay,native,0,False,,240,True,True,148,True,True,True,akita_black_bowl_1,True,plate_1,True,0.0043,akita_black_bowl_1,plate_1,True,True,,,,bc092c3a45f91352,806bb43fc3d92657,b1e57daf35711cce,48,967.6,,ambiguous
spatial,scene_0020,directional,auto,sketchvla_input_overlay,native,1,False,,240,False,False,,True,False,False,,False,,False,0.1326,akita_black_bowl_1,plate_1,,,,,,bc092c3a45f91352,9db7b5836cbe31f4,0f0411c6bade4b46,48,961.6,,ambiguous
spatial,scene_0020,directional,auto,sketchvla_input_overlay,native,2,False,,240,True,True,103,True,True,True,akita_black_bowl_1,True,plate_1,True,0.0078,akita_black_bowl_1,plate_1,True,True,,,,bc092c3a45f91352,11e771efb95430c5,dc2f3d732bb5da8c,48,962.7,,ambiguous
spatial,scene_0020,directional,auto,sketchvla_input_overlay,native,3,False,,240,False,False,,True,True,True,akita_black_bowl_1,True,plate_1,True,0.0279,akita_black_bowl_1,plate_1,True,True,,,,bc092c3a45f91352,f794e1bbbf168c03,ed243cb5ba11ed41,48,969.3,,ambiguous
spatial,scene_0020,directional,auto,sketchvla_input_overlay,native,4,False,,240,True,True,75,True,True,True,akita_black_bowl_1,True,plate_1,True,0.0143,akita_black_bowl_1,plate_1,True,True,,,,bc092c3a45f91352,3b6d9de3957fbacb,3bf288c20304da51,48,961.8,,ambiguous
spatial,scene_0020,directional,auto,sketchvla_input_overlay,native,5,False,,240,False,True,84,True,True,True,akita_black_bowl_1,True,,False,0.091,akita_black_bowl_1,plate_1,True,,,,,bc092c3a45f91352,56f63099c1c446a2,0a5a4deab2b25cea,48,954.6,,ambiguous
spatial,scene_0020,directional,auto,sketchvla_input_overlay,native,6,False,,240,False,False,,True,False,False,,False,,False,0.1215,akita_black_bowl_1,plate_1,,,,,,bc092c3a45f91352,057e9df4728245cc,1bc5e0d9a354ab18,48,985.1,,ambiguous
spatial,scene_0020,directional,auto,sketchvla_input_overlay,native,7,False,,240,True,True,182,True,True,True,akita_black_bowl_1,True,plate_1,True,0.0127,akita_black_bowl_1,plate_1,True,True,,,,bc092c3a45f91352,5916da0fe9b8abe6,5abc2d9f83c4364f,48,965.6,,ambiguous
spatial,scene_0020,directional,auto,sketchvla_input_overlay,native,8,False,,240,True,True,148,True,True,True,akita_black_bowl_1,True,plate_1,True,0.0102,akita_black_bowl_1,plate_1,True,True,,,,bc092c3a45f91352,68fb97379be9fdbd,6e24428fbc6bbf7c,48,950.4,,ambiguous
spatial,scene_0020,directional,auto,sketchvla_input_overlay,native,9,False,,240,False,False,,True,False,False,,False,,False,0.1321,akita_black_bowl_1,plate_1,,,,,,bc092c3a45f91352,0330d9a962466784,3443cf38137ffbd3,48,959.2,,ambiguous
spatial,scene_0020,directional,auto,sketchvla_input_overlay,native,10,False,,240,False,False,,True,False,False,,False,,False,0.1263,akita_black_bowl_1,plate_1,,,,,,bc092c3a45f91352,811fb76884b9ccb1,cd87058451da4e3c,48,959.7,,ambiguous
spatial,scene_0020,directional,auto,sketchvla_input_overlay,native,11,False,,240,True,True,87,True,True,True,akita_black_bowl_1,True,plate_1,True,0.0052,akita_black_bowl_1,plate_1,True,True,,,,bc092c3a45f91352,221c60369366ec81,4aaaf0348187a3a0,48,958.2,,ambiguous
spatial,scene_0020,directional,auto,sketchvla_input_overlay,native,12,False,,240,True,True,86,True,True,True,akita_black_bowl_1,True,plate_1,True,0.0176,akita_black_bowl_1,plate_1,True,True,,,,bc092c3a45f91352,82716398364efdb7,641e6279bc03ba58,48,974.1,,ambiguous
spatial,scene_0020,directional,auto,sketchvla_input_overlay,native,13,False,,240,True,True,74,True,True,True,akita_black_bowl_1,True,plate_1,True,0.0107,akita_black_bowl_1,plate_1,True,True,,,,bc092c3a45f91352,c4b756bd5d864ad3,9267326cdcce44cb,48,942.8,,ambiguous
spatial,scene_0021,directional,auto,sketchvla_input_overlay,native,0,False,,240,False,False,,True,True,True,akita_black_bowl_1,True,plate_1,False,0.0086,akita_black_bowl_1,plate_2,True,False,,,,575102c75eef60d5,7c5bedfabd3328eb,02d5dfd0ba75a7d9,48,935.2,,ambiguous
spatial,scene_0021,directional,auto,sketchvla_input_overlay,native,1,False,,240,False,False,,True,True,True,akita_black_bowl_1,True,plate_1,False,0.0062,akita_black_bowl_1,plate_2,True,False,,,,575102c75eef60d5,94db8b3d34b77987,94213fe1f603fdbc,48,924.3,,ambiguous
spatial,scene_0021,directional,auto,sketchvla_input_overlay,native,2,False,,240,False,False,,True,True,True,akita_black_bowl_1,True,plate_1,False,0.006,akita_black_bowl_1,plate_2,True,False,,,,575102c75eef60d5,5d74e2ce03c2ced5,7be9f9cc717ee51d,48,943.4,,ambiguous
spatial,scene_0021,directional,auto,sketchvla_input_overlay,native,3,False,,240,False,False,,True,True,True,akita_black_bowl_1,True,plate_1,False,0.0027,akita_black_bowl_1,plate_2,True,False,,,,575102c75eef60d5,9e3b0e0b4b71bb2a,0fd99c52325ec46d,48,945.1,,ambiguous
spatial,scene_0021,directional,auto,sketchvla_input_overlay,native,4,False,,240,False,False,,True,True,True,akita_black_bowl_1,True,plate_1,False,0.0096,akita_black_bowl_1,plate_2,True,False,,,,575102c75eef60d5,9944abdce058a6ef,915802245f1b4989,48,925.3,,ambiguous
spatial,scene_0021,directional,auto,sketchvla_input_overlay,native,5,False,,240,False,False,,True,True,True,akita_black_bowl_1,True,plate_1,False,0.0212,akita_black_bowl_1,plate_2,True,False,,,,575102c75eef60d5,19cb6bdd8d6579bc,05dd5f6343d987af,48,936.0,,ambiguous
spatial,scene_0021,directional,auto,sketchvla_input_overlay,native,6,False,,240,False,False,,True,True,True,akita_black_bowl_1,True,plate_1,False,0.0111,akita_black_bowl_1,plate_2,True,False,,,,575102c75eef60d5,e0ce03060dfd2126,12c6e1cfec079ad0,48,959.2,,ambiguous
spatial,scene_0021,directional,auto,sketchvla_input_overlay,native,7,False,,240,False,False,,True,True,True,akita_black_bowl_1,True,plate_1,False,0.0135,akita_black_bowl_1,plate_2,True,False,,,,575102c75eef60d5,ac0ec1553d7d6a9a,70dba28373b406e7,48,932.4,,ambiguous
spatial,scene_0021,directional,auto,sketchvla_input_overlay,native,8,False,,240,False,False,,True,True,True,akita_black_bowl_1,True,plate_1,False,0.0064,akita_black_bowl_1,plate_2,True,False,,,,575102c75eef60d5,6ddc6b6caf71bede,37e3072e3a35a3dc,48,938.5,,ambiguous
spatial,scene_0021,directional,auto,sketchvla_input_overlay,native,9,False,,240,False,False,,True,True,True,akita_black_bowl_1,True,plate_1,False,0.0049,akita_black_bowl_1,plate_2,True,False,,,,575102c75eef60d5,7a45217e2b7808af,bad4038164627acd,48,927.8,,ambiguous
spatial,scene_0021,directional,auto,sketchvla_input_overlay,native,10,False,,240,False,False,,True,True,True,akita_black_bowl_1,True,plate_1,False,0.011,akita_black_bowl_1,plate_2,True,False,,,,575102c75eef60d5,1be649cdc50518d5,a2249b7b3ead4ae9,48,942.4,,ambiguous
spatial,scene_0021,directional,auto,sketchvla_input_overlay,native,11,False,,240,False,False,,True,True,True,akita_black_bowl_1,True,plate_1,False,0.0159,akita_black_bowl_1,plate_2,True,False,,,,575102c75eef60d5,adc13fbc8534fa53,3fe3848f2cfa9d1f,48,941.3,,ambiguous
spatial,scene_0021,directional,auto,sketchvla_input_overlay,native,12,False,,240,False,False,,True,True,True,akita_black_bowl_1,True,plate_1,False,0.0079,akita_black_bowl_1,plate_2,True,False,,,,575102c75eef60d5,cf1ee1dbe1fa71da,1e47a25a5001a94f,48,953.4,,ambiguous
spatial,scene_0021,directional,auto,sketchvla_input_overlay,native,13,False,,240,False,False,,True,True,True,akita_black_bowl_1,True,plate_1,False,0.0158,akita_black_bowl_1,plate_2,True,False,,,,575102c75eef60d5,7f1ac5e33c477f6d,9861d8481258a822,48,907.3,,ambiguous
spatial,scene_0022,directional,auto,sketchvla_input_overlay,native,0,False,,240,False,False,,True,True,True,akita_black_bowl_1,True,plate_1,False,0.0326,akita_black_bowl_1,plate_2,True,False,,,,024abe15484d02fd,ce1ecf92e6ff4d2a,5a32fa0a6c0983db,48,932.8,,ambiguous
spatial,scene_0022,directional,auto,sketchvla_input_overlay,native,1,False,,240,False,False,,True,True,True,akita_black_bowl_1,True,plate_1,False,0.0061,akita_black_bowl_1,plate_2,True,False,,,,024abe15484d02fd,69c467ffa2857ea6,112999e63b42443e,48,943.8,,ambiguous
spatial,scene_0022,directional,auto,sketchvla_input_overlay,native,2,False,,240,False,False,,True,True,True,akita_black_bowl_1,True,plate_1,False,0.0033,akita_black_bowl_1,plate_2,True,False,,,,024abe15484d02fd,c2400af98f8fbea3,a22d14629460ee10,48,959.6,,ambiguous
spatial,scene_0022,directional,auto,sketchvla_input_overlay,native,3,False,,240,False,False,,True,True,True,akita_black_bowl_1,True,plate_1,False,0.016,akita_black_bowl_1,plate_2,True,False,,,,024abe15484d02fd,e12cfb1834ed678d,1ec73bfd78fd51c9,48,959.5,,ambiguous
spatial,scene_0022,directional,auto,sketchvla_input_overlay,native,4,False,,240,False,False,,True,True,True,akita_black_bowl_1,True,plate_1,False,0.007,akita_black_bowl_1,plate_2,True,False,,,,024abe15484d02fd,f828c87a2f3b9ff9,5fdc6e3c0fd4e26a,48,957.9,,ambiguous
spatial,scene_0022,directional,auto,sketchvla_input_overlay,native,5,False,,240,False,False,,True,True,True,akita_black_bowl_1,True,plate_1,False,0.0045,akita_black_bowl_1,plate_2,True,False,,,,024abe15484d02fd,1a18438a45487a5b,828612d06914a9de,48,946.2,,ambiguous
spatial,scene_0022,directional,auto,sketchvla_input_overlay,native,6,False,,240,False,False,,True,True,True,akita_black_bowl_1,True,plate_1,False,0.0121,akita_black_bowl_1,plate_2,True,False,,,,024abe15484d02fd,288d8ef27322b8e3,d708f71c3e882243,48,973.0,,ambiguous
spatial,scene_0022,directional,auto,sketchvla_input_overlay,native,7,False,,240,False,False,,True,True,True,akita_black_bowl_1,True,plate_1,False,0.0262,akita_black_bowl_1,plate_2,True,False,,,,024abe15484d02fd,9e81c73c8072cac7,da67690072a1278d,48,958.6,,ambiguous
spatial,scene_0022,directional,auto,sketchvla_input_overlay,native,8,False,,240,False,False,,True,True,True,akita_black_bowl_1,True,plate_1,False,0.012,akita_black_bowl_1,plate_2,True,False,,,,024abe15484d02fd,5421eee5eaabd569,87987d8129c1c89e,48,957.5,,ambiguous
spatial,scene_0022,directional,auto,sketchvla_input_overlay,native,9,False,,240,False,False,,True,True,True,akita_black_bowl_1,True,plate_1,False,0.0122,akita_black_bowl_1,plate_2,True,False,,,,024abe15484d02fd,fe64a60a4cdbc9ac,c748cb430980195b,48,950.5,,ambiguous
spatial,scene_0022,directional,auto,sketchvla_input_overlay,native,10,False,,240,False,False,,True,True,True,akita_black_bowl_1,True,plate_1,False,0.0179,akita_black_bowl_1,plate_2,True,False,,,,024abe15484d02fd,52da3d2159d64982,c53f9a4d86c36c28,48,955.7,,ambiguous
spatial,scene_0022,directional,auto,sketchvla_input_overlay,native,11,False,,240,False,False,,True,True,True,akita_black_bowl_1,True,plate_1,False,0.0126,akita_black_bowl_1,plate_2,True,False,,,,024abe15484d02fd,20f3a828f04f4985,31fed7a03aff582f,48,952.1,,ambiguous
spatial,scene_0022,directional,auto,sketchvla_input_overlay,native,12,False,,240,False,False,,True,True,True,akita_black_bowl_1,True,plate_1,False,0.0062,akita_black_bowl_1,plate_2,True,False,,,,024abe15484d02fd,0a78f33e853e15f1,2b2a7a896eb6aed5,48,971.7,,ambiguous
spatial,scene_0022,directional,auto,sketchvla_input_overlay,native,13,False,,240,False,False,,True,True,True,akita_black_bowl_1,True,plate_1,False,0.0113,akita_black_bowl_1,plate_2,True,False,,,,024abe15484d02fd,ae2edb63ac8d35d2,3b08088533789865,48,934.6,,ambiguous
spatial,scene_0023,directional,auto,sketchvla_input_overlay,native,0,False,,240,False,False,,True,True,True,akita_black_bowl_1,True,plate_3,False,0.0103,akita_black_bowl_1,plate_2,True,False,,,,7fb05c3ea62898ee,fc2f8efd2f63e1b5,aa5820ca720c8ab3,48,952.3,,ambiguous
spatial,scene_0023,directional,auto,sketchvla_input_overlay,native,1,False,,240,False,False,,True,True,True,akita_black_bowl_1,True,plate_3,False,0.0613,akita_black_bowl_1,plate_2,True,False,,,,7fb05c3ea62898ee,547a249cf4899092,741fa433ba176138,48,920.9,,ambiguous
spatial,scene_0023,directional,auto,sketchvla_input_overlay,native,2,False,,240,False,False,,True,True,True,akita_black_bowl_1,True,plate_3,False,0.011,akita_black_bowl_1,plate_2,True,False,,,,7fb05c3ea62898ee,6756f0ac744ad634,bee924728b4b26ba,48,939.3,,ambiguous
spatial,scene_0023,directional,auto,sketchvla_input_overlay,native,3,False,,240,False,False,,True,True,True,akita_black_bowl_1,True,plate_3,False,0.0108,akita_black_bowl_1,plate_2,True,False,,,,7fb05c3ea62898ee,94e55464cccaf392,44789a268ed8efa1,48,957.3,,ambiguous
spatial,scene_0023,directional,auto,sketchvla_input_overlay,native,4,False,,240,False,False,,True,True,True,akita_black_bowl_1,True,plate_3,False,0.0118,akita_black_bowl_1,plate_2,True,False,,,,7fb05c3ea62898ee,56c5aba8b4a888ad,e6241e7919bbdb1b,48,932.0,,ambiguous
spatial,scene_0023,directional,auto,sketchvla_input_overlay,native,5,False,,240,False,False,,True,True,True,akita_black_bowl_1,True,plate_3,False,0.0113,akita_black_bowl_1,plate_2,True,False,,,,7fb05c3ea62898ee,c3fdf1899a3bc5b2,95811870ef84a3d5,48,937.4,,ambiguous
spatial,scene_0023,directional,auto,sketchvla_input_overlay,native,6,False,,240,False,False,,True,True,True,akita_black_bowl_1,True,plate_3,False,0.0363,akita_black_bowl_1,plate_2,True,False,,,,7fb05c3ea62898ee,ca87768306870405,5e08cf7d797b982a,48,963.4,,ambiguous
spatial,scene_0023,directional,auto,sketchvla_input_overlay,native,7,False,,240,False,False,,True,True,True,akita_black_bowl_1,True,plate_3,False,0.0114,akita_black_bowl_1,plate_2,True,False,,,,7fb05c3ea62898ee,a487a79ccfd40421,262cfcc38573044b,48,945.1,,ambiguous
spatial,scene_0023,directional,auto,sketchvla_input_overlay,native,8,False,,240,False,False,,True,True,True,akita_black_bowl_1,True,plate_3,False,0.0125,akita_black_bowl_1,plate_2,True,False,,,,7fb05c3ea62898ee,7cb20e51d22d63a6,1e9a972843a9a434,48,947.9,,ambiguous
spatial,scene_0023,directional,auto,sketchvla_input_overlay,native,9,False,,240,False,False,,True,True,True,akita_black_bowl_1,True,plate_3,False,0.0047,akita_black_bowl_1,plate_2,True,False,,,,7fb05c3ea62898ee,df2fa4bdb9d6a50f,a52978d214af468b,48,940.1,,ambiguous
spatial,scene_0023,directional,auto,sketchvla_input_overlay,native,10,False,,240,False,False,,True,True,True,akita_black_bowl_1,True,plate_3,False,0.0126,akita_black_bowl_1,plate_2,True,False,,,,7fb05c3ea62898ee,b2a62cf6d8caa62d,ed1afb392c937a1e,48,947.9,,ambiguous
spatial,scene_0023,directional,auto,sketchvla_input_overlay,native,11,False,,240,False,False,,True,True,True,akita_black_bowl_1,True,plate_3,False,0.0156,akita_black_bowl_1,plate_2,True,False,,,,7fb05c3ea62898ee,5296b1362ce1b6e3,2500e3f8ee949588,48,946.3,,ambiguous
spatial,scene_0023,directional,auto,sketchvla_input_overlay,native,12,False,,240,False,False,,True,True,True,akita_black_bowl_1,True,plate_3,False,0.0622,akita_black_bowl_1,plate_2,True,False,,,,7fb05c3ea62898ee,0798d29e1affda3e,aac4b8d843c29085,48,942.9,,ambiguous
spatial,scene_0023,directional,auto,sketchvla_input_overlay,native,13,False,,240,False,False,,True,True,True,akita_black_bowl_1,True,plate_3,False,0.0125,akita_black_bowl_1,plate_2,True,False,,,,7fb05c3ea62898ee,a35aba378825c77b,da3425672415e01b,48,906.8,,ambiguous
spatial,scene_0024,directional,auto,sketchvla_input_overlay,native,0,False,,240,True,True,75,True,True,True,akita_black_bowl_1,True,plate_1,True,0.0197,akita_black_bowl_1,plate_1,True,True,,,,7aade9b812f80b68,f87b2e1207ba51cb,3973c0ddb1dc6bb2,48,896.3,,ambiguous
spatial,scene_0024,directional,auto,sketchvla_input_overlay,native,1,False,,240,True,True,80,True,True,True,akita_black_bowl_1,True,plate_1,True,0.0208,akita_black_bowl_1,plate_1,True,True,,,,7aade9b812f80b68,291ab255a2fabf5a,3e3345ee4e6ffd35,48,966.9,,ambiguous
spatial,scene_0024,directional,auto,sketchvla_input_overlay,native,2,False,,240,False,True,230,True,True,True,akita_black_bowl_1,True,plate_1,True,0.0225,akita_black_bowl_1,plate_1,True,True,,,,7aade9b812f80b68,f70019c00d154818,1414adbfff691a65,48,958.8,,ambiguous
spatial,scene_0024,directional,auto,sketchvla_input_overlay,native,3,False,,240,True,True,81,True,True,True,akita_black_bowl_1,True,plate_1,True,0.0107,akita_black_bowl_1,plate_1,True,True,,,,7aade9b812f80b68,e5134495fec90f91,3c5d6f33d70cd3be,48,972.4,,ambiguous
spatial,scene_0024,directional,auto,sketchvla_input_overlay,native,4,False,,240,True,True,79,True,True,True,akita_black_bowl_1,True,plate_1,True,0.0023,akita_black_bowl_1,plate_1,True,True,,,,7aade9b812f80b68,28ef2b561495f001,85a58cae27072f0d,48,947.0,,ambiguous
spatial,scene_0024,directional,auto,sketchvla_input_overlay,native,5,False,,240,False,False,,True,True,True,akita_black_bowl_1,True,plate_1,True,0.0317,akita_black_bowl_1,plate_1,True,True,,,,7aade9b812f80b68,8bd633853b6a3a37,a201bdf0ec28bff5,48,964.8,,ambiguous
spatial,scene_0024,directional,auto,sketchvla_input_overlay,native,6,False,,240,True,True,79,True,True,True,akita_black_bowl_1,True,plate_1,True,0.0082,akita_black_bowl_1,plate_1,True,True,,,,7aade9b812f80b68,a3c0d44928dccb4e,4c4bbb80bf807a48,48,949.0,,ambiguous
spatial,scene_0024,directional,auto,sketchvla_input_overlay,native,7,False,,240,True,True,72,True,True,True,akita_black_bowl_1,True,plate_1,True,0.0142,akita_black_bowl_1,plate_1,True,True,,,,7aade9b812f80b68,3c0100800251ed54,5bba90d6751bb768,48,959.5,,ambiguous
spatial,scene_0024,directional,auto,sketchvla_input_overlay,native,8,False,,240,True,True,77,True,True,True,akita_black_bowl_1,True,plate_1,True,0.0034,akita_black_bowl_1,plate_1,True,True,,,,7aade9b812f80b68,0d421a9e81c826b6,5f4d1ac5efacb665,48,954.1,,ambiguous
spatial,scene_0024,directional,auto,sketchvla_input_overlay,native,9,False,,240,True,True,72,True,True,True,akita_black_bowl_1,True,plate_1,True,0.002,akita_black_bowl_1,plate_1,True,True,,,,7aade9b812f80b68,ae06310c0bd2e58d,c5e6025fa8cf9f69,48,964.7,,ambiguous
spatial,scene_0024,directional,auto,sketchvla_input_overlay,native,10,False,,240,True,True,76,True,True,True,akita_black_bowl_1,True,plate_1,True,0.022,akita_black_bowl_1,plate_1,True,True,,,,7aade9b812f80b68,d6c4c52b11559c36,41cebfeb957a9b25,48,959.0,,ambiguous
spatial,scene_0024,directional,auto,sketchvla_input_overlay,native,11,False,,240,True,True,143,True,True,True,akita_black_bowl_1,True,plate_1,True,0.0087,akita_black_bowl_1,plate_1,True,True,,,,7aade9b812f80b68,bd2c5bb510471468,3eb02b95fda5de8a,48,950.7,,ambiguous
spatial,scene_0024,directional,auto,sketchvla_input_overlay,native,12,False,,240,True,True,77,True,True,True,akita_black_bowl_1,True,plate_1,True,0.0155,akita_black_bowl_1,plate_1,True,True,,,,7aade9b812f80b68,0b7de3367f0216ac,dcf9285b8cbce548,48,963.4,,ambiguous
spatial,scene_0024,directional,auto,sketchvla_input_overlay,native,13,False,,240,True,True,87,True,True,True,akita_black_bowl_1,True,plate_1,True,0.0098,akita_black_bowl_1,plate_1,True,True,,,,7aade9b812f80b68,5bbfc92efc05863a,b890520a1576d5fb,48,953.9,,ambiguous
spatial,scene_0025,both,auto,sketchvla_input_overlay,native,0,False,,240,False,False,,True,True,True,akita_black_bowl_1,True,plate_1,False,0.0164,akita_black_bowl_1,plate_2,True,False,,,,6b097b570d4d79aa,4a9aeff088d644ff,8d2ed3aca556db7c,48,908.8,,ambiguous
spatial,scene_0025,both,auto,sketchvla_input_overlay,native,1,False,,240,False,False,,True,True,True,akita_black_bowl_1,True,plate_1,False,0.0199,akita_black_bowl_1,plate_2,True,False,,,,6b097b570d4d79aa,5ee44af531c11997,a5230c49975e69a2,48,949.9,,ambiguous
spatial,scene_0025,both,auto,sketchvla_input_overlay,native,2,False,,240,False,False,,True,True,True,akita_black_bowl_1,True,plate_1,False,0.0206,akita_black_bowl_1,plate_2,True,False,,,,6b097b570d4d79aa,c4b92037dcfcbb0f,90e9a9cedc698d8d,48,944.1,,ambiguous
spatial,scene_0025,both,auto,sketchvla_input_overlay,native,3,False,,240,False,False,,True,True,True,akita_black_bowl_1,True,plate_1,False,0.0197,akita_black_bowl_1,plate_2,True,False,,,,6b097b570d4d79aa,c2e53e00a4b90fc2,8a8439e5156b0430,48,951.1,,ambiguous
spatial,scene_0025,both,auto,sketchvla_input_overlay,native,4,False,,240,False,False,,True,True,True,akita_black_bowl_1,True,plate_1,False,0.0169,akita_black_bowl_1,plate_2,True,False,,,,6b097b570d4d79aa,2635bf1423e1a536,7a9de1270179a708,48,940.3,,ambiguous
spatial,scene_0025,both,auto,sketchvla_input_overlay,native,5,False,,240,False,False,,True,True,True,akita_black_bowl_1,True,plate_1,False,0.0125,akita_black_bowl_1,plate_2,True,False,,,,6b097b570d4d79aa,95e6985d9750347c,0a88ba614ffa9b93,48,944.3,,ambiguous
spatial,scene_0025,both,auto,sketchvla_input_overlay,native,6,False,,240,False,False,,True,True,True,akita_black_bowl_1,True,plate_1,False,0.0092,akita_black_bowl_1,plate_2,True,False,,,,6b097b570d4d79aa,8cac5f0890f74e10,076f2e56ca94de21,48,935.9,,ambiguous
spatial,scene_0025,both,auto,sketchvla_input_overlay,native,7,False,,240,False,False,,True,True,True,akita_black_bowl_1,True,plate_1,False,0.0126,akita_black_bowl_1,plate_2,True,False,,,,6b097b570d4d79aa,369b9713c3082be4,66c98afe181b5781,48,937.5,,ambiguous
spatial,scene_0025,both,auto,sketchvla_input_overlay,native,8,False,,240,False,False,,True,True,True,akita_black_bowl_1,True,plate_1,False,0.0126,akita_black_bowl_1,plate_2,True,False,,,,6b097b570d4d79aa,cd033a55bfe5e86d,1578dc2ad651f739,48,939.0,,ambiguous
spatial,scene_0025,both,auto,sketchvla_input_overlay,native,9,False,,240,False,False,,True,True,True,akita_black_bowl_1,True,plate_1,False,0.0183,akita_black_bowl_1,plate_2,True,False,,,,6b097b570d4d79aa,94f00d3b626c5800,7693fecc2b282ea2,48,952.5,,ambiguous
spatial,scene_0025,both,auto,sketchvla_input_overlay,native,10,False,,240,False,False,,True,True,True,akita_black_bowl_1,True,plate_1,False,0.0157,akita_black_bowl_1,plate_2,True,False,,,,6b097b570d4d79aa,8ea2d508be408af4,bd0b54252f95cd83,48,940.6,,ambiguous
spatial,scene_0025,both,auto,sketchvla_input_overlay,native,11,False,,240,False,False,,True,True,True,akita_black_bowl_1,True,plate_1,False,0.0176,akita_black_bowl_1,plate_2,True,False,,,,6b097b570d4d79aa,208bd6bd27450042,f50a3983fd5929f1,48,937.7,,ambiguous
spatial,scene_0025,both,auto,sketchvla_input_overlay,native,12,False,,240,False,False,,True,True,True,akita_black_bowl_1,True,plate_1,False,0.009,akita_black_bowl_1,plate_2,True,False,,,,6b097b570d4d79aa,dccd942409aac9a9,36e329be302f9be8,48,945.6,,ambiguous
spatial,scene_0025,both,auto,sketchvla_input_overlay,native,13,False,,240,False,False,,True,True,True,akita_black_bowl_1,True,plate_1,False,0.0143,akita_black_bowl_1,plate_2,True,False,,,,6b097b570d4d79aa,2408f03ceeb57c04,0a26f5738cca1d73,48,911.9,,ambiguous
spatial,scene_0026,both,auto,sketchvla_input_overlay,native,0,False,,240,False,False,,True,True,True,akita_black_bowl_1,True,plate_1,False,0.0174,akita_black_bowl_1,plate_2,True,False,,,,e1d24c1fe9fb50bd,6aabd5626006573c,9d3d96b7792f8fb2,48,882.9,,ambiguous
spatial,scene_0026,both,auto,sketchvla_input_overlay,native,1,False,,240,False,False,,True,True,True,akita_black_bowl_1,True,plate_1,False,0.0134,akita_black_bowl_1,plate_2,True,False,,,,e1d24c1fe9fb50bd,39df2cc9d4800672,768a7372c73d8d36,48,938.7,,ambiguous
spatial,scene_0026,both,auto,sketchvla_input_overlay,native,2,False,,240,False,False,,True,True,True,akita_black_bowl_1,True,,False,0.1131,akita_black_bowl_1,plate_2,True,,,,,e1d24c1fe9fb50bd,8c2907aebcbf6663,407d87d324e4953b,48,922.2,,ambiguous
spatial,scene_0026,both,auto,sketchvla_input_overlay,native,3,False,,240,False,False,,True,True,True,akita_black_bowl_1,True,plate_1,False,0.0097,akita_black_bowl_1,plate_2,True,False,,,,e1d24c1fe9fb50bd,0baf64cfb0b5b28f,0f9307c3f004598e,48,944.3,,ambiguous
spatial,scene_0026,both,auto,sketchvla_input_overlay,native,4,False,,240,False,False,,True,True,True,akita_black_bowl_1,True,plate_1,False,0.0138,akita_black_bowl_1,plate_2,True,False,,,,e1d24c1fe9fb50bd,1271770c82a3783c,d2ad0606062ec0f0,48,932.7,,ambiguous
spatial,scene_0026,both,auto,sketchvla_input_overlay,native,5,False,,240,False,False,,True,True,True,akita_black_bowl_1,True,plate_1,False,0.0262,akita_black_bowl_1,plate_2,True,False,,,,e1d24c1fe9fb50bd,02f3fd73664d17f9,dd47132281b241a7,48,926.6,,ambiguous
spatial,scene_0026,both,auto,sketchvla_input_overlay,native,6,False,,240,False,False,,True,True,True,akita_black_bowl_1,True,plate_1,False,0.024,akita_black_bowl_1,plate_2,True,False,,,,e1d24c1fe9fb50bd,3664819f0b70147a,6bc2b6e9ef6ee241,48,921.6,,ambiguous
spatial,scene_0026,both,auto,sketchvla_input_overlay,native,7,False,,240,False,False,,True,True,True,akita_black_bowl_1,True,plate_1,False,0.0056,akita_black_bowl_1,plate_2,True,False,,,,e1d24c1fe9fb50bd,879915b7786e6617,91eb6f75c2c2c6b4,48,925.1,,ambiguous
spatial,scene_0026,both,auto,sketchvla_input_overlay,native,8,False,,240,False,False,,True,True,True,akita_black_bowl_1,True,plate_1,False,0.0135,akita_black_bowl_1,plate_2,True,False,,,,e1d24c1fe9fb50bd,8226ae349f3ce798,1d5b5a1ffaefe5c7,48,928.4,,ambiguous
spatial,scene_0026,both,auto,sketchvla_input_overlay,native,9,False,,240,False,False,,True,True,True,akita_black_bowl_1,True,plate_1,False,0.0143,akita_black_bowl_1,plate_2,True,False,,,,e1d24c1fe9fb50bd,d26b0e48b4782a85,44ff5be6dd18f752,48,937.5,,ambiguous
spatial,scene_0026,both,auto,sketchvla_input_overlay,native,10,False,,240,False,False,,True,True,True,akita_black_bowl_1,True,plate_1,False,0.0056,akita_black_bowl_1,plate_2,True,False,,,,e1d24c1fe9fb50bd,601123c397ab1699,41bcd476644b7540,48,926.7,,ambiguous
spatial,scene_0026,both,auto,sketchvla_input_overlay,native,11,False,,240,False,False,,True,True,True,akita_black_bowl_1,True,plate_1,False,0.0171,akita_black_bowl_1,plate_2,True,False,,,,e1d24c1fe9fb50bd,b8cc4709af751e1f,cd01bc1c7f89cca4,48,914.3,,ambiguous
spatial,scene_0026,both,auto,sketchvla_input_overlay,native,12,False,,240,False,False,,True,True,True,akita_black_bowl_1,True,plate_1,False,0.0033,akita_black_bowl_1,plate_2,True,False,,,,e1d24c1fe9fb50bd,51ebd4c09f3145b1,bf15403884ce62c1,48,926.7,,ambiguous
spatial,scene_0026,both,auto,sketchvla_input_overlay,native,13,False,,240,False,False,,True,True,True,akita_black_bowl_1,True,plate_1,False,0.0742,akita_black_bowl_1,plate_2,True,False,,,,e1d24c1fe9fb50bd,8805c5360564172b,fbdff7212c6530b6,48,903.9,,ambiguous
spatial,scene_0027,both,auto,sketchvla_input_overlay,native,0,False,,240,False,False,,True,True,True,cookies_1,False,plate_1,True,0.013,akita_black_bowl_1,plate_1,False,True,,,,3565890febe5894f,0b085fbb9b33cf32,b095a2e410ebc384,48,918.8,,ambiguous
spatial,scene_0027,both,auto,sketchvla_input_overlay,native,1,False,,240,False,False,,True,True,True,akita_black_bowl_3,False,plate_1,True,0.0301,akita_black_bowl_1,plate_1,False,True,,,,3565890febe5894f,a13a3737f64696bb,2f2e27fda15cf3ce,48,944.5,,ambiguous
spatial,scene_0027,both,auto,sketchvla_input_overlay,native,2,False,,240,False,False,,True,True,True,akita_black_bowl_3,False,plate_1,True,0.018,akita_black_bowl_1,plate_1,False,True,,,,3565890febe5894f,a7462516c6e8d0c1,eec9606ce17b5977,48,933.2,,ambiguous
spatial,scene_0027,both,auto,sketchvla_input_overlay,native,3,False,,240,False,False,,True,True,True,akita_black_bowl_3,False,plate_1,True,0.0101,akita_black_bowl_1,plate_1,False,True,,,,3565890febe5894f,c525858cc14276f8,806053bf9893f7e3,48,946.3,,ambiguous
spatial,scene_0027,both,auto,sketchvla_input_overlay,native,4,False,,240,False,False,,True,True,True,cookies_1,False,plate_1,True,0.0165,akita_black_bowl_1,plate_1,False,True,,,,3565890febe5894f,6326b8db5582e114,40cd05fd1267b494,48,935.4,,ambiguous
spatial,scene_0027,both,auto,sketchvla_input_overlay,native,5,False,,240,False,False,,True,True,True,akita_black_bowl_2,False,plate_1,True,0.0064,akita_black_bowl_1,plate_1,False,True,,,,3565890febe5894f,90a5665a099b6468,eebbb7fbe73c31db,48,931.4,,ambiguous
spatial,scene_0027,both,auto,sketchvla_input_overlay,native,6,False,,240,False,False,,True,False,False,,False,,False,0.2055,akita_black_bowl_1,plate_1,,,,,,3565890febe5894f,1e58ef00d988e79b,f99dfbeda1d92da9,48,935.2,,ambiguous
spatial,scene_0027,both,auto,sketchvla_input_overlay,native,7,False,,240,False,False,,True,True,True,akita_black_bowl_2,False,plate_1,True,0.0096,akita_black_bowl_1,plate_1,False,True,,,,3565890febe5894f,2cdff854bbc38604,944db1ad34329d25,48,936.9,,ambiguous
spatial,scene_0027,both,auto,sketchvla_input_overlay,native,8,False,,240,False,False,,True,False,False,,False,,False,0.2048,akita_black_bowl_1,plate_1,,,,,,3565890febe5894f,cc14e82ab426fd92,55915d63a4cf586a,48,937.5,,ambiguous
spatial,scene_0027,both,auto,sketchvla_input_overlay,native,9,False,,240,False,False,,True,True,True,akita_black_bowl_3,False,plate_1,True,0.0337,akita_black_bowl_1,plate_1,False,True,,,,3565890febe5894f,8396cedbee4f162e,506072e7ff2d7710,48,945.9,,ambiguous
spatial,scene_0027,both,auto,sketchvla_input_overlay,native,10,False,,240,False,False,,True,True,True,akita_black_bowl_2,False,plate_1,True,0.0118,akita_black_bowl_1,plate_1,False,True,,,,3565890febe5894f,046e8a28a7993505,499ca94812aa2e38,48,923.5,,ambiguous
spatial,scene_0027,both,auto,sketchvla_input_overlay,native,11,False,,240,False,False,,True,False,False,,False,,False,0.2056,akita_black_bowl_1,plate_1,,,,,,3565890febe5894f,b8e5f5a7d1ebe4b5,32fea25a8ec40cf0,48,923.5,,ambiguous
spatial,scene_0027,both,auto,sketchvla_input_overlay,native,12,False,,240,False,False,,True,True,True,cookies_1,False,,False,0.2475,akita_black_bowl_1,plate_1,False,,,,,3565890febe5894f,1f025a5045862a22,cc9cdc5ca853c616,48,921.4,,ambiguous
spatial,scene_0027,both,auto,sketchvla_input_overlay,native,13,False,,240,False,False,,True,True,True,akita_black_bowl_3,False,plate_1,True,0.0087,akita_black_bowl_1,plate_1,False,True,,,,3565890febe5894f,8b0f9df34ba170a2,1a24de79f9c85512,48,900.4,,ambiguous
spatial,scene_0028,both,auto,sketchvla_input_overlay,native,0,False,,240,False,False,,True,True,True,plate_1,False,plate_1,False,0.0,akita_black_bowl_1,plate_2,False,False,,,,0ffc9c772a303dbb,18e79e8336adcbb6,dd90a5cdc8d1de78,48,922.0,,ambiguous
spatial,scene_0028,both,auto,sketchvla_input_overlay,native,1,False,,240,False,False,,True,True,True,akita_black_bowl_1,True,plate_1,False,0.0321,akita_black_bowl_1,plate_2,True,False,,,,0ffc9c772a303dbb,e2f9c257bfa4f121,55164a5fd8d2eca8,48,922.9,,ambiguous
spatial,scene_0028,both,auto,sketchvla_input_overlay,native,2,False,,240,False,False,,True,True,True,akita_black_bowl_3,False,,False,0.0808,akita_black_bowl_1,plate_2,False,,,,,0ffc9c772a303dbb,ae6904d0f9004001,57d6942ef187d34b,48,929.5,,ambiguous
spatial,scene_0028,both,auto,sketchvla_input_overlay,native,3,False,,240,False,False,,True,True,True,akita_black_bowl_3,False,,False,0.2021,akita_black_bowl_1,plate_2,False,,,,,0ffc9c772a303dbb,4c9b42086f8d3223,c06903d93cfa60e4,48,930.5,,ambiguous
spatial,scene_0028,both,auto,sketchvla_input_overlay,native,4,False,,240,False,False,,True,True,True,akita_black_bowl_3,False,plate_1,False,0.0175,akita_black_bowl_1,plate_2,False,False,,,,0ffc9c772a303dbb,ad685cd2fab5d5fd,df24a3f7fc04df52,48,924.7,,ambiguous
spatial,scene_0028,both,auto,sketchvla_input_overlay,native,5,False,,240,False,False,,True,True,True,akita_black_bowl_1,True,plate_1,False,0.0715,akita_black_bowl_1,plate_2,True,False,,,,0ffc9c772a303dbb,570ad3455c9a7293,6aeff63545811db1,48,914.1,,ambiguous
spatial,scene_0028,both,auto,sketchvla_input_overlay,native,6,False,,240,False,False,,True,False,False,,False,,False,0.3298,akita_black_bowl_1,plate_2,,,,,,0ffc9c772a303dbb,18d39c5261766f29,28ecab4b30c983bd,48,898.7,,ambiguous
spatial,scene_0028,both,auto,sketchvla_input_overlay,native,7,False,,240,False,False,,True,False,False,,False,,False,0.2849,akita_black_bowl_1,plate_2,,,,,,0ffc9c772a303dbb,a88fe16657506ea7,6458b501808d1038,48,933.4,,ambiguous
spatial,scene_0028,both,auto,sketchvla_input_overlay,native,8,False,,240,False,False,,True,True,True,akita_black_bowl_1,True,,False,0.0902,akita_black_bowl_1,plate_2,True,,,,,0ffc9c772a303dbb,5a4262b3ae0b7e17,b16ac883a2b93791,48,919.4,,ambiguous
spatial,scene_0028,both,auto,sketchvla_input_overlay,native,9,False,,240,False,False,,True,False,False,,False,,False,0.2721,akita_black_bowl_1,plate_2,,,,,,0ffc9c772a303dbb,b9ba873430e68173,306aee94d39cae7d,48,934.4,,ambiguous
spatial,scene_0028,both,auto,sketchvla_input_overlay,native,10,False,,240,False,False,,True,False,False,,False,,False,0.3055,akita_black_bowl_1,plate_2,,,,,,0ffc9c772a303dbb,d30f97e7b14de5b7,ba7001deb3877238,48,910.3,,ambiguous
spatial,scene_0028,both,auto,sketchvla_input_overlay,native,11,False,,240,False,False,,True,False,False,,False,,False,0.269,akita_black_bowl_1,plate_2,,,,,,0ffc9c772a303dbb,bef6000a042980e2,dcffaf372e19b288,48,922.5,,ambiguous
spatial,scene_0028,both,auto,sketchvla_input_overlay,native,12,False,,240,False,False,,True,True,True,akita_black_bowl_1,True,plate_1,False,0.0112,akita_black_bowl_1,plate_2,True,False,,,,0ffc9c772a303dbb,36a70ed6de57bed4,c5fa95e94ff0c2e2,48,923.4,,ambiguous
spatial,scene_0028,both,auto,sketchvla_input_overlay,native,13,False,,240,False,False,,True,True,True,akita_black_bowl_3,False,plate_1,False,0.0441,akita_black_bowl_1,plate_2,False,False,,,,0ffc9c772a303dbb,d80b1d052c666133,f61e32f5488a4a17,48,878.2,,ambiguous
spatial,scene_0029,both,auto,sketchvla_input_overlay,native,0,False,,240,True,True,81,True,True,True,akita_black_bowl_1,True,plate_1,True,0.0171,akita_black_bowl_1,plate_1,True,True,,,,88f5f9de3dd4150b,66b6ac24522167d6,a1ca90d645d05e4b,48,912.2,,ambiguous
spatial,scene_0029,both,auto,sketchvla_input_overlay,native,1,False,,240,True,True,80,True,True,True,akita_black_bowl_1,True,plate_1,True,0.0082,akita_black_bowl_1,plate_1,True,True,,,,88f5f9de3dd4150b,16d218dc7d9e53be,0b837fdb764dcc23,48,930.7,,ambiguous
spatial,scene_0029,both,auto,sketchvla_input_overlay,native,2,False,,240,False,False,,True,False,False,,False,,False,0.1127,akita_black_bowl_1,plate_1,,,,,,88f5f9de3dd4150b,c6e71570673e2c33,f53928c75c75e66c,48,949.3,,ambiguous
spatial,scene_0029,both,auto,sketchvla_input_overlay,native,3,False,,240,False,False,,True,False,False,,False,,False,0.0988,akita_black_bowl_1,plate_1,,,,,,88f5f9de3dd4150b,762f148465a4c024,043ede0ec1b14fd8,48,954.3,,ambiguous
spatial,scene_0029,both,auto,sketchvla_input_overlay,native,4,False,,240,False,False,,True,True,True,plate_1,False,plate_1,True,0.0,akita_black_bowl_1,plate_1,False,True,,,,88f5f9de3dd4150b,f8dad44d0fb33a68,d7c88d4c135928e7,48,944.0,,ambiguous
spatial,scene_0029,both,auto,sketchvla_input_overlay,native,5,False,,240,True,True,78,True,True,True,akita_black_bowl_1,True,plate_1,True,0.0092,akita_black_bowl_1,plate_1,True,True,,,,88f5f9de3dd4150b,babbff997bffbd9a,4fc92d9795dc75dc,48,932.6,,ambiguous
spatial,scene_0029,both,auto,sketchvla_input_overlay,native,6,False,,240,False,False,,True,False,False,,False,,False,0.1126,akita_black_bowl_1,plate_1,,,,,,88f5f9de3dd4150b,2c357971f0232dbc,09022d82d059eeb1,48,932.5,,ambiguous
spatial,scene_0029,both,auto,sketchvla_input_overlay,native,7,False,,240,False,False,,True,True,True,akita_black_bowl_1,True,plate_1,True,0.0552,akita_black_bowl_1,plate_1,True,True,,,,88f5f9de3dd4150b,29264e35b463f543,ae48ceb87af79613,48,935.8,,ambiguous
spatial,scene_0029,both,auto,sketchvla_input_overlay,native,8,False,,240,True,True,81,True,True,True,akita_black_bowl_1,True,plate_1,True,0.0155,akita_black_bowl_1,plate_1,True,True,,,,88f5f9de3dd4150b,68159516a3d1a3f1,731a465c8b3b8d0b,48,927.2,,ambiguous
spatial,scene_0029,both,auto,sketchvla_input_overlay,native,9,False,,240,False,False,,True,True,True,akita_black_bowl_1,True,,False,0.1108,akita_black_bowl_1,plate_1,True,,,,,88f5f9de3dd4150b,fc61da8488822c26,67ea1f8318abf3af,48,929.3,,ambiguous
spatial,scene_0029,both,auto,sketchvla_input_overlay,native,10,False,,240,True,True,89,True,True,True,akita_black_bowl_1,True,plate_1,True,0.0083,akita_black_bowl_1,plate_1,True,True,,,,88f5f9de3dd4150b,b59bea889d3cab13,7c87107e7a3cbfbc,48,922.1,,ambiguous
spatial,scene_0029,both,auto,sketchvla_input_overlay,native,11,False,,240,False,False,,True,True,True,plate_1,False,plate_1,True,0.0,akita_black_bowl_1,plate_1,False,True,,,,88f5f9de3dd4150b,b2aa29003d6b204f,8173996cbc97ca84,48,935.0,,ambiguous
spatial,scene_0029,both,auto,sketchvla_input_overlay,native,12,False,,240,False,False,,True,True,True,akita_black_bowl_1,True,,False,0.1048,akita_black_bowl_1,plate_1,True,,,,,88f5f9de3dd4150b,37bf1b17442f33b8,26fa154dbb1934e7,48,938.9,,ambiguous
spatial,scene_0029,both,auto,sketchvla_input_overlay,native,13,False,,240,False,False,,True,False,False,,False,,False,0.1123,akita_black_bowl_1,plate_1,,,,,,88f5f9de3dd4150b,a098eddc6cb76e9c,be42b5a5a5b44d40,48,920.0,,ambiguous
spatial,scene_0030,both,auto,sketchvla_input_overlay,native,0,False,,240,True,True,213,True,True,True,akita_black_bowl_1,True,plate_2,True,0.0191,akita_black_bowl_1,plate_2,True,True,,,,df70aab991cb1ec2,38e264410ad69981,c0e5a01be88bb8fa,48,890.9,,ambiguous
spatial,scene_0030,both,auto,sketchvla_input_overlay,native,1,False,,240,False,True,96,True,True,True,akita_black_bowl_1,True,plate_2,True,0.0384,akita_black_bowl_1,plate_2,True,True,,,,df70aab991cb1ec2,135bde46bd54fed7,5d377c6a055e59bb,48,922.1,,ambiguous
spatial,scene_0030,both,auto,sketchvla_input_overlay,native,2,False,,240,True,True,103,True,True,True,akita_black_bowl_1,True,plate_2,True,0.0101,akita_black_bowl_1,plate_2,True,True,,,,df70aab991cb1ec2,89dc9e283b483b36,8b3038a1eafea873,48,919.5,,ambiguous
spatial,scene_0030,both,auto,sketchvla_input_overlay,native,3,False,,240,True,True,114,True,True,True,akita_black_bowl_1,True,plate_2,True,0.0087,akita_black_bowl_1,plate_2,True,True,,,,df70aab991cb1ec2,9ab353d614fa5b1e,b28bfa21c4e9ec40,48,930.9,,ambiguous
spatial,scene_0030,both,auto,sketchvla_input_overlay,native,4,False,,240,True,True,122,True,True,True,akita_black_bowl_1,True,plate_2,True,0.0169,akita_black_bowl_1,plate_2,True,True,,,,df70aab991cb1ec2,13a6d23a88bd2877,a9a5543936e29e2c,48,924.7,,ambiguous
spatial,scene_0030,both,auto,sketchvla_input_overlay,native,5,False,,240,False,False,,True,True,True,akita_black_bowl_1,True,plate_2,True,0.0393,akita_black_bowl_1,plate_2,True,True,,,,df70aab991cb1ec2,a7a425b39bc73f71,114c8b65b631ee46,48,918.0,,ambiguous
spatial,scene_0030,both,auto,sketchvla_input_overlay,native,6,False,,240,True,True,172,True,True,True,akita_black_bowl_1,True,plate_2,True,0.0232,akita_black_bowl_1,plate_2,True,True,,,,df70aab991cb1ec2,2f612147124301bd,2c0f578b14fd4052,48,913.5,,ambiguous
spatial,scene_0030,both,auto,sketchvla_input_overlay,native,7,False,,240,False,False,,True,True,True,akita_black_bowl_1,True,plate_2,True,0.0429,akita_black_bowl_1,plate_2,True,True,,,,df70aab991cb1ec2,b2aa7886590125c8,99140b70bdfbb245,48,913.9,,ambiguous
spatial,scene_0030,both,auto,sketchvla_input_overlay,native,8,False,,240,True,True,116,True,True,True,akita_black_bowl_1,True,plate_2,True,0.0139,akita_black_bowl_1,plate_2,True,True,,,,df70aab991cb1ec2,a6ca436f953710a3,82a4326989f419fa,48,928.3,,ambiguous
spatial,scene_0030,both,auto,sketchvla_input_overlay,native,9,False,,240,True,True,94,True,True,True,akita_black_bowl_1,True,plate_2,True,0.0126,akita_black_bowl_1,plate_2,True,True,,,,df70aab991cb1ec2,1d17414fbdb1c971,2ca48d913430eac8,48,925.8,,ambiguous
spatial,scene_0030,both,auto,sketchvla_input_overlay,native,10,False,,240,True,True,96,True,True,True,akita_black_bowl_1,True,plate_2,True,0.012,akita_black_bowl_1,plate_2,True,True,,,,df70aab991cb1ec2,469409a47e2f08e6,0c12001fc7e1cca7,48,918.9,,ambiguous
spatial,scene_0030,both,auto,sketchvla_input_overlay,native,11,False,,240,False,False,,True,True,True,akita_black_bowl_1,True,plate_2,True,0.0492,akita_black_bowl_1,plate_2,True,True,,,,df70aab991cb1ec2,8037f827b01e86df,f33f1bdd25fe68eb,48,913.4,,ambiguous
spatial,scene_0030,both,auto,sketchvla_input_overlay,native,12,False,,240,True,True,90,True,True,True,akita_black_bowl_1,True,plate_2,True,0.0122,akita_black_bowl_1,plate_2,True,True,,,,df70aab991cb1ec2,78762fe9305440f9,0bf0a8664dffe780,48,933.8,,ambiguous
spatial,scene_0030,both,auto,sketchvla_input_overlay,native,13,False,,240,True,True,112,True,True,True,akita_black_bowl_1,True,plate_2,True,0.0241,akita_black_bowl_1,plate_2,True,True,,,,df70aab991cb1ec2,d8d51c2ddf7612a7,27f5c84abadb3bcf,48,898.5,,ambiguous
spatial,scene_0031,both,auto,sketchvla_input_overlay,native,0,False,,240,False,False,,True,False,False,,False,,False,0.1446,akita_black_bowl_1,plate_3,,,,,,94a624a93a266e1c,a86bc263c42fce5e,5a7a0c162f76fe58,48,945.5,,ambiguous
spatial,scene_0031,both,auto,sketchvla_input_overlay,native,1,False,,240,False,False,,True,True,True,akita_black_bowl_3,False,plate_1,False,0.0183,akita_black_bowl_1,plate_3,False,False,,,,94a624a93a266e1c,afd599b205eb902b,ce77005ffd18b609,48,941.1,,ambiguous
spatial,scene_0031,both,auto,sketchvla_input_overlay,native,2,False,,240,False,False,,True,True,True,akita_black_bowl_1,True,plate_1,False,0.0052,akita_black_bowl_1,plate_3,True,False,,,,94a624a93a266e1c,34dabdd3629d947a,64b11dcf950f112d,48,936.9,,ambiguous
spatial,scene_0031,both,auto,sketchvla_input_overlay,native,3,False,,240,False,False,,True,True,True,akita_black_bowl_1,True,,False,0.0803,akita_black_bowl_1,plate_3,True,,,,,94a624a93a266e1c,3ea1383a52feea28,41d75717eef3c891,48,953.6,,ambiguous
spatial,scene_0031,both,auto,sketchvla_input_overlay,native,4,False,,240,False,False,,True,True,True,akita_black_bowl_1,True,plate_1,False,0.0079,akita_black_bowl_1,plate_3,True,False,,,,94a624a93a266e1c,e9b76fc80ba12983,a8e53373b253dd63,48,923.8,,ambiguous
spatial,scene_0031,both,auto,sketchvla_input_overlay,native,5,False,,240,False,False,,True,True,True,plate_3,False,plate_3,True,0.0,akita_black_bowl_1,plate_3,False,True,,,,94a624a93a266e1c,87fc9d8f23d3fc97,4b73766a38330f83,48,937.3,,ambiguous
spatial,scene_0031,both,auto,sketchvla_input_overlay,native,6,False,,240,False,True,199,True,True,True,akita_black_bowl_1,True,plate_3,True,0.0238,akita_black_bowl_1,plate_3,True,True,,,,94a624a93a266e1c,aa5fff682ee93614,866d04af2945393b,48,925.9,,ambiguous
spatial,scene_0031,both,auto,sketchvla_input_overlay,native,7,False,,240,False,False,,True,True,True,plate_3,False,plate_3,True,0.0,akita_black_bowl_1,plate_3,False,True,,,,94a624a93a266e1c,7b1089705b7160a2,3762397e36bc1f22,48,941.6,,ambiguous
spatial,scene_0031,both,auto,sketchvla_input_overlay,native,8,False,,240,False,False,,True,True,True,plate_3,False,plate_3,True,0.0,akita_black_bowl_1,plate_3,False,True,,,,94a624a93a266e1c,17cbe153b27158d4,f16645253cd370fd,48,944.1,,ambiguous
spatial,scene_0031,both,auto,sketchvla_input_overlay,native,9,False,,240,False,False,,True,True,True,akita_black_bowl_1,True,plate_1,False,0.0246,akita_black_bowl_1,plate_3,True,False,,,,94a624a93a266e1c,6616aa14a405476a,d01223b92b246132,48,944.3,,ambiguous
spatial,scene_0031,both,auto,sketchvla_input_overlay,native,10,False,,240,False,False,,True,False,False,,False,,False,0.1182,akita_black_bowl_1,plate_3,,,,,,94a624a93a266e1c,21e2fcb3be130037,9de751a6ab16f6de,48,936.8,,ambiguous
spatial,scene_0031,both,auto,sketchvla_input_overlay,native,11,False,,240,False,False,,True,False,False,,False,,False,0.1172,akita_black_bowl_1,plate_3,,,,,,94a624a93a266e1c,03302c7fc774920d,d3bc820265aba742,48,940.5,,ambiguous
spatial,scene_0031,both,auto,sketchvla_input_overlay,native,12,False,,240,False,False,,True,False,False,,False,,False,0.1544,akita_black_bowl_1,plate_3,,,,,,94a624a93a266e1c,f4d7e9dee2358f9c,3f198ebf41c65bd2,48,949.4,,ambiguous
spatial,scene_0031,both,auto,sketchvla_input_overlay,native,13,False,,240,False,False,,True,True,True,akita_black_bowl_1,True,plate_1,False,0.0042,akita_black_bowl_1,plate_3,True,False,,,,94a624a93a266e1c,b7290d39cb520242,68e5dcad76694579,48,847.9,,ambiguous
spatial,scene_0032,both,auto,sketchvla_input_overlay,native,0,False,,240,False,False,,True,True,True,akita_black_bowl_1,True,plate_1,False,0.0073,akita_black_bowl_1,plate_2,True,False,,,,ca1c5b89eab9c5f7,307e7843405c8864,985bc77ef8ab3e2d,48,923.5,,ambiguous
spatial,scene_0032,both,auto,sketchvla_input_overlay,native,1,False,,240,False,False,,True,True,True,akita_black_bowl_1,True,plate_1,False,0.0169,akita_black_bowl_1,plate_2,True,False,,,,ca1c5b89eab9c5f7,eb8aec56ce1e97e5,eab5819031faaf2f,48,923.9,,ambiguous
spatial,scene_0032,both,auto,sketchvla_input_overlay,native,2,False,,240,False,False,,True,True,True,akita_black_bowl_1,True,plate_1,False,0.0118,akita_black_bowl_1,plate_2,True,False,,,,ca1c5b89eab9c5f7,34a5b4e011596f53,a23689f37d73b018,48,922.2,,ambiguous
spatial,scene_0032,both,auto,sketchvla_input_overlay,native,3,False,,240,False,False,,True,True,True,akita_black_bowl_1,True,plate_1,False,0.0057,akita_black_bowl_1,plate_2,True,False,,,,ca1c5b89eab9c5f7,81625be73216580a,f731ebab086cc0d1,48,931.5,,ambiguous
spatial,scene_0032,both,auto,sketchvla_input_overlay,native,4,False,,240,False,False,,True,True,True,akita_black_bowl_3,False,plate_1,False,0.0207,akita_black_bowl_1,plate_2,False,False,,,,ca1c5b89eab9c5f7,d3588a9a7d722f5a,5b3ec9938fa961f0,48,918.5,,ambiguous
spatial,scene_0032,both,auto,sketchvla_input_overlay,native,5,False,,240,False,False,,True,True,True,akita_black_bowl_1,True,plate_1,False,0.0126,akita_black_bowl_1,plate_2,True,False,,,,ca1c5b89eab9c5f7,1f977c98d5c88d5e,12ceaf2b6e56560b,48,919.7,,ambiguous
spatial,scene_0032,both,auto,sketchvla_input_overlay,native,6,False,,240,False,False,,True,True,True,cookies_1,False,,False,0.1601,akita_black_bowl_1,plate_2,False,,,,,ca1c5b89eab9c5f7,af8de238178c026d,48fe28a3955ad9b3,48,908.4,,ambiguous
spatial,scene_0032,both,auto,sketchvla_input_overlay,native,7,False,,240,False,False,,True,True,True,akita_black_bowl_1,True,plate_1,False,0.0107,akita_black_bowl_1,plate_2,True,False,,,,ca1c5b89eab9c5f7,2e788b9a4c08a292,c0e9905a2a19fba1,48,916.4,,ambiguous
spatial,scene_0032,both,auto,sketchvla_input_overlay,native,8,False,,240,False,False,,True,True,True,akita_black_bowl_1,True,plate_1,False,0.0163,akita_black_bowl_1,plate_2,True,False,,,,ca1c5b89eab9c5f7,3b9458aa2972200f,7250a77223c71211,48,921.6,,ambiguous
spatial,scene_0032,both,auto,sketchvla_input_overlay,native,9,False,,240,False,False,,True,True,True,akita_black_bowl_1,True,plate_1,False,0.0023,akita_black_bowl_1,plate_2,True,False,,,,ca1c5b89eab9c5f7,a016b4cfddc1b043,2b6c7c1b9d8f1670,48,928.8,,ambiguous
spatial,scene_0032,both,auto,sketchvla_input_overlay,native,10,False,,240,False,False,,True,True,True,akita_black_bowl_1,True,plate_1,False,0.0119,akita_black_bowl_1,plate_2,True,False,,,,ca1c5b89eab9c5f7,f2f862a78b644f3a,c8d18391c71fb3b3,48,919.3,,ambiguous
spatial,scene_0032,both,auto,sketchvla_input_overlay,native,11,False,,240,False,False,,True,True,True,cookies_1,False,plate_1,False,0.0183,akita_black_bowl_1,plate_2,False,False,,,,ca1c5b89eab9c5f7,3a1d7d7aa3068ceb,7c64e9a9f16bd088,48,917.8,,ambiguous
spatial,scene_0032,both,auto,sketchvla_input_overlay,native,12,False,,240,False,False,,True,True,True,cookies_1,False,plate_1,False,0.0152,akita_black_bowl_1,plate_2,False,False,,,,ca1c5b89eab9c5f7,1168c5a1a1b93090,e92ff07c6fe5350a,48,925.0,,ambiguous
spatial,scene_0032,both,auto,sketchvla_input_overlay,native,13,False,,240,False,False,,True,True,True,akita_black_bowl_1,True,plate_1,False,0.0213,akita_black_bowl_1,plate_2,True,False,,,,ca1c5b89eab9c5f7,e46353eab0eb6f06,6c4f1edf99f87fc6,48,825.4,,ambiguous
spatial,scene_0033,both,auto,sketchvla_input_overlay,native,0,False,,240,False,False,,True,True,True,glazed_rim_porcelain_ramekin_1,False,plate_1,False,0.011,akita_black_bowl_1,plate_2,False,False,,,,ffcd8fb43f14f8d5,f73323ee9fa91570,92ba3e43c8d70b1f,48,919.8,,ambiguous
spatial,scene_0033,both,auto,sketchvla_input_overlay,native,1,False,,240,False,False,,True,True,True,akita_black_bowl_3,False,plate_1,False,0.0136,akita_black_bowl_1,plate_2,False,False,,,,ffcd8fb43f14f8d5,efa62ebdd3cbca5d,403323831a529e6e,48,936.2,,ambiguous
spatial,scene_0033,both,auto,sketchvla_input_overlay,native,2,False,,240,False,False,,True,True,True,akita_black_bowl_1,True,plate_1,False,0.012,akita_black_bowl_1,plate_2,True,False,,,,ffcd8fb43f14f8d5,de48ef00ca6dfd82,b69bfb47c9987a8c,48,941.6,,ambiguous
spatial,scene_0033,both,auto,sketchvla_input_overlay,native,3,False,,240,False,False,,True,True,True,akita_black_bowl_1,True,plate_1,False,0.0094,akita_black_bowl_1,plate_2,True,False,,,,ffcd8fb43f14f8d5,a2a0c4c950321843,5168574e4e68b1f0,48,947.6,,ambiguous
spatial,scene_0033,both,auto,sketchvla_input_overlay,native,4,False,,240,False,False,,True,True,True,akita_black_bowl_3,False,plate_1,False,0.0105,akita_black_bowl_1,plate_2,False,False,,,,ffcd8fb43f14f8d5,08077fc128a817a1,b118903637aa1e42,48,930.5,,ambiguous
spatial,scene_0033,both,auto,sketchvla_input_overlay,native,5,False,,240,False,False,,True,True,True,akita_black_bowl_3,False,plate_1,False,0.0231,akita_black_bowl_1,plate_2,False,False,,,,ffcd8fb43f14f8d5,79aa5f7c5d67ddd2,7a810a98be117295,48,935.3,,ambiguous
spatial,scene_0033,both,auto,sketchvla_input_overlay,native,6,False,,240,False,False,,True,True,True,akita_black_bowl_3,False,plate_1,False,0.0123,akita_black_bowl_1,plate_2,False,False,,,,ffcd8fb43f14f8d5,e543f0df25ece5c7,a4007650920501fa,48,930.8,,ambiguous
spatial,scene_0033,both,auto,sketchvla_input_overlay,native,7,False,,240,False,False,,True,True,True,glazed_rim_porcelain_ramekin_1,False,plate_1,False,0.0159,akita_black_bowl_1,plate_2,False,False,,,,ffcd8fb43f14f8d5,6e3a036c86b6099b,9e16c3d5ac1c06cf,48,939.0,,ambiguous
spatial,scene_0033,both,auto,sketchvla_input_overlay,native,8,False,,240,False,False,,True,True,True,akita_black_bowl_3,False,plate_1,False,0.0101,akita_black_bowl_1,plate_2,False,False,,,,ffcd8fb43f14f8d5,b0326b525f796cb3,9bba9fc438e582dd,48,936.8,,ambiguous
spatial,scene_0033,both,auto,sketchvla_input_overlay,native,9,False,,240,False,False,,True,True,True,akita_black_bowl_1,True,plate_1,False,0.016,akita_black_bowl_1,plate_2,True,False,,,,ffcd8fb43f14f8d5,c7cb19de2f3b82c0,320958beef43bc19,48,938.9,,ambiguous
spatial,scene_0033,both,auto,sketchvla_input_overlay,native,10,False,,240,False,False,,True,True,True,akita_black_bowl_3,False,plate_1,False,0.0023,akita_black_bowl_1,plate_2,False,False,,,,ffcd8fb43f14f8d5,6bcc1a07e2260cb6,23bf5825f69cf669,48,933.2,,ambiguous
spatial,scene_0033,both,auto,sketchvla_input_overlay,native,11,False,,240,False,False,,True,True,True,akita_black_bowl_3,False,plate_1,False,0.0159,akita_black_bowl_1,plate_2,False,False,,,,ffcd8fb43f14f8d5,70d72cf078f58831,2adc74a900a84aa7,48,920.4,,ambiguous
spatial,scene_0033,both,auto,sketchvla_input_overlay,native,12,False,,240,False,False,,True,True,True,akita_black_bowl_3,False,plate_1,False,0.0155,akita_black_bowl_1,plate_2,False,False,,,,ffcd8fb43f14f8d5,69865df886e09207,a812c0bd19aa6174,48,939.7,,ambiguous
spatial,scene_0033,both,auto,sketchvla_input_overlay,native,13,False,,240,False,False,,True,True,True,akita_black_bowl_1,True,,False,0.1023,akita_black_bowl_1,plate_2,True,,,,,ffcd8fb43f14f8d5,a8a5a8691609b3fe,2d03fede1cd5b508,48,881.7,,ambiguous
spatial,scene_0034,both,auto,sketchvla_input_overlay,native,0,False,,240,True,True,187,True,True,True,akita_black_bowl_1,True,plate_1,True,0.0085,akita_black_bowl_1,plate_1,True,True,,,,7953a953c112c358,f5fb8bf5c123167b,75180d6d1f61c38c,48,903.7,,ambiguous
spatial,scene_0034,both,auto,sketchvla_input_overlay,native,1,False,,240,True,True,103,True,True,True,akita_black_bowl_1,True,plate_1,True,0.0134,akita_black_bowl_1,plate_1,True,True,,,,7953a953c112c358,f3e6634f5271ce18,787f664f096d7633,48,941.6,,ambiguous
spatial,scene_0034,both,auto,sketchvla_input_overlay,native,2,False,,240,True,True,113,True,True,True,akita_black_bowl_1,True,plate_1,True,0.0126,akita_black_bowl_1,plate_1,True,True,,,,7953a953c112c358,077a0d04f9f6d00a,7770cffe85122e62,48,942.3,,ambiguous
spatial,scene_0034,both,auto,sketchvla_input_overlay,native,3,False,,240,True,True,103,True,True,True,akita_black_bowl_1,True,plate_1,True,0.0238,akita_black_bowl_1,plate_1,True,True,,,,7953a953c112c358,1a8160d92604776f,926ddf4b21bceddf,48,938.1,,ambiguous
spatial,scene_0034,both,auto,sketchvla_input_overlay,native,4,False,,240,True,True,115,True,True,True,akita_black_bowl_1,True,plate_1,True,0.0023,akita_black_bowl_1,plate_1,True,True,,,,7953a953c112c358,4dde677cbefb2306,4399ee548fda6ec0,48,928.1,,ambiguous
spatial,scene_0034,both,auto,sketchvla_input_overlay,native,5,False,,240,True,True,101,True,True,True,akita_black_bowl_1,True,plate_1,True,0.0105,akita_black_bowl_1,plate_1,True,True,,,,7953a953c112c358,60c9942e19545449,d1a9bc163caf2d8c,48,928.4,,ambiguous
spatial,scene_0034,both,auto,sketchvla_input_overlay,native,6,False,,240,True,True,108,True,True,True,akita_black_bowl_1,True,plate_1,True,0.0153,akita_black_bowl_1,plate_1,True,True,,,,7953a953c112c358,a337937158b6c104,06ee2aea76daf723,48,929.4,,ambiguous
spatial,scene_0034,both,auto,sketchvla_input_overlay,native,7,False,,240,True,True,98,True,True,True,akita_black_bowl_1,True,plate_1,True,0.0155,akita_black_bowl_1,plate_1,True,True,,,,7953a953c112c358,761a4f8074f4ebb0,227712588c43922e,48,931.6,,ambiguous
spatial,scene_0034,both,auto,sketchvla_input_overlay,native,8,False,,240,True,True,107,True,True,True,akita_black_bowl_1,True,plate_1,True,0.0083,akita_black_bowl_1,plate_1,True,True,,,,7953a953c112c358,98105fc49e6151c5,1a9cc1144f788e47,48,933.7,,ambiguous
spatial,scene_0034,both,auto,sketchvla_input_overlay,native,9,False,,240,True,True,96,True,True,True,akita_black_bowl_1,True,plate_1,True,0.0128,akita_black_bowl_1,plate_1,True,True,,,,7953a953c112c358,4084f2c952bd92ab,c1ed707c7a5444f6,48,938.9,,ambiguous
spatial,scene_0034,both,auto,sketchvla_input_overlay,native,10,False,,240,True,True,102,True,True,True,akita_black_bowl_1,True,plate_1,True,0.014,akita_black_bowl_1,plate_1,True,True,,,,7953a953c112c358,1d14323be750032a,4136e20aa79341cc,48,925.9,,ambiguous
spatial,scene_0034,both,auto,sketchvla_input_overlay,native,11,False,,240,True,True,103,True,True,True,akita_black_bowl_1,True,plate_1,True,0.0113,akita_black_bowl_1,plate_1,True,True,,,,7953a953c112c358,a78099ecaabf053f,02f15ee3e942f5b2,48,914.3,,ambiguous
spatial,scene_0034,both,auto,sketchvla_input_overlay,native,12,False,,240,True,True,107,True,True,True,akita_black_bowl_1,True,plate_1,True,0.0123,akita_black_bowl_1,plate_1,True,True,,,,7953a953c112c358,a8d522a505ebc1ff,3bb2b00eeb8989da,48,935.7,,ambiguous
spatial,scene_0034,both,auto,sketchvla_input_overlay,native,13,False,,240,True,True,106,True,True,True,akita_black_bowl_1,True,plate_1,True,0.0109,akita_black_bowl_1,plate_1,True,True,,,,7953a953c112c358,aedeff0c9d2f3928,d20ba928b2c1ac10,48,910.3,,ambiguous
spatial,scene_0035,both,auto,sketchvla_input_overlay,native,0,False,,240,False,False,,True,True,True,akita_black_bowl_1,True,plate_2,False,0.0243,akita_black_bowl_1,plate_3,True,False,,,,9d5da14032b281fc,8f484dd61c3e5f71,66805b1f2ad0da7e,48,939.4,,ambiguous
spatial,scene_0035,both,auto,sketchvla_input_overlay,native,1,False,,240,False,False,,True,True,True,akita_black_bowl_2,False,plate_2,False,0.0126,akita_black_bowl_1,plate_3,False,False,,,,9d5da14032b281fc,9913cd8b98a5d32e,e50c3aaf9e34518c,48,945.1,,ambiguous
spatial,scene_0035,both,auto,sketchvla_input_overlay,native,2,False,,240,False,False,,True,True,True,plate_3,False,plate_3,True,0.0,akita_black_bowl_1,plate_3,False,True,,,,9d5da14032b281fc,3c017d81cca3dcf3,28e47cd2c4ff747c,48,934.3,,ambiguous
spatial,scene_0035,both,auto,sketchvla_input_overlay,native,3,False,,240,False,False,,True,True,True,akita_black_bowl_2,False,plate_2,False,0.0139,akita_black_bowl_1,plate_3,False,False,,,,9d5da14032b281fc,e0787ac104f5ca19,3d568b8167d2d732,48,951.0,,ambiguous
spatial,scene_0035,both,auto,sketchvla_input_overlay,native,4,False,,240,False,False,,True,True,True,cookies_1,False,plate_2,False,0.0194,akita_black_bowl_1,plate_3,False,False,,,,9d5da14032b281fc,d612091605953323,c85f8416ad4bcb3d,48,943.1,,ambiguous
spatial,scene_0035,both,auto,sketchvla_input_overlay,native,5,False,,240,False,False,,True,True,True,akita_black_bowl_2,False,plate_2,False,0.0182,akita_black_bowl_1,plate_3,False,False,,,,9d5da14032b281fc,f91371a4452810b9,183b1496f3abaffb,48,935.1,,ambiguous
spatial,scene_0035,both,auto,sketchvla_input_overlay,native,6,False,,240,False,False,,True,True,True,akita_black_bowl_1,True,,False,0.0953,akita_black_bowl_1,plate_3,True,,,,,9d5da14032b281fc,433623b49f3f3e0b,24aa23e614ce6641,48,916.0,,ambiguous
spatial,scene_0035,both,auto,sketchvla_input_overlay,native,7,False,,240,False,False,,True,True,True,akita_black_bowl_2,False,plate_2,False,0.0115,akita_black_bowl_1,plate_3,False,False,,,,9d5da14032b281fc,f70a5a4d39975bbc,e16c6823407b7bc2,48,926.6,,ambiguous
spatial,scene_0035,both,auto,sketchvla_input_overlay,native,8,False,,240,False,False,,True,True,True,akita_black_bowl_1,True,,False,0.0809,akita_black_bowl_1,plate_3,True,,,,,9d5da14032b281fc,7aa54e799f1b3e1e,7089b1fce87b6872,48,937.9,,ambiguous
spatial,scene_0035,both,auto,sketchvla_input_overlay,native,9,False,,240,False,False,,True,True,True,akita_black_bowl_1,True,plate_2,False,0.0409,akita_black_bowl_1,plate_3,True,False,,,,9d5da14032b281fc,26cc2923b0055155,cbcbe226f4a0f624,48,941.7,,ambiguous
spatial,scene_0035,both,auto,sketchvla_input_overlay,native,10,False,,240,False,False,,True,True,True,akita_black_bowl_1,True,plate_2,False,0.0183,akita_black_bowl_1,plate_3,True,False,,,,9d5da14032b281fc,8ea87dbe3fbe314a,866e73da7d9e2663,48,917.2,,ambiguous
spatial,scene_0035,both,auto,sketchvla_input_overlay,native,11,False,,240,False,False,,True,True,True,cookies_1,False,,False,0.1218,akita_black_bowl_1,plate_3,False,,,,,9d5da14032b281fc,e30945a3b37d6005,d4a79728c1cf555d,48,921.3,,ambiguous
spatial,scene_0035,both,auto,sketchvla_input_overlay,native,12,False,,240,False,False,,True,False,False,,False,,False,0.2493,akita_black_bowl_1,plate_3,,,,,,9d5da14032b281fc,ce61ef8b1ea42d46,0d20b69014a508f0,48,940.5,,ambiguous
spatial,scene_0035,both,auto,sketchvla_input_overlay,native,13,False,,240,False,False,,True,True,True,akita_black_bowl_1,True,plate_2,False,0.0136,akita_black_bowl_1,plate_3,True,False,,,,9d5da14032b281fc,bec507e45d5a7944,51758961a8d262db,48,849.0,,ambiguous
spatial,scene_0036,both,auto,sketchvla_input_overlay,native,0,False,,240,False,False,,True,True,True,akita_black_bowl_1,True,plate_1,False,0.0116,akita_black_bowl_1,plate_2,True,False,,,,ba0364614c70bfde,a50589d9bc1da71c,1fdaa4d12cd86ac5,48,130.3,,ambiguous
spatial,scene_0036,both,auto,sketchvla_input_overlay,native,1,False,,240,False,False,,True,True,True,akita_black_bowl_2,False,plate_1,False,0.0154,akita_black_bowl_1,plate_2,False,False,,,,ba0364614c70bfde,e9b70d570ddf1be1,52361dd1006cf9c3,48,115.1,,ambiguous
spatial,scene_0036,both,auto,sketchvla_input_overlay,native,2,False,,240,False,False,,True,True,True,akita_black_bowl_2,False,plate_1,False,0.0085,akita_black_bowl_1,plate_2,False,False,,,,ba0364614c70bfde,16ff93d633647ec9,37dbf6cdc9720962,48,114.8,,ambiguous
spatial,scene_0036,both,auto,sketchvla_input_overlay,native,3,False,,240,False,False,,True,True,True,akita_black_bowl_1,True,plate_1,False,0.041,akita_black_bowl_1,plate_2,True,False,,,,ba0364614c70bfde,482bcc3808234757,792ba8e1eeaa8ef8,48,114.8,,ambiguous
spatial,scene_0036,both,auto,sketchvla_input_overlay,native,4,False,,240,False,False,,True,True,True,akita_black_bowl_2,False,plate_1,False,0.0085,akita_black_bowl_1,plate_2,False,False,,,,ba0364614c70bfde,8c9e947c9cc191ad,4f0a6f2fddda057e,48,115.8,,ambiguous
spatial,scene_0036,both,auto,sketchvla_input_overlay,native,5,False,,240,False,False,,True,True,True,akita_black_bowl_1,True,plate_1,False,0.0071,akita_black_bowl_1,plate_2,True,False,,,,ba0364614c70bfde,47c9bd6956e5a264,58c372b61450d88b,48,115.6,,ambiguous
spatial,scene_0036,both,auto,sketchvla_input_overlay,native,6,False,,240,False,False,,True,True,True,akita_black_bowl_2,False,plate_1,False,0.0103,akita_black_bowl_1,plate_2,False,False,,,,ba0364614c70bfde,435825f9efcf7855,93d3d4b15afb819a,48,115.5,,ambiguous
spatial,scene_0036,both,auto,sketchvla_input_overlay,native,7,False,,240,False,False,,True,True,True,akita_black_bowl_1,True,plate_1,False,0.0063,akita_black_bowl_1,plate_2,True,False,,,,ba0364614c70bfde,19d1120d0bcc73a9,05d8ae61bbdde6fa,48,113.7,,ambiguous
spatial,scene_0036,both,auto,sketchvla_input_overlay,native,8,False,,240,False,False,,True,True,True,akita_black_bowl_1,True,plate_1,False,0.0088,akita_black_bowl_1,plate_2,True,False,,,,ba0364614c70bfde,f1c0dc2733f0b4e9,c5b5aef8334a3120,48,116.0,,ambiguous
spatial,scene_0036,both,auto,sketchvla_input_overlay,native,9,False,,240,False,False,,True,True,True,akita_black_bowl_2,False,plate_1,False,0.0082,akita_black_bowl_1,plate_2,False,False,,,,ba0364614c70bfde,6bd96f3096786f5b,04a01fde94bd6d39,48,114.4,,ambiguous
spatial,scene_0036,both,auto,sketchvla_input_overlay,native,10,False,,240,False,False,,True,True,True,akita_black_bowl_1,True,plate_1,False,0.0165,akita_black_bowl_1,plate_2,True,False,,,,ba0364614c70bfde,c15be42726bb9a06,c73b3546abb3d699,48,112.5,,ambiguous
spatial,scene_0036,both,auto,sketchvla_input_overlay,native,11,False,,240,False,False,,True,True,True,akita_black_bowl_1,True,plate_1,False,0.007,akita_black_bowl_1,plate_2,True,False,,,,ba0364614c70bfde,949aa3a896c8e9c2,78571ceb52b8f9e1,48,114.2,,ambiguous
spatial,scene_0036,both,auto,sketchvla_input_overlay,native,12,False,,240,False,False,,True,True,True,akita_black_bowl_1,True,plate_1,False,0.0152,akita_black_bowl_1,plate_2,True,False,,,,ba0364614c70bfde,d6215adaff5cbb6c,5fcd2374d8c173a4,48,113.2,,ambiguous
spatial,scene_0036,both,auto,sketchvla_input_overlay,native,13,False,,240,False,False,,True,True,True,akita_black_bowl_2,False,plate_1,False,0.0034,akita_black_bowl_1,plate_2,False,False,,,,ba0364614c70bfde,db3d68988bf441a0,1c44f4ee7b640558,48,114.4,,ambiguous
