suite,dir,tier,condition,policy,sketch_route,rollout_idx,skipped,skip_reason,n_steps,success_final,success_sustained,first_success_step,grasp_success_flag,grasped_any,lifted,grasped_instance,correct_instance_grasped,nearest_destination,correct_destination,terminal_dist_xy,sketch_referent_object,sketch_referent_destination,sketch_fidelity_object,sketch_fidelity_destination,deproject,z_pick,z_place,init_state_hash,init_warmstart_hash,final_state_hash,n_infer_calls,infer_ms_mean,pi05_sketch_mode,prompt_type
spatial,scene_0000,control,text_only,pi05,tokens,0,False,,240,True,True,81,True,True,True,akita_black_bowl_1,True,plate_1,True,0.0028,,,,,plane,,,f07199b0dd672c7b,df202040cff53bcb,f2076daa7ecf79f6,48,160.5,none,ambiguous
spatial,scene_0000,control,text_only,pi05,tokens,1,False,,240,True,True,80,True,True,True,akita_black_bowl_1,True,plate_1,True,0.0083,,,,,plane,,,f07199b0dd672c7b,5e45f9ce09b9b2eb,2d2493948f92f3f7,48,162.9,none,ambiguous
spatial,scene_0000,control,text_only,pi05,tokens,2,False,,240,True,True,79,True,True,True,akita_black_bowl_1,True,plate_1,True,0.0065,,,,,plane,,,f07199b0dd672c7b,beb07a96468d6320,a08da4d248111ba9,48,159.7,none,ambiguous
spatial,scene_0000,control,text_only,pi05,tokens,3,False,,240,True,True,82,True,True,True,akita_black_bowl_1,True,plate_1,True,0.0025,,,,,plane,,,f07199b0dd672c7b,d7bd2782103fb891,009d1442848e1b50,48,161.3,none,ambiguous
spatial,scene_0000,control,text_only,pi05,tokens,4,False,,240,True,True,80,True,True,True,akita_black_bowl_1,True,plate_1,True,0.0048,,,,,plane,,,f07199b0dd672c7b,458964bee3c24f97,c7fc835db7ee9a2e,48,153.7,none,ambiguous
spatial,scene_0000,control,text_only,pi05,tokens,5,False,,240,True,True,81,True,True,True,akita_black_bowl_1,True,plate_1,True,0.0058,,,,,plane,,,f07199b0dd672c7b,35c164980c64d867,28ad9bce067bbf4f,48,164.9,none,ambiguous
spatial,scene_0000,control,text_only,pi05,tokens,6,False,,240,True,True,84,True,True,True,akita_black_bowl_1,True,plate_1,True,0.0059,,,,,plane,,,f07199b0dd672c7b,e6495cb973aa3110,796d9c6c7b961115,48,164.6,none,ambiguous
spatial,scene_0000,control,text_only,pi05,tokens,7,False,,240,True,True,82,True,True,True,akita_black_bowl_1,True,plate_1,True,0.0009,,,,,plane,,,f07199b0dd672c7b,325c84dbc0a8e4a7,b03a42825f8306c6,48,158.6,none,ambiguous
spatial,scene_0000,control,text_only,pi05,tokens,8,False,,240,True,True,81,True,True,True,akita_black_bowl_1,True,plate_1,True,0.0073,,,,,plane,,,f07199b0dd672c7b,bfefbf314808f149,af023898a08f0008,48,159.8,none,ambiguous
spatial,scene_0000,control,text_only,pi05,tokens,9,False,,240,True,True,82,True,True,True,akita_black_bowl_1,True,plate_1,True,0.0091,,,,,plane,,,f07199b0dd672c7b,f9b0701ede0f31f2,8aea0481a84940c9,48,163.6,none,ambiguous
spatial,scene_0000,control,text_only,pi05,tokens,10,False,,240,True,True,85,True,True,True,akita_black_bowl_1,True,plate_1,True,0.0086,,,,,plane,,,f07199b0dd672c7b,13283e978260db19,f7ee9cf6079e001e,48,156.7,none,ambiguous
spatial,scene_0000,control,text_only,pi05,tokens,11,False,,240,True,True,80,True,True,True,akita_black_bowl_1,True,plate_1,True,0.0076,,,,,plane,,,f07199b0dd672c7b,b406f2933bf1c66c,9e3cc5d726c9eb15,48,164.3,none,ambiguous
spatial,scene_0000,control,text_only,pi05,tokens,12,False,,240,True,True,84,True,True,True,akita_black_bowl_1,True,plate_1,True,0.0033,,,,,plane,,,f07199b0dd672c7b,6365d09b1da0509c,eda47f39321101e4,48,161.6,none,ambiguous
spatial,scene_0000,control,text_only,pi05,tokens,13,False,,240,True,True,84,True,True,True,akita_black_bowl_1,True,plate_1,True,0.0073,,,,,plane,,,f07199b0dd672c7b,addc8a9cd63397a6,4788faf54d90dbfd,48,169.7,none,ambiguous
spatial,scene_0001,control,text_only,pi05,tokens,0,False,,240,True,True,91,True,True,True,akita_black_bowl_1,True,plate_1,True,0.0063,,,,,plane,,,08a66c7918f503d9,15208c6776ec3405,781d0e290197963e,48,199.5,none,ambiguous
spatial,scene_0001,control,text_only,pi05,tokens,1,False,,240,True,True,91,True,True,True,akita_black_bowl_1,True,plate_1,True,0.007,,,,,plane,,,08a66c7918f503d9,62b8238d951be348,c728589082764539,48,189.5,none,ambiguous
spatial,scene_0001,control,text_only,pi05,tokens,2,False,,240,True,True,92,True,True,True,akita_black_bowl_1,True,plate_1,True,0.0068,,,,,plane,,,08a66c7918f503d9,41388dd4301b5bec,f25bd654fca598ed,48,170.7,none,ambiguous
spatial,scene_0001,control,text_only,pi05,tokens,3,False,,240,True,True,86,True,True,True,akita_black_bowl_1,True,plate_1,True,0.0166,,,,,plane,,,08a66c7918f503d9,2eee97fece31988a,acf7d57d9c914f69,48,174.3,none,ambiguous
spatial,scene_0001,control,text_only,pi05,tokens,4,False,,240,True,True,129,True,True,True,akita_black_bowl_1,True,plate_1,True,0.013,,,,,plane,,,08a66c7918f503d9,7a46134b7a60b5b6,54070275556a89a5,48,167.9,none,ambiguous
spatial,scene_0001,control,text_only,pi05,tokens,5,False,,240,True,True,91,True,True,True,akita_black_bowl_1,True,plate_1,True,0.012,,,,,plane,,,08a66c7918f503d9,681efdc9e0edff81,47449c5ce16df0b2,48,169.1,none,ambiguous
spatial,scene_0001,control,text_only,pi05,tokens,6,False,,240,True,True,97,True,True,True,akita_black_bowl_1,True,plate_1,True,0.0049,,,,,plane,,,08a66c7918f503d9,ee88dcedea1402b4,22f30b68f1048085,48,166.3,none,ambiguous
spatial,scene_0001,control,text_only,pi05,tokens,7,False,,240,True,True,89,True,True,True,akita_black_bowl_1,True,plate_1,True,0.0146,,,,,plane,,,08a66c7918f503d9,67e65d635c061d70,87afba4d4405727d,48,154.7,none,ambiguous
spatial,scene_0001,control,text_only,pi05,tokens,8,False,,240,True,True,97,True,True,True,akita_black_bowl_1,True,plate_1,True,0.0105,,,,,plane,,,08a66c7918f503d9,063d08f68a763d8c,3f201bdf8270b7e5,48,166.9,none,ambiguous
spatial,scene_0001,control,text_only,pi05,tokens,9,False,,240,True,True,99,True,True,True,akita_black_bowl_1,True,plate_1,True,0.0081,,,,,plane,,,08a66c7918f503d9,c41fb9665c7ea89b,fe2befbf8228f13c,48,166.4,none,ambiguous
spatial,scene_0001,control,text_only,pi05,tokens,10,False,,240,True,True,101,True,True,True,akita_black_bowl_1,True,plate_1,True,0.0054,,,,,plane,,,08a66c7918f503d9,1dbffe2c7da38713,6fbe2ddbf119adac,48,159.9,none,ambiguous
spatial,scene_0001,control,text_only,pi05,tokens,11,False,,240,True,True,100,True,True,True,akita_black_bowl_1,True,plate_1,True,0.0053,,,,,plane,,,08a66c7918f503d9,b9f7eb79ab3d6ad8,075a556934ff158c,48,167.0,none,ambiguous
spatial,scene_0001,control,text_only,pi05,tokens,12,False,,240,True,True,101,True,True,True,akita_black_bowl_1,True,plate_1,True,0.0092,,,,,plane,,,08a66c7918f503d9,2b8bd9369d0abbe3,ad4a8f18cb993247,48,163.5,none,ambiguous
spatial,scene_0001,control,text_only,pi05,tokens,13,False,,240,True,True,120,True,True,True,akita_black_bowl_1,True,plate_1,True,0.0091,,,,,plane,,,08a66c7918f503d9,b9114b3db6db12bc,07e491756df8aaff,48,166.7,none,ambiguous
spatial,scene_0002,control,text_only,pi05,tokens,0,False,,240,False,False,,True,True,True,cookies_1,False,plate_1,True,0.0148,,,,,plane,,,92c3ce3e58d6fcd4,6e5381b5ead27415,92906f36f755a05c,48,158.1,none,ambiguous
spatial,scene_0002,control,text_only,pi05,tokens,1,False,,240,False,False,,True,True,True,akita_black_bowl_2,False,plate_1,True,0.0106,,,,,plane,,,92c3ce3e58d6fcd4,e9782f4da88caf2c,127a3793abeb93ea,48,155.2,none,ambiguous
spatial,scene_0002,control,text_only,pi05,tokens,2,False,,240,False,False,,True,False,False,,False,,False,0.1792,,,,,plane,,,92c3ce3e58d6fcd4,b638f5effdf2eb1e,ef829c1d2894ab97,48,168.0,none,ambiguous
spatial,scene_0002,control,text_only,pi05,tokens,3,False,,240,False,False,,True,True,True,cookies_1,False,plate_1,True,0.0089,,,,,plane,,,92c3ce3e58d6fcd4,dffcbeb6baeeda4a,f19e30de15f506e1,48,166.5,none,ambiguous
spatial,scene_0002,control,text_only,pi05,tokens,4,False,,240,False,False,,True,True,True,cookies_1,False,plate_1,True,0.0201,,,,,plane,,,92c3ce3e58d6fcd4,983021e96056395c,f02293496291fe76,48,165.7,none,ambiguous
spatial,scene_0002,control,text_only,pi05,tokens,5,False,,240,False,False,,True,True,True,cookies_1,False,plate_1,True,0.0186,,,,,plane,,,92c3ce3e58d6fcd4,0e38cfc595332729,036554e86e6b700f,48,177.2,none,ambiguous
spatial,scene_0002,control,text_only,pi05,tokens,6,False,,240,False,False,,True,True,True,cookies_1,False,plate_1,True,0.018,,,,,plane,,,92c3ce3e58d6fcd4,9286cee760b03642,39cbb7dd55eaec89,48,170.8,none,ambiguous
spatial,scene_0002,control,text_only,pi05,tokens,7,False,,240,False,False,,True,True,True,cookies_1,False,plate_1,True,0.0148,,,,,plane,,,92c3ce3e58d6fcd4,c62018a953e0d594,32ba69671d70ad6a,48,175.7,none,ambiguous
spatial,scene_0002,control,text_only,pi05,tokens,8,False,,240,False,False,,True,True,True,akita_black_bowl_2,False,plate_1,True,0.0066,,,,,plane,,,92c3ce3e58d6fcd4,50dad8b6a5840038,3d68ad6f19741941,48,175.3,none,ambiguous
spatial,scene_0002,control,text_only,pi05,tokens,9,False,,240,False,False,,True,True,True,cookies_1,False,plate_1,True,0.0032,,,,,plane,,,92c3ce3e58d6fcd4,75b97c497335684f,ba190266e06869b1,48,164.9,none,ambiguous
spatial,scene_0002,control,text_only,pi05,tokens,10,False,,240,False,False,,True,True,True,cookies_1,False,plate_1,True,0.0023,,,,,plane,,,92c3ce3e58d6fcd4,4802720a85e014ef,1f1b83ce90f6a9d3,48,166.6,none,ambiguous
spatial,scene_0002,control,text_only,pi05,tokens,11,False,,240,False,False,,True,True,True,cookies_1,False,plate_1,True,0.0073,,,,,plane,,,92c3ce3e58d6fcd4,2d16196091e4cc91,1be1be2d08ff85b8,48,165.1,none,ambiguous
spatial,scene_0002,control,text_only,pi05,tokens,12,False,,240,False,False,,True,True,True,akita_black_bowl_2,False,plate_1,True,0.0101,,,,,plane,,,92c3ce3e58d6fcd4,70f0109bcbd926e6,0e1f3ca9c7371f86,48,154.1,none,ambiguous
spatial,scene_0002,control,text_only,pi05,tokens,13,False,,240,False,False,,True,True,True,cookies_1,False,plate_1,True,0.0057,,,,,plane,,,92c3ce3e58d6fcd4,ddca196e2e354106,f36ac47e5a6d6e83,48,148.7,none,ambiguous
spatial,scene_0003,control,text_only,pi05,tokens,0,False,,240,True,True,106,True,True,True,akita_black_bowl_1,True,plate_1,True,0.0167,,,,,plane,,,3266883a85de4ab2,293d9df83668105c,a7e5bdd1deaf6194,48,156.2,none,ambiguous
spatial,scene_0003,control,text_only,pi05,tokens,1,False,,240,True,True,97,True,True,True,akita_black_bowl_1,True,plate_1,True,0.0109,,,,,plane,,,3266883a85de4ab2,af44975cea021de8,0ce4a046aab10bf8,48,157.8,none,ambiguous
spatial,scene_0003,control,text_only,pi05,tokens,2,False,,240,True,True,99,True,True,True,akita_black_bowl_1,True,plate_1,True,0.0141,,,,,plane,,,3266883a85de4ab2,d262b13060d9796e,9b97b9ffd3cd4921,48,162.8,none,ambiguous
spatial,scene_0003,control,text_only,pi05,tokens,3,False,,240,True,True,113,True,True,True,akita_black_bowl_1,True,plate_1,True,0.0112,,,,,plane,,,3266883a85de4ab2,29c213cdbc1780f5,84b577a954edc0ff,48,165.0,none,ambiguous
spatial,scene_0003,control,text_only,pi05,tokens,4,False,,240,True,True,108,True,True,True,akita_black_bowl_1,True,plate_1,True,0.016,,,,,plane,,,3266883a85de4ab2,18596eb9537f64e4,536012f2aca8ce36,48,160.1,none,ambiguous
spatial,scene_0003,control,text_only,pi05,tokens,5,False,,240,True,True,116,True,True,True,akita_black_bowl_1,True,plate_1,True,0.0131,,,,,plane,,,3266883a85de4ab2,776ab56affd26c78,5da710318e15bfe1,48,154.5,none,ambiguous
spatial,scene_0003,control,text_only,pi05,tokens,6,False,,240,True,True,110,True,True,True,akita_black_bowl_1,True,plate_1,True,0.0118,,,,,plane,,,3266883a85de4ab2,538c171cb1e71e68,a892015307068b9b,48,159.0,none,ambiguous
spatial,scene_0003,control,text_only,pi05,tokens,7,False,,240,True,True,99,True,True,True,akita_black_bowl_1,True,plate_1,True,0.01,,,,,plane,,,3266883a85de4ab2,9a3a2fe60b368425,18d8a39c6dd47632,48,152.1,none,ambiguous
spatial,scene_0003,control,text_only,pi05,tokens,8,False,,240,True,True,111,True,True,True,akita_black_bowl_1,True,plate_1,True,0.0133,,,,,plane,,,3266883a85de4ab2,7f67d236f5f1dead,17a9d863efeec381,48,162.8,none,ambiguous
spatial,scene_0003,control,text_only,pi05,tokens,9,False,,240,True,True,117,True,True,True,akita_black_bowl_1,True,plate_1,True,0.0114,,,,,plane,,,3266883a85de4ab2,f021da287a4e6584,6160abfffcd1fe44,48,155.2,none,ambiguous
spatial,scene_0003,control,text_only,pi05,tokens,10,False,,240,False,True,105,True,True,True,akita_black_bowl_1,True,plate_1,True,0.0062,,,,,plane,,,3266883a85de4ab2,b3be35d655d4a0a2,f4c6832b3bc8a1c9,48,152.1,none,ambiguous
spatial,scene_0003,control,text_only,pi05,tokens,11,False,,240,True,True,105,True,True,True,akita_black_bowl_1,True,plate_1,True,0.0086,,,,,plane,,,3266883a85de4ab2,0d08e1b21f29d848,ed6d31fa5b40c972,48,155.4,none,ambiguous
spatial,scene_0003,control,text_only,pi05,tokens,12,False,,240,True,True,114,True,True,True,akita_black_bowl_1,True,plate_1,True,0.0196,,,,,plane,,,3266883a85de4ab2,7cd884c2b0cd893e,4cfd066cbd08cd76,48,152.3,none,ambiguous
spatial,scene_0003,control,text_only,pi05,tokens,13,False,,240,True,True,115,True,True,True,akita_black_bowl_1,True,plate_1,True,0.0123,,,,,plane,,,3266883a85de4ab2,d8bf044da70a28c9,743828dfa50811a2,48,147.3,none,ambiguous
spatial,scene_0004,referential,text_only,pi05,tokens,0,False,,240,True,True,80,True,True,True,akita_black_bowl_1,True,plate_1,True,0.0075,,,,,plane,,,ae82ae1fd0a4a35a,a8dbb33ea9a30766,87a229f30406895e,48,152.7,none,ambiguous
spatial,scene_0004,referential,text_only,pi05,tokens,1,False,,240,True,True,81,True,True,True,akita_black_bowl_1,True,plate_1,True,0.0048,,,,,plane,,,ae82ae1fd0a4a35a,b5e0f9eb295d4391,6ea59d90940c4308,48,151.2,none,ambiguous
spatial,scene_0004,referential,text_only,pi05,tokens,2,False,,240,True,True,87,True,True,True,akita_black_bowl_1,True,plate_1,True,0.0133,,,,,plane,,,ae82ae1fd0a4a35a,4d0233d49eb59c5c,7b255f286db3ddfe,48,154.3,none,ambiguous
spatial,scene_0004,referential,text_only,pi05,tokens,3,False,,240,True,True,85,True,True,True,akita_black_bowl_1,True,plate_1,True,0.0106,,,,,plane,,,ae82ae1fd0a4a35a,ebfda4607b47e09b,e0af06fb858a6c2d,48,161.2,none,ambiguous
spatial,scene_0004,referential,text_only,pi05,tokens,4,False,,240,True,True,81,True,True,True,akita_black_bowl_1,True,plate_1,True,0.0078,,,,,plane,,,ae82ae1fd0a4a35a,9944b8af33c87ad8,7fb118649da4016d,48,155.9,none,ambiguous
spatial,scene_0004,referential,text_only,pi05,tokens,5,False,,240,True,True,84,True,True,True,akita_black_bowl_1,True,plate_1,True,0.0045,,,,,plane,,,ae82ae1fd0a4a35a,52745e40f7b48b04,4ea5a5e9aa0d9177,48,165.1,none,ambiguous
spatial,scene_0004,referential,text_only,pi05,tokens,6,False,,240,True,True,82,True,True,True,akita_black_bowl_1,True,plate_1,True,0.0074,,,,,plane,,,ae82ae1fd0a4a35a,9572f582bd80051a,3b7f7e3acc068db7,48,164.1,none,ambiguous
spatial,scene_0004,referential,text_only,pi05,tokens,7,False,,240,True,True,83,True,True,True,akita_black_bowl_1,True,plate_1,True,0.0096,,,,,plane,,,ae82ae1fd0a4a35a,6b4cd4cf45feec4e,95d4417b58a0c75b,48,161.5,none,ambiguous
spatial,scene_0004,referential,text_only,pi05,tokens,8,False,,240,True,True,82,True,True,True,akita_black_bowl_1,True,plate_1,True,0.0075,,,,,plane,,,ae82ae1fd0a4a35a,8dbefa36b47b252a,67a3959d50d9f119,48,162.8,none,ambiguous
spatial,scene_0004,referential,text_only,pi05,tokens,9,False,,240,True,True,92,True,True,True,akita_black_bowl_1,True,plate_1,True,0.004,,,,,plane,,,ae82ae1fd0a4a35a,2ea08b821959efbe,9531a026c9551171,48,162.2,none,ambiguous
spatial,scene_0004,referential,text_only,pi05,tokens,10,False,,240,True,True,90,True,True,True,akita_black_bowl_1,True,plate_1,True,0.0124,,,,,plane,,,ae82ae1fd0a4a35a,fbe7acaa6def3a49,ed69adcdd48d2f9b,48,157.9,none,ambiguous
spatial,scene_0004,referential,text_only,pi05,tokens,11,False,,240,True,True,81,True,True,True,akita_black_bowl_1,True,plate_1,True,0.0064,,,,,plane,,,ae82ae1fd0a4a35a,938d6de88c879bed,a303ba6feebc879b,48,149.9,none,ambiguous
spatial,scene_0004,referential,text_only,pi05,tokens,12,False,,240,True,True,82,True,True,True,akita_black_bowl_1,True,plate_1,True,0.0036,,,,,plane,,,ae82ae1fd0a4a35a,b6de11a45e345ae2,634e0394057b391b,48,156.6,none,ambiguous
spatial,scene_0004,referential,text_only,pi05,tokens,13,False,,240,True,True,87,True,True,True,akita_black_bowl_1,True,plate_1,True,0.0059,,,,,plane,,,ae82ae1fd0a4a35a,eeb11f11daf77011,e66d6338b2bfd2f2,48,169.0,none,ambiguous
spatial,scene_0005,referential,text_only,pi05,tokens,0,False,,240,True,True,92,True,True,True,akita_black_bowl_1,True,plate_1,True,0.0067,,,,,plane,,,6caf6cebff970c05,259feafda87a6e70,4572873810d14ff6,48,162.9,none,ambiguous
spatial,scene_0005,referential,text_only,pi05,tokens,1,False,,240,True,True,122,True,True,True,akita_black_bowl_1,True,plate_1,True,0.0152,,,,,plane,,,6caf6cebff970c05,0e6747efa93013e7,c47f8f7d1de45b4e,48,176.7,none,ambiguous
spatial,scene_0005,referential,text_only,pi05,tokens,2,False,,240,False,True,90,True,True,True,akita_black_bowl_1,True,plate_1,True,0.0472,,,,,plane,,,6caf6cebff970c05,8adb62a152eb9402,3fbf3f5d4007cea5,48,167.4,none,ambiguous
spatial,scene_0005,referential,text_only,pi05,tokens,3,False,,240,True,True,99,True,True,True,akita_black_bowl_1,True,plate_1,True,0.0034,,,,,plane,,,6caf6cebff970c05,b8bd2769e59da408,d33fe9d1d52b2b33,48,163.6,none,ambiguous
spatial,scene_0005,referential,text_only,pi05,tokens,4,False,,240,True,True,91,True,True,True,akita_black_bowl_1,True,plate_1,True,0.0087,,,,,plane,,,6caf6cebff970c05,ab7b5292f913615b,3a4e0baa1c7cc0b4,48,158.9,none,ambiguous
spatial,scene_0005,referential,text_only,pi05,tokens,5,False,,240,True,True,124,True,True,True,akita_black_bowl_1,True,plate_1,True,0.0201,,,,,plane,,,6caf6cebff970c05,167da40ce115aa04,86ba1dd8d9043e12,48,162.3,none,ambiguous
spatial,scene_0005,referential,text_only,pi05,tokens,6,False,,240,True,True,94,True,True,True,akita_black_bowl_1,True,plate_1,True,0.0121,,,,,plane,,,6caf6cebff970c05,94b425fdf45fad5e,49f0950521bc9889,48,158.3,none,ambiguous
spatial,scene_0005,referential,text_only,pi05,tokens,7,False,,240,True,True,94,True,True,True,akita_black_bowl_1,True,plate_1,True,0.0112,,,,,plane,,,6caf6cebff970c05,257394762ce4659e,9949f5f49e8156df,48,166.7,none,ambiguous
spatial,scene_0005,referential,text_only,pi05,tokens,8,False,,240,True,True,112,True,True,True,akita_black_bowl_1,True,plate_1,True,0.0103,,,,,plane,,,6caf6cebff970c05,ab29e67c87651973,d08f9e8504a83b1e,48,169.9,none,ambiguous
spatial,scene_0005,referential,text_only,pi05,tokens,9,False,,240,True,True,97,True,True,True,akita_black_bowl_1,True,plate_1,True,0.0176,,,,,plane,,,6caf6cebff970c05,d69cd75e10b3fca6,a2ba35397b9ffb0f,48,169.0,none,ambiguous
spatial,scene_0005,referential,text_only,pi05,tokens,10,False,,240,True,True,90,True,True,True,akita_black_bowl_1,True,plate_1,True,0.0236,,,,,plane,,,6caf6cebff970c05,9c81f288d41e32a0,73db1bb512f4c725,48,162.4,none,ambiguous
spatial,scene_0005,referential,text_only,pi05,tokens,11,False,,240,True,True,96,True,True,True,akita_black_bowl_1,True,plate_1,True,0.0137,,,,,plane,,,6caf6cebff970c05,b1a0786cda123568,436c4e715bacee24,48,163.9,none,ambiguous
spatial,scene_0005,referential,text_only,pi05,tokens,12,False,,240,True,True,126,True,True,True,akita_black_bowl_1,True,plate_1,True,0.006,,,,,plane,,,6caf6cebff970c05,5b5fa4c96326d4da,0803024e2c951919,48,170.9,none,ambiguous
spatial,scene_0005,referential,text_only,pi05,tokens,13,False,,240,True,True,93,True,True,True,akita_black_bowl_1,True,plate_1,True,0.0179,,,,,plane,,,6caf6cebff970c05,ad84705adf65dc2e,9a47e8c19eb64daf,48,176.3,none,ambiguous
spatial,scene_0006,referential,text_only,pi05,tokens,0,False,,240,False,False,,True,True,True,akita_black_bowl_2,False,plate_1,True,0.0105,,,,,plane,,,142d7f6c44738d65,7f5090e3d52833b8,ddbaaee275aca893,48,170.9,none,ambiguous
spatial,scene_0006,referential,text_only,pi05,tokens,1,False,,240,False,False,,True,True,True,akita_black_bowl_2,False,plate_1,True,0.0099,,,,,plane,,,142d7f6c44738d65,65d6708a64d7a807,337485e81189adf5,48,163.6,none,ambiguous
spatial,scene_0006,referential,text_only,pi05,tokens,2,False,,240,False,False,,True,True,True,akita_black_bowl_2,False,plate_1,True,0.0126,,,,,plane,,,142d7f6c44738d65,6f5db04f9b7737ab,2e7d54b265dd144d,48,166.1,none,ambiguous
spatial,scene_0006,referential,text_only,pi05,tokens,3,False,,240,False,False,,True,True,True,akita_black_bowl_2,False,plate_1,True,0.0027,,,,,plane,,,142d7f6c44738d65,352c260391661938,63a65b349e6e5a72,48,160.5,none,ambiguous
spatial,scene_0006,referential,text_only,pi05,tokens,4,False,,240,False,False,,True,True,True,akita_black_bowl_2,False,plate_1,True,0.0114,,,,,plane,,,142d7f6c44738d65,eb94f8a6442e1cc6,085e9106d07ccae9,48,168.7,none,ambiguous
spatial,scene_0006,referential,text_only,pi05,tokens,5,False,,240,False,False,,True,True,True,akita_black_bowl_2,False,plate_1,True,0.0125,,,,,plane,,,142d7f6c44738d65,b964632e0cc7a3ca,634f9e84ed9ffd9f,48,159.8,none,ambiguous
spatial,scene_0006,referential,text_only,pi05,tokens,6,False,,240,False,False,,True,True,True,akita_black_bowl_2,False,plate_1,True,0.0103,,,,,plane,,,142d7f6c44738d65,c965c8dd5cbc96ca,7c9fc605e55ed8b3,48,158.5,none,ambiguous
spatial,scene_0006,referential,text_only,pi05,tokens,7,False,,240,False,False,,True,True,True,akita_black_bowl_2,False,plate_1,True,0.0105,,,,,plane,,,142d7f6c44738d65,aea4a518f29f6f3f,d66a15b6e5508c1f,48,160.2,none,ambiguous
spatial,scene_0006,referential,text_only,pi05,tokens,8,False,,240,False,False,,True,True,True,akita_black_bowl_2,False,plate_1,True,0.0113,,,,,plane,,,142d7f6c44738d65,0b9f9c7849c4de3e,c894c90d85544cfb,48,161.3,none,ambiguous
spatial,scene_0006,referential,text_only,pi05,tokens,9,False,,240,False,False,,True,True,True,akita_black_bowl_2,False,plate_1,True,0.0103,,,,,plane,,,142d7f6c44738d65,5b6b8e2388ae0e79,79dc27aed6f6c519,48,160.1,none,ambiguous
spatial,scene_0006,referential,text_only,pi05,tokens,10,False,,240,False,False,,True,True,True,akita_black_bowl_2,False,plate_1,True,0.0128,,,,,plane,,,142d7f6c44738d65,5dc0b74bd51d83af,fbd998eafa044ac5,48,162.8,none,ambiguous
spatial,scene_0006,referential,text_only,pi05,tokens,11,False,,240,False,False,,True,True,True,akita_black_bowl_2,False,plate_1,True,0.0084,,,,,plane,,,142d7f6c44738d65,ef95c649cbff5fd1,ed9c118bb4c2e644,48,160.8,none,ambiguous
spatial,scene_0006,referential,text_only,pi05,tokens,12,False,,240,False,False,,True,True,True,akita_black_bowl_2,False,plate_1,True,0.0116,,,,,plane,,,142d7f6c44738d65,5b4a9d303f67d331,ad2cbedba42006f5,48,154.2,none,ambiguous
spatial,scene_0006,referential,text_only,pi05,tokens,13,False,,240,False,False,,True,True,True,akita_black_bowl_2,False,plate_1,True,0.0043,,,,,plane,,,142d7f6c44738d65,8a55d75c61305dc3,5ae6190cdde12101,48,157.4,none,ambiguous
spatial,scene_0007,referential,text_only,pi05,tokens,0,False,,240,False,False,,True,True,True,akita_black_bowl_4,False,plate_1,True,0.0191,,,,,plane,,,39e2b6db965f7d61,a547fd22c8a30fb5,3f2809438ef74a8c,48,161.6,none,ambiguous
spatial,scene_0007,referential,text_only,pi05,tokens,1,False,,240,False,False,,True,True,True,akita_black_bowl_4,False,plate_1,True,0.0028,,,,,plane,,,39e2b6db965f7d61,ecf1111019538063,2f0e25624e87efda,48,164.1,none,ambiguous
spatial,scene_0007,referential,text_only,pi05,tokens,2,False,,240,False,False,,True,True,True,akita_black_bowl_4,False,plate_1,True,0.0145,,,,,plane,,,39e2b6db965f7d61,f1b4914b24080a7c,6c115adf0e32b3bc,48,166.0,none,ambiguous
spatial,scene_0007,referential,text_only,pi05,tokens,3,False,,240,False,False,,True,True,True,akita_black_bowl_4,False,,False,0.1799,,,,,plane,,,39e2b6db965f7d61,075f7396a6102149,3c34e1558b95f03f,48,160.5,none,ambiguous
spatial,scene_0007,referential,text_only,pi05,tokens,4,False,,240,False,False,,True,True,True,cookies_1,False,,False,0.1145,,,,,plane,,,39e2b6db965f7d61,59046676f64678dd,50dcedbf6532fcda,48,162.2,none,ambiguous
spatial,scene_0007,referential,text_only,pi05,tokens,5,False,,240,False,False,,True,True,True,akita_black_bowl_4,False,plate_1,True,0.0151,,,,,plane,,,39e2b6db965f7d61,32d6613d63cacfde,9e3429127eddd5a2,48,158.5,none,ambiguous
spatial,scene_0007,referential,text_only,pi05,tokens,6,False,,240,False,False,,True,True,True,cookies_1,False,,False,0.1148,,,,,plane,,,39e2b6db965f7d61,e2c0b4b547c7d00b,48adf86a9a36ce2a,48,171.9,none,ambiguous
spatial,scene_0007,referential,text_only,pi05,tokens,7,False,,240,False,False,,True,True,True,akita_black_bowl_4,False,plate_1,True,0.0058,,,,,plane,,,39e2b6db965f7d61,67a93b515c87f297,0e6b5c8122b70d17,48,170.0,none,ambiguous
spatial,scene_0007,referential,text_only,pi05,tokens,8,False,,240,False,False,,True,True,True,akita_black_bowl_4,False,plate_1,True,0.0031,,,,,plane,,,39e2b6db965f7d61,abea8dbb2ebb8c70,e54ff466b1d76b00,48,166.6,none,ambiguous
spatial,scene_0007,referential,text_only,pi05,tokens,9,False,,240,False,False,,True,True,True,akita_black_bowl_4,False,plate_1,True,0.018,,,,,plane,,,39e2b6db965f7d61,876c82b93ea76dc0,fce535257afd8989,48,163.1,none,ambiguous
spatial,scene_0007,referential,text_only,pi05,tokens,10,False,,240,False,False,,True,True,True,akita_black_bowl_4,False,,False,0.1942,,,,,plane,,,39e2b6db965f7d61,f95ba0ea0b1ec516,ca3afe4117fd48d4,48,170.2,none,ambiguous
spatial,scene_0007,referential,text_only,pi05,tokens,11,False,,240,False,False,,True,True,True,akita_black_bowl_4,False,plate_1,True,0.0096,,,,,plane,,,39e2b6db965f7d61,dda4b5dd772c6304,e958d77f729f96a8,48,166.9,none,ambiguous
spatial,scene_0007,referential,text_only,pi05,tokens,12,False,,240,False,False,,True,True,True,akita_black_bowl_4,False,,False,0.2011,,,,,plane,,,39e2b6db965f7d61,19aab4c4e4c8a013,664c8eb4d9b7b0ab,48,166.1,none,ambiguous
spatial,scene_0007,referential,text_only,pi05,tokens,13,False,,240,False,False,,True,True,True,akita_black_bowl_4,False,plate_1,True,0.0099,,,,,plane,,,39e2b6db965f7d61,3255616fcff53ccd,c0c2b601f86daea1,48,161.1,none,ambiguous
spatial,scene_0008,referential,text_only,pi05,tokens,0,False,,240,True,True,92,True,True,True,akita_black_bowl_1,True,plate_1,True,0.0007,,,,,plane,,,90b15abb710803a8,67e5d1acfc056e36,fdec317c6e08f02a,48,155.2,none,ambiguous
spatial,scene_0008,referential,text_only,pi05,tokens,1,False,,240,True,True,85,True,True,True,akita_black_bowl_1,True,plate_1,True,0.0088,,,,,plane,,,90b15abb710803a8,76f9a412ab3675df,03724db666c2f400,48,152.0,none,ambiguous
spatial,scene_0008,referential,text_only,pi05,tokens,2,False,,240,True,True,91,True,True,True,akita_black_bowl_1,True,plate_1,True,0.0091,,,,,plane,,,90b15abb710803a8,046c4ac9a0d01467,eada31edaa7c8576,48,168.2,none,ambiguous
spatial,scene_0008,referential,text_only,pi05,tokens,3,False,,240,True,True,86,True,True,True,akita_black_bowl_1,True,plate_1,True,0.0086,,,,,plane,,,90b15abb710803a8,75789ec0526658b3,001b7b2f4b76264c,48,168.8,none,ambiguous
spatial,scene_0008,referential,text_only,pi05,tokens,4,False,,240,True,True,87,True,True,True,akita_black_bowl_1,True,plate_1,True,0.007,,,,,plane,,,90b15abb710803a8,5db13544c7a12275,17c43b50720e5178,48,165.2,none,ambiguous
spatial,scene_0008,referential,text_only,pi05,tokens,5,False,,240,True,True,88,True,True,True,akita_black_bowl_1,True,plate_1,True,0.0075,,,,,plane,,,90b15abb710803a8,7ba24f93b0cde379,73c84d58b1fe5b1e,48,160.6,none,ambiguous
spatial,scene_0008,referential,text_only,pi05,tokens,6,False,,240,True,True,83,True,True,True,akita_black_bowl_1,True,plate_1,True,0.0105,,,,,plane,,,90b15abb710803a8,1d2c1488c0b563af,e07471b4e35beda3,48,173.1,none,ambiguous
spatial,scene_0008,referential,text_only,pi05,tokens,7,False,,240,True,True,85,True,True,True,akita_black_bowl_1,True,plate_1,True,0.0079,,,,,plane,,,90b15abb710803a8,558f0506733c06b3,a35cb04c6d4eae9c,48,177.7,none,ambiguous
spatial,scene_0008,referential,text_only,pi05,tokens,8,False,,240,True,True,93,True,True,True,akita_black_bowl_1,True,plate_1,True,0.0084,,,,,plane,,,90b15abb710803a8,8cd35540135fb079,f73601817fd6fc98,48,181.8,none,ambiguous
spatial,scene_0008,referential,text_only,pi05,tokens,9,False,,240,True,True,85,True,True,True,akita_black_bowl_1,True,plate_1,True,0.0084,,,,,plane,,,90b15abb710803a8,aad7a3c09db66aa0,fc099dbaa92c38b5,48,165.8,none,ambiguous
spatial,scene_0008,referential,text_only,pi05,tokens,10,False,,240,True,True,91,True,True,True,akita_black_bowl_1,True,plate_1,True,0.0072,,,,,plane,,,90b15abb710803a8,ef3b6e305795a5ae,7c08dc459bd9f6fd,48,177.0,none,ambiguous
spatial,scene_0008,referential,text_only,pi05,tokens,11,False,,240,True,True,93,True,True,True,akita_black_bowl_1,True,plate_1,True,0.0124,,,,,plane,,,90b15abb710803a8,7a970a765b33f7dc,4ccee14d9da0ef5d,48,165.4,none,ambiguous
spatial,scene_0008,referential,text_only,pi05,tokens,12,False,,240,True,True,87,True,True,True,akita_black_bowl_1,True,plate_1,True,0.0082,,,,,plane,,,90b15abb710803a8,cadca48d28939cf6,622c9d95df544a26,48,170.8,none,ambiguous
spatial,scene_0008,referential,text_only,pi05,tokens,13,False,,240,True,True,84,True,True,True,akita_black_bowl_1,True,plate_1,True,0.0077,,,,,plane,,,90b15abb710803a8,d4ba85c848b27a1a,ce12cf6b6346b572,48,166.9,none,ambiguous
spatial,scene_0009,referential,text_only,pi05,tokens,0,False,,240,False,True,86,True,True,True,akita_black_bowl_1,True,plate_1,True,0.0116,,,,,plane,,,0ac7382ee6da0a67,cac9f61362f7734e,65ad24b7e1b53410,48,166.1,none,ambiguous
spatial,scene_0009,referential,text_only,pi05,tokens,1,False,,240,True,True,92,True,True,True,akita_black_bowl_1,True,plate_1,True,0.0048,,,,,plane,,,0ac7382ee6da0a67,a346ca9ab52f9cdd,5dd535126960acd8,48,171.6,none,ambiguous
spatial,scene_0009,referential,text_only,pi05,tokens,2,False,,240,True,True,89,True,True,True,akita_black_bowl_1,True,plate_1,True,0.0141,,,,,plane,,,0ac7382ee6da0a67,8ba6c0c268bed384,47a2aaf8fcb6c83d,48,158.2,none,ambiguous
spatial,scene_0009,referential,text_only,pi05,tokens,3,False,,240,True,True,91,True,True,True,akita_black_bowl_1,True,plate_1,True,0.0125,,,,,plane,,,0ac7382ee6da0a67,52e2acaf96368e38,1ba0f4dc0aaccf1d,48,163.6,none,ambiguous
spatial,scene_0009,referential,text_only,pi05,tokens,4,False,,240,False,True,87,True,True,True,akita_black_bowl_1,True,plate_1,True,0.0088,,,,,plane,,,0ac7382ee6da0a67,2a4e45be4ad65129,a02506e06b82284a,48,172.1,none,ambiguous
spatial,scene_0009,referential,text_only,pi05,tokens,5,False,,240,True,True,92,True,True,True,akita_black_bowl_1,True,plate_1,True,0.0068,,,,,plane,,,0ac7382ee6da0a67,8151872d582d0432,e22c700084910f4e,48,168.1,none,ambiguous
spatial,scene_0009,referential,text_only,pi05,tokens,6,False,,240,True,True,86,True,True,True,akita_black_bowl_1,True,plate_1,True,0.0087,,,,,plane,,,0ac7382ee6da0a67,c2fb90b035085e7c,ef5a51688ae5897e,48,154.7,none,ambiguous
spatial,scene_0009,referential,text_only,pi05,tokens,7,False,,240,True,True,87,True,True,True,akita_black_bowl_1,True,plate_1,True,0.012,,,,,plane,,,0ac7382ee6da0a67,266562afb273f085,24b4f57487b574a8,48,169.9,none,ambiguous
spatial,scene_0009,referential,text_only,pi05,tokens,8,False,,240,True,True,92,True,True,True,akita_black_bowl_1,True,plate_1,True,0.0069,,,,,plane,,,0ac7382ee6da0a67,a164a0e7c7d96aba,48d9aaaca734aba5,48,160.4,none,ambiguous
spatial,scene_0009,referential,text_only,pi05,tokens,9,False,,240,True,True,93,True,True,True,akita_black_bowl_1,True,plate_1,True,0.0084,,,,,plane,,,0ac7382ee6da0a67,0714c8ce9cdc7c9e,3f878d4f319a1d69,48,197.0,none,ambiguous
spatial,scene_0009,referential,text_only,pi05,tokens,10,False,,240,True,True,89,True,True,True,akita_black_bowl_1,True,plate_1,True,0.0115,,,,,plane,,,0ac7382ee6da0a67,6b8501ebf5a407ca,77aedb5c33172d0f,48,161.4,none,ambiguous
spatial,scene_0009,referential,text_only,pi05,tokens,11,False,,240,True,True,89,True,True,True,akita_black_bowl_1,True,plate_1,True,0.0057,,,,,plane,,,0ac7382ee6da0a67,da9405545254e95a,738f3fae806bbb9a,48,168.1,none,ambiguous
spatial,scene_0009,referential,text_only,pi05,tokens,12,False,,240,True,True,87,True,True,True,akita_black_bowl_1,True,plate_1,True,0.0079,,,,,plane,,,0ac7382ee6da0a67,424a4e9a476c5f1c,fb56a18206679afb,48,170.3,none,ambiguous
spatial,scene_0009,referential,text_only,pi05,tokens,13,False,,240,False,False,,True,True,True,akita_black_bowl_1,True,,False,0.1835,,,,,plane,,,0ac7382ee6da0a67,4e201670cbf1396a,fc097cd54621b1c5,48,165.5,none,ambiguous
spatial,scene_0010,referential,text_only,pi05,tokens,0,False,,240,False,False,,True,True,True,akita_black_bowl_3,False,plate_1,True,0.0082,,,,,plane,,,722dbd0dd5d0a92a,b05b60ff9b0d4f46,f8784422490d2418,48,154.9,none,ambiguous
spatial,scene_0010,referential,text_only,pi05,tokens,1,False,,240,False,False,,True,True,True,akita_black_bowl_3,False,plate_1,True,0.0111,,,,,plane,,,722dbd0dd5d0a92a,20924e061bb6c95e,1a9706e6ae38638f,48,159.6,none,ambiguous
spatial,scene_0010,referential,text_only,pi05,tokens,2,False,,240,False,False,,True,True,True,akita_black_bowl_3,False,plate_1,True,0.011,,,,,plane,,,722dbd0dd5d0a92a,a220258c402cd79d,5ac672a1ac380acc,48,161.0,none,ambiguous
spatial,scene_0010,referential,text_only,pi05,tokens,3,False,,240,False,False,,True,True,True,akita_black_bowl_3,False,plate_1,True,0.005,,,,,plane,,,722dbd0dd5d0a92a,f5303967cc57e886,7925960624cff8ab,48,166.4,none,ambiguous
spatial,scene_0010,referential,text_only,pi05,tokens,4,False,,240,False,False,,True,True,True,akita_black_bowl_3,False,plate_1,True,0.011,,,,,plane,,,722dbd0dd5d0a92a,32723ed24acd77d8,b153c6ca2e70947d,48,162.6,none,ambiguous
spatial,scene_0010,referential,text_only,pi05,tokens,5,False,,240,False,False,,True,True,True,akita_black_bowl_3,False,plate_1,True,0.0112,,,,,plane,,,722dbd0dd5d0a92a,b8d7fe8ec5d62932,b6adaccd4288abe9,48,160.3,none,ambiguous
spatial,scene_0010,referential,text_only,pi05,tokens,6,False,,240,False,False,,True,True,True,akita_black_bowl_3,False,plate_1,True,0.0152,,,,,plane,,,722dbd0dd5d0a92a,0ede14de08a2f557,3725e8f02d4a1fca,48,157.6,none,ambiguous
spatial,scene_0010,referential,text_only,pi05,tokens,7,False,,240,False,False,,True,True,True,akita_black_bowl_3,False,plate_1,True,0.0113,,,,,plane,,,722dbd0dd5d0a92a,6042cb901ad0a819,d54d664ce5ce13a0,48,158.2,none,ambiguous
spatial,scene_0010,referential,text_only,pi05,tokens,8,False,,240,False,False,,True,True,True,akita_black_bowl_3,False,plate_1,True,0.0078,,,,,plane,,,722dbd0dd5d0a92a,41f8658d4ee92806,5f673917b455a5c1,48,160.4,none,ambiguous
spatial,scene_0010,referential,text_only,pi05,tokens,9,False,,240,False,False,,True,True,True,akita_black_bowl_3,False,plate_1,True,0.0045,,,,,plane,,,722dbd0dd5d0a92a,4da99c3308fc3b7e,74360a56d3c5c3ed,48,156.5,none,ambiguous
spatial,scene_0010,referential,text_only,pi05,tokens,10,False,,240,False,False,,True,True,True,akita_black_bowl_3,False,plate_1,True,0.0079,,,,,plane,,,722dbd0dd5d0a92a,209e968c735e6499,a2a03fc237bb46e4,48,167.4,none,ambiguous
spatial,scene_0010,referential,text_only,pi05,tokens,11,False,,240,False,False,,True,True,True,akita_black_bowl_3,False,plate_1,True,0.0096,,,,,plane,,,722dbd0dd5d0a92a,c302b7a8bb10b28e,f2b5de89fb788e8a,48,153.3,none,ambiguous
spatial,scene_0010,referential,text_only,pi05,tokens,12,False,,240,False,False,,True,True,True,akita_black_bowl_3,False,plate_1,True,0.0061,,,,,plane,,,722dbd0dd5d0a92a,3021eb02a84a5b33,4b7f991086cb8d10,48,179.0,none,ambiguous
spatial,scene_0010,referential,text_only,pi05,tokens,13,False,,240,False,False,,True,True,True,akita_black_bowl_3,False,plate_1,True,0.0084,,,,,plane,,,722dbd0dd5d0a92a,ee4d37b52bfe2f8f,3faed07c7339280e,48,174.9,none,ambiguous
spatial,scene_0011,referential,text_only,pi05,tokens,0,False,,240,False,False,,True,True,True,akita_black_bowl_4,False,plate_1,True,0.0169,,,,,plane,,,0732edc788d5a360,e15728bd4954f9ce,cd036a9878bd108a,48,171.8,none,ambiguous
spatial,scene_0011,referential,text_only,pi05,tokens,1,False,,240,False,False,,True,True,True,akita_black_bowl_4,False,plate_1,True,0.0134,,,,,plane,,,0732edc788d5a360,f19b36b8eb4cf129,de269fe5c6a29275,48,171.5,none,ambiguous
spatial,scene_0011,referential,text_only,pi05,tokens,2,False,,240,False,False,,True,True,True,akita_black_bowl_4,False,plate_1,True,0.0126,,,,,plane,,,0732edc788d5a360,f6a1b5c71278f927,cd46f3e428d2b0b2,48,158.8,none,ambiguous
spatial,scene_0011,referential,text_only,pi05,tokens,3,False,,240,False,False,,True,True,True,akita_black_bowl_4,False,plate_1,True,0.0134,,,,,plane,,,0732edc788d5a360,ab56073243552b63,d9161aa47f0448d1,48,156.2,none,ambiguous
spatial,scene_0011,referential,text_only,pi05,tokens,4,False,,240,False,False,,True,True,True,akita_black_bowl_4,False,plate_1,True,0.0099,,,,,plane,,,0732edc788d5a360,5934b14cf97776aa,831af18cad68a72d,48,160.6,none,ambiguous
spatial,scene_0011,referential,text_only,pi05,tokens,5,False,,240,False,False,,True,True,True,akita_black_bowl_4,False,plate_1,True,0.0121,,,,,plane,,,0732edc788d5a360,686b3c7b202dc6cf,caa723939ed0a09a,48,170.3,none,ambiguous
spatial,scene_0011,referential,text_only,pi05,tokens,6,False,,240,False,False,,True,True,True,akita_black_bowl_4,False,plate_1,True,0.0068,,,,,plane,,,0732edc788d5a360,70a5f030720e8bef,7834368d0f5a00b8,48,170.9,none,ambiguous
spatial,scene_0011,referential,text_only,pi05,tokens,7,False,,240,False,False,,True,True,True,akita_black_bowl_3,False,plate_1,True,0.0037,,,,,plane,,,0732edc788d5a360,9f185fae52c2e2c1,037dec5954112ae8,48,191.9,none,ambiguous
spatial,scene_0011,referential,text_only,pi05,tokens,8,False,,240,False,False,,True,True,True,akita_black_bowl_3,False,plate_1,True,0.0085,,,,,plane,,,0732edc788d5a360,4c95290e5b999e86,15a4590888a10dbe,48,196.8,none,ambiguous
spatial,scene_0011,referential,text_only,pi05,tokens,9,False,,240,False,False,,True,True,True,akita_black_bowl_4,False,plate_1,True,0.0099,,,,,plane,,,0732edc788d5a360,dda3da561419b87c,c440243902fe5709,48,199.8,none,ambiguous
spatial,scene_0011,referential,text_only,pi05,tokens,10,False,,240,False,False,,True,True,True,akita_black_bowl_4,False,plate_1,True,0.0088,,,,,plane,,,0732edc788d5a360,7faab66fc226b0c8,a3b93feaa7e26742,48,199.3,none,ambiguous
spatial,scene_0011,referential,text_only,pi05,tokens,11,False,,240,False,False,,True,True,True,akita_black_bowl_4,False,plate_1,True,0.0086,,,,,plane,,,0732edc788d5a360,df4e867e804321f1,c44694918916e955,48,187.9,none,ambiguous
spatial,scene_0011,referential,text_only,pi05,tokens,12,False,,240,False,False,,True,True,True,akita_black_bowl_4,False,plate_1,True,0.0057,,,,,plane,,,0732edc788d5a360,e2d3265bb97333d1,6137140ab2ecb9e6,48,187.5,none,ambiguous
spatial,scene_0011,referential,text_only,pi05,tokens,13,False,,240,False,False,,True,True,True,akita_black_bowl_4,False,plate_1,True,0.0104,,,,,plane,,,0732edc788d5a360,4abfa7155eb2340f,84ffc133e5550503,48,183.5,none,ambiguous
spatial,scene_0012,referential,text_only,pi05,tokens,0,False,,240,True,True,92,True,True,True,akita_black_bowl_1,True,plate_1,True,0.0116,,,,,plane,,,697bd5f85fc89900,aee2d45c191538f2,5b2665280272cac4,48,206.0,none,ambiguous
spatial,scene_0012,referential,text_only,pi05,tokens,1,False,,240,True,True,91,True,True,True,akita_black_bowl_1,True,plate_1,True,0.0135,,,,,plane,,,697bd5f85fc89900,c562c0a6c64113c1,ecf9556a5a45e621,48,195.8,none,ambiguous
spatial,scene_0012,referential,text_only,pi05,tokens,2,False,,240,True,True,88,True,True,True,akita_black_bowl_1,True,plate_1,True,0.0127,,,,,plane,,,697bd5f85fc89900,7efe0b547ba698e6,f9f96d51e8b27bb7,48,196.8,none,ambiguous
spatial,scene_0012,referential,text_only,pi05,tokens,3,False,,240,True,True,90,True,True,True,akita_black_bowl_1,True,plate_1,True,0.015,,,,,plane,,,697bd5f85fc89900,b3ab51060b1fdb8c,8eba202ac4ee3a8f,48,168.3,none,ambiguous
spatial,scene_0012,referential,text_only,pi05,tokens,4,False,,240,True,True,94,True,True,True,akita_black_bowl_1,True,plate_1,True,0.008,,,,,plane,,,697bd5f85fc89900,8ad3a9876bcaab3c,d8a13eb502b7c1d4,48,157.8,none,ambiguous
spatial,scene_0012,referential,text_only,pi05,tokens,5,False,,240,True,True,92,True,True,True,akita_black_bowl_1,True,plate_1,True,0.0155,,,,,plane,,,697bd5f85fc89900,30e59d456738e5ae,2fe1c253d5264312,48,168.7,none,ambiguous
spatial,scene_0012,referential,text_only,pi05,tokens,6,False,,240,True,True,92,True,True,True,akita_black_bowl_1,True,plate_1,True,0.0126,,,,,plane,,,697bd5f85fc89900,c0bb0b88cb77fce3,73554682f59ace57,48,163.9,none,ambiguous
spatial,scene_0012,referential,text_only,pi05,tokens,7,False,,240,True,True,96,True,True,True,akita_black_bowl_1,True,plate_1,True,0.0077,,,,,plane,,,697bd5f85fc89900,54559eb491e0073b,7575ccb0db173cbe,48,159.2,none,ambiguous
spatial,scene_0012,referential,text_only,pi05,tokens,8,False,,240,True,True,128,True,True,True,akita_black_bowl_1,True,plate_1,True,0.0195,,,,,plane,,,697bd5f85fc89900,956fda0cbcd5c066,89f47f00c117edcb,48,156.4,none,ambiguous
spatial,scene_0012,referential,text_only,pi05,tokens,9,False,,240,True,True,86,True,True,True,akita_black_bowl_1,True,plate_1,True,0.01,,,,,plane,,,697bd5f85fc89900,3154d2792add0721,7b9b6fd89ee197e9,48,162.0,none,ambiguous
spatial,scene_0012,referential,text_only,pi05,tokens,10,False,,240,True,False,236,True,True,True,akita_black_bowl_1,True,plate_1,True,0.0138,,,,,plane,,,697bd5f85fc89900,f915fe0bf79845f1,bc7d632a79c762a1,48,162.0,none,ambiguous
spatial,scene_0012,referential,text_only,pi05,tokens,11,False,,240,True,True,90,True,True,True,akita_black_bowl_1,True,plate_1,True,0.0126,,,,,plane,,,697bd5f85fc89900,639a4a8c55737a3e,63668c50c447dfb6,48,169.5,none,ambiguous
spatial,scene_0012,referential,text_only,pi05,tokens,12,False,,240,True,True,89,True,True,True,akita_black_bowl_1,True,plate_1,True,0.0066,,,,,plane,,,697bd5f85fc89900,e5f301760ca64ecf,827784721c146cb7,48,164.9,none,ambiguous
spatial,scene_0012,referential,text_only,pi05,tokens,13,False,,240,True,True,97,True,True,True,akita_black_bowl_1,True,plate_1,True,0.0024,,,,,plane,,,697bd5f85fc89900,62113cd0cbb0a49f,a8ace6e8fa36133e,48,157.8,none,ambiguous
spatial,scene_0013,referential,text_only,pi05,tokens,0,False,,240,True,True,92,True,True,True,akita_black_bowl_1,True,plate_1,True,0.0076,,,,,plane,,,652adb2bb6f35367,36f08188017f48df,61cf39c314c551a4,48,153.1,none,ambiguous
spatial,scene_0013,referential,text_only,pi05,tokens,1,False,,240,True,True,95,True,True,True,akita_black_bowl_1,True,plate_1,True,0.0154,,,,,plane,,,652adb2bb6f35367,84a643dcf693f755,300e4d82520da0fb,48,171.3,none,ambiguous
spatial,scene_0013,referential,text_only,pi05,tokens,2,False,,240,True,True,97,True,True,True,akita_black_bowl_1,True,plate_1,True,0.0149,,,,,plane,,,652adb2bb6f35367,021157bed41e5769,531a34e4e0664832,48,165.7,none,ambiguous
spatial,scene_0013,referential,text_only,pi05,tokens,3,False,,240,False,True,95,True,True,True,akita_black_bowl_1,True,,False,0.0932,,,,,plane,,,652adb2bb6f35367,09c43b8d9e223b8f,c65be4e12533349b,48,176.5,none,ambiguous
spatial,scene_0013,referential,text_only,pi05,tokens,4,False,,240,True,True,212,True,True,True,akita_black_bowl_1,True,plate_1,True,0.0128,,,,,plane,,,652adb2bb6f35367,82c04b6a39fccd89,5ecf912c63337109,48,166.0,none,ambiguous
spatial,scene_0013,referential,text_only,pi05,tokens,5,False,,240,True,True,92,True,True,True,akita_black_bowl_1,True,plate_1,True,0.0105,,,,,plane,,,652adb2bb6f35367,6f01ab343d1737f0,52be57b0098f6a76,48,192.7,none,ambiguous
spatial,scene_0013,referential,text_only,pi05,tokens,6,False,,240,True,True,93,True,True,True,akita_black_bowl_1,True,plate_1,True,0.0108,,,,,plane,,,652adb2bb6f35367,722ce18f2965ef4d,5cc67f0ea8540f82,48,213.7,none,ambiguous
spatial,scene_0013,referential,text_only,pi05,tokens,7,False,,240,False,False,,True,True,True,akita_black_bowl_1,True,,False,0.2339,,,,,plane,,,652adb2bb6f35367,83d79ec1fd1d7a3b,867fdba37d3b37c7,48,205.4,none,ambiguous
spatial,scene_0013,referential,text_only,pi05,tokens,8,False,,240,False,False,123,True,True,True,akita_black_bowl_1,True,,False,0.1798,,,,,plane,,,652adb2bb6f35367,f76af35bd251f580,c3f9e09108d2514d,48,218.9,none,ambiguous
spatial,scene_0013,referential,text_only,pi05,tokens,9,False,,240,True,True,96,True,True,True,akita_black_bowl_1,True,plate_1,True,0.0118,,,,,plane,,,652adb2bb6f35367,39264fad8e695d45,fc231be191edf9e1,48,224.3,none,ambiguous
spatial,scene_0013,referential,text_only,pi05,tokens,10,False,,240,False,False,,True,True,True,akita_black_bowl_1,True,,False,0.1842,,,,,plane,,,652adb2bb6f35367,32f13ea7ea3f2000,acb79f53892d6d4c,48,226.8,none,ambiguous
spatial,scene_0013,referential,text_only,pi05,tokens,11,False,,240,True,True,98,True,True,True,akita_black_bowl_1,True,plate_1,True,0.0072,,,,,plane,,,652adb2bb6f35367,14e63891407048f0,7fb8e1ac9523f215,48,226.4,none,ambiguous
spatial,scene_0013,referential,text_only,pi05,tokens,12,False,,240,False,False,,True,True,True,akita_black_bowl_1,True,,False,0.1728,,,,,plane,,,652adb2bb6f35367,0e732187b62f0455,e28249fe520d8c91,48,216.8,none,ambiguous
spatial,scene_0013,referential,text_only,pi05,tokens,13,False,,240,True,True,93,True,True,True,akita_black_bowl_1,True,plate_1,True,0.0069,,,,,plane,,,652adb2bb6f35367,7faacbd4d1ac77e2,a675446716d52107,48,214.1,none,ambiguous
spatial,scene_0014,referential,text_only,pi05,tokens,0,False,,240,False,False,,True,True,True,akita_black_bowl_3,False,plate_1,True,0.0226,,,,,plane,,,421625ab9ff4bb51,23809c35ff47f7b4,1d13bc57ddb5c4ff,48,229.2,none,ambiguous
spatial,scene_0014,referential,text_only,pi05,tokens,1,False,,240,False,False,,True,True,True,akita_black_bowl_3,False,plate_1,True,0.0185,,,,,plane,,,421625ab9ff4bb51,3b446ad2f42d66ae,efaa57c65a147f7e,48,195.9,none,ambiguous
spatial,scene_0014,referential,text_only,pi05,tokens,2,False,,240,False,False,,True,True,True,akita_black_bowl_3,False,plate_1,True,0.0123,,,,,plane,,,421625ab9ff4bb51,498e502d9e4ff9fe,2bd212f3e7f316fe,48,175.1,none,ambiguous
spatial,scene_0014,referential,text_only,pi05,tokens,3,False,,240,False,False,,True,True,True,akita_black_bowl_3,False,plate_1,True,0.0403,,,,,plane,,,421625ab9ff4bb51,08b0393a26a26854,0b75525aace2b607,48,187.6,none,ambiguous
spatial,scene_0014,referential,text_only,pi05,tokens,4,False,,240,False,False,,True,True,True,akita_black_bowl_3,False,plate_1,True,0.005,,,,,plane,,,421625ab9ff4bb51,ed9dd74dbdae10ed,2f4d14dbfc6fa2ac,48,178.2,none,ambiguous
spatial,scene_0014,referential,text_only,pi05,tokens,5,False,,240,False,False,,True,True,True,akita_black_bowl_3,False,plate_1,True,0.016,,,,,plane,,,421625ab9ff4bb51,8ea5450f8de84c94,51029883a1a18671,48,187.6,none,ambiguous
spatial,scene_0014,referential,text_only,pi05,tokens,6,False,,240,False,False,,True,True,True,akita_black_bowl_3,False,plate_1,True,0.0157,,,,,plane,,,421625ab9ff4bb51,4a60a33687658b3c,26ca333d46f89ae7,48,185.7,none,ambiguous
spatial,scene_0014,referential,text_only,pi05,tokens,7,False,,240,False,False,,True,True,True,akita_black_bowl_3,False,plate_1,True,0.015,,,,,plane,,,421625ab9ff4bb51,ce9ea1304287cfff,2e070ebbbf5f0f9e,48,173.4,none,ambiguous
spatial,scene_0014,referential,text_only,pi05,tokens,8,False,,240,False,False,,True,True,True,akita_black_bowl_3,False,plate_1,True,0.0157,,,,,plane,,,421625ab9ff4bb51,eaadc753da2db3f1,955f5a883123253d,48,170.8,none,ambiguous
spatial,scene_0014,referential,text_only,pi05,tokens,9,False,,240,False,False,,True,True,True,akita_black_bowl_3,False,plate_1,True,0.0068,,,,,plane,,,421625ab9ff4bb51,66a3a59825e35fd3,9929ee32f2964824,48,166.7,none,ambiguous
spatial,scene_0014,referential,text_only,pi05,tokens,10,False,,240,False,False,,True,True,True,akita_black_bowl_3,False,plate_1,True,0.0143,,,,,plane,,,421625ab9ff4bb51,c56142274708d2a1,f44b88569e940ae4,48,175.5,none,ambiguous
spatial,scene_0014,referential,text_only,pi05,tokens,11,False,,240,False,False,,True,True,True,akita_black_bowl_3,False,plate_1,True,0.0225,,,,,plane,,,421625ab9ff4bb51,429a0a044e31eeee,f6135fe9bba76790,48,171.6,none,ambiguous
spatial,scene_0014,referential,text_only,pi05,tokens,12,False,,240,False,False,,True,True,True,akita_black_bowl_3,False,plate_1,True,0.0268,,,,,plane,,,421625ab9ff4bb51,2b93ff55ed6fd8ea,c2ae0a43525ad85d,48,162.8,none,ambiguous
spatial,scene_0014,referential,text_only,pi05,tokens,13,False,,240,False,False,,True,True,True,akita_black_bowl_3,False,plate_1,True,0.0135,,,,,plane,,,421625ab9ff4bb51,ae23c7887eeebab2,695d834e76fbca5a,48,165.1,none,ambiguous
spatial,scene_0015,referential,text_only,pi05,tokens,0,False,,240,True,True,176,True,True,True,akita_black_bowl_1,True,plate_1,True,0.0247,,,,,plane,,,b0bc4188b573076e,d6372fd1f9e0b203,e488753253a8ffa7,48,170.4,none,ambiguous
spatial,scene_0015,referential,text_only,pi05,tokens,1,False,,240,False,False,,True,True,True,akita_black_bowl_1,True,plate_1,True,0.0202,,,,,plane,,,b0bc4188b573076e,17cecbdf7dc7fc14,b26522b76da23a43,48,172.3,none,ambiguous
spatial,scene_0015,referential,text_only,pi05,tokens,2,False,,240,False,True,151,True,True,True,akita_black_bowl_1,True,plate_1,True,0.0125,,,,,plane,,,b0bc4188b573076e,e2a90a8af9037485,10fb9d3d13e35c35,48,173.4,none,ambiguous
spatial,scene_0015,referential,text_only,pi05,tokens,3,False,,240,True,True,118,True,True,True,akita_black_bowl_1,True,plate_1,True,0.0044,,,,,plane,,,b0bc4188b573076e,b735a0f9b00bb710,5e2284795c211b50,48,164.9,none,ambiguous
spatial,scene_0015,referential,text_only,pi05,tokens,4,False,,240,True,True,114,True,True,True,akita_black_bowl_1,True,plate_1,True,0.0153,,,,,plane,,,b0bc4188b573076e,103580c812bbfce6,e39abeb16151c17c,48,163.8,none,ambiguous
spatial,scene_0015,referential,text_only,pi05,tokens,5,False,,240,False,False,209,True,True,True,akita_black_bowl_1,True,plate_1,True,0.0266,,,,,plane,,,b0bc4188b573076e,7e153308ecc6297b,d24688bbd8946d34,48,160.1,none,ambiguous
spatial,scene_0015,referential,text_only,pi05,tokens,6,False,,240,False,False,,True,True,True,akita_black_bowl_1,True,plate_1,True,0.0404,,,,,plane,,,b0bc4188b573076e,473b9f2263abd56d,61a0de9c58eab47d,48,171.2,none,ambiguous
spatial,scene_0015,referential,text_only,pi05,tokens,7,False,,240,True,True,151,True,True,True,akita_black_bowl_1,True,plate_1,True,0.0115,,,,,plane,,,b0bc4188b573076e,ed7adaa0a2ab048d,b2c9c0461342c70d,48,160.4,none,ambiguous
spatial,scene_0015,referential,text_only,pi05,tokens,8,False,,240,True,True,118,True,True,True,akita_black_bowl_1,True,plate_1,True,0.0077,,,,,plane,,,b0bc4188b573076e,241c08efa7da5a58,318e0e57b04d5aa7,48,160.2,none,ambiguous
spatial,scene_0015,referential,text_only,pi05,tokens,9,False,,240,False,True,116,True,True,True,akita_black_bowl_1,True,plate_1,True,0.0238,,,,,plane,,,b0bc4188b573076e,a6aa6b4a870982d9,eecf27e2aa93f08a,48,162.4,none,ambiguous
spatial,scene_0015,referential,text_only,pi05,tokens,10,False,,240,True,True,110,True,True,True,akita_black_bowl_1,True,plate_1,True,0.0041,,,,,plane,,,b0bc4188b573076e,0ab402a282eb0bbe,f04b586411db9919,48,159.7,none,ambiguous
spatial,scene_0015,referential,text_only,pi05,tokens,11,False,,240,False,False,,True,True,True,akita_black_bowl_1,True,plate_1,True,0.028,,,,,plane,,,b0bc4188b573076e,38f0dc9e89c7b9a7,d388d6cab7b80838,48,174.2,none,ambiguous
spatial,scene_0015,referential,text_only,pi05,tokens,12,False,,240,True,True,116,True,True,True,akita_black_bowl_1,True,plate_1,True,0.0012,,,,,plane,,,b0bc4188b573076e,ad78f69366e6bae1,1fc2492f554f8ff5,48,166.7,none,ambiguous
spatial,scene_0015,referential,text_only,pi05,tokens,13,False,,240,False,False,,True,True,True,akita_black_bowl_1,True,plate_1,True,0.0458,,,,,plane,,,b0bc4188b573076e,1c3b8e6fbbe55eb4,69be19a33824e65b,48,162.1,none,ambiguous
spatial,scene_0016,directional,text_only,pi05,tokens,0,False,,240,False,False,,True,False,False,,False,,False,0.1503,,,,,plane,,,13e70576ca74efab,4f90f24d0349af96,2b9ebf9829876e84,48,163.7,none,ambiguous
spatial,scene_0016,directional,text_only,pi05,tokens,1,False,,240,False,False,,True,False,False,,False,plate_1,False,0.0779,,,,,plane,,,13e70576ca74efab,c2d30f9597290d21,4f19afa16d35aaa7,48,160.8,none,ambiguous
spatial,scene_0016,directional,text_only,pi05,tokens,2,False,,240,False,False,,True,False,False,,False,,False,0.0825,,,,,plane,,,13e70576ca74efab,710caaee035e72ca,537b25eb072fd7fc,48,170.1,none,ambiguous
spatial,scene_0016,directional,text_only,pi05,tokens,3,False,,240,False,False,,True,False,False,,False,,False,0.0873,,,,,plane,,,13e70576ca74efab,0018f15f3e9f3860,53aab1231143951f,48,166.3,none,ambiguous
spatial,scene_0016,directional,text_only,pi05,tokens,4,False,,240,False,False,,True,False,False,,False,,False,0.0967,,,,,plane,,,13e70576ca74efab,65913c46375fe6cf,9a6902179b03c27d,48,167.1,none,ambiguous
spatial,scene_0016,directional,text_only,pi05,tokens,5,False,,240,False,False,,True,False,False,,False,,False,0.0969,,,,,plane,,,13e70576ca74efab,6e5d5d8c9ea55fd5,c8e2c548c27df9e2,48,172.7,none,ambiguous
spatial,scene_0016,directional,text_only,pi05,tokens,6,False,,240,False,False,,True,False,False,,False,,False,0.0825,,,,,plane,,,13e70576ca74efab,3e05885789f363e8,ad63b4b4d6be0a5f,48,163.7,none,ambiguous
spatial,scene_0016,directional,text_only,pi05,tokens,7,False,,240,False,False,,True,True,True,akita_black_bowl_1,True,plate_1,False,0.0186,,,,,plane,,,13e70576ca74efab,e31a50724bacb7ea,faffc3593a638c75,48,171.6,none,ambiguous
spatial,scene_0016,directional,text_only,pi05,tokens,8,False,,240,False,False,,True,False,False,,False,,False,0.084,,,,,plane,,,13e70576ca74efab,6ba05be261bfb24f,b836921ba4ba162c,48,156.9,none,ambiguous
spatial,scene_0016,directional,text_only,pi05,tokens,9,False,,240,False,False,,True,True,True,akita_black_bowl_1,True,plate_1,False,0.0144,,,,,plane,,,13e70576ca74efab,0829b357772f279c,1b00fb4ae89ed786,48,165.9,none,ambiguous
spatial,scene_0016,directional,text_only,pi05,tokens,10,False,,240,False,False,,True,False,False,,False,,False,0.0915,,,,,plane,,,13e70576ca74efab,311b39ea19a40a9d,63e99f2d4ad59017,48,163.0,none,ambiguous
spatial,scene_0016,directional,text_only,pi05,tokens,11,False,,240,False,False,,True,False,False,,False,,False,0.0908,,,,,plane,,,13e70576ca74efab,c4b5acc93577d349,032bc371cdceb56f,48,164.3,none,ambiguous
spatial,scene_0016,directional,text_only,pi05,tokens,12,False,,240,False,False,,True,False,False,,False,,False,0.09,,,,,plane,,,13e70576ca74efab,6d52db6af222bfe4,675f38bcdb6713c3,48,177.7,none,ambiguous
spatial,scene_0016,directional,text_only,pi05,tokens,13,False,,240,False,False,,True,False,False,,False,,False,0.0928,,,,,plane,,,13e70576ca74efab,bbf76837219f4d06,cb60e9daa266ba09,48,148.1,none,ambiguous
spatial,scene_0017,directional,text_only,pi05,tokens,0,False,,240,False,True,117,True,True,True,akita_black_bowl_1,True,plate_2,True,0.055,,,,,plane,,,17055259d2569f54,6663ed54b732ac7d,8e56efef05219d39,48,157.2,none,ambiguous
spatial,scene_0017,directional,text_only,pi05,tokens,1,False,,240,False,False,,True,True,True,akita_black_bowl_1,True,plate_1,False,0.0145,,,,,plane,,,17055259d2569f54,04864f140968cb43,45953d63f8fb5dbb,48,151.1,none,ambiguous
spatial,scene_0017,directional,text_only,pi05,tokens,2,False,,240,True,True,111,True,True,True,akita_black_bowl_1,True,plate_2,True,0.0089,,,,,plane,,,17055259d2569f54,e3db940a3bb86202,8e77f69a6f728c83,48,152.8,none,ambiguous
spatial,scene_0017,directional,text_only,pi05,tokens,3,False,,240,True,True,113,True,True,True,akita_black_bowl_1,True,plate_2,True,0.0138,,,,,plane,,,17055259d2569f54,d5aad02d84e6b42a,2e1c95350c8763da,48,157.1,none,ambiguous
spatial,scene_0017,directional,text_only,pi05,tokens,4,False,,240,True,True,129,True,True,True,akita_black_bowl_1,True,plate_2,True,0.0061,,,,,plane,,,17055259d2569f54,90002d992310b0b7,44cccc33437b3d11,48,158.2,none,ambiguous
spatial,scene_0017,directional,text_only,pi05,tokens,5,False,,240,True,True,131,True,True,True,akita_black_bowl_1,True,plate_2,True,0.018,,,,,plane,,,17055259d2569f54,279f361400a61d33,39b1c760d220dd47,48,155.8,none,ambiguous
spatial,scene_0017,directional,text_only,pi05,tokens,6,False,,240,False,False,,True,True,True,akita_black_bowl_1,True,plate_1,False,0.0142,,,,,plane,,,17055259d2569f54,f5411d1f1684ff55,0e8ffbc9e6861982,48,152.9,none,ambiguous
spatial,scene_0017,directional,text_only,pi05,tokens,7,False,,240,True,True,110,True,True,True,akita_black_bowl_1,True,plate_2,True,0.0089,,,,,plane,,,17055259d2569f54,87a136058a2111cd,66dd96542e4ace6c,48,161.2,none,ambiguous
spatial,scene_0017,directional,text_only,pi05,tokens,8,False,,240,True,True,112,True,True,True,akita_black_bowl_1,True,plate_2,True,0.0224,,,,,plane,,,17055259d2569f54,271304b8c4f15dc3,d539c4d06e4a16c9,48,162.3,none,ambiguous
spatial,scene_0017,directional,text_only,pi05,tokens,9,False,,240,False,False,,True,True,True,akita_black_bowl_1,True,plate_1,False,0.0045,,,,,plane,,,17055259d2569f54,3cc4096ed765778a,c7d51a2cf2f5b70d,48,172.6,none,ambiguous
spatial,scene_0017,directional,text_only,pi05,tokens,10,False,,240,False,False,,True,True,True,akita_black_bowl_1,True,plate_1,False,0.025,,,,,plane,,,17055259d2569f54,378e09224e7869a4,77f494d7e3c9f14d,48,167.5,none,ambiguous
spatial,scene_0017,directional,text_only,pi05,tokens,11,False,,240,True,True,87,True,True,True,akita_black_bowl_1,True,plate_2,True,0.0044,,,,,plane,,,17055259d2569f54,364cc4fac92ab8fd,eeb66a561ee01100,48,170.5,none,ambiguous
spatial,scene_0017,directional,text_only,pi05,tokens,12,False,,240,True,True,111,True,True,True,akita_black_bowl_1,True,plate_2,True,0.0163,,,,,plane,,,17055259d2569f54,c5524ff31bbbc421,144c977b2ac07776,48,171.9,none,ambiguous
spatial,scene_0017,directional,text_only,pi05,tokens,13,False,,240,False,True,116,True,True,True,akita_black_bowl_1,True,,False,0.0887,,,,,plane,,,17055259d2569f54,1a2b9e3a6d8e0b84,36534710923c6d45,48,189.3,none,ambiguous
spatial,scene_0018,directional,text_only,pi05,tokens,0,False,,240,False,False,,True,True,True,plate_2,False,plate_2,False,0.0,,,,,plane,,,7041c5bf821b2f75,6c1b03fa2d78d73a,2e181c9721337f04,48,167.6,none,ambiguous
spatial,scene_0018,directional,text_only,pi05,tokens,1,False,,240,False,False,,True,True,True,plate_2,False,plate_2,False,0.0,,,,,plane,,,7041c5bf821b2f75,5b088c1503caf6ac,910fbc0d0c819773,48,163.9,none,ambiguous
spatial,scene_0018,directional,text_only,pi05,tokens,2,False,,240,False,False,,True,True,True,plate_2,False,plate_2,False,0.0,,,,,plane,,,7041c5bf821b2f75,53a28c23f9d98d4d,ee28ac19e389f41a,48,169.3,none,ambiguous
spatial,scene_0018,directional,text_only,pi05,tokens,3,False,,240,False,False,,True,True,True,plate_2,False,plate_2,False,0.0,,,,,plane,,,7041c5bf821b2f75,a2265d84328d30fa,be36fc7ee88db764,48,156.8,none,ambiguous
spatial,scene_0018,directional,text_only,pi05,tokens,4,False,,240,False,False,,True,True,True,plate_2,False,plate_2,False,0.0,,,,,plane,,,7041c5bf821b2f75,25f240a826f2372e,af7764784d316cc8,48,168.4,none,ambiguous
spatial,scene_0018,directional,text_only,pi05,tokens,5,False,,240,False,False,,True,True,True,plate_2,False,plate_2,False,0.0,,,,,plane,,,7041c5bf821b2f75,ea74c748e5341d46,8e19f4b8e758fa91,48,162.4,none,ambiguous
spatial,scene_0018,directional,text_only,pi05,tokens,6,False,,240,False,False,,True,True,True,plate_2,False,plate_2,False,0.0,,,,,plane,,,7041c5bf821b2f75,0f17a81e48cd0d69,e8cce191d9cf6f97,48,165.5,none,ambiguous
spatial,scene_0018,directional,text_only,pi05,tokens,7,False,,240,False,False,,True,True,True,plate_2,False,plate_2,False,0.0,,,,,plane,,,7041c5bf821b2f75,6874eee33540a3cd,a4d20f5ee4d7fef9,48,155.0,none,ambiguous
spatial,scene_0018,directional,text_only,pi05,tokens,8,False,,240,False,False,,True,True,True,plate_2,False,plate_2,False,0.0,,,,,plane,,,7041c5bf821b2f75,2bd34002be66a508,c865446cd50a23ed,48,152.2,none,ambiguous
spatial,scene_0018,directional,text_only,pi05,tokens,9,False,,240,False,False,,True,True,True,plate_2,False,plate_2,False,0.0,,,,,plane,,,7041c5bf821b2f75,37fdbb1d6dc5e416,ee65d003a0c9b489,48,153.1,none,ambiguous
spatial,scene_0018,directional,text_only,pi05,tokens,10,False,,240,False,False,,True,True,True,plate_2,False,plate_2,False,0.0,,,,,plane,,,7041c5bf821b2f75,a6dad385f70081cf,aa73a9ba70a9fb42,48,148.3,none,ambiguous
spatial,scene_0018,directional,text_only,pi05,tokens,11,False,,240,False,False,,True,True,True,plate_2,False,plate_2,False,0.0,,,,,plane,,,7041c5bf821b2f75,bb5b6bae13822103,8a37caf060619366,48,144.1,none,ambiguous
spatial,scene_0018,directional,text_only,pi05,tokens,12,False,,240,False,False,,True,True,True,plate_2,False,plate_2,False,0.0,,,,,plane,,,7041c5bf821b2f75,707331af10e1a11d,7bbd9c5c188ba030,48,139.3,none,ambiguous
spatial,scene_0018,directional,text_only,pi05,tokens,13,False,,240,False,False,,True,True,True,plate_2,False,plate_2,False,0.0,,,,,plane,,,7041c5bf821b2f75,463f2690e47f0cae,a3aae9de078a20fb,48,149.8,none,ambiguous
spatial,scene_0019,directional,text_only,pi05,tokens,0,False,,240,False,False,,True,True,True,akita_black_bowl_1,True,plate_3,False,0.0062,,,,,plane,,,56a96811a69b0ee4,51044e81f9c8e687,8db3e5fb2b644e40,48,153.3,none,ambiguous
spatial,scene_0019,directional,text_only,pi05,tokens,1,False,,240,False,False,,True,True,True,akita_black_bowl_1,True,plate_3,False,0.0061,,,,,plane,,,56a96811a69b0ee4,31e8b9624b680bc0,f7027091db433cd5,48,152.6,none,ambiguous
spatial,scene_0019,directional,text_only,pi05,tokens,2,False,,240,False,False,,True,True,True,akita_black_bowl_1,True,plate_3,False,0.0081,,,,,plane,,,56a96811a69b0ee4,baf606a5685ec367,654d36e886f440da,48,152.1,none,ambiguous
spatial,scene_0019,directional,text_only,pi05,tokens,3,False,,240,False,False,,True,True,True,akita_black_bowl_1,True,plate_3,False,0.0083,,,,,plane,,,56a96811a69b0ee4,d197b6c01372654e,e1a845da82a2fee0,48,149.5,none,ambiguous
spatial,scene_0019,directional,text_only,pi05,tokens,4,False,,240,False,False,,True,True,True,akita_black_bowl_1,True,plate_3,False,0.0081,,,,,plane,,,56a96811a69b0ee4,b54b7faaea3a563a,b9585da3a60bf66f,48,154.3,none,ambiguous
spatial,scene_0019,directional,text_only,pi05,tokens,5,False,,240,False,False,,True,True,True,akita_black_bowl_1,True,plate_3,False,0.0062,,,,,plane,,,56a96811a69b0ee4,b9f4f8b54d678c55,3725b3ba2be25646,48,147.3,none,ambiguous
spatial,scene_0019,directional,text_only,pi05,tokens,6,False,,240,False,False,,True,True,True,akita_black_bowl_1,True,plate_3,False,0.0041,,,,,plane,,,56a96811a69b0ee4,210e2b297f98fb80,6898883272546073,48,150.5,none,ambiguous
spatial,scene_0019,directional,text_only,pi05,tokens,7,False,,240,False,False,,True,True,True,akita_black_bowl_1,True,plate_3,False,0.0077,,,,,plane,,,56a96811a69b0ee4,c4b98c59124f3b3a,89f690bf76da2f8d,48,151.8,none,ambiguous
spatial,scene_0019,directional,text_only,pi05,tokens,8,False,,240,False,False,,True,True,True,akita_black_bowl_1,True,plate_3,False,0.0035,,,,,plane,,,56a96811a69b0ee4,f7c7f7fa2bc6fce8,e6e287dda0f41b63,48,157.7,none,ambiguous
spatial,scene_0019,directional,text_only,pi05,tokens,9,False,,240,False,False,,True,True,True,akita_black_bowl_1,True,plate_3,False,0.0158,,,,,plane,,,56a96811a69b0ee4,52817fd62451e7a3,f1b308cb522bb9c1,48,154.8,none,ambiguous
spatial,scene_0019,directional,text_only,pi05,tokens,10,False,,240,False,False,,True,True,True,akita_black_bowl_1,True,plate_3,False,0.0166,,,,,plane,,,56a96811a69b0ee4,331bd33d72230bf0,e1c066d68bc4a0c1,48,143.7,none,ambiguous
spatial,scene_0019,directional,text_only,pi05,tokens,11,False,,240,False,False,,True,True,True,akita_black_bowl_1,True,plate_3,False,0.0054,,,,,plane,,,56a96811a69b0ee4,fc1a72adcc771dbd,b5d4199fb91961d2,48,142.0,none,ambiguous
spatial,scene_0019,directional,text_only,pi05,tokens,12,False,,240,False,False,,True,True,True,akita_black_bowl_1,True,plate_3,False,0.0106,,,,,plane,,,56a96811a69b0ee4,7c7cd4b059636b60,556c5133ea1a230c,48,147.2,none,ambiguous
spatial,scene_0019,directional,text_only,pi05,tokens,13,False,,240,False,False,,True,True,True,akita_black_bowl_1,True,plate_3,False,0.0123,,,,,plane,,,56a96811a69b0ee4,fef8c1396e254f47,560293283df4dcfa,48,147.6,none,ambiguous
spatial,scene_0020,directional,text_only,pi05,tokens,0,False,,240,True,True,82,True,True,True,akita_black_bowl_1,True,plate_1,True,0.008,,,,,plane,,,bc092c3a45f91352,7465fdebebe49c4b,ad81a0c8b485a9fc,48,140.4,none,ambiguous
spatial,scene_0020,directional,text_only,pi05,tokens,1,False,,240,True,True,77,True,True,True,akita_black_bowl_1,True,plate_1,True,0.0109,,,,,plane,,,bc092c3a45f91352,0f4cf364ce59bdb0,5dfafdb241981515,48,147.7,none,ambiguous
spatial,scene_0020,directional,text_only,pi05,tokens,2,False,,240,True,True,80,True,True,True,akita_black_bowl_1,True,plate_1,True,0.0112,,,,,plane,,,bc092c3a45f91352,1f6d9f046c2dca30,a2eda2c03df9f4b6,48,151.5,none,ambiguous
spatial,scene_0020,directional,text_only,pi05,tokens,3,False,,240,True,True,81,True,True,True,akita_black_bowl_1,True,plate_1,True,0.0034,,,,,plane,,,bc092c3a45f91352,23d418cc2803c5ed,1ebf9af29a0c38a9,48,196.4,none,ambiguous
spatial,scene_0020,directional,text_only,pi05,tokens,4,False,,240,True,True,80,True,True,True,akita_black_bowl_1,True,plate_1,True,0.0076,,,,,plane,,,bc092c3a45f91352,f29f73471a14e797,97a89d4a9efd6a34,48,180.3,none,ambiguous
spatial,scene_0020,directional,text_only,pi05,tokens,5,False,,240,True,True,84,True,True,True,akita_black_bowl_1,True,plate_1,True,0.0062,,,,,plane,,,bc092c3a45f91352,907dbeb64f8e0a7a,8497d148318d778c,48,200.6,none,ambiguous
spatial,scene_0020,directional,text_only,pi05,tokens,6,False,,240,True,True,80,True,True,True,akita_black_bowl_1,True,plate_1,True,0.0079,,,,,plane,,,bc092c3a45f91352,f2896d134f0c4e8f,f37cc533f1c7e2e6,48,189.0,none,ambiguous
spatial,scene_0020,directional,text_only,pi05,tokens,7,False,,240,True,True,81,True,True,True,akita_black_bowl_1,True,plate_1,True,0.0134,,,,,plane,,,bc092c3a45f91352,f670a5765421a09c,24cdb5aa192bd6c5,48,166.8,none,ambiguous
spatial,scene_0020,directional,text_only,pi05,tokens,8,False,,240,True,True,81,True,True,True,akita_black_bowl_1,True,plate_1,True,0.0085,,,,,plane,,,bc092c3a45f91352,f2a9aaa44f96a714,bc90b27992dc6fde,48,146.1,none,ambiguous
spatial,scene_0020,directional,text_only,pi05,tokens,9,False,,240,True,True,87,True,True,True,akita_black_bowl_1,True,plate_1,True,0.0033,,,,,plane,,,bc092c3a45f91352,64fb9e97c2415436,b02413a52a34bfd3,48,151.5,none,ambiguous
spatial,scene_0020,directional,text_only,pi05,tokens,10,False,,240,True,True,91,True,True,True,akita_black_bowl_1,True,plate_1,True,0.0021,,,,,plane,,,bc092c3a45f91352,2ec0853e0a46ef7c,0a270010053d3600,48,152.1,none,ambiguous
spatial,scene_0020,directional,text_only,pi05,tokens,11,False,,240,True,True,79,True,True,True,akita_black_bowl_1,True,plate_1,True,0.0136,,,,,plane,,,bc092c3a45f91352,80fc65e4fad5acf3,6ab2a9f2e1168bc0,48,146.8,none,ambiguous
spatial,scene_0020,directional,text_only,pi05,tokens,12,False,,240,True,True,96,True,True,True,akita_black_bowl_1,True,plate_1,True,0.0022,,,,,plane,,,bc092c3a45f91352,0eb4da5e6d09ed8b,9cc69eec6b93b765,48,147.1,none,ambiguous
spatial,scene_0020,directional,text_only,pi05,tokens,13,False,,240,True,True,82,True,True,True,akita_black_bowl_1,True,plate_1,True,0.0111,,,,,plane,,,bc092c3a45f91352,8d039c9ff09394fb,9797b1e4c355c5b3,48,153.3,none,ambiguous
spatial,scene_0021,directional,text_only,pi05,tokens,0,False,,240,False,False,,True,True,True,plate_2,False,plate_2,True,0.0,,,,,plane,,,575102c75eef60d5,7c5bedfabd3328eb,50781629c1f1abc6,48,150.3,none,ambiguous
spatial,scene_0021,directional,text_only,pi05,tokens,1,False,,240,False,False,,True,True,True,akita_black_bowl_1,True,plate_1,False,0.0183,,,,,plane,,,575102c75eef60d5,219aaeae7431d1c0,87258bc7cd565e1a,48,149.0,none,ambiguous
spatial,scene_0021,directional,text_only,pi05,tokens,2,False,,240,False,False,,True,True,True,akita_black_bowl_1,True,plate_1,False,0.0018,,,,,plane,,,575102c75eef60d5,663c5be64e3dba71,59fee39bce1f0326,48,148.4,none,ambiguous
spatial,scene_0021,directional,text_only,pi05,tokens,3,False,,240,False,False,,True,True,True,akita_black_bowl_1,True,plate_1,False,0.0055,,,,,plane,,,575102c75eef60d5,c7e7cb082b37c251,33cf1dea32112f98,48,154.6,none,ambiguous
spatial,scene_0021,directional,text_only,pi05,tokens,4,False,,240,False,False,,True,True,True,akita_black_bowl_1,True,plate_1,False,0.0089,,,,,plane,,,575102c75eef60d5,9be15462b38a8786,a9cef628a8e2d9b2,48,159.9,none,ambiguous
spatial,scene_0021,directional,text_only,pi05,tokens,5,False,,240,False,False,,True,True,True,akita_black_bowl_1,True,plate_1,False,0.0036,,,,,plane,,,575102c75eef60d5,3b907cc71eb1ae0b,1336a8df2e7a7a81,48,151.5,none,ambiguous
spatial,scene_0021,directional,text_only,pi05,tokens,6,False,,240,False,False,,True,True,True,akita_black_bowl_1,True,plate_1,False,0.0059,,,,,plane,,,575102c75eef60d5,43890036736b47b8,233d24379497fa27,48,146.8,none,ambiguous
spatial,scene_0021,directional,text_only,pi05,tokens,7,False,,240,False,False,,True,True,True,akita_black_bowl_2,False,plate_1,False,0.033,,,,,plane,,,575102c75eef60d5,795ab96c64d675a2,0f4ad9dc73204390,48,154.6,none,ambiguous
spatial,scene_0021,directional,text_only,pi05,tokens,8,False,,240,False,False,,True,True,True,akita_black_bowl_1,True,plate_1,False,0.0032,,,,,plane,,,575102c75eef60d5,bd3f08b4f99f06f5,20ae7780300c3c22,48,152.0,none,ambiguous
spatial,scene_0021,directional,text_only,pi05,tokens,9,False,,240,False,False,,True,True,True,akita_black_bowl_1,True,plate_2,True,0.0786,,,,,plane,,,575102c75eef60d5,91adf09b33ff7283,593e09da172d2ec0,48,148.9,none,ambiguous
spatial,scene_0021,directional,text_only,pi05,tokens,10,False,,240,False,False,,True,True,True,akita_black_bowl_2,False,plate_1,False,0.0314,,,,,plane,,,575102c75eef60d5,9983613821cf8f9f,6e77fb3b7f1e7d46,48,147.2,none,ambiguous
spatial,scene_0021,directional,text_only,pi05,tokens,11,False,,240,False,False,,True,True,True,akita_black_bowl_2,False,plate_1,False,0.0255,,,,,plane,,,575102c75eef60d5,a616c03785baa2d1,2f8d212f3ebcc8e5,48,158.5,none,ambiguous
spatial,scene_0021,directional,text_only,pi05,tokens,12,False,,240,False,False,,True,True,True,akita_black_bowl_2,False,plate_1,False,0.0482,,,,,plane,,,575102c75eef60d5,5092c7e658ceabf8,86ef7227177e1395,48,159.4,none,ambiguous
spatial,scene_0021,directional,text_only,pi05,tokens,13,False,,240,False,False,,True,True,True,akita_black_bowl_2,False,plate_1,False,0.041,,,,,plane,,,575102c75eef60d5,5a86f7f303f5bd11,9d12de7c22af74e8,48,167.4,none,ambiguous
spatial,scene_0022,directional,text_only,pi05,tokens,0,False,,240,False,False,,True,True,True,glazed_rim_porcelain_ramekin_1,False,plate_1,False,0.0096,,,,,plane,,,024abe15484d02fd,0eda2c1593ddda61,ddb7a3434b19de0f,48,157.5,none,ambiguous
spatial,scene_0022,directional,text_only,pi05,tokens,1,False,,240,False,False,,True,True,True,glazed_rim_porcelain_ramekin_1,False,plate_1,False,0.0043,,,,,plane,,,024abe15484d02fd,f15fdb2ecb0589a9,a3f6fde33c5511e3,48,151.0,none,ambiguous
spatial,scene_0022,directional,text_only,pi05,tokens,2,False,,240,False,False,,True,True,True,akita_black_bowl_1,True,plate_1,False,0.0112,,,,,plane,,,024abe15484d02fd,537a733d3b991b27,00dece3aa3beb3bf,48,153.2,none,ambiguous
spatial,scene_0022,directional,text_only,pi05,tokens,3,False,,240,False,False,,True,True,True,glazed_rim_porcelain_ramekin_1,False,plate_1,False,0.0068,,,,,plane,,,024abe15484d02fd,273f78f0933ea938,a779b7388d9beaf3,48,147.1,none,ambiguous
spatial,scene_0022,directional,text_only,pi05,tokens,4,False,,240,False,False,,True,True,True,glazed_rim_porcelain_ramekin_1,False,plate_1,False,0.0037,,,,,plane,,,024abe15484d02fd,e7281e5921a7b91f,8627432a18563cdc,48,163.4,none,ambiguous
spatial,scene_0022,directional,text_only,pi05,tokens,5,False,,240,False,False,,True,True,True,glazed_rim_porcelain_ramekin_1,False,plate_1,False,0.0115,,,,,plane,,,024abe15484d02fd,67f1b07c24b92e8e,2542e1c00467a5da,48,158.8,none,ambiguous
spatial,scene_0022,directional,text_only,pi05,tokens,6,False,,240,False,False,,True,True,True,glazed_rim_porcelain_ramekin_1,False,plate_1,False,0.0032,,,,,plane,,,024abe15484d02fd,826cb429f199d08a,bfd020e77905720b,48,153.0,none,ambiguous
spatial,scene_0022,directional,text_only,pi05,tokens,7,False,,240,False,False,,True,True,True,glazed_rim_porcelain_ramekin_1,False,plate_1,False,0.0058,,,,,plane,,,024abe15484d02fd,089bab5564861ea3,68a7e2a84a34560f,48,147.8,none,ambiguous
spatial,scene_0022,directional,text_only,pi05,tokens,8,False,,240,False,False,,True,True,True,glazed_rim_porcelain_ramekin_1,False,plate_1,False,0.0031,,,,,plane,,,024abe15484d02fd,6164067e65f40cce,f05df2efa170611f,48,158.8,none,ambiguous
spatial,scene_0022,directional,text_only,pi05,tokens,9,False,,240,False,False,,True,True,True,glazed_rim_porcelain_ramekin_1,False,plate_1,False,0.012,,,,,plane,,,024abe15484d02fd,99eb2d0ed92871a0,67c505113b654e55,48,155.6,none,ambiguous
spatial,scene_0022,directional,text_only,pi05,tokens,10,False,,240,False,False,,True,True,True,glazed_rim_porcelain_ramekin_1,False,plate_1,False,0.0102,,,,,plane,,,024abe15484d02fd,a55bdc666d58ee4c,d14e6b309d0929c1,48,154.6,none,ambiguous
spatial,scene_0022,directional,text_only,pi05,tokens,11,False,,240,False,False,,True,True,True,glazed_rim_porcelain_ramekin_1,False,plate_1,False,0.0106,,,,,plane,,,024abe15484d02fd,65c13653227438b7,e3a48f86bd399236,48,158.0,none,ambiguous
spatial,scene_0022,directional,text_only,pi05,tokens,12,False,,240,False,False,,True,True,True,glazed_rim_porcelain_ramekin_1,False,plate_1,False,0.0669,,,,,plane,,,024abe15484d02fd,6d95771521c55ecf,4e0e98eb828687db,48,167.0,none,ambiguous
spatial,scene_0022,directional,text_only,pi05,tokens,13,False,,240,False,False,,True,True,True,glazed_rim_porcelain_ramekin_1,False,plate_1,False,0.0041,,,,,plane,,,024abe15484d02fd,f9e26ddf8d64522c,95db289ea55f1b4f,48,152.6,none,ambiguous
spatial,scene_0023,directional,text_only,pi05,tokens,0,False,,240,False,False,,True,True,True,akita_black_bowl_1,True,plate_3,False,0.0136,,,,,plane,,,7fb05c3ea62898ee,380ea2b6a78d6afa,1cba2dd5a0a8b522,48,151.2,none,ambiguous
spatial,scene_0023,directional,text_only,pi05,tokens,1,False,,240,False,False,,True,True,True,akita_black_bowl_1,True,plate_3,False,0.0133,,,,,plane,,,7fb05c3ea62898ee,afb1a4b69c23dae6,afe474b48a8d2244,48,154.8,none,ambiguous
spatial,scene_0023,directional,text_only,pi05,tokens,2,False,,240,False,False,,True,True,True,akita_black_bowl_1,True,plate_3,False,0.0286,,,,,plane,,,7fb05c3ea62898ee,65f1453735230580,e2a7f476e4a29746,48,156.9,none,ambiguous
spatial,scene_0023,directional,text_only,pi05,tokens,3,False,,240,False,False,,True,True,True,akita_black_bowl_1,True,plate_3,False,0.0087,,,,,plane,,,7fb05c3ea62898ee,b387e1a690cf2f18,18c90aa2224623d7,48,149.3,none,ambiguous
spatial,scene_0023,directional,text_only,pi05,tokens,4,False,,240,False,False,,True,True,True,akita_black_bowl_1,True,plate_3,False,0.014,,,,,plane,,,7fb05c3ea62898ee,461e8b1ad9f7880b,1627dac8cf1cf211,48,146.4,none,ambiguous
spatial,scene_0023,directional,text_only,pi05,tokens,5,False,,240,False,False,,True,True,True,akita_black_bowl_1,True,plate_3,False,0.0111,,,,,plane,,,7fb05c3ea62898ee,8c697d64bd689123,dc016eb5aa5b70f2,48,154.9,none,ambiguous
spatial,scene_0023,directional,text_only,pi05,tokens,6,False,,240,False,False,,True,True,True,akita_black_bowl_1,True,plate_3,False,0.0128,,,,,plane,,,7fb05c3ea62898ee,6cd60a595f35e638,e370c1a1789d3aad,48,146.5,none,ambiguous
spatial,scene_0023,directional,text_only,pi05,tokens,7,False,,240,False,False,,True,True,True,akita_black_bowl_1,True,plate_3,False,0.0129,,,,,plane,,,7fb05c3ea62898ee,ccca0dece8c4de2a,5e198172ceef80ee,48,155.1,none,ambiguous
spatial,scene_0023,directional,text_only,pi05,tokens,8,False,,240,False,False,,True,True,True,akita_black_bowl_1,True,,False,0.1161,,,,,plane,,,7fb05c3ea62898ee,ee1685a5d2f524ed,a242faab12ec3f1f,48,147.0,none,ambiguous
spatial,scene_0023,directional,text_only,pi05,tokens,9,False,,240,False,False,,True,True,True,akita_black_bowl_1,True,plate_3,False,0.0143,,,,,plane,,,7fb05c3ea62898ee,b92605636c0ce70b,a5dd4efa21a4d72e,48,146.2,none,ambiguous
spatial,scene_0023,directional,text_only,pi05,tokens,10,False,,240,False,False,,True,True,True,akita_black_bowl_1,True,plate_3,False,0.0116,,,,,plane,,,7fb05c3ea62898ee,e613c6f12a126dc8,9eaf34c87ce660f4,48,149.5,none,ambiguous
spatial,scene_0023,directional,text_only,pi05,tokens,11,False,,240,False,False,,True,True,True,akita_black_bowl_1,True,plate_3,False,0.0057,,,,,plane,,,7fb05c3ea62898ee,d29d113043c3fbff,4d55121c979846a5,48,139.0,none,ambiguous
spatial,scene_0023,directional,text_only,pi05,tokens,12,False,,240,False,False,,True,True,True,akita_black_bowl_1,True,plate_3,False,0.0069,,,,,plane,,,7fb05c3ea62898ee,7c790ee3564b8bcf,ebb75f7874f1b6cc,48,148.3,none,ambiguous
spatial,scene_0023,directional,text_only,pi05,tokens,13,False,,240,False,False,,True,True,True,akita_black_bowl_1,True,plate_3,False,0.0111,,,,,plane,,,7fb05c3ea62898ee,0c9e5fd2112c0c7d,7b5556074dc1a55d,48,149.3,none,ambiguous
spatial,scene_0024,directional,text_only,pi05,tokens,0,False,,240,True,True,87,True,True,True,akita_black_bowl_1,True,plate_1,True,0.0053,,,,,plane,,,7aade9b812f80b68,f87b2e1207ba51cb,8836c1037f83670a,48,148.3,none,ambiguous
spatial,scene_0024,directional,text_only,pi05,tokens,1,False,,240,True,True,94,True,True,True,akita_black_bowl_1,True,plate_1,True,0.009,,,,,plane,,,7aade9b812f80b68,66bb329525e3ffd5,a679417eff296afe,48,148.8,none,ambiguous
spatial,scene_0024,directional,text_only,pi05,tokens,2,False,,240,True,True,87,True,True,True,akita_black_bowl_1,True,plate_1,True,0.0075,,,,,plane,,,7aade9b812f80b68,a1327227ddb7999b,71def0e97ad0ec8e,48,149.1,none,ambiguous
spatial,scene_0024,directional,text_only,pi05,tokens,3,False,,240,True,True,83,True,True,True,akita_black_bowl_1,True,plate_1,True,0.0071,,,,,plane,,,7aade9b812f80b68,d84ac622634d23e5,e495e8d8a7f062e9,48,145.5,none,ambiguous
spatial,scene_0024,directional,text_only,pi05,tokens,4,False,,240,True,True,90,True,True,True,akita_black_bowl_1,True,plate_1,True,0.0111,,,,,plane,,,7aade9b812f80b68,725c19ce7fcb1435,988a46cc174e5fe2,48,144.7,none,ambiguous
spatial,scene_0024,directional,text_only,pi05,tokens,5,False,,240,True,True,89,True,True,True,akita_black_bowl_1,True,plate_1,True,0.0047,,,,,plane,,,7aade9b812f80b68,ba443434cb5a8192,0fe9e612832a2668,48,148.8,none,ambiguous
spatial,scene_0024,directional,text_only,pi05,tokens,6,False,,240,True,True,82,True,True,True,akita_black_bowl_1,True,plate_1,True,0.0084,,,,,plane,,,7aade9b812f80b68,1228f796b0c388aa,d823ce60938f8c1a,48,144.2,none,ambiguous
spatial,scene_0024,directional,text_only,pi05,tokens,7,False,,240,True,True,85,True,True,True,akita_black_bowl_1,True,plate_1,True,0.0098,,,,,plane,,,7aade9b812f80b68,d3e6d3cb7c9e7320,214457a8b619520c,48,149.6,none,ambiguous
spatial,scene_0024,directional,text_only,pi05,tokens,8,False,,240,True,True,94,True,True,True,akita_black_bowl_1,True,plate_1,True,0.0069,,,,,plane,,,7aade9b812f80b68,00afc5e2cc2d4bad,ef1e568b679237be,48,145.0,none,ambiguous
spatial,scene_0024,directional,text_only,pi05,tokens,9,False,,240,True,True,84,True,True,True,akita_black_bowl_1,True,plate_1,True,0.011,,,,,plane,,,7aade9b812f80b68,3385db2a1828046b,c410901b34ebb20e,48,141.5,none,ambiguous
spatial,scene_0024,directional,text_only,pi05,tokens,10,False,,240,True,True,91,True,True,True,akita_black_bowl_1,True,plate_1,True,0.0086,,,,,plane,,,7aade9b812f80b68,0d4ae5729cc02767,c7c4eff36e7407fd,48,147.4,none,ambiguous
spatial,scene_0024,directional,text_only,pi05,tokens,11,False,,240,True,True,85,True,True,True,akita_black_bowl_1,True,plate_1,True,0.0116,,,,,plane,,,7aade9b812f80b68,d1b4f7a974052c89,88c7aa2c07b52f86,48,155.8,none,ambiguous
spatial,scene_0024,directional,text_only,pi05,tokens,12,False,,240,True,True,90,True,True,True,akita_black_bowl_1,True,plate_1,True,0.0073,,,,,plane,,,7aade9b812f80b68,54b87cad8d59ec80,d913e1eb86b0a0aa,48,143.7,none,ambiguous
spatial,scene_0024,directional,text_only,pi05,tokens,13,False,,240,True,True,83,True,True,True,akita_black_bowl_1,True,plate_1,True,0.0072,,,,,plane,,,7aade9b812f80b68,624706082168ba5b,211aed5e168a00d1,48,150.7,none,ambiguous
spatial,scene_0025,both,text_only,pi05,tokens,0,False,,240,False,False,,True,False,False,,False,,False,0.1472,,,,,plane,,,6b097b570d4d79aa,4a9aeff088d644ff,cc34b12e11ed7ab4,48,142.9,none,ambiguous
spatial,scene_0025,both,text_only,pi05,tokens,1,False,,240,False,False,,True,False,False,,False,,False,0.1472,,,,,plane,,,6b097b570d4d79aa,16eacc54dcf76383,d9d1da008a15f413,48,148.6,none,ambiguous
spatial,scene_0025,both,text_only,pi05,tokens,2,False,,240,False,False,,True,False,False,,False,,False,0.1472,,,,,plane,,,6b097b570d4d79aa,9040bbcbf4a6987a,5ad80a21b7458013,48,147.9,none,ambiguous
spatial,scene_0025,both,text_only,pi05,tokens,3,False,,240,False,False,,True,False,False,,False,,False,0.1472,,,,,plane,,,6b097b570d4d79aa,e66dd67a6dd0bc9a,344d1d258959b3e0,48,144.2,none,ambiguous
spatial,scene_0025,both,text_only,pi05,tokens,4,False,,240,False,False,,True,True,True,cookies_1,False,plate_1,False,0.0175,,,,,plane,,,6b097b570d4d79aa,86f5b32144d68732,3e978011cae2fac4,48,144.5,none,ambiguous
spatial,scene_0025,both,text_only,pi05,tokens,5,False,,240,False,False,,True,True,True,cookies_1,False,,False,0.1471,,,,,plane,,,6b097b570d4d79aa,2d9eacf4d2bcd78e,0f8dcb4063cfaffd,48,148.2,none,ambiguous
spatial,scene_0025,both,text_only,pi05,tokens,6,False,,240,False,False,,True,False,False,,False,,False,0.1472,,,,,plane,,,6b097b570d4d79aa,1607d43061f19b8c,746ffb4864002ab1,48,152.0,none,ambiguous
spatial,scene_0025,both,text_only,pi05,tokens,7,False,,240,False,False,,True,False,False,,False,,False,0.1516,,,,,plane,,,6b097b570d4d79aa,2c6e4fe5cb5cf6b7,d4feb7aa8cf4ea52,48,150.7,none,ambiguous
spatial,scene_0025,both,text_only,pi05,tokens,8,False,,240,False,False,,True,False,False,,False,,False,0.1472,,,,,plane,,,6b097b570d4d79aa,828033f988a0a4b6,f1d3e539d53eebd6,48,148.5,none,ambiguous
spatial,scene_0025,both,text_only,pi05,tokens,9,False,,240,False,False,,True,True,True,cookies_1,False,plate_1,False,0.008,,,,,plane,,,6b097b570d4d79aa,788b16762d359835,e9d4bfc145bfd07c,48,149.6,none,ambiguous
spatial,scene_0025,both,text_only,pi05,tokens,10,False,,240,False,False,,True,True,True,cookies_1,False,,False,0.1526,,,,,plane,,,6b097b570d4d79aa,b4f8497764b56c55,cc25e8f1af71401e,48,144.9,none,ambiguous
spatial,scene_0025,both,text_only,pi05,tokens,11,False,,240,False,False,,True,True,True,cookies_1,False,plate_1,False,0.0086,,,,,plane,,,6b097b570d4d79aa,6e27524b1ba9337b,66e0b6bc852047b1,48,151.0,none,ambiguous
spatial,scene_0025,both,text_only,pi05,tokens,12,False,,240,False,False,,True,False,False,,False,,False,0.1472,,,,,plane,,,6b097b570d4d79aa,4e9ec2e0e5cb66e5,d971fed2e01f666a,48,157.9,none,ambiguous
spatial,scene_0025,both,text_only,pi05,tokens,13,False,,240,False,False,,True,True,True,cookies_1,False,plate_1,False,0.0076,,,,,plane,,,6b097b570d4d79aa,240d5a0f1f4106fa,451dc7a84faa2256,48,146.6,none,ambiguous
spatial,scene_0026,both,text_only,pi05,tokens,0,False,,240,False,False,,True,True,True,akita_black_bowl_1,True,plate_1,False,0.0038,,,,,plane,,,e1d24c1fe9fb50bd,6aabd5626006573c,27b336aa546a458e,48,153.6,none,ambiguous
spatial,scene_0026,both,text_only,pi05,tokens,1,False,,240,False,False,,True,True,True,akita_black_bowl_1,True,plate_1,False,0.0188,,,,,plane,,,e1d24c1fe9fb50bd,b36515fb85d7ec31,2a80b435d21f1cd9,48,161.7,none,ambiguous
spatial,scene_0026,both,text_only,pi05,tokens,2,False,,240,False,False,,True,True,True,akita_black_bowl_1,True,plate_1,False,0.0152,,,,,plane,,,e1d24c1fe9fb50bd,4fea291936a774f3,db2c5e98922588cf,48,164.6,none,ambiguous
spatial,scene_0026,both,text_only,pi05,tokens,3,False,,240,False,False,,True,True,True,akita_black_bowl_1,True,plate_1,False,0.0044,,,,,plane,,,e1d24c1fe9fb50bd,2e72e2fb9df5d22f,fdebb6868c0a8084,48,171.4,none,ambiguous
spatial,scene_0026,both,text_only,pi05,tokens,4,False,,240,False,False,,True,True,True,akita_black_bowl_1,True,plate_1,False,0.0122,,,,,plane,,,e1d24c1fe9fb50bd,2a597b3cf1e0db7a,01630887494bb9ce,48,162.2,none,ambiguous
spatial,scene_0026,both,text_only,pi05,tokens,5,False,,240,False,False,,True,True,True,akita_black_bowl_1,True,plate_1,False,0.0118,,,,,plane,,,e1d24c1fe9fb50bd,9fc988363f48c6a2,c67caa124f958799,48,161.5,none,ambiguous
spatial,scene_0026,both,text_only,pi05,tokens,6,False,,240,False,False,,True,True,True,akita_black_bowl_1,True,plate_1,False,0.0685,,,,,plane,,,e1d24c1fe9fb50bd,0d5d85e1f0ab8da9,92afc5860a9b1359,48,152.1,none,ambiguous
spatial,scene_0026,both,text_only,pi05,tokens,7,False,,240,False,False,,True,True,True,akita_black_bowl_1,True,plate_1,False,0.0085,,,,,plane,,,e1d24c1fe9fb50bd,0a05248c46254f57,636ebda72762bcae,48,152.8,none,ambiguous
spatial,scene_0026,both,text_only,pi05,tokens,8,False,,240,False,False,,True,True,True,akita_black_bowl_1,True,plate_1,False,0.0098,,,,,plane,,,e1d24c1fe9fb50bd,47d3ee9dd165916c,0a049d66b2750093,48,154.5,none,ambiguous
spatial,scene_0026,both,text_only,pi05,tokens,9,False,,240,False,False,,True,True,True,akita_black_bowl_1,True,plate_1,False,0.0159,,,,,plane,,,e1d24c1fe9fb50bd,d0e3a4103ccd0ce9,50e4af763f409292,48,163.2,none,ambiguous
spatial,scene_0026,both,text_only,pi05,tokens,10,False,,240,False,False,,True,True,True,akita_black_bowl_1,True,plate_1,False,0.0064,,,,,plane,,,e1d24c1fe9fb50bd,54e25ce9a85a2c39,7c3fe8fbaffe2280,48,146.9,none,ambiguous
spatial,scene_0026,both,text_only,pi05,tokens,11,False,,240,False,False,,True,True,True,akita_black_bowl_1,True,plate_1,False,0.0041,,,,,plane,,,e1d24c1fe9fb50bd,9cec351da0280eeb,70f71c76f1d038c9,48,148.9,none,ambiguous
spatial,scene_0026,both,text_only,pi05,tokens,12,False,,240,False,False,,True,True,True,akita_black_bowl_1,True,plate_1,False,0.0107,,,,,plane,,,e1d24c1fe9fb50bd,fbbf335564c96330,33c65db07d2a754c,48,143.1,none,ambiguous
spatial,scene_0026,both,text_only,pi05,tokens,13,False,,240,False,False,,True,True,True,akita_black_bowl_1,True,plate_1,False,0.0043,,,,,plane,,,e1d24c1fe9fb50bd,b6c9a36f1dd156fd,76559cc413a0adff,48,151.7,none,ambiguous
spatial,scene_0027,both,text_only,pi05,tokens,0,False,,240,False,False,,True,True,True,akita_black_bowl_3,False,plate_1,True,0.0381,,,,,plane,,,3565890febe5894f,0b085fbb9b33cf32,37aec690d33ea10c,48,151.7,none,ambiguous
spatial,scene_0027,both,text_only,pi05,tokens,1,False,,240,False,False,,True,True,True,akita_black_bowl_3,False,plate_1,True,0.0097,,,,,plane,,,3565890febe5894f,8553ea3a7f565b0e,48479d3b60ef0cf0,48,147.5,none,ambiguous
spatial,scene_0027,both,text_only,pi05,tokens,2,False,,240,False,False,,True,True,True,akita_black_bowl_3,False,plate_1,True,0.0082,,,,,plane,,,3565890febe5894f,6fcb5012856a3468,84f74dd2eefe7738,48,153.9,none,ambiguous
spatial,scene_0027,both,text_only,pi05,tokens,3,False,,240,False,False,,True,True,True,akita_black_bowl_3,False,plate_1,True,0.0113,,,,,plane,,,3565890febe5894f,1760b474bf221a54,6484ffd9388dc952,48,153.1,none,ambiguous
spatial,scene_0027,both,text_only,pi05,tokens,4,False,,240,False,False,,True,True,True,akita_black_bowl_3,False,plate_1,True,0.0079,,,,,plane,,,3565890febe5894f,7d4ef92d96b50410,d555477eb850d0c5,48,148.0,none,ambiguous
spatial,scene_0027,both,text_only,pi05,tokens,5,False,,240,False,False,,True,True,True,akita_black_bowl_3,False,plate_1,True,0.0069,,,,,plane,,,3565890febe5894f,3e929aa2ccbf291e,3b9df68f99042ff0,48,148.7,none,ambiguous
spatial,scene_0027,both,text_only,pi05,tokens,6,False,,240,False,False,,True,True,True,akita_black_bowl_3,False,plate_1,True,0.0113,,,,,plane,,,3565890febe5894f,ef5a0c32549b178e,07fbeb19d89188ff,48,146.4,none,ambiguous
spatial,scene_0027,both,text_only,pi05,tokens,7,False,,240,False,False,,True,True,True,akita_black_bowl_3,False,plate_1,True,0.0109,,,,,plane,,,3565890febe5894f,44652eed750ad08c,cbaf5a1fd6fadcf1,48,150.7,none,ambiguous
spatial,scene_0027,both,text_only,pi05,tokens,8,False,,240,False,False,,True,True,True,akita_black_bowl_3,False,plate_1,True,0.0103,,,,,plane,,,3565890febe5894f,ef177b80af192fa4,2a443c228cc726b2,48,151.3,none,ambiguous
spatial,scene_0027,both,text_only,pi05,tokens,9,False,,240,False,False,,True,True,True,akita_black_bowl_3,False,plate_1,True,0.0134,,,,,plane,,,3565890febe5894f,24901b805fc416ff,aa0f668ddc0c317b,48,153.6,none,ambiguous
spatial,scene_0027,both,text_only,pi05,tokens,10,False,,240,False,False,,True,True,True,akita_black_bowl_3,False,plate_1,True,0.0086,,,,,plane,,,3565890febe5894f,7e724db9b0a8c27c,0d766b8db83dbd0d,48,177.5,none,ambiguous
spatial,scene_0027,both,text_only,pi05,tokens,11,False,,240,False,False,,True,True,True,akita_black_bowl_3,False,plate_1,True,0.0093,,,,,plane,,,3565890febe5894f,15e5b0160b14da79,b6964ac5c9580626,48,179.4,none,ambiguous
spatial,scene_0027,both,text_only,pi05,tokens,12,False,,240,False,False,,True,True,True,akita_black_bowl_3,False,plate_1,True,0.0049,,,,,plane,,,3565890febe5894f,f975a56072bf38b8,1e1bda4e3fb3faa8,48,171.4,none,ambiguous
spatial,scene_0027,both,text_only,pi05,tokens,13,False,,240,False,False,,True,True,True,akita_black_bowl_3,False,plate_1,True,0.007,,,,,plane,,,3565890febe5894f,eedae34c34d8860a,f03e8b689f923b9d,48,147.7,none,ambiguous
spatial,scene_0028,both,text_only,pi05,tokens,0,False,,240,False,False,,True,True,True,akita_black_bowl_4,False,plate_1,False,0.0041,,,,,plane,,,0ffc9c772a303dbb,18e79e8336adcbb6,303ec219fa5357e9,48,156.4,none,ambiguous
spatial,scene_0028,both,text_only,pi05,tokens,1,False,,240,False,False,,True,True,True,akita_black_bowl_1,True,plate_1,False,0.0718,,,,,plane,,,0ffc9c772a303dbb,0997f26a112c6cad,6b3be8f812f39540,48,188.4,none,ambiguous
spatial,scene_0028,both,text_only,pi05,tokens,2,False,,240,False,False,,True,True,True,akita_black_bowl_4,False,plate_1,False,0.0058,,,,,plane,,,0ffc9c772a303dbb,9784a1968ae7325d,0d4d8c69c04a998d,48,183.1,none,ambiguous
spatial,scene_0028,both,text_only,pi05,tokens,3,False,,240,False,False,,True,True,True,akita_black_bowl_4,False,plate_1,False,0.008,,,,,plane,,,0ffc9c772a303dbb,3489ba7a8b414aa9,268d49b28e856e96,48,181.2,none,ambiguous
spatial,scene_0028,both,text_only,pi05,tokens,4,False,,240,False,False,,True,True,True,akita_black_bowl_4,False,plate_1,False,0.0096,,,,,plane,,,0ffc9c772a303dbb,8c0cb201f9306808,392e0244cd26c921,48,183.5,none,ambiguous
spatial,scene_0028,both,text_only,pi05,tokens,5,False,,240,False,False,,True,True,True,akita_black_bowl_4,False,plate_1,False,0.0147,,,,,plane,,,0ffc9c772a303dbb,b3df56059319b258,c3ff1afafc243d7c,48,183.7,none,ambiguous
spatial,scene_0028,both,text_only,pi05,tokens,6,False,,240,False,False,,True,True,True,akita_black_bowl_4,False,plate_1,False,0.0064,,,,,plane,,,0ffc9c772a303dbb,ee7264002859bc26,579b59edfe0f1be1,48,204.0,none,ambiguous
spatial,scene_0028,both,text_only,pi05,tokens,7,False,,240,False,False,,True,True,True,akita_black_bowl_4,False,plate_1,False,0.0057,,,,,plane,,,0ffc9c772a303dbb,da6c2d7002b44e9e,05803b811343ce58,48,178.5,none,ambiguous
spatial,scene_0028,both,text_only,pi05,tokens,8,False,,240,False,False,,True,True,True,akita_black_bowl_4,False,plate_1,False,0.0134,,,,,plane,,,0ffc9c772a303dbb,515384e7c726ab6d,1a2e6f486f3d4d5d,48,166.1,none,ambiguous
spatial,scene_0028,both,text_only,pi05,tokens,9,False,,240,False,False,,True,True,True,akita_black_bowl_4,False,plate_1,False,0.012,,,,,plane,,,0ffc9c772a303dbb,2cc967d0b889c05e,e7cb1f7953a2961b,48,162.1,none,ambiguous
spatial,scene_0028,both,text_only,pi05,tokens,10,False,,240,False,False,,True,True,True,akita_black_bowl_4,False,,False,0.0958,,,,,plane,,,0ffc9c772a303dbb,52ca5a1604349c5b,b317d3b53fd24166,48,164.6,none,ambiguous
spatial,scene_0028,both,text_only,pi05,tokens,11,False,,240,False,False,,True,True,True,akita_black_bowl_3,False,plate_1,False,0.059,,,,,plane,,,0ffc9c772a303dbb,6ff34a3a3de9bbf7,39e621b9cf2a97e1,48,166.4,none,ambiguous
spatial,scene_0028,both,text_only,pi05,tokens,12,False,,240,False,False,,True,True,True,akita_black_bowl_4,False,,False,0.1017,,,,,plane,,,0ffc9c772a303dbb,c90bc02f008a66f7,324a10c69a2f7400,48,163.1,none,ambiguous
spatial,scene_0028,both,text_only,pi05,tokens,13,False,,240,False,False,,True,True,True,akita_black_bowl_4,False,,False,0.0925,,,,,plane,,,0ffc9c772a303dbb,8428e5cad9100589,c04bf7aa4e48900e,48,159.1,none,ambiguous
spatial,scene_0029,both,text_only,pi05,tokens,0,False,,240,True,True,78,True,True,True,akita_black_bowl_1,True,plate_1,True,0.0038,,,,,plane,,,88f5f9de3dd4150b,66b6ac24522167d6,b7b3b3d2a628e3c7,48,156.7,none,ambiguous
spatial,scene_0029,both,text_only,pi05,tokens,1,False,,240,False,False,,True,True,True,akita_black_bowl_1,True,,False,0.2023,,,,,plane,,,88f5f9de3dd4150b,8470889c5ded9664,cfa9268bf295afe4,48,146.2,none,ambiguous
spatial,scene_0029,both,text_only,pi05,tokens,2,False,,240,False,False,,True,True,True,akita_black_bowl_1,True,,False,0.0994,,,,,plane,,,88f5f9de3dd4150b,6a252c212266dec3,c3c93c86f22dcf77,48,146.2,none,ambiguous
spatial,scene_0029,both,text_only,pi05,tokens,3,False,,240,True,True,81,True,True,True,akita_black_bowl_1,True,plate_1,True,0.0151,,,,,plane,,,88f5f9de3dd4150b,585c596b20b47a33,d4f72a7633d93a8a,48,144.0,none,ambiguous
spatial,scene_0029,both,text_only,pi05,tokens,4,False,,240,False,False,,True,True,True,akita_black_bowl_1,True,,False,0.1278,,,,,plane,,,88f5f9de3dd4150b,339e1b74b15234dd,757b0646ba8d722f,48,141.0,none,ambiguous
spatial,scene_0029,both,text_only,pi05,tokens,5,False,,240,True,True,87,True,True,True,akita_black_bowl_1,True,plate_1,True,0.0168,,,,,plane,,,88f5f9de3dd4150b,0f7ae90f46b7d078,fc147f25faa3acef,48,144.4,none,ambiguous
spatial,scene_0029,both,text_only,pi05,tokens,6,False,,240,False,False,,True,True,True,akita_black_bowl_1,True,,False,0.1704,,,,,plane,,,88f5f9de3dd4150b,8dae6e2e269b5224,3bf4ae293bcd45c1,48,141.6,none,ambiguous
spatial,scene_0029,both,text_only,pi05,tokens,7,False,,240,True,True,78,True,True,True,akita_black_bowl_1,True,plate_1,True,0.0028,,,,,plane,,,88f5f9de3dd4150b,419f47d04fffd557,caf1db856c3a2b74,48,142.6,none,ambiguous
spatial,scene_0029,both,text_only,pi05,tokens,8,False,,240,False,False,,True,True,True,akita_black_bowl_1,True,,False,0.2616,,,,,plane,,,88f5f9de3dd4150b,7395af1e8ec4080a,92a3ba9ba2a5384d,48,147.4,none,ambiguous
spatial,scene_0029,both,text_only,pi05,tokens,9,False,,240,False,False,,True,True,True,akita_black_bowl_3,False,,False,0.1407,,,,,plane,,,88f5f9de3dd4150b,eb1cbb761bfcbb3a,4e7cb4cbdd18a036,48,141.5,none,ambiguous
spatial,scene_0029,both,text_only,pi05,tokens,10,False,,240,True,True,114,True,True,True,akita_black_bowl_1,True,plate_1,True,0.0115,,,,,plane,,,88f5f9de3dd4150b,7383afef891ea4ec,37c4335269722ff0,48,145.3,none,ambiguous
spatial,scene_0029,both,text_only,pi05,tokens,11,False,,240,False,False,78,True,True,True,akita_black_bowl_1,True,,False,0.1069,,,,,plane,,,88f5f9de3dd4150b,4f557acee5b0c0ca,2c2fcef5af61c4a6,48,142.2,none,ambiguous
spatial,scene_0029,both,text_only,pi05,tokens,12,False,,240,False,False,,True,True,True,akita_black_bowl_1,True,,False,0.13,,,,,plane,,,88f5f9de3dd4150b,0fb83daaf6d93e25,023a3800bd087766,48,134.4,none,ambiguous
spatial,scene_0029,both,text_only,pi05,tokens,13,False,,240,True,True,82,True,True,True,akita_black_bowl_1,True,plate_1,True,0.0028,,,,,plane,,,88f5f9de3dd4150b,01fde11cd7b462d5,d4a38ae57f21b32a,48,132.6,none,ambiguous
spatial,scene_0030,both,text_only,pi05,tokens,0,False,,240,True,True,154,True,True,True,akita_black_bowl_1,True,plate_2,True,0.0034,,,,,plane,,,df70aab991cb1ec2,38e264410ad69981,23a2f74ac7171d37,48,140.6,none,ambiguous
spatial,scene_0030,both,text_only,pi05,tokens,1,False,,240,False,False,,True,True,True,akita_black_bowl_1,True,,False,0.1774,,,,,plane,,,df70aab991cb1ec2,e0c4858eef88d6bc,91078260a17456f6,48,144.7,none,ambiguous
spatial,scene_0030,both,text_only,pi05,tokens,2,False,,240,False,False,,True,True,True,akita_black_bowl_1,True,,False,0.1201,,,,,plane,,,df70aab991cb1ec2,569329a04060920d,6fe3d74eeb51b53f,48,141.5,none,ambiguous
spatial,scene_0030,both,text_only,pi05,tokens,3,False,,240,False,False,,True,True,True,akita_black_bowl_1,True,plate_1,False,0.0196,,,,,plane,,,df70aab991cb1ec2,d77eeab7b715a8f6,d4757aa8cc454b16,48,139.1,none,ambiguous
spatial,scene_0030,both,text_only,pi05,tokens,4,False,,240,False,False,,True,True,True,akita_black_bowl_1,True,,False,0.1544,,,,,plane,,,df70aab991cb1ec2,8eea4cc616b8de14,a879446e836bfe2c,48,145.2,none,ambiguous
spatial,scene_0030,both,text_only,pi05,tokens,5,False,,240,False,False,,True,True,True,akita_black_bowl_1,True,,False,0.1039,,,,,plane,,,df70aab991cb1ec2,ac435fb608ddd8ff,3641b242697f29e9,48,134.1,none,ambiguous
spatial,scene_0030,both,text_only,pi05,tokens,6,False,,240,False,False,,True,True,True,akita_black_bowl_1,True,,False,0.0854,,,,,plane,,,df70aab991cb1ec2,1b8e964a608cb66a,20b8998478716be8,48,144.1,none,ambiguous
spatial,scene_0030,both,text_only,pi05,tokens,7,False,,240,False,False,,True,True,True,akita_black_bowl_1,True,plate_2,True,0.059,,,,,plane,,,df70aab991cb1ec2,52413cb06ae667a7,1e6aaa23ff2bb405,48,134.9,none,ambiguous
spatial,scene_0030,both,text_only,pi05,tokens,8,False,,240,False,False,,True,True,True,akita_black_bowl_1,True,plate_1,False,0.0158,,,,,plane,,,df70aab991cb1ec2,86032ef753473948,80710b746fa87a0c,48,152.4,none,ambiguous
spatial,scene_0030,both,text_only,pi05,tokens,9,False,,240,False,False,,True,True,True,akita_black_bowl_1,True,plate_2,True,0.0354,,,,,plane,,,df70aab991cb1ec2,4488caf0293cce4d,52b325ff74be1f11,48,142.9,none,ambiguous
spatial,scene_0030,both,text_only,pi05,tokens,10,False,,240,False,False,,True,True,True,akita_black_bowl_1,True,,False,0.1101,,,,,plane,,,df70aab991cb1ec2,d8868dbd865738ed,b52e6a8ee5e97e92,48,147.1,none,ambiguous
spatial,scene_0030,both,text_only,pi05,tokens,11,False,,240,False,False,,True,True,True,akita_black_bowl_1,True,,False,0.1483,,,,,plane,,,df70aab991cb1ec2,4d830f80197855af,1df9a391e4213707,48,161.9,none,ambiguous
spatial,scene_0030,both,text_only,pi05,tokens,12,False,,240,False,False,,True,True,True,akita_black_bowl_1,True,plate_1,False,0.0074,,,,,plane,,,df70aab991cb1ec2,0c9725a0b0d93bbe,8268de076f2d0dde,48,151.8,none,ambiguous
spatial,scene_0030,both,text_only,pi05,tokens,13,False,,240,True,True,148,True,True,True,akita_black_bowl_1,True,plate_2,True,0.0208,,,,,plane,,,df70aab991cb1ec2,6b756e59ae99c3d2,ec130e1b6937ddb9,48,148.8,none,ambiguous
spatial,scene_0031,both,text_only,pi05,tokens,0,False,,240,False,False,,True,True,True,plate_3,False,plate_3,True,0.0,,,,,plane,,,94a624a93a266e1c,c420201cdada266c,8522467223321cc8,48,143.1,none,ambiguous
spatial,scene_0031,both,text_only,pi05,tokens,1,False,,240,False,False,,True,True,True,akita_black_bowl_3,False,plate_1,False,0.0214,,,,,plane,,,94a624a93a266e1c,43e421add29fac19,1a95378668fc31cc,48,147.5,none,ambiguous
spatial,scene_0031,both,text_only,pi05,tokens,2,False,,240,False,False,,True,True,True,plate_3,False,plate_3,True,0.0,,,,,plane,,,94a624a93a266e1c,727f2dd3b0098bb4,ea49614a7aa1d52b,48,152.8,none,ambiguous
spatial,scene_0031,both,text_only,pi05,tokens,3,False,,240,False,False,,True,True,True,akita_black_bowl_3,False,plate_1,False,0.0154,,,,,plane,,,94a624a93a266e1c,d44617d8bc2b8587,3fa5ea4d314e1b50,48,156.9,none,ambiguous
spatial,scene_0031,both,text_only,pi05,tokens,4,False,,240,False,False,,True,True,True,akita_black_bowl_3,False,plate_1,False,0.0527,,,,,plane,,,94a624a93a266e1c,57811e6a106c9b9a,f0ad4f1af7edf8b5,48,148.5,none,ambiguous
spatial,scene_0031,both,text_only,pi05,tokens,5,False,,240,False,False,,True,True,True,plate_1,False,plate_1,False,0.0,,,,,plane,,,94a624a93a266e1c,3cfbbbf8279011e5,8b804d37736e145f,48,147.6,none,ambiguous
spatial,scene_0031,both,text_only,pi05,tokens,6,False,,240,False,False,,True,True,True,plate_1,False,plate_1,False,0.0,,,,,plane,,,94a624a93a266e1c,e93aaccf15c5a030,597e47cdafc4d644,48,188.8,none,ambiguous
spatial,scene_0031,both,text_only,pi05,tokens,7,False,,240,False,False,,True,True,True,akita_black_bowl_3,False,plate_1,False,0.0201,,,,,plane,,,94a624a93a266e1c,2edfd747627b7546,f6914df1efc1c9fe,48,158.5,none,ambiguous
spatial,scene_0031,both,text_only,pi05,tokens,8,False,,240,False,False,,True,True,True,akita_black_bowl_3,False,,False,0.0809,,,,,plane,,,94a624a93a266e1c,6753b9b621f2b69d,c27ebd930e78c209,48,155.3,none,ambiguous
spatial,scene_0031,both,text_only,pi05,tokens,9,False,,240,False,False,,True,True,True,akita_black_bowl_3,False,,False,0.1394,,,,,plane,,,94a624a93a266e1c,920b7199a07f462e,9b309413792736f7,48,148.8,none,ambiguous
spatial,scene_0031,both,text_only,pi05,tokens,10,False,,240,False,False,,True,True,True,akita_black_bowl_3,False,plate_1,False,0.0291,,,,,plane,,,94a624a93a266e1c,287ae0923b32f569,d6a58b598db34a2f,48,147.1,none,ambiguous
spatial,scene_0031,both,text_only,pi05,tokens,11,False,,240,False,False,,True,True,True,akita_black_bowl_3,False,plate_1,False,0.024,,,,,plane,,,94a624a93a266e1c,b5c105492b278fe0,4646e18fe6204fcd,48,157.2,none,ambiguous
spatial,scene_0031,both,text_only,pi05,tokens,12,False,,240,False,False,,True,True,True,plate_1,False,plate_1,False,0.0,,,,,plane,,,94a624a93a266e1c,53d08aa709864041,93a46d4d789f3554,48,152.6,none,ambiguous
spatial,scene_0031,both,text_only,pi05,tokens,13,False,,240,False,False,,True,True,True,akita_black_bowl_3,False,plate_1,False,0.0187,,,,,plane,,,94a624a93a266e1c,54eb86dfd6aefd7a,f7533ee569d28a6b,48,154.3,none,ambiguous
spatial,scene_0032,both,text_only,pi05,tokens,0,False,,240,False,False,,True,True,True,akita_black_bowl_3,False,plate_1,False,0.0066,,,,,plane,,,ca1c5b89eab9c5f7,307e7843405c8864,f1f7b9ede01f515b,48,157.1,none,ambiguous
spatial,scene_0032,both,text_only,pi05,tokens,1,False,,240,False,False,,True,True,True,akita_black_bowl_3,False,plate_1,False,0.0137,,,,,plane,,,ca1c5b89eab9c5f7,45cb1df7b7e46770,f21a7033a4803067,48,149.1,none,ambiguous
spatial,scene_0032,both,text_only,pi05,tokens,2,False,,240,False,False,,True,True,True,akita_black_bowl_3,False,plate_1,False,0.0069,,,,,plane,,,ca1c5b89eab9c5f7,a91ada1eb1142492,2512c62728fbff71,48,151.3,none,ambiguous
spatial,scene_0032,both,text_only,pi05,tokens,3,False,,240,False,False,,True,True,True,akita_black_bowl_3,False,plate_1,False,0.0143,,,,,plane,,,ca1c5b89eab9c5f7,e259a2d86d6950cc,8bce7fdb9b3ea909,48,160.1,none,ambiguous
spatial,scene_0032,both,text_only,pi05,tokens,4,False,,240,False,False,,True,True,True,akita_black_bowl_3,False,plate_1,False,0.0055,,,,,plane,,,ca1c5b89eab9c5f7,d168880d62850f34,5b52b8bd88118a0e,48,185.2,none,ambiguous
spatial,scene_0032,both,text_only,pi05,tokens,5,False,,240,False,False,,True,True,True,akita_black_bowl_3,False,plate_1,False,0.0154,,,,,plane,,,ca1c5b89eab9c5f7,2a8e7554aca41008,578f8f448624448f,48,155.0,none,ambiguous
spatial,scene_0032,both,text_only,pi05,tokens,6,False,,240,False,False,,True,True,True,akita_black_bowl_3,False,plate_1,False,0.0101,,,,,plane,,,ca1c5b89eab9c5f7,9a10819978d12b5e,08f2c52a0cdba433,48,152.1,none,ambiguous
spatial,scene_0032,both,text_only,pi05,tokens,7,False,,240,False,False,,True,True,True,akita_black_bowl_3,False,plate_1,False,0.0075,,,,,plane,,,ca1c5b89eab9c5f7,09126e5a8ada54a6,1035d6ea3df9c324,48,146.9,none,ambiguous
spatial,scene_0032,both,text_only,pi05,tokens,8,False,,240,False,False,,True,True,True,akita_black_bowl_3,False,plate_1,False,0.0132,,,,,plane,,,ca1c5b89eab9c5f7,efc8fc9911a08f3b,f5f2a1bf535d2c0f,48,150.5,none,ambiguous
spatial,scene_0032,both,text_only,pi05,tokens,9,False,,240,False,False,,True,True,True,akita_black_bowl_3,False,,False,0.1306,,,,,plane,,,ca1c5b89eab9c5f7,f0c1e25accd5ee5c,ceb3005c1428a3ea,48,148.9,none,ambiguous
spatial,scene_0032,both,text_only,pi05,tokens,10,False,,240,False,False,,True,True,True,akita_black_bowl_1,True,,False,0.1998,,,,,plane,,,ca1c5b89eab9c5f7,5764700911f63344,a826ed19954df80a,48,141.6,none,ambiguous
spatial,scene_0032,both,text_only,pi05,tokens,11,False,,240,False,False,,True,True,True,akita_black_bowl_4,False,plate_1,False,0.0436,,,,,plane,,,ca1c5b89eab9c5f7,2096bd48d7abaee5,c2bf71197cf6be79,48,147.1,none,ambiguous
spatial,scene_0032,both,text_only,pi05,tokens,12,False,,240,False,False,,True,True,True,akita_black_bowl_3,False,plate_1,False,0.0087,,,,,plane,,,ca1c5b89eab9c5f7,c15682fa0c969e3b,41f460a646eb5547,48,145.1,none,ambiguous
spatial,scene_0032,both,text_only,pi05,tokens,13,False,,240,False,False,,True,True,True,cookies_1,False,plate_1,False,0.0085,,,,,plane,,,ca1c5b89eab9c5f7,cd50f976ca62c0eb,a1ef600b99e82204,48,147.3,none,ambiguous
spatial,scene_0033,both,text_only,pi05,tokens,0,False,,240,False,False,,True,True,True,akita_black_bowl_3,False,plate_1,False,0.0105,,,,,plane,,,ffcd8fb43f14f8d5,f73323ee9fa91570,a729bf2f7552291e,48,142.3,none,ambiguous
spatial,scene_0033,both,text_only,pi05,tokens,1,False,,240,False,False,,True,True,True,akita_black_bowl_1,True,plate_1,False,0.0106,,,,,plane,,,ffcd8fb43f14f8d5,b2faa165ef8167cd,6a820b87cd6dd3dd,48,139.7,none,ambiguous
spatial,scene_0033,both,text_only,pi05,tokens,2,False,,240,False,False,,True,True,True,akita_black_bowl_3,False,plate_1,False,0.0067,,,,,plane,,,ffcd8fb43f14f8d5,97b4f853fa03f3aa,18a0ce74c0c314aa,48,143.3,none,ambiguous
spatial,scene_0033,both,text_only,pi05,tokens,3,False,,240,False,False,,True,True,True,akita_black_bowl_3,False,plate_1,False,0.009,,,,,plane,,,ffcd8fb43f14f8d5,b264f4f97f948e0d,07153afaae055d13,48,138.7,none,ambiguous
spatial,scene_0033,both,text_only,pi05,tokens,4,False,,240,False,False,,True,True,True,akita_black_bowl_3,False,plate_1,False,0.0234,,,,,plane,,,ffcd8fb43f14f8d5,7e27f708cfb4a063,1c4de662d4585975,48,145.7,none,ambiguous
spatial,scene_0033,both,text_only,pi05,tokens,5,False,,240,False,False,,True,True,True,akita_black_bowl_3,False,plate_1,False,0.0176,,,,,plane,,,ffcd8fb43f14f8d5,d6816419e440f3a9,8bcc272af78ed727,48,139.8,none,ambiguous
spatial,scene_0033,both,text_only,pi05,tokens,6,False,,240,False,False,,True,True,True,akita_black_bowl_3,False,plate_1,False,0.0076,,,,,plane,,,ffcd8fb43f14f8d5,ea85af5ce9244b01,9895511283614e50,48,145.0,none,ambiguous
spatial,scene_0033,both,text_only,pi05,tokens,7,False,,240,False,False,,True,True,True,akita_black_bowl_3,False,plate_1,False,0.0059,,,,,plane,,,ffcd8fb43f14f8d5,13f7ae4e98036326,f4e9549dfb82cd7e,48,139.3,none,ambiguous
spatial,scene_0033,both,text_only,pi05,tokens,8,False,,240,False,False,,True,True,True,akita_black_bowl_3,False,plate_1,False,0.0115,,,,,plane,,,ffcd8fb43f14f8d5,63accd5071c99607,9a16fb3c83b88389,48,137.0,none,ambiguous
spatial,scene_0033,both,text_only,pi05,tokens,9,False,,240,False,False,,True,True,True,akita_black_bowl_3,False,plate_1,False,0.0088,,,,,plane,,,ffcd8fb43f14f8d5,f59241295e03b8d3,8efbc788c1ffa3c5,48,141.0,none,ambiguous
spatial,scene_0033,both,text_only,pi05,tokens,10,False,,240,False,False,,True,True,True,akita_black_bowl_3,False,plate_1,False,0.0023,,,,,plane,,,ffcd8fb43f14f8d5,d4d043c2f398763d,5cea3edee60a01fb,48,147.6,none,ambiguous
spatial,scene_0033,both,text_only,pi05,tokens,11,False,,240,False,False,,True,True,True,glazed_rim_porcelain_ramekin_1,False,,False,0.1307,,,,,plane,,,ffcd8fb43f14f8d5,341a7731a5b1e0c3,c13ef8f6fd6b75a3,48,139.6,none,ambiguous
spatial,scene_0033,both,text_only,pi05,tokens,12,False,,240,False,False,,True,True,True,akita_black_bowl_3,False,plate_1,False,0.0096,,,,,plane,,,ffcd8fb43f14f8d5,1508504cf6803792,46a3b3244c5c8eda,48,137.9,none,ambiguous
spatial,scene_0033,both,text_only,pi05,tokens,13,False,,240,False,False,,True,True,True,plate_2,False,plate_2,True,0.0,,,,,plane,,,ffcd8fb43f14f8d5,3e04e937a9b1e5dc,b7cc80d57b9dbff3,48,145.5,none,ambiguous
spatial,scene_0034,both,text_only,pi05,tokens,0,False,,240,True,True,91,True,True,True,akita_black_bowl_1,True,plate_1,True,0.0058,,,,,plane,,,7953a953c112c358,f5fb8bf5c123167b,7fde539b2602d733,48,146.4,none,ambiguous
spatial,scene_0034,both,text_only,pi05,tokens,1,False,,240,True,True,94,True,True,True,akita_black_bowl_1,True,plate_1,True,0.0072,,,,,plane,,,7953a953c112c358,21a528aa115ba07b,1a74553c531dc1d1,48,145.1,none,ambiguous
spatial,scene_0034,both,text_only,pi05,tokens,2,False,,240,True,True,89,True,True,True,akita_black_bowl_1,True,plate_1,True,0.0105,,,,,plane,,,7953a953c112c358,f4cc939d6b5257fd,1ef3a32657a25987,48,139.3,none,ambiguous
spatial,scene_0034,both,text_only,pi05,tokens,3,False,,240,True,True,92,True,True,True,akita_black_bowl_1,True,plate_1,True,0.0117,,,,,plane,,,7953a953c112c358,96ef09653691693f,8250b3e6f29b8773,48,142.8,none,ambiguous
spatial,scene_0034,both,text_only,pi05,tokens,4,False,,240,True,True,94,True,True,True,akita_black_bowl_1,True,plate_1,True,0.012,,,,,plane,,,7953a953c112c358,ea5c3fac83607dc3,c88bc31cbff48979,48,143.5,none,ambiguous
spatial,scene_0034,both,text_only,pi05,tokens,5,False,,240,True,True,95,True,True,True,akita_black_bowl_1,True,plate_1,True,0.0036,,,,,plane,,,7953a953c112c358,007241be93c89a43,5b4c1927d2e116b0,48,147.2,none,ambiguous
spatial,scene_0034,both,text_only,pi05,tokens,6,False,,240,True,True,97,True,True,True,akita_black_bowl_1,True,plate_1,True,0.0105,,,,,plane,,,7953a953c112c358,50136d9336c98d1c,55187693a1b9709c,48,142.0,none,ambiguous
spatial,scene_0034,both,text_only,pi05,tokens,7,False,,240,True,True,91,True,True,True,akita_black_bowl_1,True,plate_1,True,0.0083,,,,,plane,,,7953a953c112c358,91c6eb93758aec40,78d5125ae7417cde,48,147.4,none,ambiguous
spatial,scene_0034,both,text_only,pi05,tokens,8,False,,240,True,True,99,True,True,True,akita_black_bowl_1,True,plate_1,True,0.016,,,,,plane,,,7953a953c112c358,ee91be75a276d83b,6f8e7056e7cfff27,48,160.3,none,ambiguous
spatial,scene_0034,both,text_only,pi05,tokens,9,False,,240,True,True,93,True,True,True,akita_black_bowl_1,True,plate_1,True,0.0102,,,,,plane,,,7953a953c112c358,fee81062e287784b,ada5ce12267f6b3f,48,175.7,none,ambiguous
spatial,scene_0034,both,text_only,pi05,tokens,10,False,,240,True,True,93,True,True,True,akita_black_bowl_1,True,plate_1,True,0.0052,,,,,plane,,,7953a953c112c358,bd7724ebf1c2b48c,8d5c5855b54957ec,48,148.3,none,ambiguous
spatial,scene_0034,both,text_only,pi05,tokens,11,False,,240,True,True,95,True,True,True,akita_black_bowl_1,True,plate_1,True,0.0055,,,,,plane,,,7953a953c112c358,7def75816b30e30e,120b030eeb433932,48,152.8,none,ambiguous
spatial,scene_0034,both,text_only,pi05,tokens,12,False,,240,True,True,95,True,True,True,akita_black_bowl_1,True,plate_1,True,0.0049,,,,,plane,,,7953a953c112c358,383b0b5a9083ecef,4aaca1e278972030,48,141.0,none,ambiguous
spatial,scene_0034,both,text_only,pi05,tokens,13,False,,240,True,True,102,True,True,True,akita_black_bowl_1,True,plate_1,True,0.0042,,,,,plane,,,7953a953c112c358,2ea36463a1b66ae9,d5865cccfc8cb66c,48,143.9,none,ambiguous
spatial,scene_0035,both,text_only,pi05,tokens,0,False,,240,False,False,,True,True,True,akita_black_bowl_3,False,plate_1,False,0.0068,,,,,plane,,,9d5da14032b281fc,8f484dd61c3e5f71,2d19d7f497604b7b,48,138.9,none,ambiguous
spatial,scene_0035,both,text_only,pi05,tokens,1,False,,240,False,False,,True,True,True,akita_black_bowl_3,False,plate_2,False,0.012,,,,,plane,,,9d5da14032b281fc,2e3169a2d800df5b,52798ec2cfd9c9b7,48,146.5,none,ambiguous
spatial,scene_0035,both,text_only,pi05,tokens,2,False,,240,False,False,,True,True,True,akita_black_bowl_3,False,plate_2,False,0.0045,,,,,plane,,,9d5da14032b281fc,2ba4e85690e5f6fb,7f296a8f18d72c7d,48,145.7,none,ambiguous
spatial,scene_0035,both,text_only,pi05,tokens,3,False,,240,False,False,,True,True,True,akita_black_bowl_3,False,plate_2,False,0.0138,,,,,plane,,,9d5da14032b281fc,5d5970894a70a634,843bc4143f90b771,48,139.9,none,ambiguous
spatial,scene_0035,both,text_only,pi05,tokens,4,False,,240,False,False,,True,False,False,,False,,False,0.211,,,,,plane,,,9d5da14032b281fc,fbdd44c7c8861315,b5ed73af8b256786,48,146.2,none,ambiguous
spatial,scene_0035,both,text_only,pi05,tokens,5,False,,240,False,False,,True,False,False,,False,,False,0.2431,,,,,plane,,,9d5da14032b281fc,a0e1d51b79c2f2fe,483e88561aec6837,48,144.8,none,ambiguous
spatial,scene_0035,both,text_only,pi05,tokens,6,False,,240,False,False,,True,True,True,akita_black_bowl_3,False,plate_2,False,0.0069,,,,,plane,,,9d5da14032b281fc,61b93aded768c851,f43615e82ce12db2,48,147.7,none,ambiguous
spatial,scene_0035,both,text_only,pi05,tokens,7,False,,240,False,False,,True,True,True,akita_black_bowl_3,False,plate_2,False,0.0071,,,,,plane,,,9d5da14032b281fc,871768dff5efe1a8,3e119878569481df,48,141.8,none,ambiguous
spatial,scene_0035,both,text_only,pi05,tokens,8,False,,240,False,False,,True,True,True,akita_black_bowl_3,False,plate_2,False,0.0227,,,,,plane,,,9d5da14032b281fc,1a6522564897ed0c,a60c82f03da503d4,48,143.6,none,ambiguous
spatial,scene_0035,both,text_only,pi05,tokens,9,False,,240,False,False,,True,True,True,akita_black_bowl_3,False,plate_1,False,0.0158,,,,,plane,,,9d5da14032b281fc,1f5b85f02ef3835f,8a4103232c231b28,48,144.3,none,ambiguous
spatial,scene_0035,both,text_only,pi05,tokens,10,False,,240,False,False,,True,True,True,akita_black_bowl_3,False,plate_2,False,0.0451,,,,,plane,,,9d5da14032b281fc,986d61a9bfa82cd4,69535d42377c8aee,48,152.4,none,ambiguous
spatial,scene_0035,both,text_only,pi05,tokens,11,False,,240,False,False,,True,True,True,akita_black_bowl_3,False,plate_2,False,0.0169,,,,,plane,,,9d5da14032b281fc,9f6862ff5a466df0,3079b63ac81234ce,48,157.2,none,ambiguous
spatial,scene_0035,both,text_only,pi05,tokens,12,False,,240,False,False,,True,False,False,,False,,False,0.2425,,,,,plane,,,9d5da14032b281fc,8fc091250cafb8bb,dd098c574eda6887,48,154.3,none,ambiguous
spatial,scene_0035,both,text_only,pi05,tokens,13,False,,240,False,False,,True,True,True,akita_black_bowl_3,False,plate_1,False,0.0108,,,,,plane,,,9d5da14032b281fc,6701940edeedf16e,8641163b71a9ddd3,48,171.8,none,ambiguous
spatial,scene_0036,both,text_only,pi05,tokens,0,False,,240,False,False,,True,True,True,akita_black_bowl_3,False,plate_1,False,0.0074,,,,,plane,,,ba0364614c70bfde,a50589d9bc1da71c,f8792aafbb55420f,48,192.5,none,ambiguous
spatial,scene_0036,both,text_only,pi05,tokens,1,False,,240,False,False,,True,True,True,akita_black_bowl_3,False,plate_1,False,0.0244,,,,,plane,,,ba0364614c70bfde,cfa31f422a017085,5ff91762bf243f9c,48,199.2,none,ambiguous
spatial,scene_0036,both,text_only,pi05,tokens,2,False,,240,False,False,,True,True,True,akita_black_bowl_3,False,plate_1,False,0.0062,,,,,plane,,,ba0364614c70bfde,9133a1d795b68eec,94686dae81f93c36,48,217.5,none,ambiguous
spatial,scene_0036,both,text_only,pi05,tokens,3,False,,240,False,False,,True,True,True,akita_black_bowl_3,False,plate_1,False,0.0078,,,,,plane,,,ba0364614c70bfde,c635685ef271f483,80f22e865a969884,48,219.3,none,ambiguous
spatial,scene_0036,both,text_only,pi05,tokens,4,False,,240,False,False,,True,True,True,akita_black_bowl_3,False,plate_1,False,0.0109,,,,,plane,,,ba0364614c70bfde,826d6a4a247c368a,86ec5644149016c4,48,187.7,none,ambiguous
spatial,scene_0036,both,text_only,pi05,tokens,5,False,,240,False,False,,True,True,True,akita_black_bowl_3,False,plate_1,False,0.0213,,,,,plane,,,ba0364614c70bfde,7abd42630faaa7aa,faf5d2c9bf6750fa,48,171.6,none,ambiguous
spatial,scene_0036,both,text_only,pi05,tokens,6,False,,240,False,False,,True,True,True,akita_black_bowl_3,False,plate_1,False,0.0178,,,,,plane,,,ba0364614c70bfde,92835695ff9c6e32,5bb0191d4b36b801,48,157.3,none,ambiguous
spatial,scene_0036,both,text_only,pi05,tokens,7,False,,240,False,False,,True,True,True,cookies_1,False,plate_1,False,0.047,,,,,plane,,,ba0364614c70bfde,3d1930fbf17afeae,f85b69e3fbe3126b,48,153.2,none,ambiguous
spatial,scene_0036,both,text_only,pi05,tokens,8,False,,240,False,False,,True,True,True,akita_black_bowl_3,False,plate_1,False,0.0138,,,,,plane,,,ba0364614c70bfde,1ba45ccdae345f32,9b3d158abb1d98b9,48,156.9,none,ambiguous
spatial,scene_0036,both,text_only,pi05,tokens,9,False,,240,False,False,,True,True,True,akita_black_bowl_3,False,plate_1,False,0.0095,,,,,plane,,,ba0364614c70bfde,1e4b07a2ae210d5b,0be1ad9057264f22,48,145.9,none,ambiguous
spatial,scene_0036,both,text_only,pi05,tokens,10,False,,240,False,False,,True,True,True,akita_black_bowl_3,False,plate_1,False,0.0031,,,,,plane,,,ba0364614c70bfde,0bb45b83cffd47a0,4e16ec3882067fdb,48,155.3,none,ambiguous
spatial,scene_0036,both,text_only,pi05,tokens,11,False,,240,False,False,,True,True,True,akita_black_bowl_3,False,plate_1,False,0.0265,,,,,plane,,,ba0364614c70bfde,a8ced48326caf8c2,dc30d2ff7b5e1960,48,151.6,none,ambiguous
spatial,scene_0036,both,text_only,pi05,tokens,12,False,,240,False,False,,True,True,True,akita_black_bowl_3,False,plate_1,False,0.013,,,,,plane,,,ba0364614c70bfde,e017710016a7a296,b65268bf8771b96d,48,154.1,none,ambiguous
spatial,scene_0036,both,text_only,pi05,tokens,13,False,,240,False,False,,True,True,True,akita_black_bowl_3,False,plate_1,False,0.0096,,,,,plane,,,ba0364614c70bfde,c8c7d2aadd7c3f0b,7905c3447c4deac9,48,189.2,none,ambiguous
