suite,dir,tier,condition,policy,sketch_route,rollout_idx,skipped,skip_reason,n_steps,success_final,success_sustained,first_success_step,grasp_success_flag,grasped_any,lifted,grasped_instance,correct_instance_grasped,nearest_destination,correct_destination,terminal_dist_xy,sketch_referent_object,sketch_referent_destination,sketch_fidelity_object,sketch_fidelity_destination,deproject,z_pick,z_place,init_state_hash,init_warmstart_hash,final_state_hash,n_infer_calls,infer_ms_mean,pi05_sketch_mode,prompt_type
spatial,scene_0000,control,auto,sketchvla_prompt_conditioned_latent_action,native,0,False,,240,False,False,,True,True,True,akita_black_bowl_1,True,,False,0.3006,akita_black_bowl_1,plate_1,True,,,,,d1b42b0dcd62c359,cfbb03cf6261e436,273a89859fd627ed,48,9932.0,,explicit
spatial,scene_0000,control,auto,sketchvla_prompt_conditioned_latent_action,native,1,False,,240,False,False,,True,True,True,akita_black_bowl_1,True,,False,0.2535,akita_black_bowl_1,plate_1,True,,,,,d1b42b0dcd62c359,e1080a9b34eb6cba,117a3ebdf6b5b74a,48,976.3,,explicit
spatial,scene_0000,control,auto,sketchvla_prompt_conditioned_latent_action,native,2,False,,240,False,False,,True,False,False,,False,,False,0.2495,akita_black_bowl_1,plate_1,,,,,,d1b42b0dcd62c359,6d9fb853ebf8e151,d641a1dfb9668b49,48,961.5,,explicit
spatial,scene_0000,control,auto,sketchvla_prompt_conditioned_latent_action,native,3,False,,240,False,False,,True,True,True,akita_black_bowl_1,True,,False,0.31,akita_black_bowl_1,plate_1,True,,,,,d1b42b0dcd62c359,fdfa3a5142d233be,438da02ccc7d0c7d,48,999.6,,explicit
spatial,scene_0000,control,auto,sketchvla_prompt_conditioned_latent_action,native,4,False,,240,False,False,,True,True,True,akita_black_bowl_1,True,,False,0.2731,akita_black_bowl_1,plate_1,True,,,,,d1b42b0dcd62c359,6b9c5365ea40b16d,61d7167ea0d0a021,48,1010.9,,explicit
spatial,scene_0000,control,auto,sketchvla_prompt_conditioned_latent_action,native,5,False,,240,False,False,,True,False,False,,False,,False,0.2484,akita_black_bowl_1,plate_1,,,,,,d1b42b0dcd62c359,2cb9d7417437c854,c0df0207f6b2bab0,48,996.6,,explicit
spatial,scene_0000,control,auto,sketchvla_prompt_conditioned_latent_action,native,6,False,,240,False,False,,True,False,False,,False,,False,0.2487,akita_black_bowl_1,plate_1,,,,,,d1b42b0dcd62c359,e8146a33ea856e0d,7f1b22e55164c9a9,48,971.2,,explicit
spatial,scene_0000,control,auto,sketchvla_prompt_conditioned_latent_action,native,7,False,,240,False,False,,True,False,False,,False,,False,0.2614,akita_black_bowl_1,plate_1,,,,,,d1b42b0dcd62c359,03aad8c51b69b00c,d54526a095182780,48,1019.4,,explicit
spatial,scene_0000,control,auto,sketchvla_prompt_conditioned_latent_action,native,8,False,,240,False,False,,True,True,True,akita_black_bowl_1,True,,False,0.2982,akita_black_bowl_1,plate_1,True,,,,,d1b42b0dcd62c359,ce1e1c02bfe44aad,e99abf31eeb245d1,48,996.4,,explicit
spatial,scene_0000,control,auto,sketchvla_prompt_conditioned_latent_action,native,9,False,,240,False,False,,True,True,True,akita_black_bowl_1,True,,False,0.2956,akita_black_bowl_1,plate_1,True,,,,,d1b42b0dcd62c359,2a8b7b16f6d8d1fc,ab486ec890757dcd,48,979.7,,explicit
spatial,scene_0000,control,auto,sketchvla_prompt_conditioned_latent_action,native,10,False,,240,False,False,,True,True,True,akita_black_bowl_1,True,,False,0.3089,akita_black_bowl_1,plate_1,True,,,,,d1b42b0dcd62c359,c6b6e7a52ee5b77b,e2a960d7999241d9,48,1008.4,,explicit
spatial,scene_0000,control,auto,sketchvla_prompt_conditioned_latent_action,native,11,False,,240,False,False,,True,True,True,akita_black_bowl_1,True,,False,0.3101,akita_black_bowl_1,plate_1,True,,,,,d1b42b0dcd62c359,a8d6c77cf3d44a0a,afd785e6a839064b,48,988.1,,explicit
spatial,scene_0000,control,auto,sketchvla_prompt_conditioned_latent_action,native,12,False,,240,False,False,,True,False,False,,False,,False,0.2295,akita_black_bowl_1,plate_1,,,,,,d1b42b0dcd62c359,53bb88cfc2ee37aa,dfac8613420d42cb,48,1006.6,,explicit
spatial,scene_0000,control,auto,sketchvla_prompt_conditioned_latent_action,native,13,False,,240,False,False,,True,False,False,,False,,False,0.2459,akita_black_bowl_1,plate_1,,,,,,d1b42b0dcd62c359,6f7ef907d211c086,7972fa86928e7e7b,48,999.2,,explicit
spatial,scene_0001,control,auto,sketchvla_prompt_conditioned_latent_action,native,0,False,,240,False,False,,True,False,False,,False,,False,0.1368,akita_black_bowl_1,plate_1,,,,,,52a969ecb73b891c,fac78ca28fdacafa,8095e5276823acee,48,9930.2,,explicit
spatial,scene_0001,control,auto,sketchvla_prompt_conditioned_latent_action,native,1,False,,240,False,False,,True,False,False,,False,,False,0.1429,akita_black_bowl_1,plate_1,,,,,,52a969ecb73b891c,e0c9de78103ec866,4deae4d581243932,48,986.5,,explicit
spatial,scene_0001,control,auto,sketchvla_prompt_conditioned_latent_action,native,2,False,,240,False,False,,True,False,False,,False,,False,0.1596,akita_black_bowl_1,plate_1,,,,,,52a969ecb73b891c,55f201cc1e95296b,76e6385799d18d3c,48,965.3,,explicit
spatial,scene_0001,control,auto,sketchvla_prompt_conditioned_latent_action,native,3,False,,240,False,False,,True,False,False,,False,,False,0.147,akita_black_bowl_1,plate_1,,,,,,52a969ecb73b891c,8b0b4ca4551fd0a4,c956397006e539b1,48,1005.7,,explicit
spatial,scene_0001,control,auto,sketchvla_prompt_conditioned_latent_action,native,4,False,,240,False,False,,True,False,False,,False,,False,0.167,akita_black_bowl_1,plate_1,,,,,,52a969ecb73b891c,caea85a8db4d6bc3,2c87c81ba12ef637,48,1015.7,,explicit
spatial,scene_0001,control,auto,sketchvla_prompt_conditioned_latent_action,native,5,False,,240,False,False,,True,False,False,,False,,False,0.1202,akita_black_bowl_1,plate_1,,,,,,52a969ecb73b891c,f87a708f5cbddd73,6400a061bd8dafc7,48,1001.6,,explicit
spatial,scene_0001,control,auto,sketchvla_prompt_conditioned_latent_action,native,6,False,,240,False,False,,True,False,False,,False,,False,0.1645,akita_black_bowl_1,plate_1,,,,,,52a969ecb73b891c,00247b1cb60adc10,e91215173ee7079a,48,973.8,,explicit
spatial,scene_0001,control,auto,sketchvla_prompt_conditioned_latent_action,native,7,False,,240,False,False,,True,False,False,,False,,False,0.145,akita_black_bowl_1,plate_1,,,,,,52a969ecb73b891c,350d550f50cd5ae5,c0999a069203e6b9,48,1022.9,,explicit
spatial,scene_0001,control,auto,sketchvla_prompt_conditioned_latent_action,native,8,False,,240,False,False,,True,False,False,,False,,False,0.1591,akita_black_bowl_1,plate_1,,,,,,52a969ecb73b891c,2ad25ef56a38787a,2762fe19c0b434b5,48,1005.8,,explicit
spatial,scene_0001,control,auto,sketchvla_prompt_conditioned_latent_action,native,9,False,,240,False,False,,True,False,False,,False,,False,0.1473,akita_black_bowl_1,plate_1,,,,,,52a969ecb73b891c,94e96ace858cb2c1,57f15a2b60d4a9ad,48,985.7,,explicit
spatial,scene_0001,control,auto,sketchvla_prompt_conditioned_latent_action,native,10,False,,240,False,False,,True,False,False,,False,,False,0.1473,akita_black_bowl_1,plate_1,,,,,,52a969ecb73b891c,768b35b0db7f78ee,197747e2d674cb65,48,1012.3,,explicit
spatial,scene_0001,control,auto,sketchvla_prompt_conditioned_latent_action,native,11,False,,240,False,False,,True,False,False,,False,,False,0.158,akita_black_bowl_1,plate_1,,,,,,52a969ecb73b891c,b56e00dae120e9b3,2f6fdf53d454c402,48,995.1,,explicit
spatial,scene_0001,control,auto,sketchvla_prompt_conditioned_latent_action,native,12,False,,240,False,False,,True,False,False,,False,,False,0.1473,akita_black_bowl_1,plate_1,,,,,,52a969ecb73b891c,855feef4a0a572e4,84dda9fa5e0616d8,48,1015.0,,explicit
spatial,scene_0001,control,auto,sketchvla_prompt_conditioned_latent_action,native,13,False,,240,False,False,,True,False,False,,False,,False,0.1584,akita_black_bowl_1,plate_1,,,,,,52a969ecb73b891c,97ce9011f2eea2f2,ad859e546ebd6cd5,48,1013.4,,explicit
spatial,scene_0002,control,auto,sketchvla_prompt_conditioned_latent_action,native,0,False,,240,False,False,,True,True,True,akita_black_bowl_1,True,,False,0.1791,akita_black_bowl_1,plate_1,True,,,,,d623ad20cb2fe88c,bcaec38e34c4bf39,17202cd6231926e5,48,9574.6,,explicit
spatial,scene_0002,control,auto,sketchvla_prompt_conditioned_latent_action,native,1,False,,240,False,False,,True,True,True,akita_black_bowl_1,True,,False,0.1748,akita_black_bowl_1,plate_1,True,,,,,d623ad20cb2fe88c,e4f405a73ac96367,b6358ca4f1477dcc,48,601.9,,explicit
spatial,scene_0002,control,auto,sketchvla_prompt_conditioned_latent_action,native,2,False,,240,False,False,,True,True,True,akita_black_bowl_1,True,,False,0.1843,akita_black_bowl_1,plate_1,True,,,,,d623ad20cb2fe88c,2d07961e9d9044ed,94d7ef35d830a083,48,591.5,,explicit
spatial,scene_0002,control,auto,sketchvla_prompt_conditioned_latent_action,native,3,False,,240,False,False,,True,True,True,akita_black_bowl_1,True,,False,0.176,akita_black_bowl_1,plate_1,True,,,,,d623ad20cb2fe88c,57bee098a47585bc,fdb50aeab42b9cee,48,607.9,,explicit
spatial,scene_0002,control,auto,sketchvla_prompt_conditioned_latent_action,native,4,False,,240,False,False,,True,True,True,akita_black_bowl_1,True,,False,0.1531,akita_black_bowl_1,plate_1,True,,,,,d623ad20cb2fe88c,ce223725dd30f5f3,80b75d840bbc0a55,48,588.0,,explicit
spatial,scene_0002,control,auto,sketchvla_prompt_conditioned_latent_action,native,5,False,,240,False,False,,True,True,True,akita_black_bowl_1,True,,False,0.1549,akita_black_bowl_1,plate_1,True,,,,,d623ad20cb2fe88c,25efa0d66e705a63,0d0f9555a55bb307,48,593.1,,explicit
spatial,scene_0002,control,auto,sketchvla_prompt_conditioned_latent_action,native,6,False,,240,False,False,,True,True,True,akita_black_bowl_1,True,,False,0.1649,akita_black_bowl_1,plate_1,True,,,,,d623ad20cb2fe88c,f8f235667702e96b,ffc9847bb2645805,48,569.3,,explicit
spatial,scene_0002,control,auto,sketchvla_prompt_conditioned_latent_action,native,7,False,,240,False,False,,True,True,True,akita_black_bowl_1,True,,False,0.1801,akita_black_bowl_1,plate_1,True,,,,,d623ad20cb2fe88c,d48854907d55791c,b530befe9d213761,48,568.1,,explicit
spatial,scene_0002,control,auto,sketchvla_prompt_conditioned_latent_action,native,8,False,,240,False,False,,True,True,True,akita_black_bowl_1,True,,False,0.1774,akita_black_bowl_1,plate_1,True,,,,,d623ad20cb2fe88c,836cc2cee27cec86,246ec9f540bb1b6a,48,593.7,,explicit
spatial,scene_0002,control,auto,sketchvla_prompt_conditioned_latent_action,native,9,False,,240,False,False,,True,True,True,akita_black_bowl_1,True,,False,0.1604,akita_black_bowl_1,plate_1,True,,,,,d623ad20cb2fe88c,f4c5bd9f9634802c,1d03ec466e2412af,48,624.5,,explicit
spatial,scene_0002,control,auto,sketchvla_prompt_conditioned_latent_action,native,10,False,,240,False,False,,True,True,True,akita_black_bowl_1,True,,False,0.1485,akita_black_bowl_1,plate_1,True,,,,,d623ad20cb2fe88c,edc3ec259dd9f8a8,8a53126f12c10a7e,48,660.5,,explicit
spatial,scene_0002,control,auto,sketchvla_prompt_conditioned_latent_action,native,11,False,,240,False,False,,True,True,True,akita_black_bowl_1,True,,False,0.1668,akita_black_bowl_1,plate_1,True,,,,,d623ad20cb2fe88c,8972d5856a914a3b,5602222c2000144a,48,640.4,,explicit
spatial,scene_0002,control,auto,sketchvla_prompt_conditioned_latent_action,native,12,False,,240,False,False,,True,True,True,akita_black_bowl_1,True,,False,0.1637,akita_black_bowl_1,plate_1,True,,,,,d623ad20cb2fe88c,4b55bead33ac0a8b,f6816431d7969a7a,48,621.7,,explicit
spatial,scene_0002,control,auto,sketchvla_prompt_conditioned_latent_action,native,13,False,,240,False,False,,True,True,True,akita_black_bowl_1,True,,False,0.1782,akita_black_bowl_1,plate_1,True,,,,,d623ad20cb2fe88c,ece6e28017269b3b,488dd810fd25455e,48,622.8,,explicit
spatial,scene_0003,control,auto,sketchvla_prompt_conditioned_latent_action,native,0,False,,240,False,False,,True,True,True,akita_black_bowl_1,True,,False,0.1271,akita_black_bowl_1,plate_1,True,,,,,48f86918170bf94c,d49357f1eb98e9a0,1ac40f3d42fae4c5,48,9541.6,,explicit
spatial,scene_0003,control,auto,sketchvla_prompt_conditioned_latent_action,native,1,False,,240,False,False,,True,True,True,akita_black_bowl_1,True,,False,0.1237,akita_black_bowl_1,plate_1,True,,,,,48f86918170bf94c,425d2d2d221caf50,ca981d0fc4c1d869,48,599.5,,explicit
spatial,scene_0003,control,auto,sketchvla_prompt_conditioned_latent_action,native,2,False,,240,False,False,,True,True,True,akita_black_bowl_1,True,,False,0.1263,akita_black_bowl_1,plate_1,True,,,,,48f86918170bf94c,aa7e6093fcc9cb2e,454f421d01f2a97f,48,576.8,,explicit
spatial,scene_0003,control,auto,sketchvla_prompt_conditioned_latent_action,native,3,False,,240,False,False,,True,True,True,akita_black_bowl_1,True,,False,0.1256,akita_black_bowl_1,plate_1,True,,,,,48f86918170bf94c,b85ea28b9a407004,b054a7d74f02b7c3,48,601.8,,explicit
spatial,scene_0003,control,auto,sketchvla_prompt_conditioned_latent_action,native,4,False,,240,False,False,,True,True,True,akita_black_bowl_1,True,,False,0.1285,akita_black_bowl_1,plate_1,True,,,,,48f86918170bf94c,326164dc6bb2bcae,49dfd4e7dfd229f6,48,612.2,,explicit
spatial,scene_0003,control,auto,sketchvla_prompt_conditioned_latent_action,native,5,False,,240,False,False,,True,True,True,akita_black_bowl_1,True,,False,0.1339,akita_black_bowl_1,plate_1,True,,,,,48f86918170bf94c,e3ac9e3b3cf852dd,647c936306f39ac9,48,597.3,,explicit
spatial,scene_0003,control,auto,sketchvla_prompt_conditioned_latent_action,native,6,False,,240,False,False,,True,False,False,,False,,False,0.1371,akita_black_bowl_1,plate_1,,,,,,48f86918170bf94c,73df2226c22c70ff,1febf8ecfc652e8f,48,617.2,,explicit
spatial,scene_0003,control,auto,sketchvla_prompt_conditioned_latent_action,native,7,False,,240,False,False,,True,True,True,akita_black_bowl_1,True,,False,0.1428,akita_black_bowl_1,plate_1,True,,,,,48f86918170bf94c,a1087e2ed630d3f9,6381b29d305418da,48,604.1,,explicit
spatial,scene_0003,control,auto,sketchvla_prompt_conditioned_latent_action,native,8,False,,240,False,False,,True,False,False,,False,,False,0.136,akita_black_bowl_1,plate_1,,,,,,48f86918170bf94c,9bc2ca24d742b5d4,04e0392ef86aee9f,48,639.3,,explicit
spatial,scene_0003,control,auto,sketchvla_prompt_conditioned_latent_action,native,9,False,,240,False,False,,True,True,True,akita_black_bowl_1,True,,False,0.1417,akita_black_bowl_1,plate_1,True,,,,,48f86918170bf94c,5cff2f78a6b8b849,bbb0ae9fa68ef4b0,48,672.2,,explicit
spatial,scene_0003,control,auto,sketchvla_prompt_conditioned_latent_action,native,10,False,,240,False,False,,True,False,False,,False,,False,0.1257,akita_black_bowl_1,plate_1,,,,,,48f86918170bf94c,9505ec6738b03eb8,906b9107f412546c,48,627.8,,explicit
spatial,scene_0003,control,auto,sketchvla_prompt_conditioned_latent_action,native,11,False,,240,False,False,,True,True,True,akita_black_bowl_1,True,,False,0.129,akita_black_bowl_1,plate_1,True,,,,,48f86918170bf94c,7966d8075d52c1fa,1d66acba121755bb,48,599.8,,explicit
spatial,scene_0003,control,auto,sketchvla_prompt_conditioned_latent_action,native,12,False,,240,False,False,,True,True,True,akita_black_bowl_1,True,,False,0.1219,akita_black_bowl_1,plate_1,True,,,,,48f86918170bf94c,abb710ec05250614,b185de37e05fa4ef,48,590.5,,explicit
spatial,scene_0003,control,auto,sketchvla_prompt_conditioned_latent_action,native,13,False,,240,False,False,,True,False,False,,False,,False,0.1425,akita_black_bowl_1,plate_1,,,,,,48f86918170bf94c,adb2dc688faf76a5,f44d823ce89222f0,48,600.4,,explicit
spatial,scene_0004,control,auto,sketchvla_prompt_conditioned_latent_action,native,0,False,,240,True,True,89,True,True,True,akita_black_bowl_1,True,plate_1,True,0.0111,akita_black_bowl_1,plate_1,True,True,,,,1720ae1e3a2db4e0,fe9149d67c1e3706,06098dc02b551fa8,48,9937.4,,explicit
spatial,scene_0004,control,auto,sketchvla_prompt_conditioned_latent_action,native,1,False,,240,True,True,88,True,True,True,akita_black_bowl_1,True,plate_1,True,0.024,akita_black_bowl_1,plate_1,True,True,,,,1720ae1e3a2db4e0,7b992f46f10dd1d2,7d4db6160ba6f7f7,48,1154.0,,explicit
spatial,scene_0004,control,auto,sketchvla_prompt_conditioned_latent_action,native,2,False,,240,True,True,97,True,True,True,akita_black_bowl_1,True,plate_1,True,0.0218,akita_black_bowl_1,plate_1,True,True,,,,1720ae1e3a2db4e0,2f2f0696a178a4aa,00271e0601c82195,48,1066.7,,explicit
spatial,scene_0004,control,auto,sketchvla_prompt_conditioned_latent_action,native,3,False,,240,False,False,,True,True,True,akita_black_bowl_1,True,plate_1,True,0.0479,akita_black_bowl_1,plate_1,True,True,,,,1720ae1e3a2db4e0,c6831b25294d3323,b56c3b321fb92fb0,48,1098.5,,explicit
spatial,scene_0004,control,auto,sketchvla_prompt_conditioned_latent_action,native,4,False,,240,True,True,93,True,True,True,akita_black_bowl_1,True,plate_1,True,0.0157,akita_black_bowl_1,plate_1,True,True,,,,1720ae1e3a2db4e0,0d01cc18a861f7ed,d862c69694180e23,48,1080.9,,explicit
spatial,scene_0004,control,auto,sketchvla_prompt_conditioned_latent_action,native,5,False,,240,True,True,90,True,True,True,akita_black_bowl_1,True,plate_1,True,0.0122,akita_black_bowl_1,plate_1,True,True,,,,1720ae1e3a2db4e0,45e8771b987161a2,d238f7d82c1771a2,48,1069.4,,explicit
spatial,scene_0004,control,auto,sketchvla_prompt_conditioned_latent_action,native,6,False,,240,True,True,91,True,True,True,akita_black_bowl_1,True,plate_1,True,0.0248,akita_black_bowl_1,plate_1,True,True,,,,1720ae1e3a2db4e0,29fc4272c6ad11d3,5e31430237e83014,48,1142.6,,explicit
spatial,scene_0004,control,auto,sketchvla_prompt_conditioned_latent_action,native,7,False,,240,True,True,90,True,True,True,akita_black_bowl_1,True,plate_1,True,0.011,akita_black_bowl_1,plate_1,True,True,,,,1720ae1e3a2db4e0,031f4cd6bbb209f9,2dabcc4d97754f4e,48,1139.1,,explicit
spatial,scene_0004,control,auto,sketchvla_prompt_conditioned_latent_action,native,8,False,,240,True,True,94,True,True,True,akita_black_bowl_1,True,plate_1,True,0.0178,akita_black_bowl_1,plate_1,True,True,,,,1720ae1e3a2db4e0,794aeaa27aa2917a,cc2c4169ee66c027,48,1091.1,,explicit
spatial,scene_0004,control,auto,sketchvla_prompt_conditioned_latent_action,native,9,False,,240,True,True,91,True,True,True,akita_black_bowl_1,True,plate_1,True,0.0206,akita_black_bowl_1,plate_1,True,True,,,,1720ae1e3a2db4e0,bd523b50bb2ea0a2,a4fad772514f731c,48,1117.9,,explicit
spatial,scene_0004,control,auto,sketchvla_prompt_conditioned_latent_action,native,10,False,,240,True,True,97,True,True,True,akita_black_bowl_1,True,plate_1,True,0.0214,akita_black_bowl_1,plate_1,True,True,,,,1720ae1e3a2db4e0,e94e2e8297885995,163f0ea2aea8a6e3,48,1083.2,,explicit
spatial,scene_0004,control,auto,sketchvla_prompt_conditioned_latent_action,native,11,False,,240,True,True,93,True,True,True,akita_black_bowl_1,True,plate_1,True,0.0073,akita_black_bowl_1,plate_1,True,True,,,,1720ae1e3a2db4e0,24e0a2230a990862,75d32e0d958ab593,48,1079.8,,explicit
spatial,scene_0004,control,auto,sketchvla_prompt_conditioned_latent_action,native,12,False,,240,True,True,95,True,True,True,akita_black_bowl_1,True,plate_1,True,0.0151,akita_black_bowl_1,plate_1,True,True,,,,1720ae1e3a2db4e0,c51cf8f63e4e645b,a29946eb3ed7bb4f,48,1162.9,,explicit
spatial,scene_0004,control,auto,sketchvla_prompt_conditioned_latent_action,native,13,False,,240,True,True,91,True,True,True,akita_black_bowl_1,True,plate_1,True,0.0264,akita_black_bowl_1,plate_1,True,True,,,,1720ae1e3a2db4e0,3b7c81c79b38508d,75ec0cff7c0bbdfa,48,1070.5,,explicit
spatial,scene_0005,referential,auto,sketchvla_prompt_conditioned_latent_action,native,0,False,,240,False,False,,True,False,False,,False,,False,0.2042,akita_black_bowl_2,plate_1,,,,,,f0dc1eb55adde9e8,f6f3499b5b0addd6,b7f51087fecdb8ea,48,9846.1,,explicit
spatial,scene_0005,referential,auto,sketchvla_prompt_conditioned_latent_action,native,1,False,,240,False,False,,True,False,False,,False,,False,0.1989,akita_black_bowl_2,plate_1,,,,,,f0dc1eb55adde9e8,904fb7a533267eb1,b91a33cc410fc1b2,48,1155.4,,explicit
spatial,scene_0005,referential,auto,sketchvla_prompt_conditioned_latent_action,native,2,False,,240,False,False,,True,False,False,,False,,False,0.2035,akita_black_bowl_2,plate_1,,,,,,f0dc1eb55adde9e8,7d0eb6d08b10830d,ad51f267b5046b61,48,1074.0,,explicit
spatial,scene_0005,referential,auto,sketchvla_prompt_conditioned_latent_action,native,3,False,,240,False,False,,True,True,True,plate_1,False,plate_1,True,0.0,akita_black_bowl_2,plate_1,False,True,,,,f0dc1eb55adde9e8,739b6a68bea628a2,5e4aeaa87ed1ecd6,48,1097.8,,explicit
spatial,scene_0005,referential,auto,sketchvla_prompt_conditioned_latent_action,native,4,False,,240,False,False,,True,True,True,plate_1,False,plate_1,True,0.0,akita_black_bowl_2,plate_1,False,True,,,,f0dc1eb55adde9e8,18d67d8986526094,4eb19346015bf649,48,1081.7,,explicit
spatial,scene_0005,referential,auto,sketchvla_prompt_conditioned_latent_action,native,5,False,,240,False,False,,True,False,False,,False,,False,0.1996,akita_black_bowl_2,plate_1,,,,,,f0dc1eb55adde9e8,43a0e17517981602,7a6936eca4df6d32,48,1070.3,,explicit
spatial,scene_0005,referential,auto,sketchvla_prompt_conditioned_latent_action,native,6,False,,240,False,False,,True,False,False,,False,,False,0.1989,akita_black_bowl_2,plate_1,,,,,,f0dc1eb55adde9e8,8272e3f65bb618fa,eb73364ba2227ea1,48,1143.5,,explicit
spatial,scene_0005,referential,auto,sketchvla_prompt_conditioned_latent_action,native,7,False,,240,False,False,,True,False,False,,False,,False,0.2045,akita_black_bowl_2,plate_1,,,,,,f0dc1eb55adde9e8,d339c1cee6bf81f7,8239b04b93191c28,48,1135.1,,explicit
spatial,scene_0005,referential,auto,sketchvla_prompt_conditioned_latent_action,native,8,False,,240,False,False,,True,True,True,plate_1,False,plate_1,True,0.0,akita_black_bowl_2,plate_1,False,True,,,,f0dc1eb55adde9e8,5af1540198ff1d6a,2e45048711ecd178,48,1105.7,,explicit
spatial,scene_0005,referential,auto,sketchvla_prompt_conditioned_latent_action,native,9,False,,240,False,False,,True,False,False,,False,,False,0.2048,akita_black_bowl_2,plate_1,,,,,,f0dc1eb55adde9e8,62e40a6d20b08358,28cf1043c8111666,48,1122.7,,explicit
spatial,scene_0005,referential,auto,sketchvla_prompt_conditioned_latent_action,native,10,False,,240,False,False,,True,False,False,,False,,False,0.1994,akita_black_bowl_2,plate_1,,,,,,f0dc1eb55adde9e8,c09f15a7ab6286f0,65f98c9b243e1f0f,48,1089.9,,explicit
spatial,scene_0005,referential,auto,sketchvla_prompt_conditioned_latent_action,native,11,False,,240,False,False,,True,False,False,,False,,False,0.2099,akita_black_bowl_2,plate_1,,,,,,f0dc1eb55adde9e8,eb1dcf3aff0aceaf,dcb2e950b2412d4f,48,1085.8,,explicit
spatial,scene_0005,referential,auto,sketchvla_prompt_conditioned_latent_action,native,12,False,,240,False,False,,True,False,False,,False,,False,0.2012,akita_black_bowl_2,plate_1,,,,,,f0dc1eb55adde9e8,bfd01997bc6a6664,a6b6f37907b82821,48,1158.3,,explicit
spatial,scene_0005,referential,auto,sketchvla_prompt_conditioned_latent_action,native,13,False,,240,False,False,,True,False,False,,False,,False,0.1989,akita_black_bowl_2,plate_1,,,,,,f0dc1eb55adde9e8,40814ee9b252462b,d8894ed6b8f7b6c5,48,1074.3,,explicit
spatial,scene_0006,referential,auto,sketchvla_prompt_conditioned_latent_action,native,0,False,,240,False,False,,True,True,True,akita_black_bowl_1,True,,False,0.3259,akita_black_bowl_1,plate_1,True,,,,,b1712668a66d84e4,03c3a4ce3bfbd3e3,b2517c8ac9006e3a,48,9284.8,,explicit
spatial,scene_0006,referential,auto,sketchvla_prompt_conditioned_latent_action,native,1,False,,240,False,False,,True,True,True,akita_black_bowl_1,True,,False,0.3266,akita_black_bowl_1,plate_1,True,,,,,b1712668a66d84e4,803769c8671f0338,14257ca2ca905c2e,48,586.8,,explicit
spatial,scene_0006,referential,auto,sketchvla_prompt_conditioned_latent_action,native,2,False,,240,False,False,,True,True,True,akita_black_bowl_1,True,,False,0.3096,akita_black_bowl_1,plate_1,True,,,,,b1712668a66d84e4,ddb3a502e37a2034,97937ff2f817d9ec,48,575.7,,explicit
spatial,scene_0006,referential,auto,sketchvla_prompt_conditioned_latent_action,native,3,False,,240,False,False,,True,True,True,akita_black_bowl_1,True,,False,0.2793,akita_black_bowl_1,plate_1,True,,,,,b1712668a66d84e4,8b829969ca89a5dd,fcc28060dce3afbf,48,586.3,,explicit
spatial,scene_0006,referential,auto,sketchvla_prompt_conditioned_latent_action,native,4,False,,240,False,False,,True,True,True,akita_black_bowl_1,True,,False,0.3164,akita_black_bowl_1,plate_1,True,,,,,b1712668a66d84e4,ed45be92a55fc1e2,a7d5c3a5bcc92871,48,565.9,,explicit
spatial,scene_0006,referential,auto,sketchvla_prompt_conditioned_latent_action,native,5,False,,240,False,False,,True,True,True,akita_black_bowl_1,True,,False,0.3005,akita_black_bowl_1,plate_1,True,,,,,b1712668a66d84e4,1628801185336e60,ba54a870eb24714f,48,539.6,,explicit
spatial,scene_0006,referential,auto,sketchvla_prompt_conditioned_latent_action,native,6,False,,240,False,False,,True,True,True,akita_black_bowl_1,True,,False,0.3192,akita_black_bowl_1,plate_1,True,,,,,b1712668a66d84e4,7898ce39ad284e66,8a9cd9ee92d1968a,48,601.0,,explicit
spatial,scene_0006,referential,auto,sketchvla_prompt_conditioned_latent_action,native,7,False,,240,False,False,,True,False,False,,False,,False,0.34,akita_black_bowl_1,plate_1,,,,,,b1712668a66d84e4,66cb79d58562b93d,a37610e1efbe188a,48,575.2,,explicit
spatial,scene_0006,referential,auto,sketchvla_prompt_conditioned_latent_action,native,8,False,,240,False,False,,True,True,True,akita_black_bowl_1,True,,False,0.3174,akita_black_bowl_1,plate_1,True,,,,,b1712668a66d84e4,ca859a2403ec90b6,de99f564cac5e956,48,571.9,,explicit
spatial,scene_0006,referential,auto,sketchvla_prompt_conditioned_latent_action,native,9,False,,240,False,False,,True,True,True,akita_black_bowl_1,True,,False,0.3458,akita_black_bowl_1,plate_1,True,,,,,b1712668a66d84e4,f925d1ba83ec49a6,ac45e4241ce857e7,48,568.6,,explicit
spatial,scene_0006,referential,auto,sketchvla_prompt_conditioned_latent_action,native,10,False,,240,False,False,,True,True,True,akita_black_bowl_1,True,,False,0.3308,akita_black_bowl_1,plate_1,True,,,,,b1712668a66d84e4,94e4890f91597ad1,714a189569f99f57,48,602.5,,explicit
spatial,scene_0006,referential,auto,sketchvla_prompt_conditioned_latent_action,native,11,False,,240,False,False,,True,True,True,akita_black_bowl_1,True,,False,0.3156,akita_black_bowl_1,plate_1,True,,,,,b1712668a66d84e4,8a195e7221dabd90,b3235980b5bc47eb,48,592.1,,explicit
spatial,scene_0006,referential,auto,sketchvla_prompt_conditioned_latent_action,native,12,False,,240,False,False,,True,True,True,akita_black_bowl_1,True,,False,0.2985,akita_black_bowl_1,plate_1,True,,,,,b1712668a66d84e4,31a4f35510252975,f924a1f67c81d127,48,592.2,,explicit
spatial,scene_0006,referential,auto,sketchvla_prompt_conditioned_latent_action,native,13,False,,240,False,False,,True,True,True,akita_black_bowl_1,True,,False,0.313,akita_black_bowl_1,plate_1,True,,,,,b1712668a66d84e4,5b770f8796b87e8d,54c96dd83bb4fe58,48,527.1,,explicit
spatial,scene_0007,referential,auto,sketchvla_prompt_conditioned_latent_action,native,0,False,,240,False,False,,True,True,True,glazed_rim_porcelain_ramekin_1,False,,False,0.2507,akita_black_bowl_1,plate_1,False,,,,,fb0befc59668784e,466b34ff793da988,7b200b9f87370b6e,48,9261.4,,explicit
spatial,scene_0007,referential,auto,sketchvla_prompt_conditioned_latent_action,native,1,False,,240,False,False,,True,False,False,,False,,False,0.3642,akita_black_bowl_1,plate_1,,,,,,fb0befc59668784e,6652c1f2d4d46dca,3465a11af6c7f613,48,600.7,,explicit
spatial,scene_0007,referential,auto,sketchvla_prompt_conditioned_latent_action,native,2,False,,240,False,False,,True,True,True,glazed_rim_porcelain_ramekin_1,False,,False,0.2698,akita_black_bowl_1,plate_1,False,,,,,fb0befc59668784e,fb8274ba4dcb6102,da3ead9f65d4784c,48,596.1,,explicit
spatial,scene_0007,referential,auto,sketchvla_prompt_conditioned_latent_action,native,3,False,,240,False,False,,True,True,True,glazed_rim_porcelain_ramekin_1,False,,False,0.2976,akita_black_bowl_1,plate_1,False,,,,,fb0befc59668784e,301f6e3040d584e7,b96ab38e5db457bd,48,590.4,,explicit
spatial,scene_0007,referential,auto,sketchvla_prompt_conditioned_latent_action,native,4,False,,240,False,False,,True,False,False,,False,,False,0.3602,akita_black_bowl_1,plate_1,,,,,,fb0befc59668784e,9c8dc836f7abe2ea,8047a04a557c4d14,48,551.1,,explicit
spatial,scene_0007,referential,auto,sketchvla_prompt_conditioned_latent_action,native,5,False,,240,False,False,,True,True,True,akita_black_bowl_2,False,,False,0.2999,akita_black_bowl_1,plate_1,False,,,,,fb0befc59668784e,dd4d01d78ecd994d,0f81903587596ce5,48,560.9,,explicit
spatial,scene_0007,referential,auto,sketchvla_prompt_conditioned_latent_action,native,6,False,,240,False,False,,True,True,True,glazed_rim_porcelain_ramekin_1,False,,False,0.2872,akita_black_bowl_1,plate_1,False,,,,,fb0befc59668784e,138851b9913113fe,53f267a15a69a498,48,605.2,,explicit
spatial,scene_0007,referential,auto,sketchvla_prompt_conditioned_latent_action,native,7,False,,240,False,False,,True,True,True,glazed_rim_porcelain_ramekin_1,False,,False,0.2535,akita_black_bowl_1,plate_1,False,,,,,fb0befc59668784e,050f2cae0a449048,d928927d60b4898f,48,562.1,,explicit
spatial,scene_0007,referential,auto,sketchvla_prompt_conditioned_latent_action,native,8,False,,240,False,False,,True,False,False,,False,,False,0.3605,akita_black_bowl_1,plate_1,,,,,,fb0befc59668784e,bbba3630e33835e9,375f0c409755489d,48,581.2,,explicit
spatial,scene_0007,referential,auto,sketchvla_prompt_conditioned_latent_action,native,9,False,,240,False,False,,True,False,False,,False,,False,0.3602,akita_black_bowl_1,plate_1,,,,,,fb0befc59668784e,e6b8a006971b96e5,63f69e3be527ab92,48,560.5,,explicit
spatial,scene_0007,referential,auto,sketchvla_prompt_conditioned_latent_action,native,10,False,,240,False,False,,True,False,False,,False,,False,0.3602,akita_black_bowl_1,plate_1,,,,,,fb0befc59668784e,7f3a6e623843a82f,b0598c8a87ced0d4,48,601.5,,explicit
spatial,scene_0007,referential,auto,sketchvla_prompt_conditioned_latent_action,native,11,False,,240,False,False,,True,True,True,glazed_rim_porcelain_ramekin_1,False,,False,0.3014,akita_black_bowl_1,plate_1,False,,,,,fb0befc59668784e,4cd6ec1839649751,c8d8fc1796297165,48,623.9,,explicit
spatial,scene_0007,referential,auto,sketchvla_prompt_conditioned_latent_action,native,12,False,,240,False,False,,True,False,False,,False,,False,0.3602,akita_black_bowl_1,plate_1,,,,,,fb0befc59668784e,e5d623845cfee33a,bd86c5fecc717eb3,48,598.9,,explicit
spatial,scene_0007,referential,auto,sketchvla_prompt_conditioned_latent_action,native,13,False,,240,False,False,,True,False,False,,False,,False,0.3602,akita_black_bowl_1,plate_1,,,,,,fb0befc59668784e,c3aca1aa2d55a641,d1143489f7031c0e,48,542.1,,explicit
spatial,scene_0008,referential,auto,sketchvla_prompt_conditioned_latent_action,native,0,False,,240,False,False,,True,True,True,akita_black_bowl_1,False,,False,0.3019,akita_black_bowl_2,plate_1,False,,,,,b5bc6f7854e8d826,a0cfb253155c9e01,aa12d105aa56a07e,48,9526.5,,explicit
spatial,scene_0008,referential,auto,sketchvla_prompt_conditioned_latent_action,native,1,False,,240,False,False,,True,True,True,akita_black_bowl_1,False,,False,0.3018,akita_black_bowl_2,plate_1,False,,,,,b5bc6f7854e8d826,8f98f47852b464d1,f057c08448c069ed,48,947.1,,explicit
spatial,scene_0008,referential,auto,sketchvla_prompt_conditioned_latent_action,native,2,False,,240,False,False,,True,True,True,akita_black_bowl_1,False,,False,0.2583,akita_black_bowl_2,plate_1,False,,,,,b5bc6f7854e8d826,8de8d3dd0ad6e79c,ce940f7679486d0d,48,952.5,,explicit
spatial,scene_0008,referential,auto,sketchvla_prompt_conditioned_latent_action,native,3,False,,240,False,False,,True,True,True,akita_black_bowl_1,False,,False,0.3257,akita_black_bowl_2,plate_1,False,,,,,b5bc6f7854e8d826,12524850952c34cb,641ff4d8718a8881,48,923.1,,explicit
spatial,scene_0008,referential,auto,sketchvla_prompt_conditioned_latent_action,native,4,False,,240,False,False,,True,True,True,akita_black_bowl_1,False,,False,0.3242,akita_black_bowl_2,plate_1,False,,,,,b5bc6f7854e8d826,99dead6fe1caa305,04f3d01b7420ca7f,48,928.5,,explicit
spatial,scene_0008,referential,auto,sketchvla_prompt_conditioned_latent_action,native,5,False,,240,False,False,,True,True,True,akita_black_bowl_1,False,,False,0.2828,akita_black_bowl_2,plate_1,False,,,,,b5bc6f7854e8d826,17a0de21e96a6780,21a9c0495a9da1d8,48,976.1,,explicit
spatial,scene_0008,referential,auto,sketchvla_prompt_conditioned_latent_action,native,6,False,,240,False,False,,True,True,True,akita_black_bowl_1,False,,False,0.274,akita_black_bowl_2,plate_1,False,,,,,b5bc6f7854e8d826,ee8fe6b946b271d4,203d3abbb465f7db,48,949.7,,explicit
spatial,scene_0008,referential,auto,sketchvla_prompt_conditioned_latent_action,native,7,False,,240,False,False,,True,True,True,akita_black_bowl_1,False,,False,0.3252,akita_black_bowl_2,plate_1,False,,,,,b5bc6f7854e8d826,2a9f9e23c4f8f0ca,3e2d6bd92446b81f,48,893.0,,explicit
spatial,scene_0008,referential,auto,sketchvla_prompt_conditioned_latent_action,native,8,False,,240,False,False,,True,True,True,akita_black_bowl_1,False,,False,0.3152,akita_black_bowl_2,plate_1,False,,,,,b5bc6f7854e8d826,8a9aa29599b930b4,4da0213cf56b3bdb,48,935.4,,explicit
spatial,scene_0008,referential,auto,sketchvla_prompt_conditioned_latent_action,native,9,False,,240,False,False,,True,True,True,akita_black_bowl_1,False,,False,0.2667,akita_black_bowl_2,plate_1,False,,,,,b5bc6f7854e8d826,2c97b2255a54a800,40144a509d2bad1d,48,944.3,,explicit
spatial,scene_0008,referential,auto,sketchvla_prompt_conditioned_latent_action,native,10,False,,240,False,False,,True,True,True,akita_black_bowl_1,False,,False,0.2978,akita_black_bowl_2,plate_1,False,,,,,b5bc6f7854e8d826,c228c581c4cff60e,da1dcad4608df645,48,913.4,,explicit
spatial,scene_0008,referential,auto,sketchvla_prompt_conditioned_latent_action,native,11,False,,240,False,False,,True,True,True,akita_black_bowl_1,False,,False,0.3287,akita_black_bowl_2,plate_1,False,,,,,b5bc6f7854e8d826,4375a1328edea9e9,64678f38a6b02230,48,912.2,,explicit
spatial,scene_0008,referential,auto,sketchvla_prompt_conditioned_latent_action,native,12,False,,240,False,False,,True,True,True,akita_black_bowl_1,False,,False,0.2639,akita_black_bowl_2,plate_1,False,,,,,b5bc6f7854e8d826,9cb051ccba6c74ea,1192932a46840a11,48,960.2,,explicit
spatial,scene_0008,referential,auto,sketchvla_prompt_conditioned_latent_action,native,13,False,,240,False,False,,True,True,True,akita_black_bowl_1,False,,False,0.2777,akita_black_bowl_2,plate_1,False,,,,,b5bc6f7854e8d826,1e50b763105363c0,cf2c1c8f4bc1131f,48,952.9,,explicit
spatial,scene_0009,referential,auto,sketchvla_prompt_conditioned_latent_action,native,0,False,,240,False,False,,True,True,True,akita_black_bowl_1,False,,False,0.1394,akita_black_bowl_2,plate_1,False,,,,,2ab3a665f4a9fe53,18c6128657ed8e01,88441fb3e3732fd5,48,9503.6,,explicit
spatial,scene_0009,referential,auto,sketchvla_prompt_conditioned_latent_action,native,1,False,,240,False,False,,True,False,False,,False,,False,0.2215,akita_black_bowl_2,plate_1,,,,,,2ab3a665f4a9fe53,f95e45e186091cb8,c0791c5866cc9cb5,48,961.5,,explicit
spatial,scene_0009,referential,auto,sketchvla_prompt_conditioned_latent_action,native,2,False,,240,False,False,,True,False,False,,False,,False,0.2171,akita_black_bowl_2,plate_1,,,,,,2ab3a665f4a9fe53,e425c616c54dd6e5,525fd7cf765954f9,48,966.0,,explicit
spatial,scene_0009,referential,auto,sketchvla_prompt_conditioned_latent_action,native,3,False,,240,False,False,,True,False,False,,False,,False,0.211,akita_black_bowl_2,plate_1,,,,,,2ab3a665f4a9fe53,9746ed5965311ba5,57b28b48b9e5ee16,48,947.4,,explicit
spatial,scene_0009,referential,auto,sketchvla_prompt_conditioned_latent_action,native,4,False,,240,False,False,,True,False,False,,False,,False,0.2513,akita_black_bowl_2,plate_1,,,,,,2ab3a665f4a9fe53,dad9f0a87a175ded,eb1c877811181a9b,48,956.6,,explicit
spatial,scene_0009,referential,auto,sketchvla_prompt_conditioned_latent_action,native,5,False,,240,False,False,,True,False,False,,False,,False,0.2376,akita_black_bowl_2,plate_1,,,,,,2ab3a665f4a9fe53,ec0c3d7df74eac4d,e4bcfed5d10a396e,48,989.9,,explicit
spatial,scene_0009,referential,auto,sketchvla_prompt_conditioned_latent_action,native,6,False,,240,False,False,,True,False,False,,False,,False,0.2566,akita_black_bowl_2,plate_1,,,,,,2ab3a665f4a9fe53,722fe820b6fa7624,40851899cca0b148,48,956.9,,explicit
spatial,scene_0009,referential,auto,sketchvla_prompt_conditioned_latent_action,native,7,False,,240,False,False,,True,True,True,akita_black_bowl_1,False,,False,0.094,akita_black_bowl_2,plate_1,False,,,,,2ab3a665f4a9fe53,b6c7ceeb63946ba1,2c5339e7fde5a5fb,48,890.8,,explicit
spatial,scene_0009,referential,auto,sketchvla_prompt_conditioned_latent_action,native,8,False,,240,False,False,,True,False,False,,False,,False,0.2017,akita_black_bowl_2,plate_1,,,,,,2ab3a665f4a9fe53,961e8b819d7dca59,5a460f7f12a9ffd9,48,952.8,,explicit
spatial,scene_0009,referential,auto,sketchvla_prompt_conditioned_latent_action,native,9,False,,240,False,False,,True,False,False,,False,,False,0.2578,akita_black_bowl_2,plate_1,,,,,,2ab3a665f4a9fe53,096536fb3832b39a,6f1be56d4c33c3fa,48,959.6,,explicit
spatial,scene_0009,referential,auto,sketchvla_prompt_conditioned_latent_action,native,10,False,,240,False,False,,True,False,False,,False,,False,0.2224,akita_black_bowl_2,plate_1,,,,,,2ab3a665f4a9fe53,28a65f35b754d184,af52229ec7b08ab8,48,922.7,,explicit
spatial,scene_0009,referential,auto,sketchvla_prompt_conditioned_latent_action,native,11,False,,240,False,False,,True,True,True,akita_black_bowl_1,False,,False,0.1066,akita_black_bowl_2,plate_1,False,,,,,2ab3a665f4a9fe53,2685594a6748f0f0,7e5963213747020c,48,935.8,,explicit
spatial,scene_0009,referential,auto,sketchvla_prompt_conditioned_latent_action,native,12,False,,240,False,False,,True,True,True,plate_1,False,plate_1,True,0.0,akita_black_bowl_2,plate_1,False,True,,,,2ab3a665f4a9fe53,8970b5b76d249ae0,f11647cf597bdc3d,48,971.1,,explicit
spatial,scene_0009,referential,auto,sketchvla_prompt_conditioned_latent_action,native,13,False,,240,False,False,,True,True,True,akita_black_bowl_1,False,,False,0.1018,akita_black_bowl_2,plate_1,False,,,,,2ab3a665f4a9fe53,8fb8eb3eb4a8a1ce,b58478072dbe1f3d,48,951.0,,explicit
spatial,scene_0010,referential,auto,sketchvla_prompt_conditioned_latent_action,native,0,False,,240,False,False,,True,True,True,akita_black_bowl_1,False,,False,0.2098,akita_black_bowl_3,plate_1,False,,,,,da9b7cfe6a551244,32a381815a164e49,5468e569d10b0353,48,9049.4,,explicit
spatial,scene_0010,referential,auto,sketchvla_prompt_conditioned_latent_action,native,1,False,,240,False,False,,True,True,True,akita_black_bowl_1,False,,False,0.2084,akita_black_bowl_3,plate_1,False,,,,,da9b7cfe6a551244,ba530dae791e206b,2bac71bc46b137b7,48,534.4,,explicit
spatial,scene_0010,referential,auto,sketchvla_prompt_conditioned_latent_action,native,2,False,,240,False,False,,True,True,True,akita_black_bowl_1,False,,False,0.205,akita_black_bowl_3,plate_1,False,,,,,da9b7cfe6a551244,5b7765d482ceb38f,2f39a3405ce3a678,48,537.8,,explicit
spatial,scene_0010,referential,auto,sketchvla_prompt_conditioned_latent_action,native,3,False,,240,False,False,,True,True,True,akita_black_bowl_1,False,,False,0.2096,akita_black_bowl_3,plate_1,False,,,,,da9b7cfe6a551244,a24c9c87bcd36726,930beef2837fe301,48,551.9,,explicit
spatial,scene_0010,referential,auto,sketchvla_prompt_conditioned_latent_action,native,4,False,,240,False,False,,True,True,True,akita_black_bowl_1,False,,False,0.2754,akita_black_bowl_3,plate_1,False,,,,,da9b7cfe6a551244,befce4ff3bfeb0d6,cca71526e1182055,48,563.9,,explicit
spatial,scene_0010,referential,auto,sketchvla_prompt_conditioned_latent_action,native,5,False,,240,False,False,,True,True,True,akita_black_bowl_1,False,,False,0.2314,akita_black_bowl_3,plate_1,False,,,,,da9b7cfe6a551244,d9fb81d36edefe45,6b94c868a8d09b92,48,561.6,,explicit
spatial,scene_0010,referential,auto,sketchvla_prompt_conditioned_latent_action,native,6,False,,240,False,False,,True,True,True,akita_black_bowl_1,False,,False,0.2097,akita_black_bowl_3,plate_1,False,,,,,da9b7cfe6a551244,13c2e6ea8415396c,059ba75fb6ad381a,48,566.3,,explicit
spatial,scene_0010,referential,auto,sketchvla_prompt_conditioned_latent_action,native,7,False,,240,False,False,,True,True,True,akita_black_bowl_1,False,,False,0.2073,akita_black_bowl_3,plate_1,False,,,,,da9b7cfe6a551244,30c688f0045550b4,eab297066d5d91db,48,520.2,,explicit
spatial,scene_0010,referential,auto,sketchvla_prompt_conditioned_latent_action,native,8,False,,240,False,False,,True,True,True,akita_black_bowl_1,False,,False,0.218,akita_black_bowl_3,plate_1,False,,,,,da9b7cfe6a551244,d81c8f07be70f399,d4f1bfbabccfb96a,48,552.1,,explicit
spatial,scene_0010,referential,auto,sketchvla_prompt_conditioned_latent_action,native,9,False,,240,False,False,,True,True,True,akita_black_bowl_1,False,,False,0.2256,akita_black_bowl_3,plate_1,False,,,,,da9b7cfe6a551244,92b96a5eb9c00aad,67e8e506a5433f24,48,531.1,,explicit
spatial,scene_0010,referential,auto,sketchvla_prompt_conditioned_latent_action,native,10,False,,240,False,False,,True,True,True,akita_black_bowl_1,False,,False,0.2048,akita_black_bowl_3,plate_1,False,,,,,da9b7cfe6a551244,0d37a71e30dd4145,b19014db9d01a53d,48,498.7,,explicit
spatial,scene_0010,referential,auto,sketchvla_prompt_conditioned_latent_action,native,11,False,,240,False,False,,True,True,True,akita_black_bowl_1,False,,False,0.2142,akita_black_bowl_3,plate_1,False,,,,,da9b7cfe6a551244,e16be80c23e56041,5e53e033e9d82e49,48,571.1,,explicit
spatial,scene_0010,referential,auto,sketchvla_prompt_conditioned_latent_action,native,12,False,,240,False,False,,True,True,True,akita_black_bowl_1,False,,False,0.2669,akita_black_bowl_3,plate_1,False,,,,,da9b7cfe6a551244,5bfe7a73d6a3bc8e,95cb90d5192a316c,48,549.1,,explicit
spatial,scene_0010,referential,auto,sketchvla_prompt_conditioned_latent_action,native,13,False,,240,False,False,,True,True,True,akita_black_bowl_1,False,,False,0.224,akita_black_bowl_3,plate_1,False,,,,,da9b7cfe6a551244,0292c4755b059ba2,828b58b80d26459a,48,541.8,,explicit
spatial,scene_0011,referential,auto,sketchvla_prompt_conditioned_latent_action,native,0,False,,240,False,False,,True,False,False,,False,,False,0.2947,akita_black_bowl_3,plate_1,,,,,,f8634dbe1cf1c475,2708f18322683c06,d3a02d686ef3910d,48,9245.1,,explicit
spatial,scene_0011,referential,auto,sketchvla_prompt_conditioned_latent_action,native,1,False,,240,False,False,,True,False,False,,False,,False,0.2943,akita_black_bowl_3,plate_1,,,,,,f8634dbe1cf1c475,e751df0af9d4ef64,15e7f08b52e86edb,48,561.6,,explicit
spatial,scene_0011,referential,auto,sketchvla_prompt_conditioned_latent_action,native,2,False,,240,False,False,,True,False,False,,False,,False,0.295,akita_black_bowl_3,plate_1,,,,,,f8634dbe1cf1c475,fbce649e8e959b1b,4129821945291d97,48,574.5,,explicit
spatial,scene_0011,referential,auto,sketchvla_prompt_conditioned_latent_action,native,3,False,,240,False,False,,True,False,False,,False,,False,0.2944,akita_black_bowl_3,plate_1,,,,,,f8634dbe1cf1c475,5b840d4fd8e67152,1b7d3f5c6baa906f,48,534.2,,explicit
spatial,scene_0011,referential,auto,sketchvla_prompt_conditioned_latent_action,native,4,False,,240,False,False,,True,False,False,,False,,False,0.2969,akita_black_bowl_3,plate_1,,,,,,f8634dbe1cf1c475,b0c42121351b5c67,e71108a3c46bb14a,48,523.7,,explicit
spatial,scene_0011,referential,auto,sketchvla_prompt_conditioned_latent_action,native,5,False,,240,False,False,,True,False,False,,False,,False,0.2943,akita_black_bowl_3,plate_1,,,,,,f8634dbe1cf1c475,aa79cc0b2b7cf8ae,bc2abe5624b3d681,48,533.5,,explicit
spatial,scene_0011,referential,auto,sketchvla_prompt_conditioned_latent_action,native,6,False,,240,False,False,,True,False,False,,False,,False,0.2941,akita_black_bowl_3,plate_1,,,,,,f8634dbe1cf1c475,564aaaeb95953cce,6c26fafa60f40842,48,567.6,,explicit
spatial,scene_0011,referential,auto,sketchvla_prompt_conditioned_latent_action,native,7,False,,240,False,False,,True,False,False,,False,,False,0.2965,akita_black_bowl_3,plate_1,,,,,,f8634dbe1cf1c475,0216dd4d019fb981,f08b5f027e6b53d1,48,551.9,,explicit
spatial,scene_0011,referential,auto,sketchvla_prompt_conditioned_latent_action,native,8,False,,240,False,False,,True,False,False,,False,,False,0.2932,akita_black_bowl_3,plate_1,,,,,,f8634dbe1cf1c475,273325c132b02fee,ae1f6e7e5a18544d,48,551.4,,explicit
spatial,scene_0011,referential,auto,sketchvla_prompt_conditioned_latent_action,native,9,False,,240,False,False,,True,False,False,,False,,False,0.2938,akita_black_bowl_3,plate_1,,,,,,f8634dbe1cf1c475,043bcb9534819b6a,d51d835348e5ba83,48,515.5,,explicit
spatial,scene_0011,referential,auto,sketchvla_prompt_conditioned_latent_action,native,10,False,,240,False,False,,True,False,False,,False,,False,0.2938,akita_black_bowl_3,plate_1,,,,,,f8634dbe1cf1c475,79e0b43363cd6a41,402c1559bee21354,48,533.3,,explicit
spatial,scene_0011,referential,auto,sketchvla_prompt_conditioned_latent_action,native,11,False,,240,False,False,,True,False,False,,False,,False,0.2968,akita_black_bowl_3,plate_1,,,,,,f8634dbe1cf1c475,9ad8e7454a30c5bf,def54b9da7a1ac6f,48,593.5,,explicit
spatial,scene_0011,referential,auto,sketchvla_prompt_conditioned_latent_action,native,12,False,,240,False,False,,True,False,False,,False,,False,0.2962,akita_black_bowl_3,plate_1,,,,,,f8634dbe1cf1c475,d699fe7eba3b12e7,91fabca1e31f7f31,48,543.2,,explicit
spatial,scene_0011,referential,auto,sketchvla_prompt_conditioned_latent_action,native,13,False,,240,False,False,,True,False,False,,False,,False,0.2943,akita_black_bowl_3,plate_1,,,,,,f8634dbe1cf1c475,02978f363fbf6847,588c92a0347f4189,48,541.4,,explicit
spatial,scene_0012,referential,auto,sketchvla_prompt_conditioned_latent_action,native,0,False,,240,False,False,,True,False,False,,False,,False,0.124,akita_black_bowl_4,plate_1,,,,,,82492353d93beba8,b38b48c5c4a904ef,e7d009ec427d07a3,48,9598.1,,explicit
spatial,scene_0012,referential,auto,sketchvla_prompt_conditioned_latent_action,native,1,False,,240,False,False,,True,True,True,akita_black_bowl_2,False,,False,0.2487,akita_black_bowl_4,plate_1,False,,,,,82492353d93beba8,dabe4628e7ac4eb6,171564a54845db15,48,930.9,,explicit
spatial,scene_0012,referential,auto,sketchvla_prompt_conditioned_latent_action,native,2,False,,240,False,False,,True,False,False,,False,,False,0.124,akita_black_bowl_4,plate_1,,,,,,82492353d93beba8,fb8e124a6aa59c0b,765957a4cd966f71,48,911.1,,explicit
spatial,scene_0012,referential,auto,sketchvla_prompt_conditioned_latent_action,native,3,False,,240,False,False,,True,True,True,akita_black_bowl_2,False,,False,0.2145,akita_black_bowl_4,plate_1,False,,,,,82492353d93beba8,4d2be62561d9d803,a18b0b26a5d20551,48,923.4,,explicit
spatial,scene_0012,referential,auto,sketchvla_prompt_conditioned_latent_action,native,4,False,,240,False,False,,True,False,False,,False,,False,0.124,akita_black_bowl_4,plate_1,,,,,,82492353d93beba8,c17500679ed490e5,55b9f7597a068dc4,48,949.5,,explicit
spatial,scene_0012,referential,auto,sketchvla_prompt_conditioned_latent_action,native,5,False,,240,False,False,,True,True,True,akita_black_bowl_2,False,,False,0.1598,akita_black_bowl_4,plate_1,False,,,,,82492353d93beba8,6d81f327d2e7c650,6ba1fd1616dcfe1b,48,977.4,,explicit
spatial,scene_0012,referential,auto,sketchvla_prompt_conditioned_latent_action,native,6,False,,240,False,False,,True,False,False,,False,,False,0.124,akita_black_bowl_4,plate_1,,,,,,82492353d93beba8,5ce02c804b518f4f,231dfc44a19c18b6,48,940.9,,explicit
spatial,scene_0012,referential,auto,sketchvla_prompt_conditioned_latent_action,native,7,False,,240,False,False,,True,False,False,,False,,False,0.124,akita_black_bowl_4,plate_1,,,,,,82492353d93beba8,7d8764cf483692e5,d1a45e0e5ddd2a04,48,958.5,,explicit
spatial,scene_0012,referential,auto,sketchvla_prompt_conditioned_latent_action,native,8,False,,240,False,False,,True,False,False,,False,,False,0.124,akita_black_bowl_4,plate_1,,,,,,82492353d93beba8,ff17695843222141,b7648c1baefe2714,48,951.5,,explicit
spatial,scene_0012,referential,auto,sketchvla_prompt_conditioned_latent_action,native,9,False,,240,False,False,,True,False,False,,False,,False,0.124,akita_black_bowl_4,plate_1,,,,,,82492353d93beba8,55d56d535014920f,1e9d2f9ccb4e7c40,48,950.6,,explicit
spatial,scene_0012,referential,auto,sketchvla_prompt_conditioned_latent_action,native,10,False,,240,False,False,,True,True,True,akita_black_bowl_2,False,,False,0.2305,akita_black_bowl_4,plate_1,False,,,,,82492353d93beba8,e62fc50439a6d207,01d8b470b26fad2c,48,961.6,,explicit
spatial,scene_0012,referential,auto,sketchvla_prompt_conditioned_latent_action,native,11,False,,240,False,False,,True,False,False,,False,,False,0.124,akita_black_bowl_4,plate_1,,,,,,82492353d93beba8,b4fbbcc12597c20f,f12fa2e5f7ca6cef,48,950.0,,explicit
spatial,scene_0012,referential,auto,sketchvla_prompt_conditioned_latent_action,native,12,False,,240,False,False,,True,True,True,akita_black_bowl_2,False,,False,0.193,akita_black_bowl_4,plate_1,False,,,,,82492353d93beba8,29b242fb9ef4362e,40b383babec68001,48,967.9,,explicit
spatial,scene_0012,referential,auto,sketchvla_prompt_conditioned_latent_action,native,13,False,,240,False,False,,True,True,True,akita_black_bowl_2,False,,False,0.224,akita_black_bowl_4,plate_1,False,,,,,82492353d93beba8,c5200ad533ed97ff,45184059c10bb5b9,48,947.4,,explicit
spatial,scene_0013,referential,auto,sketchvla_prompt_conditioned_latent_action,native,0,False,,240,False,False,,True,False,False,,False,,False,0.1467,akita_black_bowl_2,plate_1,,,,,,044dbe92450117a9,db9612eb05e0506c,154a19d5757a9366,48,9570.9,,explicit
spatial,scene_0013,referential,auto,sketchvla_prompt_conditioned_latent_action,native,1,False,,240,False,False,,True,False,False,,False,,False,0.1516,akita_black_bowl_2,plate_1,,,,,,044dbe92450117a9,ccccc9b5aeff48e3,a8001672ddd8ecfb,48,938.3,,explicit
spatial,scene_0013,referential,auto,sketchvla_prompt_conditioned_latent_action,native,2,False,,240,False,False,,True,False,False,,False,,False,0.144,akita_black_bowl_2,plate_1,,,,,,044dbe92450117a9,e3b8198a4e2989bb,eae9fc909f1b47d1,48,921.9,,explicit
spatial,scene_0013,referential,auto,sketchvla_prompt_conditioned_latent_action,native,3,False,,240,False,False,,True,False,False,,False,,False,0.1489,akita_black_bowl_2,plate_1,,,,,,044dbe92450117a9,733e86614c1696de,7fb1cd2cfbfbf5cf,48,930.4,,explicit
spatial,scene_0013,referential,auto,sketchvla_prompt_conditioned_latent_action,native,4,False,,240,False,False,,True,True,True,akita_black_bowl_1,False,,False,0.1293,akita_black_bowl_2,plate_1,False,,,,,044dbe92450117a9,bc6f20ec62aa7458,8d580a81fa96c0c7,48,965.9,,explicit
spatial,scene_0013,referential,auto,sketchvla_prompt_conditioned_latent_action,native,5,False,,240,False,False,,True,True,True,akita_black_bowl_1,False,,False,0.1095,akita_black_bowl_2,plate_1,False,,,,,044dbe92450117a9,b55c453ec66f9cb0,40704aacff2dc043,48,986.4,,explicit
spatial,scene_0013,referential,auto,sketchvla_prompt_conditioned_latent_action,native,6,False,,240,False,False,,True,False,False,,False,,False,0.1512,akita_black_bowl_2,plate_1,,,,,,044dbe92450117a9,b982c848cb161f41,cd0189927339e557,48,949.6,,explicit
spatial,scene_0013,referential,auto,sketchvla_prompt_conditioned_latent_action,native,7,False,,240,False,False,,True,False,False,,False,,False,0.1504,akita_black_bowl_2,plate_1,,,,,,044dbe92450117a9,2fdf29830a41f959,c37d921bdc9742d1,48,968.9,,explicit
spatial,scene_0013,referential,auto,sketchvla_prompt_conditioned_latent_action,native,8,False,,240,False,False,,True,False,False,,False,,False,0.1459,akita_black_bowl_2,plate_1,,,,,,044dbe92450117a9,2ab116c19e0f2146,6edae10133db4287,48,967.8,,explicit
spatial,scene_0013,referential,auto,sketchvla_prompt_conditioned_latent_action,native,9,False,,240,False,False,,True,False,False,,False,,False,0.1527,akita_black_bowl_2,plate_1,,,,,,044dbe92450117a9,aa4829227f8bb204,7a1df07877a6746c,48,958.7,,explicit
spatial,scene_0013,referential,auto,sketchvla_prompt_conditioned_latent_action,native,10,False,,240,False,False,,True,False,False,,False,,False,0.1488,akita_black_bowl_2,plate_1,,,,,,044dbe92450117a9,75da44ee61a1e0d6,45ca06d4099e9105,48,971.7,,explicit
spatial,scene_0013,referential,auto,sketchvla_prompt_conditioned_latent_action,native,11,False,,240,False,False,,True,False,False,,False,,False,0.147,akita_black_bowl_2,plate_1,,,,,,044dbe92450117a9,6a90022288883287,8b392492b3160768,48,960.4,,explicit
spatial,scene_0013,referential,auto,sketchvla_prompt_conditioned_latent_action,native,12,False,,240,False,False,,True,False,False,,False,,False,0.1471,akita_black_bowl_2,plate_1,,,,,,044dbe92450117a9,8fcd461c56259ec3,f1369c09cfb0a38c,48,978.7,,explicit
spatial,scene_0013,referential,auto,sketchvla_prompt_conditioned_latent_action,native,13,False,,240,False,False,,True,False,False,,False,,False,0.1533,akita_black_bowl_2,plate_1,,,,,,044dbe92450117a9,217883e4c44e8481,6265764726ce9844,48,962.2,,explicit
spatial,scene_0014,referential,auto,sketchvla_prompt_conditioned_latent_action,native,0,False,,240,False,False,,True,True,True,akita_black_bowl_1,False,,False,0.0959,akita_black_bowl_5,plate_1,False,,,,,6dcf92f4c3f012da,402d369b9b73b069,f80020b429396449,48,9182.3,,explicit
spatial,scene_0014,referential,auto,sketchvla_prompt_conditioned_latent_action,native,1,False,,240,False,False,,True,True,True,akita_black_bowl_1,False,plate_1,True,0.0693,akita_black_bowl_5,plate_1,False,True,,,,6dcf92f4c3f012da,21f1f86843e99f99,10ca36ef0d47754f,48,567.6,,explicit
spatial,scene_0014,referential,auto,sketchvla_prompt_conditioned_latent_action,native,2,False,,240,False,False,,True,True,True,akita_black_bowl_1,False,,False,0.0903,akita_black_bowl_5,plate_1,False,,,,,6dcf92f4c3f012da,20c6942ab98e4866,55d5a8f8895b3e05,48,561.3,,explicit
spatial,scene_0014,referential,auto,sketchvla_prompt_conditioned_latent_action,native,3,False,,240,False,False,,True,True,True,akita_black_bowl_1,False,,False,0.0946,akita_black_bowl_5,plate_1,False,,,,,6dcf92f4c3f012da,e63ce560b5e17e41,1612ed68585f9b97,48,554.4,,explicit
spatial,scene_0014,referential,auto,sketchvla_prompt_conditioned_latent_action,native,4,False,,240,False,False,,True,True,True,akita_black_bowl_1,False,plate_1,True,0.0644,akita_black_bowl_5,plate_1,False,True,,,,6dcf92f4c3f012da,812e9c7f814843e2,19c2c2bbad66a3de,48,560.6,,explicit
spatial,scene_0014,referential,auto,sketchvla_prompt_conditioned_latent_action,native,5,False,,240,False,False,,True,True,True,akita_black_bowl_1,False,,False,0.0855,akita_black_bowl_5,plate_1,False,,,,,6dcf92f4c3f012da,72724c7bc269c1bb,9371dcf322253902,48,518.6,,explicit
spatial,scene_0014,referential,auto,sketchvla_prompt_conditioned_latent_action,native,6,False,,240,False,False,,True,True,True,akita_black_bowl_1,False,plate_1,True,0.0749,akita_black_bowl_5,plate_1,False,True,,,,6dcf92f4c3f012da,9ba391c280189a2e,b33f5792732030d0,48,538.3,,explicit
spatial,scene_0014,referential,auto,sketchvla_prompt_conditioned_latent_action,native,7,False,,240,False,False,,True,True,True,akita_black_bowl_1,False,,False,0.0892,akita_black_bowl_5,plate_1,False,,,,,6dcf92f4c3f012da,b46dfb83990e4aff,4d210be9333aa24b,48,562.8,,explicit
spatial,scene_0014,referential,auto,sketchvla_prompt_conditioned_latent_action,native,8,False,,240,False,False,,True,True,True,akita_black_bowl_1,False,plate_1,True,0.0775,akita_black_bowl_5,plate_1,False,True,,,,6dcf92f4c3f012da,9f28e33f0752f810,818d7805ada1d42b,48,550.3,,explicit
spatial,scene_0014,referential,auto,sketchvla_prompt_conditioned_latent_action,native,9,False,,240,False,False,,True,True,True,akita_black_bowl_1,False,plate_1,True,0.0699,akita_black_bowl_5,plate_1,False,True,,,,6dcf92f4c3f012da,cef4da3dae005222,a15f8ac244e8730e,48,597.1,,explicit
spatial,scene_0014,referential,auto,sketchvla_prompt_conditioned_latent_action,native,10,False,,240,False,False,,True,True,True,akita_black_bowl_1,False,plate_1,True,0.0781,akita_black_bowl_5,plate_1,False,True,,,,6dcf92f4c3f012da,def164957ab44e5e,2f8871ae10c2e9ce,48,582.1,,explicit
spatial,scene_0014,referential,auto,sketchvla_prompt_conditioned_latent_action,native,11,False,,240,False,False,,True,True,True,akita_black_bowl_1,False,,False,0.083,akita_black_bowl_5,plate_1,False,,,,,6dcf92f4c3f012da,2ca68d8424d688e2,c23b6c67a215a57b,48,544.7,,explicit
spatial,scene_0014,referential,auto,sketchvla_prompt_conditioned_latent_action,native,12,False,,240,False,False,,True,True,True,akita_black_bowl_1,False,,False,0.0907,akita_black_bowl_5,plate_1,False,,,,,6dcf92f4c3f012da,6beed78dde72f936,a227bc79789bed39,48,543.9,,explicit
spatial,scene_0014,referential,auto,sketchvla_prompt_conditioned_latent_action,native,13,False,,240,False,False,,True,True,True,akita_black_bowl_1,False,,False,0.0853,akita_black_bowl_5,plate_1,False,,,,,6dcf92f4c3f012da,fce254adcc6b2e64,a33941f64414fd7a,48,561.4,,explicit
spatial,scene_0015,referential,auto,sketchvla_prompt_conditioned_latent_action,native,0,False,,240,False,False,,True,True,True,akita_black_bowl_3,False,,False,0.2872,akita_black_bowl_2,plate_1,False,,,,,847d955ddcd8b335,8ef5084d77bb0026,78a96a6862605aca,48,9157.9,,explicit
spatial,scene_0015,referential,auto,sketchvla_prompt_conditioned_latent_action,native,1,False,,240,False,False,,True,True,True,akita_black_bowl_3,False,,False,0.3063,akita_black_bowl_2,plate_1,False,,,,,847d955ddcd8b335,99078676d9ce56e1,2d376898acf0431a,48,535.7,,explicit
spatial,scene_0015,referential,auto,sketchvla_prompt_conditioned_latent_action,native,2,False,,240,False,False,,True,True,True,akita_black_bowl_3,False,,False,0.3112,akita_black_bowl_2,plate_1,False,,,,,847d955ddcd8b335,1a8511cc2b2ccc59,9f0f8a8bd2184da6,48,522.6,,explicit
spatial,scene_0015,referential,auto,sketchvla_prompt_conditioned_latent_action,native,3,False,,240,False,False,,True,True,True,akita_black_bowl_3,False,,False,0.3163,akita_black_bowl_2,plate_1,False,,,,,847d955ddcd8b335,c687673a83072bf7,fccb3fecd69bce78,48,536.4,,explicit
spatial,scene_0015,referential,auto,sketchvla_prompt_conditioned_latent_action,native,4,False,,240,False,False,,True,False,False,,False,,False,0.1667,akita_black_bowl_2,plate_1,,,,,,847d955ddcd8b335,eab554d1fcf9972f,5639f610339a4b57,48,566.4,,explicit
spatial,scene_0015,referential,auto,sketchvla_prompt_conditioned_latent_action,native,5,False,,240,False,False,,True,True,True,akita_black_bowl_3,False,,False,0.3274,akita_black_bowl_2,plate_1,False,,,,,847d955ddcd8b335,809c6f077b30e064,0b7d6a32e2d321b5,48,557.6,,explicit
spatial,scene_0015,referential,auto,sketchvla_prompt_conditioned_latent_action,native,6,False,,240,False,False,,True,True,True,akita_black_bowl_3,False,,False,0.2942,akita_black_bowl_2,plate_1,False,,,,,847d955ddcd8b335,150d466eb51a59af,7a8b584886126747,48,563.6,,explicit
spatial,scene_0015,referential,auto,sketchvla_prompt_conditioned_latent_action,native,7,False,,240,False,False,,True,False,False,,False,,False,0.1667,akita_black_bowl_2,plate_1,,,,,,847d955ddcd8b335,a5429041122bacb0,b5cf97904075c8be,48,583.4,,explicit
spatial,scene_0015,referential,auto,sketchvla_prompt_conditioned_latent_action,native,8,False,,240,False,False,,True,True,True,akita_black_bowl_3,False,,False,0.3305,akita_black_bowl_2,plate_1,False,,,,,847d955ddcd8b335,56d3729c0d746e7e,19fc1596c1cda7a9,48,561.4,,explicit
spatial,scene_0015,referential,auto,sketchvla_prompt_conditioned_latent_action,native,9,False,,240,False,False,,True,True,True,akita_black_bowl_3,False,,False,0.3123,akita_black_bowl_2,plate_1,False,,,,,847d955ddcd8b335,fee2e62990d162ab,abb8c5ac953917be,48,605.1,,explicit
spatial,scene_0015,referential,auto,sketchvla_prompt_conditioned_latent_action,native,10,False,,240,False,False,,True,False,False,,False,,False,0.1667,akita_black_bowl_2,plate_1,,,,,,847d955ddcd8b335,49d3d655b978554a,7161a054468099ed,48,584.0,,explicit
spatial,scene_0015,referential,auto,sketchvla_prompt_conditioned_latent_action,native,11,False,,240,False,False,,True,True,True,akita_black_bowl_3,False,,False,0.2967,akita_black_bowl_2,plate_1,False,,,,,847d955ddcd8b335,bca36a87231e7f42,3e11f4fb96f66a50,48,575.1,,explicit
spatial,scene_0015,referential,auto,sketchvla_prompt_conditioned_latent_action,native,12,False,,240,False,False,,True,True,True,akita_black_bowl_3,False,,False,0.3174,akita_black_bowl_2,plate_1,False,,,,,847d955ddcd8b335,d36e646d35a791d6,49a28cb7e588fb8f,48,554.8,,explicit
spatial,scene_0015,referential,auto,sketchvla_prompt_conditioned_latent_action,native,13,False,,240,False,False,,True,False,False,,False,,False,0.1667,akita_black_bowl_2,plate_1,,,,,,847d955ddcd8b335,45bebeb3ec6fe01a,bfc1b7a9f380adae,48,546.8,,explicit
spatial,scene_0016,referential,auto,sketchvla_prompt_conditioned_latent_action,native,0,False,,240,False,False,,True,False,False,,False,,False,0.2361,akita_black_bowl_2,plate_1,,,,,,41430078024def33,84685b892179f63d,bbf24cb67f3517c3,48,919.1,,explicit
spatial,scene_0016,referential,auto,sketchvla_prompt_conditioned_latent_action,native,1,False,,240,False,False,,True,False,False,,False,,False,0.2339,akita_black_bowl_2,plate_1,,,,,,41430078024def33,753f904868287683,6ed36a700a44da57,48,920.5,,explicit
spatial,scene_0016,referential,auto,sketchvla_prompt_conditioned_latent_action,native,2,False,,240,False,False,,True,False,False,,False,,False,0.2428,akita_black_bowl_2,plate_1,,,,,,41430078024def33,03dab9920b35cd82,f933be4c5c2e6dda,48,938.1,,explicit
spatial,scene_0016,referential,auto,sketchvla_prompt_conditioned_latent_action,native,3,False,,240,False,False,,True,False,False,,False,,False,0.2378,akita_black_bowl_2,plate_1,,,,,,41430078024def33,afd9fbb69a087307,28ac592c29414c37,48,896.5,,explicit
spatial,scene_0016,referential,auto,sketchvla_prompt_conditioned_latent_action,native,4,False,,240,False,False,,True,False,False,,False,,False,0.2429,akita_black_bowl_2,plate_1,,,,,,41430078024def33,f265f63d616488c9,87032184a5bcce12,48,873.1,,explicit
spatial,scene_0016,referential,auto,sketchvla_prompt_conditioned_latent_action,native,5,False,,240,False,False,,True,False,False,,False,,False,0.2186,akita_black_bowl_2,plate_1,,,,,,41430078024def33,32dc3a0cf43a6ce0,4093b05744d45086,48,870.5,,explicit
spatial,scene_0016,referential,auto,sketchvla_prompt_conditioned_latent_action,native,6,False,,240,False,False,,True,True,True,akita_black_bowl_4,False,,False,0.1388,akita_black_bowl_2,plate_1,False,,,,,41430078024def33,3c13c7616d2903a7,1a32508239ca89a5,48,870.8,,explicit
spatial,scene_0016,referential,auto,sketchvla_prompt_conditioned_latent_action,native,7,False,,240,False,False,,True,False,False,,False,,False,0.2352,akita_black_bowl_2,plate_1,,,,,,41430078024def33,8fcbe32ca57e428e,1ec41cd6606d6039,48,861.5,,explicit
spatial,scene_0016,referential,auto,sketchvla_prompt_conditioned_latent_action,native,8,False,,240,False,False,,True,False,False,,False,,False,0.2366,akita_black_bowl_2,plate_1,,,,,,41430078024def33,5bcae118c768782e,07da62102b884467,48,853.0,,explicit
spatial,scene_0016,referential,auto,sketchvla_prompt_conditioned_latent_action,native,9,False,,240,False,False,,True,True,True,glazed_rim_porcelain_ramekin_1,False,,False,0.1129,akita_black_bowl_2,plate_1,False,,,,,41430078024def33,6a026708a6625112,405c0e82ec348237,48,983.2,,explicit
spatial,scene_0016,referential,auto,sketchvla_prompt_conditioned_latent_action,native,10,False,,240,False,False,,True,False,False,,False,,False,0.2365,akita_black_bowl_2,plate_1,,,,,,41430078024def33,a89650d2ef80accc,e78e3339ca378a83,48,885.8,,explicit
spatial,scene_0016,referential,auto,sketchvla_prompt_conditioned_latent_action,native,11,False,,240,False,False,,True,True,True,glazed_rim_porcelain_ramekin_1,False,,False,0.0918,akita_black_bowl_2,plate_1,False,,,,,41430078024def33,3bf3b08f8ba3573e,c16e731af384ff6d,48,867.0,,explicit
spatial,scene_0016,referential,auto,sketchvla_prompt_conditioned_latent_action,native,12,False,,240,False,False,,True,False,False,,False,,False,0.2375,akita_black_bowl_2,plate_1,,,,,,41430078024def33,ffc778febf8bd9b4,3c1e8a413c6c3255,48,858.4,,explicit
spatial,scene_0016,referential,auto,sketchvla_prompt_conditioned_latent_action,native,13,False,,240,False,False,,True,True,True,glazed_rim_porcelain_ramekin_1,False,,False,0.0982,akita_black_bowl_2,plate_1,False,,,,,41430078024def33,a457a7b99160952f,6348605d37f0166d,48,845.2,,explicit
spatial,scene_0017,directional,auto,sketchvla_prompt_conditioned_latent_action,native,0,False,,240,False,False,,True,False,False,,False,,False,0.2541,akita_black_bowl_1,plate_1,,,,,,42632e6e82720c09,96421454216746fb,53272638ae04c762,48,957.0,,explicit
spatial,scene_0017,directional,auto,sketchvla_prompt_conditioned_latent_action,native,1,False,,240,False,False,,True,True,True,plate_2,False,plate_2,False,0.0,akita_black_bowl_1,plate_1,False,False,,,,42632e6e82720c09,e42a15d39e75e751,d0733dc4f90bccaf,48,979.1,,explicit
spatial,scene_0017,directional,auto,sketchvla_prompt_conditioned_latent_action,native,2,False,,240,False,False,,True,True,True,plate_2,False,plate_2,False,0.0,akita_black_bowl_1,plate_1,False,False,,,,42632e6e82720c09,89f25d4356c6fa4a,4d556fa2c3d22fc2,48,1005.3,,explicit
spatial,scene_0017,directional,auto,sketchvla_prompt_conditioned_latent_action,native,3,False,,240,False,False,,True,False,False,,False,,False,0.2527,akita_black_bowl_1,plate_1,,,,,,42632e6e82720c09,44b5ae7bd2db53b2,11566bd132a759d0,48,959.2,,explicit
spatial,scene_0017,directional,auto,sketchvla_prompt_conditioned_latent_action,native,4,False,,240,False,False,,True,True,True,plate_2,False,plate_2,False,0.0,akita_black_bowl_1,plate_1,False,False,,,,42632e6e82720c09,fed0b051ea65429e,430eb180ee2393e2,48,934.1,,explicit
spatial,scene_0017,directional,auto,sketchvla_prompt_conditioned_latent_action,native,5,False,,240,False,False,,True,False,False,,False,,False,0.245,akita_black_bowl_1,plate_1,,,,,,42632e6e82720c09,3857507e8aa74438,507db19eec47dcf5,48,929.6,,explicit
spatial,scene_0017,directional,auto,sketchvla_prompt_conditioned_latent_action,native,6,False,,240,False,False,,True,True,True,plate_2,False,plate_2,False,0.0,akita_black_bowl_1,plate_1,False,False,,,,42632e6e82720c09,9ade7aa6fbbaa041,b10aebd006b924cf,48,927.6,,explicit
spatial,scene_0017,directional,auto,sketchvla_prompt_conditioned_latent_action,native,7,False,,240,False,False,,True,False,False,,False,,False,0.2527,akita_black_bowl_1,plate_1,,,,,,42632e6e82720c09,de49e6e4ae205e33,a1e20b5c1c60e3a9,48,934.9,,explicit
spatial,scene_0017,directional,auto,sketchvla_prompt_conditioned_latent_action,native,8,False,,240,False,False,,True,True,True,plate_2,False,plate_2,False,0.0,akita_black_bowl_1,plate_1,False,False,,,,42632e6e82720c09,6a597ccc92b44a22,b226b1424ddeddcd,48,918.7,,explicit
spatial,scene_0017,directional,auto,sketchvla_prompt_conditioned_latent_action,native,9,False,,240,False,False,,True,False,False,,False,,False,0.2527,akita_black_bowl_1,plate_1,,,,,,42632e6e82720c09,274b33d45cce1f03,5a14e0108622ce59,48,1048.2,,explicit
spatial,scene_0017,directional,auto,sketchvla_prompt_conditioned_latent_action,native,10,False,,240,False,False,,True,False,False,,False,,False,0.2507,akita_black_bowl_1,plate_1,,,,,,42632e6e82720c09,e9e26c86b636ad2a,6956517739f6efc6,48,947.4,,explicit
spatial,scene_0017,directional,auto,sketchvla_prompt_conditioned_latent_action,native,11,False,,240,False,False,,True,False,False,,False,,False,0.2527,akita_black_bowl_1,plate_1,,,,,,42632e6e82720c09,5a5e00baf5dade89,dbfcd6ed397f9f9e,48,933.1,,explicit
spatial,scene_0017,directional,auto,sketchvla_prompt_conditioned_latent_action,native,12,False,,240,False,False,,True,False,False,,False,,False,0.2527,akita_black_bowl_1,plate_1,,,,,,42632e6e82720c09,d556aaaa3f6fb88c,0e2fb07c28796a61,48,926.8,,explicit
spatial,scene_0017,directional,auto,sketchvla_prompt_conditioned_latent_action,native,13,False,,240,False,False,,True,True,True,plate_2,False,plate_2,False,0.0,akita_black_bowl_1,plate_1,False,False,,,,42632e6e82720c09,6519d0ad40bee9c4,735cfeba372fe206,48,930.7,,explicit
spatial,scene_0018,directional,auto,sketchvla_prompt_conditioned_latent_action,native,0,False,,240,False,False,,True,True,True,akita_black_bowl_1,True,,False,0.1413,akita_black_bowl_1,plate_1,True,,,,,90048b4ce266733f,f22c8005df679751,73027acc065bab31,48,606.4,,explicit
spatial,scene_0018,directional,auto,sketchvla_prompt_conditioned_latent_action,native,1,False,,240,False,False,,True,True,True,akita_black_bowl_1,True,,False,0.1046,akita_black_bowl_1,plate_1,True,,,,,90048b4ce266733f,9890d3281604592f,2d32365c42ba53cf,48,620.1,,explicit
spatial,scene_0018,directional,auto,sketchvla_prompt_conditioned_latent_action,native,2,False,,240,False,False,,True,True,True,akita_black_bowl_1,True,,False,0.1174,akita_black_bowl_1,plate_1,True,,,,,90048b4ce266733f,3b3c45ba4a433f13,834a56f46c75488d,48,646.3,,explicit
spatial,scene_0018,directional,auto,sketchvla_prompt_conditioned_latent_action,native,3,False,,240,False,False,,True,True,True,akita_black_bowl_1,True,,False,0.1,akita_black_bowl_1,plate_1,True,,,,,90048b4ce266733f,8985429236964007,b9615efe694de184,48,589.6,,explicit
spatial,scene_0018,directional,auto,sketchvla_prompt_conditioned_latent_action,native,4,False,,240,False,False,,True,True,True,akita_black_bowl_1,True,,False,0.1238,akita_black_bowl_1,plate_1,True,,,,,90048b4ce266733f,84bfa00c6d60922a,c50d25c2d16facc1,48,612.9,,explicit
spatial,scene_0018,directional,auto,sketchvla_prompt_conditioned_latent_action,native,5,False,,240,False,False,,True,True,True,akita_black_bowl_1,True,,False,0.0838,akita_black_bowl_1,plate_1,True,,,,,90048b4ce266733f,ce166cd03666aa72,551afb7bd5bfe8f2,48,593.8,,explicit
spatial,scene_0018,directional,auto,sketchvla_prompt_conditioned_latent_action,native,6,False,,240,False,False,,True,True,True,akita_black_bowl_1,True,,False,0.0839,akita_black_bowl_1,plate_1,True,,,,,90048b4ce266733f,2eff7a06250e9f27,b72071ab1879bf8b,48,630.6,,explicit
spatial,scene_0018,directional,auto,sketchvla_prompt_conditioned_latent_action,native,7,False,,240,False,False,,True,False,False,,False,,False,0.1613,akita_black_bowl_1,plate_1,,,,,,90048b4ce266733f,a06ad5acfef09e36,85605d4e66bbaf23,48,595.7,,explicit
spatial,scene_0018,directional,auto,sketchvla_prompt_conditioned_latent_action,native,8,False,,240,False,False,,True,True,True,akita_black_bowl_1,True,,False,0.0916,akita_black_bowl_1,plate_1,True,,,,,90048b4ce266733f,1883800d0b7e8aff,910ac662e436e0f2,48,581.5,,explicit
spatial,scene_0018,directional,auto,sketchvla_prompt_conditioned_latent_action,native,9,False,,240,False,False,,True,True,True,akita_black_bowl_1,True,,False,0.0828,akita_black_bowl_1,plate_1,True,,,,,90048b4ce266733f,8b00b107e2181dc9,90547ce8f09c46f7,48,633.4,,explicit
spatial,scene_0018,directional,auto,sketchvla_prompt_conditioned_latent_action,native,10,False,,240,False,False,,True,True,True,akita_black_bowl_1,True,,False,0.1035,akita_black_bowl_1,plate_1,True,,,,,90048b4ce266733f,e1b839b9237c7092,b2f279a1a71d2e03,48,632.4,,explicit
spatial,scene_0018,directional,auto,sketchvla_prompt_conditioned_latent_action,native,11,False,,240,False,False,,True,True,True,akita_black_bowl_1,True,,False,0.0995,akita_black_bowl_1,plate_1,True,,,,,90048b4ce266733f,1cb1b00b8108d381,00cbac2bd1205f3c,48,603.6,,explicit
spatial,scene_0018,directional,auto,sketchvla_prompt_conditioned_latent_action,native,12,False,,240,False,False,,True,True,True,akita_black_bowl_1,True,,False,0.0937,akita_black_bowl_1,plate_1,True,,,,,90048b4ce266733f,36062ff5bbe199c8,2bfca7da45ae30a2,48,576.4,,explicit
spatial,scene_0018,directional,auto,sketchvla_prompt_conditioned_latent_action,native,13,False,,240,False,False,,True,False,False,,False,,False,0.1705,akita_black_bowl_1,plate_1,,,,,,90048b4ce266733f,46ea3c2ccdcadc9f,cac133833b97f2e7,48,613.2,,explicit
spatial,scene_0019,directional,auto,sketchvla_prompt_conditioned_latent_action,native,0,False,,240,False,False,,True,True,True,akita_black_bowl_1,True,,False,0.0911,akita_black_bowl_1,plate_2,True,,,,,747f2caf4a8aa847,9d9a7d1c1488635c,d4dbb5d95d06cc43,48,576.0,,explicit
spatial,scene_0019,directional,auto,sketchvla_prompt_conditioned_latent_action,native,1,False,,240,False,False,,True,True,True,akita_black_bowl_1,True,plate_1,False,0.0641,akita_black_bowl_1,plate_2,True,False,,,,747f2caf4a8aa847,72abcb7e76d5e05a,9be67a3495c744c9,48,616.5,,explicit
spatial,scene_0019,directional,auto,sketchvla_prompt_conditioned_latent_action,native,2,False,,240,False,False,,True,True,True,akita_black_bowl_1,True,plate_1,False,0.0482,akita_black_bowl_1,plate_2,True,False,,,,747f2caf4a8aa847,a05ed47b3f18cca1,0f0db2afd6cb9e94,48,579.6,,explicit
spatial,scene_0019,directional,auto,sketchvla_prompt_conditioned_latent_action,native,3,False,,240,False,False,,True,True,True,akita_black_bowl_1,True,plate_1,False,0.0775,akita_black_bowl_1,plate_2,True,False,,,,747f2caf4a8aa847,e6a922000a812a5e,b93d1d5a44a01cd6,48,590.8,,explicit
spatial,scene_0019,directional,auto,sketchvla_prompt_conditioned_latent_action,native,4,False,,240,False,False,,True,True,True,akita_black_bowl_1,True,plate_1,False,0.0747,akita_black_bowl_1,plate_2,True,False,,,,747f2caf4a8aa847,74c15a49083a9aac,d0d3df73340b68d1,48,630.2,,explicit
spatial,scene_0019,directional,auto,sketchvla_prompt_conditioned_latent_action,native,5,False,,240,False,False,,True,True,True,akita_black_bowl_1,True,plate_1,False,0.0561,akita_black_bowl_1,plate_2,True,False,,,,747f2caf4a8aa847,8f56d5f3e33590c0,481da1339a00c55d,48,591.3,,explicit
spatial,scene_0019,directional,auto,sketchvla_prompt_conditioned_latent_action,native,6,False,,240,False,False,,True,True,True,akita_black_bowl_1,True,plate_1,False,0.0532,akita_black_bowl_1,plate_2,True,False,,,,747f2caf4a8aa847,7e7db69632012ee9,02957090e4d0f4d5,48,625.0,,explicit
spatial,scene_0019,directional,auto,sketchvla_prompt_conditioned_latent_action,native,7,False,,240,False,False,,True,True,True,akita_black_bowl_1,True,plate_1,False,0.0399,akita_black_bowl_1,plate_2,True,False,,,,747f2caf4a8aa847,29eee6a16f5b881c,98387212993d32b8,48,580.4,,explicit
spatial,scene_0019,directional,auto,sketchvla_prompt_conditioned_latent_action,native,8,False,,240,False,False,,True,True,True,akita_black_bowl_1,True,plate_1,False,0.0781,akita_black_bowl_1,plate_2,True,False,,,,747f2caf4a8aa847,18233cd6f64cca30,2b2da4a252ca5451,48,596.4,,explicit
spatial,scene_0019,directional,auto,sketchvla_prompt_conditioned_latent_action,native,9,False,,240,False,False,,True,True,True,akita_black_bowl_1,True,plate_1,False,0.0796,akita_black_bowl_1,plate_2,True,False,,,,747f2caf4a8aa847,b112dfa384644315,baad9fb9d4cfe357,48,629.6,,explicit
spatial,scene_0019,directional,auto,sketchvla_prompt_conditioned_latent_action,native,10,False,,240,False,False,,True,True,True,akita_black_bowl_1,True,plate_1,False,0.0554,akita_black_bowl_1,plate_2,True,False,,,,747f2caf4a8aa847,ac571a20dd182289,0e03b21341bfd9a7,48,638.1,,explicit
spatial,scene_0019,directional,auto,sketchvla_prompt_conditioned_latent_action,native,11,False,,240,False,False,,True,True,True,akita_black_bowl_1,True,,False,0.0847,akita_black_bowl_1,plate_2,True,,,,,747f2caf4a8aa847,580c325927c3b923,78b25c2066dffaa2,48,626.2,,explicit
spatial,scene_0019,directional,auto,sketchvla_prompt_conditioned_latent_action,native,12,False,,240,False,False,,True,True,True,akita_black_bowl_1,True,plate_1,False,0.0498,akita_black_bowl_1,plate_2,True,False,,,,747f2caf4a8aa847,7240cabb6677068a,a8a239192b8293af,48,615.0,,explicit
spatial,scene_0019,directional,auto,sketchvla_prompt_conditioned_latent_action,native,13,False,,240,False,False,,True,True,True,akita_black_bowl_1,True,plate_1,False,0.0652,akita_black_bowl_1,plate_2,True,False,,,,747f2caf4a8aa847,b93d7fb5ab482650,0efbc9bae890302f,48,573.5,,explicit
spatial,scene_0020,directional,auto,sketchvla_prompt_conditioned_latent_action,native,0,False,,240,False,False,,True,True,True,akita_black_bowl_1,True,plate_3,True,0.0292,akita_black_bowl_1,plate_3,True,True,,,,15f0f655553d6c25,329d7de94fa24759,6076b415f6948e7a,48,1078.2,,explicit
spatial,scene_0020,directional,auto,sketchvla_prompt_conditioned_latent_action,native,1,False,,240,False,False,,True,True,True,akita_black_bowl_1,True,,False,0.1002,akita_black_bowl_1,plate_3,True,,,,,15f0f655553d6c25,d3e00944646878b0,1a1a5ee901fbecae,48,1089.7,,explicit
spatial,scene_0020,directional,auto,sketchvla_prompt_conditioned_latent_action,native,2,False,,240,False,False,,True,True,True,akita_black_bowl_1,True,,False,0.0948,akita_black_bowl_1,plate_3,True,,,,,15f0f655553d6c25,0b2db700eed09746,16bc788cd070f67c,48,951.3,,explicit
spatial,scene_0020,directional,auto,sketchvla_prompt_conditioned_latent_action,native,3,False,,240,False,False,,True,True,True,akita_black_bowl_1,True,,False,0.0808,akita_black_bowl_1,plate_3,True,,,,,15f0f655553d6c25,1f53dcf307967f02,49cd12be21ad959a,48,950.4,,explicit
spatial,scene_0020,directional,auto,sketchvla_prompt_conditioned_latent_action,native,4,False,,240,False,False,,True,True,True,akita_black_bowl_1,True,,False,0.2086,akita_black_bowl_1,plate_3,True,,,,,15f0f655553d6c25,82ba557179c0a9c7,b59ed8ad444bbc82,48,940.4,,explicit
spatial,scene_0020,directional,auto,sketchvla_prompt_conditioned_latent_action,native,5,False,,240,False,False,,True,True,True,akita_black_bowl_1,True,,False,0.0831,akita_black_bowl_1,plate_3,True,,,,,15f0f655553d6c25,62a629fb710c067f,d356516005554bd5,48,947.0,,explicit
spatial,scene_0020,directional,auto,sketchvla_prompt_conditioned_latent_action,native,6,False,,240,False,False,,True,False,False,,False,,False,0.1244,akita_black_bowl_1,plate_3,,,,,,15f0f655553d6c25,ae7cffddac30ac7d,5cc6c6dc4fd36504,48,943.7,,explicit
spatial,scene_0020,directional,auto,sketchvla_prompt_conditioned_latent_action,native,7,False,,240,False,False,,True,True,True,akita_black_bowl_1,True,,False,0.1065,akita_black_bowl_1,plate_3,True,,,,,15f0f655553d6c25,25f494dd98c4edcb,a4f07bc849740487,48,1023.0,,explicit
spatial,scene_0020,directional,auto,sketchvla_prompt_conditioned_latent_action,native,8,False,,240,False,False,,True,True,True,akita_black_bowl_1,True,,False,0.0972,akita_black_bowl_1,plate_3,True,,,,,15f0f655553d6c25,1b87ab038c72eda7,0c64882e38b7c459,48,941.8,,explicit
spatial,scene_0020,directional,auto,sketchvla_prompt_conditioned_latent_action,native,9,False,,240,False,False,,True,False,False,,False,,False,0.1284,akita_black_bowl_1,plate_3,,,,,,15f0f655553d6c25,3e3990351d98aad0,40a6f256a6403bf6,48,951.8,,explicit
spatial,scene_0020,directional,auto,sketchvla_prompt_conditioned_latent_action,native,10,False,,240,False,False,,True,True,True,akita_black_bowl_1,True,plate_3,True,0.0696,akita_black_bowl_1,plate_3,True,True,,,,15f0f655553d6c25,66873a5f5410d809,10e419bfa7516247,48,934.3,,explicit
spatial,scene_0020,directional,auto,sketchvla_prompt_conditioned_latent_action,native,11,False,,240,False,False,,True,False,False,,False,,False,0.1214,akita_black_bowl_1,plate_3,,,,,,15f0f655553d6c25,a7cc801c67c60b21,9b4d804092aac0a3,48,958.7,,explicit
spatial,scene_0020,directional,auto,sketchvla_prompt_conditioned_latent_action,native,12,False,,240,False,False,,True,False,False,,False,,False,0.1227,akita_black_bowl_1,plate_3,,,,,,15f0f655553d6c25,f56fc5a603dadbce,78dbbe27f8bcecb2,48,956.5,,explicit
spatial,scene_0020,directional,auto,sketchvla_prompt_conditioned_latent_action,native,13,False,,240,False,False,,True,False,False,,False,,False,0.1218,akita_black_bowl_1,plate_3,,,,,,15f0f655553d6c25,04fbfa30f2cd227a,6535b574c13668df,48,1041.5,,explicit
spatial,scene_0021,directional,auto,sketchvla_prompt_conditioned_latent_action,native,0,False,,240,False,False,,True,False,False,,False,,False,0.2435,akita_black_bowl_1,plate_1,,,,,,4b4c774a4be2986c,7a6f0e6151eb0da4,bca9c279dc101de9,48,1089.7,,explicit
spatial,scene_0021,directional,auto,sketchvla_prompt_conditioned_latent_action,native,1,False,,240,False,False,,True,False,False,,False,,False,0.2512,akita_black_bowl_1,plate_1,,,,,,4b4c774a4be2986c,2005d2e010466e78,1726ae74fc8cb260,48,1088.0,,explicit
spatial,scene_0021,directional,auto,sketchvla_prompt_conditioned_latent_action,native,2,False,,240,False,False,,True,False,False,,False,,False,0.2447,akita_black_bowl_1,plate_1,,,,,,4b4c774a4be2986c,1d3a13756e2b5be0,9059fde3c6c73a37,48,951.7,,explicit
spatial,scene_0021,directional,auto,sketchvla_prompt_conditioned_latent_action,native,3,False,,240,False,False,,True,False,False,,False,,False,0.2472,akita_black_bowl_1,plate_1,,,,,,4b4c774a4be2986c,37ec8f28fbb96065,06fec3996395a9b7,48,954.2,,explicit
spatial,scene_0021,directional,auto,sketchvla_prompt_conditioned_latent_action,native,4,False,,240,False,False,,True,False,False,,False,,False,0.2482,akita_black_bowl_1,plate_1,,,,,,4b4c774a4be2986c,e0e371df0f3309d2,1314bf18825b714a,48,946.5,,explicit
spatial,scene_0021,directional,auto,sketchvla_prompt_conditioned_latent_action,native,5,False,,240,False,False,,True,True,True,plate_1,False,plate_1,True,0.0,akita_black_bowl_1,plate_1,False,True,,,,4b4c774a4be2986c,3fc81c0fa199b84e,7f675cf1a3e2e5e6,48,953.7,,explicit
spatial,scene_0021,directional,auto,sketchvla_prompt_conditioned_latent_action,native,6,False,,240,False,False,,True,False,False,,False,,False,0.2438,akita_black_bowl_1,plate_1,,,,,,4b4c774a4be2986c,36fd9b51159c018b,01ec795bd137b6b5,48,939.8,,explicit
spatial,scene_0021,directional,auto,sketchvla_prompt_conditioned_latent_action,native,7,False,,240,False,False,,True,False,False,,False,,False,0.2456,akita_black_bowl_1,plate_1,,,,,,4b4c774a4be2986c,dd70f91eec56fb6d,1555320c380be77b,48,1031.8,,explicit
spatial,scene_0021,directional,auto,sketchvla_prompt_conditioned_latent_action,native,8,False,,240,False,False,,True,True,True,plate_1,False,plate_1,True,0.0,akita_black_bowl_1,plate_1,False,True,,,,4b4c774a4be2986c,9e8161f11f96cd6f,84e982180b151099,48,939.9,,explicit
spatial,scene_0021,directional,auto,sketchvla_prompt_conditioned_latent_action,native,9,False,,240,False,False,,True,True,True,plate_1,False,plate_1,True,0.0,akita_black_bowl_1,plate_1,False,True,,,,4b4c774a4be2986c,354dc401c41775fb,5d2de37e9b1d9e75,48,952.8,,explicit
spatial,scene_0021,directional,auto,sketchvla_prompt_conditioned_latent_action,native,10,False,,240,False,False,,True,True,True,plate_1,False,plate_1,True,0.0,akita_black_bowl_1,plate_1,False,True,,,,4b4c774a4be2986c,588b303327bca22e,d601f43a8643d4ec,48,937.4,,explicit
spatial,scene_0021,directional,auto,sketchvla_prompt_conditioned_latent_action,native,11,False,,240,False,False,,True,False,False,,False,,False,0.2452,akita_black_bowl_1,plate_1,,,,,,4b4c774a4be2986c,ad8e8b07c5c9082d,a4303a0aeff3bd12,48,951.5,,explicit
spatial,scene_0021,directional,auto,sketchvla_prompt_conditioned_latent_action,native,12,False,,240,False,False,,True,True,True,plate_1,False,plate_1,True,0.0,akita_black_bowl_1,plate_1,False,True,,,,4b4c774a4be2986c,8d2e650ced31d800,b7e2fbd958bd706a,48,949.2,,explicit
spatial,scene_0021,directional,auto,sketchvla_prompt_conditioned_latent_action,native,13,False,,240,False,False,,True,False,False,,False,,False,0.2537,akita_black_bowl_1,plate_1,,,,,,4b4c774a4be2986c,c3288fb0f3d6a550,a87823095b46cfc9,48,1037.1,,explicit
spatial,scene_0022,directional,auto,sketchvla_prompt_conditioned_latent_action,native,0,False,,240,False,False,,True,False,False,,False,,False,0.149,akita_black_bowl_1,plate_3,,,,,,294b70e310714e30,87eefcb13fce9f09,911d936e418a1a98,48,584.7,,explicit
spatial,scene_0022,directional,auto,sketchvla_prompt_conditioned_latent_action,native,1,False,,240,False,False,,True,False,False,,False,,False,0.1468,akita_black_bowl_1,plate_3,,,,,,294b70e310714e30,e980d0c9a8a1a6ec,c87e384121e9c8e4,48,555.8,,explicit
spatial,scene_0022,directional,auto,sketchvla_prompt_conditioned_latent_action,native,2,False,,240,False,False,,True,False,False,,False,,False,0.126,akita_black_bowl_1,plate_3,,,,,,294b70e310714e30,0a8cfa55e0608bcb,2333ae945c5cafb0,48,587.6,,explicit
spatial,scene_0022,directional,auto,sketchvla_prompt_conditioned_latent_action,native,3,False,,240,False,False,,True,False,False,,False,,False,0.1297,akita_black_bowl_1,plate_3,,,,,,294b70e310714e30,cfdb4dc69eaa27d5,b42deec991a5f0a6,48,556.0,,explicit
spatial,scene_0022,directional,auto,sketchvla_prompt_conditioned_latent_action,native,4,False,,240,False,False,,True,False,False,,False,,False,0.1247,akita_black_bowl_1,plate_3,,,,,,294b70e310714e30,d2dea1d38a6b1486,fc07061f9c972de5,48,550.2,,explicit
spatial,scene_0022,directional,auto,sketchvla_prompt_conditioned_latent_action,native,5,False,,240,False,False,,True,False,False,,False,,False,0.1235,akita_black_bowl_1,plate_3,,,,,,294b70e310714e30,81b6367425d37445,75af82b6ecf90f61,48,579.6,,explicit
spatial,scene_0022,directional,auto,sketchvla_prompt_conditioned_latent_action,native,6,False,,240,False,False,,True,False,False,,False,,False,0.133,akita_black_bowl_1,plate_3,,,,,,294b70e310714e30,303e8bc6895e152e,0fc48417726f47c1,48,587.3,,explicit
spatial,scene_0022,directional,auto,sketchvla_prompt_conditioned_latent_action,native,7,False,,240,False,False,,True,False,False,,False,,False,0.1574,akita_black_bowl_1,plate_3,,,,,,294b70e310714e30,56073709f192dfa6,d776f62fa39c81e1,48,576.5,,explicit
spatial,scene_0022,directional,auto,sketchvla_prompt_conditioned_latent_action,native,8,False,,240,False,False,,True,True,True,glazed_rim_porcelain_ramekin_1,False,,False,0.0853,akita_black_bowl_1,plate_3,False,,,,,294b70e310714e30,3cf9420f5cea7102,8581fdae53e10c3f,48,568.3,,explicit
spatial,scene_0022,directional,auto,sketchvla_prompt_conditioned_latent_action,native,9,False,,240,False,False,,True,False,False,,False,,False,0.1259,akita_black_bowl_1,plate_3,,,,,,294b70e310714e30,cb9459f0bbb1ab76,04927225c268cf58,48,566.6,,explicit
spatial,scene_0022,directional,auto,sketchvla_prompt_conditioned_latent_action,native,10,False,,240,False,False,,True,False,False,,False,,False,0.1267,akita_black_bowl_1,plate_3,,,,,,294b70e310714e30,9340fb8b6952fb75,35d26b1a4514ceb2,48,532.7,,explicit
spatial,scene_0022,directional,auto,sketchvla_prompt_conditioned_latent_action,native,11,False,,240,False,False,,True,False,False,,False,,False,0.1264,akita_black_bowl_1,plate_3,,,,,,294b70e310714e30,c2eddb5af1c140db,5ea49555c4c10224,48,544.5,,explicit
spatial,scene_0022,directional,auto,sketchvla_prompt_conditioned_latent_action,native,12,False,,240,False,False,,True,False,False,,False,,False,0.1304,akita_black_bowl_1,plate_3,,,,,,294b70e310714e30,5ab07a3f90abb5a9,40264fcca4a599c0,48,533.1,,explicit
spatial,scene_0022,directional,auto,sketchvla_prompt_conditioned_latent_action,native,13,False,,240,False,False,,True,False,False,,False,,False,0.1367,akita_black_bowl_1,plate_3,,,,,,294b70e310714e30,e19ade08763270fd,62cd83fc90ec625f,48,537.9,,explicit
spatial,scene_0023,directional,auto,sketchvla_prompt_conditioned_latent_action,native,0,False,,240,False,False,,True,False,False,,False,,False,0.1233,akita_black_bowl_1,plate_1,,,,,,a8199a3e753c2770,d62c9f30be395f7c,8593bdb8e4e899b8,48,581.7,,explicit
spatial,scene_0023,directional,auto,sketchvla_prompt_conditioned_latent_action,native,1,False,,240,False,False,,True,True,True,glazed_rim_porcelain_ramekin_1,False,,False,0.107,akita_black_bowl_1,plate_1,False,,,,,a8199a3e753c2770,925fd9d7f083d482,29286e5b150a83c2,48,550.0,,explicit
spatial,scene_0023,directional,auto,sketchvla_prompt_conditioned_latent_action,native,2,False,,240,False,False,,True,False,False,,False,,False,0.1233,akita_black_bowl_1,plate_1,,,,,,a8199a3e753c2770,d25b39d5ced21bba,b18e4f251f9114c5,48,581.9,,explicit
spatial,scene_0023,directional,auto,sketchvla_prompt_conditioned_latent_action,native,3,False,,240,False,False,,True,False,False,,False,,False,0.1233,akita_black_bowl_1,plate_1,,,,,,a8199a3e753c2770,74f7d21fbed9921c,4fc7400cdbf77482,48,530.6,,explicit
spatial,scene_0023,directional,auto,sketchvla_prompt_conditioned_latent_action,native,4,False,,240,False,False,,True,False,False,,False,,False,0.1233,akita_black_bowl_1,plate_1,,,,,,a8199a3e753c2770,5a284f6e8d6eb32f,e83501928a7d23a3,48,557.1,,explicit
spatial,scene_0023,directional,auto,sketchvla_prompt_conditioned_latent_action,native,5,False,,240,False,False,,True,True,True,glazed_rim_porcelain_ramekin_1,False,,False,0.1228,akita_black_bowl_1,plate_1,False,,,,,a8199a3e753c2770,5cb5faed89e80cf5,c29d925c13181819,48,561.7,,explicit
spatial,scene_0023,directional,auto,sketchvla_prompt_conditioned_latent_action,native,6,False,,240,False,False,,True,False,False,,False,,False,0.1233,akita_black_bowl_1,plate_1,,,,,,a8199a3e753c2770,ef303f10f9583386,3f01774d60b11d8d,48,588.4,,explicit
spatial,scene_0023,directional,auto,sketchvla_prompt_conditioned_latent_action,native,7,False,,240,False,False,,True,False,False,,False,,False,0.1233,akita_black_bowl_1,plate_1,,,,,,a8199a3e753c2770,aaeaa3c71166f742,394634908c79af8e,48,570.5,,explicit
spatial,scene_0023,directional,auto,sketchvla_prompt_conditioned_latent_action,native,8,False,,240,False,False,,True,False,False,,False,,False,0.1233,akita_black_bowl_1,plate_1,,,,,,a8199a3e753c2770,0a56691a6162f6e1,cff2da829ce97576,48,559.0,,explicit
spatial,scene_0023,directional,auto,sketchvla_prompt_conditioned_latent_action,native,9,False,,240,False,False,,True,False,False,,False,,False,0.1233,akita_black_bowl_1,plate_1,,,,,,a8199a3e753c2770,be18a991f03eb554,b38bb13d14894acb,48,567.8,,explicit
spatial,scene_0023,directional,auto,sketchvla_prompt_conditioned_latent_action,native,10,False,,240,False,False,,True,False,False,,False,,False,0.1233,akita_black_bowl_1,plate_1,,,,,,a8199a3e753c2770,f9b9f9b23e514e2d,1012f087a9cfdba3,48,565.2,,explicit
spatial,scene_0023,directional,auto,sketchvla_prompt_conditioned_latent_action,native,11,False,,240,False,False,,True,False,False,,False,,False,0.1233,akita_black_bowl_1,plate_1,,,,,,a8199a3e753c2770,ee908169a8a0d703,37c300e349e22e70,48,577.1,,explicit
spatial,scene_0023,directional,auto,sketchvla_prompt_conditioned_latent_action,native,12,False,,240,False,False,,True,False,False,,False,,False,0.1234,akita_black_bowl_1,plate_1,,,,,,a8199a3e753c2770,d957db380c9d9e1c,0ed56d135ef6b718,48,570.2,,explicit
spatial,scene_0023,directional,auto,sketchvla_prompt_conditioned_latent_action,native,13,False,,240,False,False,,True,False,False,,False,,False,0.1233,akita_black_bowl_1,plate_1,,,,,,a8199a3e753c2770,a7a82e8f65800c93,d72ef6979cddf85f,48,572.3,,explicit
spatial,scene_0024,directional,auto,sketchvla_prompt_conditioned_latent_action,native,0,False,,240,False,False,,True,True,True,plate_3,False,plate_3,True,0.0,akita_black_bowl_1,plate_3,False,True,,,,9ad1684dfbf5bc6d,97cd72f08434cdf4,9dfa3bf7e70e32e6,48,944.1,,explicit
spatial,scene_0024,directional,auto,sketchvla_prompt_conditioned_latent_action,native,1,False,,240,False,False,,True,False,False,,False,,False,0.1212,akita_black_bowl_1,plate_3,,,,,,9ad1684dfbf5bc6d,9727df93e01bc6fd,b47050712a963527,48,934.0,,explicit
spatial,scene_0024,directional,auto,sketchvla_prompt_conditioned_latent_action,native,2,False,,240,False,False,,True,False,False,,False,,False,0.1255,akita_black_bowl_1,plate_3,,,,,,9ad1684dfbf5bc6d,82424f0002ff1487,6544fbce0291cca9,48,976.4,,explicit
spatial,scene_0024,directional,auto,sketchvla_prompt_conditioned_latent_action,native,3,False,,240,False,False,,True,False,False,,False,,False,0.1383,akita_black_bowl_1,plate_3,,,,,,9ad1684dfbf5bc6d,df1ea00faef6754b,840d9651d8708880,48,953.0,,explicit
spatial,scene_0024,directional,auto,sketchvla_prompt_conditioned_latent_action,native,4,False,,240,False,False,,True,False,False,,False,,False,0.1254,akita_black_bowl_1,plate_3,,,,,,9ad1684dfbf5bc6d,0439e9dfd451070b,c69ffee81bb3e0be,48,861.7,,explicit
spatial,scene_0024,directional,auto,sketchvla_prompt_conditioned_latent_action,native,5,False,,240,False,False,,True,False,False,,False,,False,0.127,akita_black_bowl_1,plate_3,,,,,,9ad1684dfbf5bc6d,d7f80dac5d24d2e0,aae239b97eb019e8,48,840.6,,explicit
spatial,scene_0024,directional,auto,sketchvla_prompt_conditioned_latent_action,native,6,False,,240,False,False,,True,False,False,,False,,False,0.1182,akita_black_bowl_1,plate_3,,,,,,9ad1684dfbf5bc6d,22d5482f8ce1a71a,3c7824fbbe33d175,48,833.0,,explicit
spatial,scene_0024,directional,auto,sketchvla_prompt_conditioned_latent_action,native,7,False,,240,False,False,,True,False,False,,False,,False,0.1233,akita_black_bowl_1,plate_3,,,,,,9ad1684dfbf5bc6d,1fb74683bb5ce94f,d82656f621a7ed07,48,851.5,,explicit
spatial,scene_0024,directional,auto,sketchvla_prompt_conditioned_latent_action,native,8,False,,240,False,False,,True,False,False,,False,,False,0.1216,akita_black_bowl_1,plate_3,,,,,,9ad1684dfbf5bc6d,f9a37236f4e6de00,8a3d7b529ef1e573,48,835.2,,explicit
spatial,scene_0024,directional,auto,sketchvla_prompt_conditioned_latent_action,native,9,False,,240,False,False,,True,True,True,plate_3,False,plate_3,True,0.0,akita_black_bowl_1,plate_3,False,True,,,,9ad1684dfbf5bc6d,9b98a5482779ab8b,1a813f302ab2aafa,48,890.7,,explicit
spatial,scene_0024,directional,auto,sketchvla_prompt_conditioned_latent_action,native,10,False,,240,False,False,,True,False,False,,False,,False,0.1235,akita_black_bowl_1,plate_3,,,,,,9ad1684dfbf5bc6d,3555f9e01c446437,5f1059ad42e7a1a4,48,893.8,,explicit
spatial,scene_0024,directional,auto,sketchvla_prompt_conditioned_latent_action,native,11,False,,240,False,False,,True,True,True,plate_1,False,plate_1,False,0.0,akita_black_bowl_1,plate_3,False,False,,,,9ad1684dfbf5bc6d,f9571b970503e03f,b928da69a590c893,48,850.6,,explicit
spatial,scene_0024,directional,auto,sketchvla_prompt_conditioned_latent_action,native,12,False,,240,False,False,,True,False,False,,False,,False,0.1204,akita_black_bowl_1,plate_3,,,,,,9ad1684dfbf5bc6d,10114f57f496ea69,333c4687ecdec7bf,48,819.3,,explicit
spatial,scene_0024,directional,auto,sketchvla_prompt_conditioned_latent_action,native,13,False,,240,False,False,,True,True,True,plate_3,False,plate_3,True,0.0,akita_black_bowl_1,plate_3,False,True,,,,9ad1684dfbf5bc6d,35a28d02c702831f,6c57fded065c8043,48,823.0,,explicit
spatial,scene_0025,directional,auto,sketchvla_prompt_conditioned_latent_action,native,0,False,,240,False,False,,True,True,True,akita_black_bowl_1,True,plate_1,False,0.0038,akita_black_bowl_1,plate_3,True,False,,,,950129e7380d5320,d89a9c38ca160e32,1a0b23c280f1f6b8,48,926.5,,explicit
spatial,scene_0025,directional,auto,sketchvla_prompt_conditioned_latent_action,native,1,False,,240,False,False,,True,True,True,akita_black_bowl_1,True,plate_1,False,0.0258,akita_black_bowl_1,plate_3,True,False,,,,950129e7380d5320,9a9f3108b7eef6ba,00aca7baafd59523,48,896.5,,explicit
spatial,scene_0025,directional,auto,sketchvla_prompt_conditioned_latent_action,native,2,False,,240,False,False,,True,False,False,,False,,False,0.1044,akita_black_bowl_1,plate_3,,,,,,950129e7380d5320,80ac2f407c6388ca,352284e8ee811c10,48,973.5,,explicit
spatial,scene_0025,directional,auto,sketchvla_prompt_conditioned_latent_action,native,3,False,,240,False,False,,True,True,True,akita_black_bowl_1,True,plate_1,False,0.0248,akita_black_bowl_1,plate_3,True,False,,,,950129e7380d5320,f84df4f35dfd506c,0941d4c0a6a12df8,48,922.6,,explicit
spatial,scene_0025,directional,auto,sketchvla_prompt_conditioned_latent_action,native,4,False,,240,False,False,,True,True,True,akita_black_bowl_1,True,plate_1,False,0.0345,akita_black_bowl_1,plate_3,True,False,,,,950129e7380d5320,f2624d0d64fdb0aa,80ee69eb9c6af5f0,48,815.2,,explicit
spatial,scene_0025,directional,auto,sketchvla_prompt_conditioned_latent_action,native,5,False,,240,False,False,,True,True,True,akita_black_bowl_1,True,plate_1,False,0.0308,akita_black_bowl_1,plate_3,True,False,,,,950129e7380d5320,df9d47e17c654fd2,5a4ecbd501589759,48,812.4,,explicit
spatial,scene_0025,directional,auto,sketchvla_prompt_conditioned_latent_action,native,6,False,,240,False,False,,True,True,True,akita_black_bowl_1,True,plate_1,False,0.0345,akita_black_bowl_1,plate_3,True,False,,,,950129e7380d5320,40e349824026a5e4,c0ad2367079d86c5,48,801.3,,explicit
spatial,scene_0025,directional,auto,sketchvla_prompt_conditioned_latent_action,native,7,False,,240,False,False,,True,True,True,akita_black_bowl_1,True,plate_1,False,0.0515,akita_black_bowl_1,plate_3,True,False,,,,950129e7380d5320,e95a2b75cd31f968,e7958b9e57b74726,48,812.0,,explicit
spatial,scene_0025,directional,auto,sketchvla_prompt_conditioned_latent_action,native,8,False,,240,False,False,,True,True,True,akita_black_bowl_1,True,plate_1,False,0.0321,akita_black_bowl_1,plate_3,True,False,,,,950129e7380d5320,41e217103482ae07,619922aaedb9c042,48,790.5,,explicit
spatial,scene_0025,directional,auto,sketchvla_prompt_conditioned_latent_action,native,9,False,,240,False,False,,True,True,True,akita_black_bowl_1,True,plate_1,False,0.0458,akita_black_bowl_1,plate_3,True,False,,,,950129e7380d5320,ecd6d97f3c4fd0e6,deafa0be1f76d770,48,878.0,,explicit
spatial,scene_0025,directional,auto,sketchvla_prompt_conditioned_latent_action,native,10,False,,240,False,False,,True,True,True,akita_black_bowl_1,True,plate_1,False,0.0324,akita_black_bowl_1,plate_3,True,False,,,,950129e7380d5320,96ba60fa35ff9937,7314dc78ddd5abc7,48,842.2,,explicit
spatial,scene_0025,directional,auto,sketchvla_prompt_conditioned_latent_action,native,11,False,,240,False,False,,True,True,True,akita_black_bowl_1,True,plate_1,False,0.0361,akita_black_bowl_1,plate_3,True,False,,,,950129e7380d5320,2a7efad7fa89d7f7,5aeff736f9605e90,48,813.9,,explicit
spatial,scene_0025,directional,auto,sketchvla_prompt_conditioned_latent_action,native,12,False,,240,False,False,,True,True,True,akita_black_bowl_1,True,plate_1,False,0.0475,akita_black_bowl_1,plate_3,True,False,,,,950129e7380d5320,f1c25c415a6ea38d,ddd9dd26490fef0b,48,771.5,,explicit
spatial,scene_0025,directional,auto,sketchvla_prompt_conditioned_latent_action,native,13,False,,240,False,False,,True,True,True,akita_black_bowl_1,True,plate_1,False,0.0677,akita_black_bowl_1,plate_3,True,False,,,,950129e7380d5320,97de835a88ab141e,d9cd37e6664715e0,48,807.4,,explicit
spatial,scene_0026,both,auto,sketchvla_prompt_conditioned_latent_action,native,0,False,,240,False,False,,True,False,False,,False,,False,0.1612,akita_black_bowl_1,plate_1,,,,,,2139c737065fe13e,edbff1201190b502,cfafc434657eb9ae,48,512.9,,explicit
spatial,scene_0026,both,auto,sketchvla_prompt_conditioned_latent_action,native,1,False,,240,False,False,,True,False,False,,False,,False,0.1612,akita_black_bowl_1,plate_1,,,,,,2139c737065fe13e,fa2458752b6edb2a,04053b61ce4851ef,48,561.8,,explicit
spatial,scene_0026,both,auto,sketchvla_prompt_conditioned_latent_action,native,2,False,,240,False,False,,True,False,False,,False,,False,0.1612,akita_black_bowl_1,plate_1,,,,,,2139c737065fe13e,f6ab01e698d4715d,01af034d25973066,48,553.4,,explicit
spatial,scene_0026,both,auto,sketchvla_prompt_conditioned_latent_action,native,3,False,,240,False,False,,True,False,False,,False,,False,0.1612,akita_black_bowl_1,plate_1,,,,,,2139c737065fe13e,ce00706a93a2b607,e66ffeaf73a3b8db,48,534.9,,explicit
spatial,scene_0026,both,auto,sketchvla_prompt_conditioned_latent_action,native,4,False,,240,False,False,,True,False,False,,False,,False,0.1612,akita_black_bowl_1,plate_1,,,,,,2139c737065fe13e,8f19234121f72c14,05595b2509ffc578,48,523.7,,explicit
spatial,scene_0026,both,auto,sketchvla_prompt_conditioned_latent_action,native,5,False,,240,False,False,,True,False,False,,False,,False,0.1695,akita_black_bowl_1,plate_1,,,,,,2139c737065fe13e,b37fe5bfa69ddf2b,850745d493a9477a,48,530.6,,explicit
spatial,scene_0026,both,auto,sketchvla_prompt_conditioned_latent_action,native,6,False,,240,False,False,,True,False,False,,False,,False,0.1619,akita_black_bowl_1,plate_1,,,,,,2139c737065fe13e,76b07ab52af1767c,f034c9ef3e41c3c5,48,548.7,,explicit
spatial,scene_0026,both,auto,sketchvla_prompt_conditioned_latent_action,native,7,False,,240,False,False,,True,False,False,,False,,False,0.1612,akita_black_bowl_1,plate_1,,,,,,2139c737065fe13e,20c534a0ffa440a3,aa80e6e7b98e8ceb,48,544.8,,explicit
spatial,scene_0026,both,auto,sketchvla_prompt_conditioned_latent_action,native,8,False,,240,False,False,,True,False,False,,False,,False,0.1612,akita_black_bowl_1,plate_1,,,,,,2139c737065fe13e,55b2b058abde6213,509c4a4fb96e3faa,48,554.7,,explicit
spatial,scene_0026,both,auto,sketchvla_prompt_conditioned_latent_action,native,9,False,,240,False,False,,True,False,False,,False,,False,0.1612,akita_black_bowl_1,plate_1,,,,,,2139c737065fe13e,8e02ec3e13efad1b,342fd8839299b025,48,560.8,,explicit
spatial,scene_0026,both,auto,sketchvla_prompt_conditioned_latent_action,native,10,False,,240,False,False,,True,False,False,,False,,False,0.1612,akita_black_bowl_1,plate_1,,,,,,2139c737065fe13e,a9de40c117a3169a,bdf39341d1b26cd8,48,569.2,,explicit
spatial,scene_0026,both,auto,sketchvla_prompt_conditioned_latent_action,native,11,False,,240,False,False,,True,False,False,,False,,False,0.1612,akita_black_bowl_1,plate_1,,,,,,2139c737065fe13e,922ee9e4fa79e874,325dc955d80f56a0,48,575.0,,explicit
spatial,scene_0026,both,auto,sketchvla_prompt_conditioned_latent_action,native,12,False,,240,False,False,,True,False,False,,False,,False,0.1612,akita_black_bowl_1,plate_1,,,,,,2139c737065fe13e,749c61e8cfce8ea7,8d8f814fac2ab357,48,547.4,,explicit
spatial,scene_0026,both,auto,sketchvla_prompt_conditioned_latent_action,native,13,False,,240,False,False,,True,False,False,,False,,False,0.1612,akita_black_bowl_1,plate_1,,,,,,2139c737065fe13e,f7c0b38b32b256c8,aac47154af1007dd,48,549.9,,explicit
spatial,scene_0027,both,auto,sketchvla_prompt_conditioned_latent_action,native,0,False,,240,False,False,,True,False,False,,False,,False,0.1486,akita_black_bowl_3,plate_2,,,,,,f8a485fea0953861,2ca57145b54576c1,9d6a4bca781c4e36,48,554.6,,explicit
spatial,scene_0027,both,auto,sketchvla_prompt_conditioned_latent_action,native,1,False,,240,False,False,,True,False,False,,False,,False,0.1615,akita_black_bowl_3,plate_2,,,,,,f8a485fea0953861,7e948bcbafbea453,995c9d89409caaef,48,543.0,,explicit
spatial,scene_0027,both,auto,sketchvla_prompt_conditioned_latent_action,native,2,False,,240,False,False,,True,False,False,,False,,False,0.1486,akita_black_bowl_3,plate_2,,,,,,f8a485fea0953861,ae82a90ade381f18,5df22e834ec866f0,48,529.8,,explicit
spatial,scene_0027,both,auto,sketchvla_prompt_conditioned_latent_action,native,3,False,,240,False,False,,True,False,False,,False,,False,0.1486,akita_black_bowl_3,plate_2,,,,,,f8a485fea0953861,8fdd784d5d86948b,4152a49fa6e0fd02,48,539.1,,explicit
spatial,scene_0027,both,auto,sketchvla_prompt_conditioned_latent_action,native,4,False,,240,False,False,,True,False,False,,False,,False,0.1486,akita_black_bowl_3,plate_2,,,,,,f8a485fea0953861,734eb074115d6a03,4c092b423d3d746e,48,574.5,,explicit
spatial,scene_0027,both,auto,sketchvla_prompt_conditioned_latent_action,native,5,False,,240,False,False,,True,False,False,,False,,False,0.1486,akita_black_bowl_3,plate_2,,,,,,f8a485fea0953861,428e396c18fc635e,487c0509dca2114f,48,541.3,,explicit
spatial,scene_0027,both,auto,sketchvla_prompt_conditioned_latent_action,native,6,False,,240,False,False,,True,False,False,,False,,False,0.1486,akita_black_bowl_3,plate_2,,,,,,f8a485fea0953861,bedf07712c9e2e8f,06636dd5bd4c72fe,48,554.8,,explicit
spatial,scene_0027,both,auto,sketchvla_prompt_conditioned_latent_action,native,7,False,,240,False,False,,True,False,False,,False,,False,0.1486,akita_black_bowl_3,plate_2,,,,,,f8a485fea0953861,f79fa33543addb7c,d2027e01f98acd63,48,549.6,,explicit
spatial,scene_0027,both,auto,sketchvla_prompt_conditioned_latent_action,native,8,False,,240,False,False,,True,False,False,,False,,False,0.1486,akita_black_bowl_3,plate_2,,,,,,f8a485fea0953861,58b3af1536a6fe55,e6c4955a5d76f733,48,562.6,,explicit
spatial,scene_0027,both,auto,sketchvla_prompt_conditioned_latent_action,native,9,False,,240,False,False,,True,False,False,,False,,False,0.1486,akita_black_bowl_3,plate_2,,,,,,f8a485fea0953861,32a8f2f9de5b430b,23902a1a53aa7816,48,528.4,,explicit
spatial,scene_0027,both,auto,sketchvla_prompt_conditioned_latent_action,native,10,False,,240,False,False,,True,False,False,,False,,False,0.1486,akita_black_bowl_3,plate_2,,,,,,f8a485fea0953861,46edc2a1b2221130,6bb91fb394dc9bce,48,564.2,,explicit
spatial,scene_0027,both,auto,sketchvla_prompt_conditioned_latent_action,native,11,False,,240,False,False,,True,False,False,,False,,False,0.1486,akita_black_bowl_3,plate_2,,,,,,f8a485fea0953861,11844239688a7823,829be1c9b482a62a,48,522.7,,explicit
spatial,scene_0027,both,auto,sketchvla_prompt_conditioned_latent_action,native,12,False,,240,False,False,,True,False,False,,False,,False,0.1486,akita_black_bowl_3,plate_2,,,,,,f8a485fea0953861,aaea018f75f7a7b5,eca5a153d6f53f26,48,522.0,,explicit
spatial,scene_0027,both,auto,sketchvla_prompt_conditioned_latent_action,native,13,False,,240,False,False,,True,False,False,,False,,False,0.1486,akita_black_bowl_3,plate_2,,,,,,f8a485fea0953861,34c62e711faa5588,80346396d14bf4db,48,515.8,,explicit
spatial,scene_0028,both,auto,sketchvla_prompt_conditioned_latent_action,native,0,False,,240,False,False,,True,True,True,akita_black_bowl_2,False,,False,0.1156,akita_black_bowl_1,plate_1,False,,,,,91c3fe477ec8f91f,31d76ac723a8a01f,b7781807222cfb9a,48,896.6,,explicit
spatial,scene_0028,both,auto,sketchvla_prompt_conditioned_latent_action,native,1,False,,240,False,False,,True,False,False,,False,,False,0.1343,akita_black_bowl_1,plate_1,,,,,,91c3fe477ec8f91f,fffa1141c3c7de9e,b5d9838c9e1ed131,48,918.3,,explicit
spatial,scene_0028,both,auto,sketchvla_prompt_conditioned_latent_action,native,2,False,,240,False,False,,True,True,True,akita_black_bowl_2,False,,False,0.1384,akita_black_bowl_1,plate_1,False,,,,,91c3fe477ec8f91f,63d03572e82692fb,2446cb9243a98a3b,48,914.3,,explicit
spatial,scene_0028,both,auto,sketchvla_prompt_conditioned_latent_action,native,3,False,,240,False,False,,True,True,True,akita_black_bowl_2,False,,False,0.1112,akita_black_bowl_1,plate_1,False,,,,,91c3fe477ec8f91f,9ff0c480e09909bc,5fed352745736a87,48,932.2,,explicit
spatial,scene_0028,both,auto,sketchvla_prompt_conditioned_latent_action,native,4,False,,240,False,False,,True,True,True,akita_black_bowl_2,False,,False,0.1107,akita_black_bowl_1,plate_1,False,,,,,91c3fe477ec8f91f,5e19461b9213806d,8b35035a4f9d0602,48,866.1,,explicit
spatial,scene_0028,both,auto,sketchvla_prompt_conditioned_latent_action,native,5,False,,240,False,False,,True,False,False,,False,,False,0.1434,akita_black_bowl_1,plate_1,,,,,,91c3fe477ec8f91f,fc1ab2284c8dd9e1,3d8a74789f9bb267,48,806.9,,explicit
spatial,scene_0028,both,auto,sketchvla_prompt_conditioned_latent_action,native,6,False,,240,False,False,,True,True,True,akita_black_bowl_2,False,,False,0.1273,akita_black_bowl_1,plate_1,False,,,,,91c3fe477ec8f91f,4587ba5e12464e74,87d721493c9a1b02,48,796.9,,explicit
spatial,scene_0028,both,auto,sketchvla_prompt_conditioned_latent_action,native,7,False,,240,False,False,,True,True,True,akita_black_bowl_2,False,,False,0.1255,akita_black_bowl_1,plate_1,False,,,,,91c3fe477ec8f91f,a456321c72bde4ce,dbf1f517edf9141d,48,810.2,,explicit
spatial,scene_0028,both,auto,sketchvla_prompt_conditioned_latent_action,native,8,False,,240,False,False,,True,True,True,akita_black_bowl_2,False,,False,0.1268,akita_black_bowl_1,plate_1,False,,,,,91c3fe477ec8f91f,ab26c69f15e8e9f1,7e43348e690610c9,48,835.7,,explicit
spatial,scene_0028,both,auto,sketchvla_prompt_conditioned_latent_action,native,9,False,,240,False,False,,True,True,True,akita_black_bowl_2,False,,False,0.1335,akita_black_bowl_1,plate_1,False,,,,,91c3fe477ec8f91f,1a21710f51a7802a,330706311f1411d5,48,882.8,,explicit
spatial,scene_0028,both,auto,sketchvla_prompt_conditioned_latent_action,native,10,False,,240,False,False,,True,True,True,akita_black_bowl_2,False,,False,0.1196,akita_black_bowl_1,plate_1,False,,,,,91c3fe477ec8f91f,369412dbe034b183,98882b6115a2a7b4,48,785.8,,explicit
spatial,scene_0028,both,auto,sketchvla_prompt_conditioned_latent_action,native,11,False,,240,False,False,,True,True,True,akita_black_bowl_2,False,,False,0.1109,akita_black_bowl_1,plate_1,False,,,,,91c3fe477ec8f91f,aabdb1d23da43d28,0ec8b8145e132cba,48,792.6,,explicit
spatial,scene_0028,both,auto,sketchvla_prompt_conditioned_latent_action,native,12,False,,240,False,False,,True,True,True,glazed_rim_porcelain_ramekin_1,False,,False,0.0859,akita_black_bowl_1,plate_1,False,,,,,91c3fe477ec8f91f,db15c123fe548686,a849ea234203f880,48,822.8,,explicit
spatial,scene_0028,both,auto,sketchvla_prompt_conditioned_latent_action,native,13,False,,240,False,False,,True,True,True,akita_black_bowl_2,False,,False,0.1251,akita_black_bowl_1,plate_1,False,,,,,91c3fe477ec8f91f,5b70cb66fb4085de,cc6fd48a7e87fbf3,48,795.3,,explicit
spatial,scene_0029,both,auto,sketchvla_prompt_conditioned_latent_action,native,0,False,,240,False,False,,True,False,False,,False,,False,0.2456,akita_black_bowl_3,plate_2,,,,,,0195be60883fac6e,b12e144c685229da,32013eeac8d0a3da,48,930.5,,explicit
spatial,scene_0029,both,auto,sketchvla_prompt_conditioned_latent_action,native,1,False,,240,False,False,,True,True,True,glazed_rim_porcelain_ramekin_1,False,,False,0.1299,akita_black_bowl_3,plate_2,False,,,,,0195be60883fac6e,d5065c56a7716257,dbd96027f1e94f0f,48,873.2,,explicit
spatial,scene_0029,both,auto,sketchvla_prompt_conditioned_latent_action,native,2,False,,240,False,False,,True,True,True,glazed_rim_porcelain_ramekin_1,False,,False,0.0978,akita_black_bowl_3,plate_2,False,,,,,0195be60883fac6e,025e018b7f5d5765,141bc54fcc7b40b9,48,900.7,,explicit
spatial,scene_0029,both,auto,sketchvla_prompt_conditioned_latent_action,native,3,False,,240,False,False,,True,True,True,glazed_rim_porcelain_ramekin_1,False,,False,0.208,akita_black_bowl_3,plate_2,False,,,,,0195be60883fac6e,302781eff500b456,edb3ef33ee14d91e,48,922.0,,explicit
spatial,scene_0029,both,auto,sketchvla_prompt_conditioned_latent_action,native,4,False,,240,False,False,,True,False,False,,False,,False,0.2446,akita_black_bowl_3,plate_2,,,,,,0195be60883fac6e,774b1df183da5033,2d1a95910ac0cb30,48,852.1,,explicit
spatial,scene_0029,both,auto,sketchvla_prompt_conditioned_latent_action,native,5,False,,240,False,False,,True,True,True,glazed_rim_porcelain_ramekin_1,False,,False,0.1334,akita_black_bowl_3,plate_2,False,,,,,0195be60883fac6e,a75370535522f063,ba7e76ad24cd1923,48,793.7,,explicit
spatial,scene_0029,both,auto,sketchvla_prompt_conditioned_latent_action,native,6,False,,240,False,False,,True,True,True,glazed_rim_porcelain_ramekin_1,False,plate_2,True,0.0597,akita_black_bowl_3,plate_2,False,True,,,,0195be60883fac6e,c8f097eb72f7200a,ca5926d7e4851286,48,807.1,,explicit
spatial,scene_0029,both,auto,sketchvla_prompt_conditioned_latent_action,native,7,False,,240,False,False,,True,True,True,glazed_rim_porcelain_ramekin_1,False,,False,0.1376,akita_black_bowl_3,plate_2,False,,,,,0195be60883fac6e,cdb84297dafd5b1b,f3cfa0730640b99c,48,799.4,,explicit
spatial,scene_0029,both,auto,sketchvla_prompt_conditioned_latent_action,native,8,False,,240,False,False,,True,False,False,,False,,False,0.2427,akita_black_bowl_3,plate_2,,,,,,0195be60883fac6e,a31799bfd05bebbb,5bc1eb46dadab320,48,838.3,,explicit
spatial,scene_0029,both,auto,sketchvla_prompt_conditioned_latent_action,native,9,False,,240,False,False,,True,False,False,,False,,False,0.2427,akita_black_bowl_3,plate_2,,,,,,0195be60883fac6e,ba7dfa86977a3dfc,b5ca01ac85040f88,48,881.2,,explicit
spatial,scene_0029,both,auto,sketchvla_prompt_conditioned_latent_action,native,10,False,,240,False,False,,True,True,True,glazed_rim_porcelain_ramekin_1,False,,False,0.1909,akita_black_bowl_3,plate_2,False,,,,,0195be60883fac6e,d77f71756f8db959,b0a371fdeb6e98fc,48,800.6,,explicit
spatial,scene_0029,both,auto,sketchvla_prompt_conditioned_latent_action,native,11,False,,240,False,False,,True,False,False,,False,,False,0.2427,akita_black_bowl_3,plate_2,,,,,,0195be60883fac6e,acfc8e9fd98cdf10,2b8f2b53abe94c26,48,809.1,,explicit
spatial,scene_0029,both,auto,sketchvla_prompt_conditioned_latent_action,native,12,False,,240,False,False,,True,True,True,glazed_rim_porcelain_ramekin_1,False,,False,0.1374,akita_black_bowl_3,plate_2,False,,,,,0195be60883fac6e,6f92e2cc68129a46,55ab0955eb2354be,48,784.0,,explicit
spatial,scene_0029,both,auto,sketchvla_prompt_conditioned_latent_action,native,13,False,,240,False,False,,True,True,True,glazed_rim_porcelain_ramekin_1,False,,False,0.1146,akita_black_bowl_3,plate_2,False,,,,,0195be60883fac6e,4acb254822d23271,0a3423b186b4ea50,48,788.6,,explicit
spatial,scene_0030,both,auto,sketchvla_prompt_conditioned_latent_action,native,0,False,,240,False,False,,True,True,True,akita_black_bowl_3,False,,False,0.1231,akita_black_bowl_2,plate_1,False,,,,,04aa0581369cd708,62ee24c86e5caa30,c8e4c6ba8e11bea0,48,567.6,,explicit
spatial,scene_0030,both,auto,sketchvla_prompt_conditioned_latent_action,native,1,False,,240,False,False,,True,False,False,,False,,False,0.1472,akita_black_bowl_2,plate_1,,,,,,04aa0581369cd708,827d769709696229,ce30f2246ce612ba,48,584.8,,explicit
spatial,scene_0030,both,auto,sketchvla_prompt_conditioned_latent_action,native,2,False,,240,False,False,,True,False,False,,False,,False,0.1472,akita_black_bowl_2,plate_1,,,,,,04aa0581369cd708,c9dd7fb1829cf029,ce78a1ee4b7617bf,48,565.6,,explicit
spatial,scene_0030,both,auto,sketchvla_prompt_conditioned_latent_action,native,3,False,,240,False,False,,True,True,True,akita_black_bowl_3,False,plate_1,True,0.0283,akita_black_bowl_2,plate_1,False,True,,,,04aa0581369cd708,acdc0284d4f7bec0,32f53a21aa0a9f87,48,525.9,,explicit
spatial,scene_0030,both,auto,sketchvla_prompt_conditioned_latent_action,native,4,False,,240,False,False,,True,True,True,akita_black_bowl_3,False,,False,0.2372,akita_black_bowl_2,plate_1,False,,,,,04aa0581369cd708,65763c18a889478d,495e2c4396c61498,48,545.5,,explicit
spatial,scene_0030,both,auto,sketchvla_prompt_conditioned_latent_action,native,5,False,,240,False,False,,True,False,False,,False,,False,0.1472,akita_black_bowl_2,plate_1,,,,,,04aa0581369cd708,0ea69e33202bf415,49c9d112fee1e28d,48,564.2,,explicit
spatial,scene_0030,both,auto,sketchvla_prompt_conditioned_latent_action,native,6,False,,240,False,False,,True,False,False,,False,,False,0.1472,akita_black_bowl_2,plate_1,,,,,,04aa0581369cd708,cc59bcd94623dbef,ea14842d514899df,48,577.9,,explicit
spatial,scene_0030,both,auto,sketchvla_prompt_conditioned_latent_action,native,7,False,,240,False,False,,True,False,False,,False,,False,0.1472,akita_black_bowl_2,plate_1,,,,,,04aa0581369cd708,7b71a99c76bcf145,9b538e7a689f2a70,48,571.7,,explicit
spatial,scene_0030,both,auto,sketchvla_prompt_conditioned_latent_action,native,8,False,,240,False,False,,True,True,True,akita_black_bowl_3,False,,False,0.2915,akita_black_bowl_2,plate_1,False,,,,,04aa0581369cd708,097e546e9ff7a2ac,21e06393962aeb2b,48,553.0,,explicit
spatial,scene_0030,both,auto,sketchvla_prompt_conditioned_latent_action,native,9,False,,240,False,False,,True,False,False,,False,,False,0.1472,akita_black_bowl_2,plate_1,,,,,,04aa0581369cd708,43b48d17626e6a45,50f10e0b8b7e8676,48,525.8,,explicit
spatial,scene_0030,both,auto,sketchvla_prompt_conditioned_latent_action,native,10,False,,240,False,False,,True,True,True,akita_black_bowl_3,False,,False,0.1152,akita_black_bowl_2,plate_1,False,,,,,04aa0581369cd708,6789023873a23bd4,8d9b1cdb528bf9e9,48,565.7,,explicit
spatial,scene_0030,both,auto,sketchvla_prompt_conditioned_latent_action,native,11,False,,240,False,False,,True,False,False,,False,,False,0.1472,akita_black_bowl_2,plate_1,,,,,,04aa0581369cd708,6f19a7d125cc3a3e,21ce1303c96b72ba,48,583.5,,explicit
spatial,scene_0030,both,auto,sketchvla_prompt_conditioned_latent_action,native,12,False,,240,False,False,,True,False,False,,False,,False,0.1472,akita_black_bowl_2,plate_1,,,,,,04aa0581369cd708,0e4924f9053f2bc1,c654d9a30aa2776d,48,565.8,,explicit
spatial,scene_0030,both,auto,sketchvla_prompt_conditioned_latent_action,native,13,False,,240,False,False,,True,True,True,akita_black_bowl_3,False,,False,0.2568,akita_black_bowl_2,plate_1,False,,,,,04aa0581369cd708,06c19dc12d09bf98,dd5bc48c87c84512,48,514.0,,explicit
spatial,scene_0031,both,auto,sketchvla_prompt_conditioned_latent_action,native,0,False,,240,False,False,,True,True,True,akita_black_bowl_3,False,plate_2,True,0.019,akita_black_bowl_1,plate_2,False,True,,,,8bc38b2af0044938,cae45d60e76b9a4e,2c235e17a79e7f21,48,526.4,,explicit
spatial,scene_0031,both,auto,sketchvla_prompt_conditioned_latent_action,native,1,False,,240,False,False,,True,True,True,akita_black_bowl_3,False,plate_2,True,0.008,akita_black_bowl_1,plate_2,False,True,,,,8bc38b2af0044938,2bb0f127554cc378,0c6af29fd6ff2a43,48,567.5,,explicit
spatial,scene_0031,both,auto,sketchvla_prompt_conditioned_latent_action,native,2,False,,240,False,False,,True,True,True,glazed_rim_porcelain_ramekin_2,False,plate_2,True,0.0621,akita_black_bowl_1,plate_2,False,True,,,,8bc38b2af0044938,19869e9b0287109b,7d5deedf01c2b744,48,551.6,,explicit
spatial,scene_0031,both,auto,sketchvla_prompt_conditioned_latent_action,native,3,False,,240,False,False,,True,True,True,akita_black_bowl_3,False,plate_2,True,0.0224,akita_black_bowl_1,plate_2,False,True,,,,8bc38b2af0044938,9fbb9fec82d9a4d7,960ede59c2f3bb25,48,530.4,,explicit
spatial,scene_0031,both,auto,sketchvla_prompt_conditioned_latent_action,native,4,False,,240,False,False,,True,True,True,akita_black_bowl_3,False,plate_2,True,0.016,akita_black_bowl_1,plate_2,False,True,,,,8bc38b2af0044938,f411e6dadba665a8,7c2f00f6c715ebcc,48,571.2,,explicit
spatial,scene_0031,both,auto,sketchvla_prompt_conditioned_latent_action,native,5,False,,240,False,False,,True,True,True,glazed_rim_porcelain_ramekin_2,False,plate_2,True,0.0787,akita_black_bowl_1,plate_2,False,True,,,,8bc38b2af0044938,0b4d3347bcefd4cc,cb7545ac52f4ab66,48,581.7,,explicit
spatial,scene_0031,both,auto,sketchvla_prompt_conditioned_latent_action,native,6,False,,240,False,False,,True,True,True,akita_black_bowl_3,False,plate_2,True,0.0281,akita_black_bowl_1,plate_2,False,True,,,,8bc38b2af0044938,0aa8f314c24390c9,7f7b011c5dc9bcab,48,571.8,,explicit
spatial,scene_0031,both,auto,sketchvla_prompt_conditioned_latent_action,native,7,False,,240,False,False,,True,True,True,akita_black_bowl_3,False,,False,0.0871,akita_black_bowl_1,plate_2,False,,,,,8bc38b2af0044938,6362061d26f9493b,c53143f16409acca,48,556.4,,explicit
spatial,scene_0031,both,auto,sketchvla_prompt_conditioned_latent_action,native,8,False,,240,False,False,,True,True,True,akita_black_bowl_3,False,plate_2,True,0.0481,akita_black_bowl_1,plate_2,False,True,,,,8bc38b2af0044938,d80df1982542221b,ef6e8caa7e648118,48,544.1,,explicit
spatial,scene_0031,both,auto,sketchvla_prompt_conditioned_latent_action,native,9,False,,240,False,False,,True,True,True,akita_black_bowl_3,False,plate_2,True,0.0089,akita_black_bowl_1,plate_2,False,True,,,,8bc38b2af0044938,325d94b30d88d4d4,f9e948f1542265ee,48,515.1,,explicit
spatial,scene_0031,both,auto,sketchvla_prompt_conditioned_latent_action,native,10,False,,240,False,False,,True,True,True,glazed_rim_porcelain_ramekin_2,False,plate_2,True,0.0481,akita_black_bowl_1,plate_2,False,True,,,,8bc38b2af0044938,c15235306ea4c293,cf39f0612c7b3679,48,554.8,,explicit
spatial,scene_0031,both,auto,sketchvla_prompt_conditioned_latent_action,native,11,False,,240,False,False,,True,False,False,,False,,False,0.2223,akita_black_bowl_1,plate_2,,,,,,8bc38b2af0044938,fb44d799f04de398,1c3d211477dbf57a,48,585.6,,explicit
spatial,scene_0031,both,auto,sketchvla_prompt_conditioned_latent_action,native,12,False,,240,False,False,,True,True,True,akita_black_bowl_3,False,,False,0.0866,akita_black_bowl_1,plate_2,False,,,,,8bc38b2af0044938,c760298c155f3b74,7b3aaeaaba989b49,48,542.0,,explicit
spatial,scene_0031,both,auto,sketchvla_prompt_conditioned_latent_action,native,13,False,,240,False,False,,True,True,True,akita_black_bowl_3,False,plate_2,True,0.0384,akita_black_bowl_1,plate_2,False,True,,,,8bc38b2af0044938,d0c2df15784e526c,5cd5181b75a3b62d,48,517.0,,explicit
spatial,scene_0032,both,auto,sketchvla_prompt_conditioned_latent_action,native,0,False,,240,False,False,,True,True,True,akita_black_bowl_2,False,,False,0.1264,akita_black_bowl_1,plate_1,False,,,,,1ef5d1f411564ab6,822ff463526aa02f,a3a38a8dbbf6b6e5,48,837.0,,explicit
spatial,scene_0032,both,auto,sketchvla_prompt_conditioned_latent_action,native,1,False,,240,False,False,,True,False,False,,False,,False,0.1086,akita_black_bowl_1,plate_1,,,,,,1ef5d1f411564ab6,56aeaa6e48aa08bc,4b5d686cd97258ce,48,932.0,,explicit
spatial,scene_0032,both,auto,sketchvla_prompt_conditioned_latent_action,native,2,False,,240,False,False,,True,True,True,akita_black_bowl_2,False,,False,0.1607,akita_black_bowl_1,plate_1,False,,,,,1ef5d1f411564ab6,53294542a3a7a097,223483ca67ca0911,48,803.1,,explicit
spatial,scene_0032,both,auto,sketchvla_prompt_conditioned_latent_action,native,3,False,,240,False,False,,True,True,True,akita_black_bowl_2,False,,False,0.1394,akita_black_bowl_1,plate_1,False,,,,,1ef5d1f411564ab6,e4f4bf16be0c2c06,bc2e05eea5cc5ad2,48,789.1,,explicit
spatial,scene_0032,both,auto,sketchvla_prompt_conditioned_latent_action,native,4,False,,240,False,False,,True,True,True,akita_black_bowl_2,False,,False,0.1372,akita_black_bowl_1,plate_1,False,,,,,1ef5d1f411564ab6,512812f6c8b30091,ecb5e48a2395e3d3,48,806.9,,explicit
spatial,scene_0032,both,auto,sketchvla_prompt_conditioned_latent_action,native,5,False,,240,False,False,,True,False,False,,False,,False,0.1086,akita_black_bowl_1,plate_1,,,,,,1ef5d1f411564ab6,237779b75e7a07bc,4baa49f830ee7df7,48,802.6,,explicit
spatial,scene_0032,both,auto,sketchvla_prompt_conditioned_latent_action,native,6,False,,240,False,False,,True,False,False,,False,,False,0.1086,akita_black_bowl_1,plate_1,,,,,,1ef5d1f411564ab6,45e91868882dfdbb,4bc355bc39568ab6,48,786.6,,explicit
spatial,scene_0032,both,auto,sketchvla_prompt_conditioned_latent_action,native,7,False,,240,False,False,,True,True,True,akita_black_bowl_2,False,,False,0.1319,akita_black_bowl_1,plate_1,False,,,,,1ef5d1f411564ab6,e322624d81553b93,7b2b1d1980f4f47c,48,813.7,,explicit
spatial,scene_0032,both,auto,sketchvla_prompt_conditioned_latent_action,native,8,False,,240,False,False,,True,False,False,,False,,False,0.1086,akita_black_bowl_1,plate_1,,,,,,1ef5d1f411564ab6,50e2241f58e1e189,41b35719eb5ed881,48,804.5,,explicit
spatial,scene_0032,both,auto,sketchvla_prompt_conditioned_latent_action,native,9,False,,240,False,False,,True,False,False,,False,,False,0.1113,akita_black_bowl_1,plate_1,,,,,,1ef5d1f411564ab6,57f4ee00ebcdb68c,229a8aaf5c68752c,48,786.7,,explicit
spatial,scene_0032,both,auto,sketchvla_prompt_conditioned_latent_action,native,10,False,,240,False,False,,True,False,False,,False,,False,0.1086,akita_black_bowl_1,plate_1,,,,,,1ef5d1f411564ab6,d16574d92dfcaaec,79a16c4dc43e4985,48,799.9,,explicit
spatial,scene_0032,both,auto,sketchvla_prompt_conditioned_latent_action,native,11,False,,240,False,False,,True,False,False,,False,,False,0.1086,akita_black_bowl_1,plate_1,,,,,,1ef5d1f411564ab6,c6a3042a750c676a,ecdc0f18c059fbfd,48,811.1,,explicit
spatial,scene_0032,both,auto,sketchvla_prompt_conditioned_latent_action,native,12,False,,240,False,False,,True,False,False,,False,,False,0.1086,akita_black_bowl_1,plate_1,,,,,,1ef5d1f411564ab6,ae760dbfd2ac4fc7,ff8081aa5214b8fd,48,800.6,,explicit
spatial,scene_0032,both,auto,sketchvla_prompt_conditioned_latent_action,native,13,False,,240,False,False,,True,False,False,,False,,False,0.1086,akita_black_bowl_1,plate_1,,,,,,1ef5d1f411564ab6,374014a6cb9f39c5,6eb6ac99cd018f0b,48,784.8,,explicit
spatial,scene_0033,both,auto,sketchvla_prompt_conditioned_latent_action,native,0,False,,240,False,False,,True,True,True,glazed_rim_porcelain_ramekin_2,False,,False,0.0821,akita_black_bowl_3,plate_3,False,,,,,d150379b3af48570,47069baa57f29fde,e75dda4082dca302,48,806.1,,explicit
spatial,scene_0033,both,auto,sketchvla_prompt_conditioned_latent_action,native,1,False,,240,False,False,,True,True,True,glazed_rim_porcelain_ramekin_2,False,,False,0.1038,akita_black_bowl_3,plate_3,False,,,,,d150379b3af48570,6cf1a3e21b7675d6,988f3a60f3c17715,48,930.5,,explicit
spatial,scene_0033,both,auto,sketchvla_prompt_conditioned_latent_action,native,2,False,,240,False,False,,True,True,True,glazed_rim_porcelain_ramekin_2,False,,False,0.08,akita_black_bowl_3,plate_3,False,,,,,d150379b3af48570,1701d7a3abaec9b0,fde2c8cc5c6d1f08,48,811.8,,explicit
spatial,scene_0033,both,auto,sketchvla_prompt_conditioned_latent_action,native,3,False,,240,False,False,,True,True,True,glazed_rim_porcelain_ramekin_2,False,,False,0.0839,akita_black_bowl_3,plate_3,False,,,,,d150379b3af48570,8ac4f80d5f90e1c9,27604b9f2b7bd3cb,48,795.5,,explicit
spatial,scene_0033,both,auto,sketchvla_prompt_conditioned_latent_action,native,4,False,,240,False,False,,True,False,False,,False,,False,0.2181,akita_black_bowl_3,plate_3,,,,,,d150379b3af48570,fea975cc775d94ca,f4b21c364642d7aa,48,803.2,,explicit
spatial,scene_0033,both,auto,sketchvla_prompt_conditioned_latent_action,native,5,False,,240,False,False,,True,False,False,,False,,False,0.2181,akita_black_bowl_3,plate_3,,,,,,d150379b3af48570,7e772fdeb4af3d32,f810d3bf5716ef1c,48,803.6,,explicit
spatial,scene_0033,both,auto,sketchvla_prompt_conditioned_latent_action,native,6,False,,240,False,False,,True,False,False,,False,,False,0.2181,akita_black_bowl_3,plate_3,,,,,,d150379b3af48570,5e159b16bf75f1d2,8557d4c33d23a857,48,792.6,,explicit
spatial,scene_0033,both,auto,sketchvla_prompt_conditioned_latent_action,native,7,False,,240,False,False,,True,False,False,,False,,False,0.2181,akita_black_bowl_3,plate_3,,,,,,d150379b3af48570,21b255b99d45208d,de9034c0dfce4346,48,806.7,,explicit
spatial,scene_0033,both,auto,sketchvla_prompt_conditioned_latent_action,native,8,False,,240,False,False,,True,False,False,,False,,False,0.2181,akita_black_bowl_3,plate_3,,,,,,d150379b3af48570,2107ae39c976aabf,1e4c5748f112b18f,48,815.5,,explicit
spatial,scene_0033,both,auto,sketchvla_prompt_conditioned_latent_action,native,9,False,,240,False,False,,True,True,True,glazed_rim_porcelain_ramekin_2,False,plate_3,True,0.043,akita_black_bowl_3,plate_3,False,True,,,,d150379b3af48570,fbc807c56cc624f0,616fc9e8de820249,48,784.1,,explicit
spatial,scene_0033,both,auto,sketchvla_prompt_conditioned_latent_action,native,10,False,,240,False,False,,True,True,True,glazed_rim_porcelain_ramekin_2,False,plate_3,True,0.0128,akita_black_bowl_3,plate_3,False,True,,,,d150379b3af48570,760bfcdfb49ef00f,209694035def01c5,48,794.4,,explicit
spatial,scene_0033,both,auto,sketchvla_prompt_conditioned_latent_action,native,11,False,,240,False,False,,True,False,False,,False,,False,0.2181,akita_black_bowl_3,plate_3,,,,,,d150379b3af48570,04584642f42079e7,05cb757a3cd52b14,48,805.0,,explicit
spatial,scene_0033,both,auto,sketchvla_prompt_conditioned_latent_action,native,12,False,,240,False,False,,True,True,True,glazed_rim_porcelain_ramekin_2,False,plate_3,True,0.0799,akita_black_bowl_3,plate_3,False,True,,,,d150379b3af48570,ab4a9e25e19b4607,f053a0ae9ac4c822,48,801.0,,explicit
spatial,scene_0033,both,auto,sketchvla_prompt_conditioned_latent_action,native,13,False,,240,False,False,,True,False,False,,False,,False,0.2181,akita_black_bowl_3,plate_3,,,,,,d150379b3af48570,667a4d85e9b4d9a3,2eb5aac791998c79,48,802.1,,explicit
spatial,scene_0034,both,auto,sketchvla_prompt_conditioned_latent_action,native,0,False,,240,False,False,,True,True,True,glazed_rim_porcelain_ramekin_2,False,,False,0.0831,akita_black_bowl_1,plate_1,False,,,,,bfafef5672990090,5e1590e853a9bc5e,ba8bf83bf49b16d4,48,561.4,,explicit
spatial,scene_0034,both,auto,sketchvla_prompt_conditioned_latent_action,native,1,False,,240,False,False,,True,True,True,glazed_rim_porcelain_ramekin_2,False,,False,0.122,akita_black_bowl_1,plate_1,False,,,,,bfafef5672990090,576550281dc15365,081b489c5e1f7cca,48,548.9,,explicit
spatial,scene_0034,both,auto,sketchvla_prompt_conditioned_latent_action,native,2,False,,240,False,False,,True,True,True,glazed_rim_porcelain_ramekin_2,False,,False,0.1271,akita_black_bowl_1,plate_1,False,,,,,bfafef5672990090,185d1e9e06081a46,f9cff7b071d1765a,48,558.0,,explicit
spatial,scene_0034,both,auto,sketchvla_prompt_conditioned_latent_action,native,3,False,,240,False,False,,True,True,True,glazed_rim_porcelain_ramekin_2,False,,False,0.1193,akita_black_bowl_1,plate_1,False,,,,,bfafef5672990090,8ce088afe30871e0,6274a04bb65e94da,48,573.2,,explicit
spatial,scene_0034,both,auto,sketchvla_prompt_conditioned_latent_action,native,4,False,,240,False,False,,True,True,True,glazed_rim_porcelain_ramekin_2,False,,False,0.1032,akita_black_bowl_1,plate_1,False,,,,,bfafef5672990090,5682a0729b48da51,c90d485296663091,48,550.2,,explicit
spatial,scene_0034,both,auto,sketchvla_prompt_conditioned_latent_action,native,5,False,,240,False,False,,True,True,True,glazed_rim_porcelain_ramekin_2,False,,False,0.1201,akita_black_bowl_1,plate_1,False,,,,,bfafef5672990090,18d47673a93f4e04,2bcc294f0df02cc2,48,560.2,,explicit
spatial,scene_0034,both,auto,sketchvla_prompt_conditioned_latent_action,native,6,False,,240,False,False,,True,True,True,glazed_rim_porcelain_ramekin_2,False,,False,0.1237,akita_black_bowl_1,plate_1,False,,,,,bfafef5672990090,a5ef532675c1f786,fc20c05d648f3b18,48,579.1,,explicit
spatial,scene_0034,both,auto,sketchvla_prompt_conditioned_latent_action,native,7,False,,240,False,False,,True,True,True,glazed_rim_porcelain_ramekin_2,False,,False,0.1225,akita_black_bowl_1,plate_1,False,,,,,bfafef5672990090,1c781d126350b408,72bd2e435e8a0de1,48,610.4,,explicit
spatial,scene_0034,both,auto,sketchvla_prompt_conditioned_latent_action,native,8,False,,240,False,False,,True,True,True,glazed_rim_porcelain_ramekin_2,False,,False,0.1194,akita_black_bowl_1,plate_1,False,,,,,bfafef5672990090,0dcbef144f605f37,327c0bbee1fda6af,48,554.3,,explicit
spatial,scene_0034,both,auto,sketchvla_prompt_conditioned_latent_action,native,9,False,,240,False,False,,True,True,True,glazed_rim_porcelain_ramekin_2,False,,False,0.126,akita_black_bowl_1,plate_1,False,,,,,bfafef5672990090,509464b760d0558a,7107f977cb0837fc,48,561.6,,explicit
spatial,scene_0034,both,auto,sketchvla_prompt_conditioned_latent_action,native,10,False,,240,False,False,,True,True,True,glazed_rim_porcelain_ramekin_2,False,,False,0.1182,akita_black_bowl_1,plate_1,False,,,,,bfafef5672990090,6e23ce2ea01f912c,bfe139e1fa7bc67d,48,560.8,,explicit
spatial,scene_0034,both,auto,sketchvla_prompt_conditioned_latent_action,native,11,False,,240,False,False,,True,True,True,glazed_rim_porcelain_ramekin_2,False,,False,0.1213,akita_black_bowl_1,plate_1,False,,,,,bfafef5672990090,80888d7b86f3c4c3,0bd1b1c8c0dd40d6,48,555.5,,explicit
spatial,scene_0034,both,auto,sketchvla_prompt_conditioned_latent_action,native,12,False,,240,False,False,,True,True,True,glazed_rim_porcelain_ramekin_2,False,,False,0.1047,akita_black_bowl_1,plate_1,False,,,,,bfafef5672990090,8b341bd646642b81,3d33ca6614473181,48,551.6,,explicit
spatial,scene_0034,both,auto,sketchvla_prompt_conditioned_latent_action,native,13,False,,240,False,False,,True,True,True,glazed_rim_porcelain_ramekin_2,False,,False,0.1159,akita_black_bowl_1,plate_1,False,,,,,bfafef5672990090,ffebdf16a5c998cf,ca1a0b6f83fceba1,48,560.1,,explicit
spatial,scene_0035,both,auto,sketchvla_prompt_conditioned_latent_action,native,0,False,,240,False,False,,True,True,True,glazed_rim_porcelain_ramekin_2,False,,False,0.1613,akita_black_bowl_4,plate_2,False,,,,,7497f3aa3d791c76,c89f1d45a04c572a,78998055d3640fa2,48,578.3,,explicit
spatial,scene_0035,both,auto,sketchvla_prompt_conditioned_latent_action,native,1,False,,240,False,False,,True,True,True,glazed_rim_porcelain_ramekin_2,False,,False,0.1184,akita_black_bowl_4,plate_2,False,,,,,7497f3aa3d791c76,1d009dfe28fdef53,74f08f3e360bc4a8,48,550.7,,explicit
spatial,scene_0035,both,auto,sketchvla_prompt_conditioned_latent_action,native,2,False,,240,False,False,,True,False,False,,False,,False,0.1454,akita_black_bowl_4,plate_2,,,,,,7497f3aa3d791c76,e11517e28baf48d9,b069c4886160e2a7,48,567.4,,explicit
spatial,scene_0035,both,auto,sketchvla_prompt_conditioned_latent_action,native,3,False,,240,False,False,,True,False,False,,False,,False,0.1411,akita_black_bowl_4,plate_2,,,,,,7497f3aa3d791c76,5d8b261c6884a50f,4395da0f5c2c62d7,48,569.6,,explicit
spatial,scene_0035,both,auto,sketchvla_prompt_conditioned_latent_action,native,4,False,,240,False,False,,True,False,False,,False,,False,0.1454,akita_black_bowl_4,plate_2,,,,,,7497f3aa3d791c76,a3ce7f399aadca54,6ae5adaa3a414d9a,48,581.8,,explicit
spatial,scene_0035,both,auto,sketchvla_prompt_conditioned_latent_action,native,5,False,,240,False,False,,True,False,False,,False,,False,0.1358,akita_black_bowl_4,plate_2,,,,,,7497f3aa3d791c76,dab27fc90d10093b,611ec3cb2bbf47af,48,564.4,,explicit
spatial,scene_0035,both,auto,sketchvla_prompt_conditioned_latent_action,native,6,False,,240,False,False,,True,False,False,,False,,False,0.1454,akita_black_bowl_4,plate_2,,,,,,7497f3aa3d791c76,0f163b195fc7882d,08554a5d082a607e,48,641.5,,explicit
spatial,scene_0035,both,auto,sketchvla_prompt_conditioned_latent_action,native,7,False,,240,False,False,,True,True,True,glazed_rim_porcelain_ramekin_2,False,,False,0.1115,akita_black_bowl_4,plate_2,False,,,,,7497f3aa3d791c76,6d5360294c78d16e,5118cf7c6ccaf1fd,48,561.9,,explicit
spatial,scene_0035,both,auto,sketchvla_prompt_conditioned_latent_action,native,8,False,,240,False,False,,True,False,False,,False,,False,0.1452,akita_black_bowl_4,plate_2,,,,,,7497f3aa3d791c76,b27b6f45cdef664d,325ce475695e4f7e,48,559.2,,explicit
spatial,scene_0035,both,auto,sketchvla_prompt_conditioned_latent_action,native,9,False,,240,False,False,,True,False,False,,False,,False,0.1454,akita_black_bowl_4,plate_2,,,,,,7497f3aa3d791c76,42d7d25eb837bec1,844d2bc51ee5b7fa,48,579.9,,explicit
spatial,scene_0035,both,auto,sketchvla_prompt_conditioned_latent_action,native,10,False,,240,False,False,,True,False,False,,False,,False,0.1442,akita_black_bowl_4,plate_2,,,,,,7497f3aa3d791c76,f009f99c2285e272,6eb1f57a1b16e3f4,48,555.0,,explicit
spatial,scene_0035,both,auto,sketchvla_prompt_conditioned_latent_action,native,11,False,,240,False,False,,True,False,False,,False,,False,0.1454,akita_black_bowl_4,plate_2,,,,,,7497f3aa3d791c76,b0a728fc26072b2c,18ff5ad9a53d58d5,48,568.4,,explicit
spatial,scene_0035,both,auto,sketchvla_prompt_conditioned_latent_action,native,12,False,,240,False,False,,True,False,False,,False,,False,0.1454,akita_black_bowl_4,plate_2,,,,,,7497f3aa3d791c76,184e7d323e154cc3,50ebdd4d88bab0e6,48,556.0,,explicit
spatial,scene_0035,both,auto,sketchvla_prompt_conditioned_latent_action,native,13,False,,240,False,False,,True,False,False,,False,,False,0.1454,akita_black_bowl_4,plate_2,,,,,,7497f3aa3d791c76,3e8b8c43c4db3139,0e3f88fa0f0e5212,48,538.8,,explicit
spatial,scene_0036,both,auto,sketchvla_prompt_conditioned_latent_action,native,0,False,,240,False,False,,True,False,False,,False,,False,0.1201,akita_black_bowl_4,plate_2,,,,,,5ddf58cd0fd4545d,9b2cd119d27eecf9,20754077677ba7cc,48,878.4,,explicit
spatial,scene_0036,both,auto,sketchvla_prompt_conditioned_latent_action,native,1,False,,240,False,False,,True,False,False,,False,,False,0.1167,akita_black_bowl_4,plate_2,,,,,,5ddf58cd0fd4545d,0a7ec2133f934cbf,9fd52623d18d506b,48,858.0,,explicit
spatial,scene_0036,both,auto,sketchvla_prompt_conditioned_latent_action,native,2,False,,240,False,False,,True,False,False,,False,,False,0.1197,akita_black_bowl_4,plate_2,,,,,,5ddf58cd0fd4545d,17839fd73e56b939,5539f0d8aa1a3c6c,48,868.4,,explicit
spatial,scene_0036,both,auto,sketchvla_prompt_conditioned_latent_action,native,3,False,,240,False,False,,True,False,False,,False,,False,0.117,akita_black_bowl_4,plate_2,,,,,,5ddf58cd0fd4545d,a099a1e2b58625fa,ab6a2305bc56c57e,48,875.5,,explicit
spatial,scene_0036,both,auto,sketchvla_prompt_conditioned_latent_action,native,4,False,,240,False,False,,True,False,False,,False,,False,0.1189,akita_black_bowl_4,plate_2,,,,,,5ddf58cd0fd4545d,2d8cecffb3bc06fa,940f7ae3696a3f71,48,866.8,,explicit
spatial,scene_0036,both,auto,sketchvla_prompt_conditioned_latent_action,native,5,False,,240,False,False,,True,False,False,,False,,False,0.1316,akita_black_bowl_4,plate_2,,,,,,5ddf58cd0fd4545d,53d04adb56b38bbb,521ac7c2e5c3fe5a,48,888.1,,explicit
spatial,scene_0036,both,auto,sketchvla_prompt_conditioned_latent_action,native,6,False,,240,False,False,,True,False,False,,False,,False,0.1175,akita_black_bowl_4,plate_2,,,,,,5ddf58cd0fd4545d,5fd1e7fa7efd709a,f005a4c4e67a14a3,48,886.9,,explicit
spatial,scene_0036,both,auto,sketchvla_prompt_conditioned_latent_action,native,7,False,,240,False,False,,True,False,False,,False,,False,0.1175,akita_black_bowl_4,plate_2,,,,,,5ddf58cd0fd4545d,81f1ae133c212e00,597cbb40840e3678,48,881.3,,explicit
spatial,scene_0036,both,auto,sketchvla_prompt_conditioned_latent_action,native,8,False,,240,False,False,,True,False,False,,False,,False,0.1176,akita_black_bowl_4,plate_2,,,,,,5ddf58cd0fd4545d,381f643169b1f975,e5971cb0a72a25f3,48,891.8,,explicit
spatial,scene_0036,both,auto,sketchvla_prompt_conditioned_latent_action,native,9,False,,240,False,False,,True,True,True,plate_1,False,plate_1,False,0.0,akita_black_bowl_4,plate_2,False,False,,,,5ddf58cd0fd4545d,82b514e665967a0c,9c81ddb8e19539c9,48,860.3,,explicit
spatial,scene_0036,both,auto,sketchvla_prompt_conditioned_latent_action,native,10,False,,240,False,False,,True,False,False,,False,,False,0.1198,akita_black_bowl_4,plate_2,,,,,,5ddf58cd0fd4545d,9271b670b2480e2f,705acf6ac9884f14,48,873.5,,explicit
spatial,scene_0036,both,auto,sketchvla_prompt_conditioned_latent_action,native,11,False,,240,False,False,,True,False,False,,False,,False,0.1131,akita_black_bowl_4,plate_2,,,,,,5ddf58cd0fd4545d,6c65e31eab4e7b76,8dce4445ee843fd1,48,887.8,,explicit
spatial,scene_0036,both,auto,sketchvla_prompt_conditioned_latent_action,native,12,False,,240,False,False,,True,False,False,,False,,False,0.1176,akita_black_bowl_4,plate_2,,,,,,5ddf58cd0fd4545d,dfd38da68c6aa2d2,988e1af72cf84a0d,48,877.6,,explicit
spatial,scene_0036,both,auto,sketchvla_prompt_conditioned_latent_action,native,13,False,,240,False,False,,True,False,False,,False,,False,0.1126,akita_black_bowl_4,plate_2,,,,,,5ddf58cd0fd4545d,866cf710fa7c7fc1,91619a5330ec91e6,48,890.2,,explicit
spatial,scene_0037,both,auto,sketchvla_prompt_conditioned_latent_action,native,0,False,,240,False,False,,True,False,False,,False,,False,0.1171,akita_black_bowl_5,plate_1,,,,,,8f85ef2e321786bb,135f9312c66cf350,e08853b360af580d,48,881.5,,explicit
spatial,scene_0037,both,auto,sketchvla_prompt_conditioned_latent_action,native,1,False,,240,False,False,,True,False,False,,False,,False,0.1171,akita_black_bowl_5,plate_1,,,,,,8f85ef2e321786bb,a240416698f15814,1e81eeefbabdcecb,48,847.0,,explicit
spatial,scene_0037,both,auto,sketchvla_prompt_conditioned_latent_action,native,2,False,,240,False,False,,True,True,True,cookies_2,False,,False,0.1198,akita_black_bowl_5,plate_1,False,,,,,8f85ef2e321786bb,3a41c935a0b293fb,859f64d351685649,48,853.4,,explicit
spatial,scene_0037,both,auto,sketchvla_prompt_conditioned_latent_action,native,3,False,,240,False,False,,True,True,True,cookies_2,False,,False,0.1093,akita_black_bowl_5,plate_1,False,,,,,8f85ef2e321786bb,1b54eb95dad14c76,f3ffab5e1763788a,48,863.1,,explicit
spatial,scene_0037,both,auto,sketchvla_prompt_conditioned_latent_action,native,4,False,,240,False,False,,True,False,False,,False,,False,0.1171,akita_black_bowl_5,plate_1,,,,,,8f85ef2e321786bb,f14a8c377f45d711,e3880ecd9f04e327,48,862.2,,explicit
spatial,scene_0037,both,auto,sketchvla_prompt_conditioned_latent_action,native,5,False,,240,False,False,,True,True,True,cookies_2,False,plate_2,False,0.0765,akita_black_bowl_5,plate_1,False,False,,,,8f85ef2e321786bb,891f274442c1d5e3,bc8c0b8789ae51c2,48,862.1,,explicit
spatial,scene_0037,both,auto,sketchvla_prompt_conditioned_latent_action,native,6,False,,240,False,False,,True,True,True,glazed_rim_porcelain_ramekin_2,False,,False,0.1049,akita_black_bowl_5,plate_1,False,,,,,8f85ef2e321786bb,1a5c33d49762c204,2937a1cdc65b47fd,48,861.2,,explicit
spatial,scene_0037,both,auto,sketchvla_prompt_conditioned_latent_action,native,7,False,,240,False,False,,True,True,True,cookies_2,False,,False,0.112,akita_black_bowl_5,plate_1,False,,,,,8f85ef2e321786bb,50fb9b76378788a1,72e3deab89989ced,48,861.8,,explicit
spatial,scene_0037,both,auto,sketchvla_prompt_conditioned_latent_action,native,8,False,,240,False,False,,True,True,True,cookies_2,False,plate_2,False,0.0719,akita_black_bowl_5,plate_1,False,False,,,,8f85ef2e321786bb,d8dd00e8f84741e3,612cbcb488a38f3d,48,870.5,,explicit
spatial,scene_0037,both,auto,sketchvla_prompt_conditioned_latent_action,native,9,False,,240,False,False,,True,False,False,,False,,False,0.1171,akita_black_bowl_5,plate_1,,,,,,8f85ef2e321786bb,069420af97702e6d,5d96c87549641637,48,858.7,,explicit
spatial,scene_0037,both,auto,sketchvla_prompt_conditioned_latent_action,native,10,False,,240,False,False,,True,False,False,,False,,False,0.1171,akita_black_bowl_5,plate_1,,,,,,8f85ef2e321786bb,8754d4f0203e66ec,a98a74317302343a,48,867.4,,explicit
spatial,scene_0037,both,auto,sketchvla_prompt_conditioned_latent_action,native,11,False,,240,False,False,,True,False,False,,False,,False,0.1171,akita_black_bowl_5,plate_1,,,,,,8f85ef2e321786bb,b4111f73ee9d19ac,10c380c00f1c0acc,48,881.2,,explicit
spatial,scene_0037,both,auto,sketchvla_prompt_conditioned_latent_action,native,12,False,,240,False,False,,True,True,True,cookies_2,False,,False,0.0889,akita_black_bowl_5,plate_1,False,,,,,8f85ef2e321786bb,21a9a5720b29a515,44ad5cf8af8d3bf0,48,860.1,,explicit
spatial,scene_0037,both,auto,sketchvla_prompt_conditioned_latent_action,native,13,False,,240,False,False,,True,False,False,,False,,False,0.1171,akita_black_bowl_5,plate_1,,,,,,8f85ef2e321786bb,411337a8febca537,01b84faa8c04aaff,48,878.4,,explicit
